season,league,staffel,spieltag,match_date,match_time,home_team,away_team,match_score,round,game_no,discipline,home_player,away_player,frame_score,home_points,away_points,winner,loser,winner_side,straight_pool_punkte,straight_pool_aufnahmen,straight_pool_hs,straight_pool_gd,report_url
2015/2016,Bezirksliga 2,Ost,,20.09.2015,15:00 Uhr,BSC Göppingen 2,Tübinger BC,5:3,Runde 1,1,14/1e,Jürgen  Wilke,Orhan Cetin,0:1,0,1,Orhan Cetin,Jürgen  Wilke,away,66:80,25/26,14/18,,http://bvbw.billardarea.de/cms_leagues/matchday/219908
2015/2016,Bezirksliga 2,Ost,,20.09.2015,15:00 Uhr,BSC Göppingen 2,Tübinger BC,5:3,Runde 1,2,8-Ball,Gerold Konnerth,Konrad Bau,5:3,1,0,Gerold Konnerth,Konrad Bau,home,,,,,http://bvbw.billardarea.de/cms_leagues/matchday/219908
2015/2016,Bezirksliga 2,Ost,,20.09.2015,15:00 Uhr,BSC Göppingen 2,Tübinger BC,5:3,Runde 1,3,9-Ball,Hans Altenhofen,Simon Theodoropoulos,2:7,0,1,Simon Theodoropoulos,Hans Altenhofen,away,,,,,http://bvbw.billardarea.de/cms_leagues/matchday/219908
2015/2016,Bezirksliga 2,Ost,,20.09.2015,15:00 Uhr,BSC Göppingen 2,Tübinger BC,5:3,Runde 1,4,10-Ball,Norbert Mallin,Johannes Lange,5:3,1,0,Norbert Mallin,Johannes Lange,home,,,,,http://bvbw.billardarea.de/cms_leagues/matchday/219908
2015/2016,Bezirksliga 2,Ost,,20.09.2015,15:00 Uhr,BSC Göppingen 2,Tübinger BC,5:3,Runde 2,5,14/1e,Hans Altenhofen,Simon Theodoropoulos,1:0,1,0,Hans Altenhofen,Simon Theodoropoulos,home,80:68,38/37,10/11,,http://bvbw.billardarea.de/cms_leagues/matchday/219908
2015/2016,Bezirksliga 2,Ost,,20.09.2015,15:00 Uhr,BSC Göppingen 2,Tübinger BC,5:3,Runde 2,6,8-Ball,Norbert Mallin,Orhan Cetin,2:5,0,1,Orhan Cetin,Norbert Mallin,away,,,,,http://bvbw.billardarea.de/cms_leagues/matchday/219908
2015/2016,Bezirksliga 2,Ost,,20.09.2015,15:00 Uhr,BSC Göppingen 2,Tübinger BC,5:3,Runde 2,7,9-Ball,Gerold Konnerth,Johannes Lange,7:3,1,0,Gerold Konnerth,Johannes Lange,home,,,,,http://bvbw.billardarea.de/cms_leagues/matchday/219908
2015/2016,Bezirksliga 2,Ost,,20.09.2015,15:00 Uhr,BSC Göppingen 2,Tübinger BC,5:3,Runde 2,8,10-Ball,Jürgen  Wilke,Konrad Bau,5:3,1,0,Jürgen  Wilke,Konrad Bau,home,,,,,http://bvbw.billardarea.de/cms_leagues/matchday/219908
2015/2016,Bezirksliga 2,Ost,,25.10.2015,12:30 Uhr,BSV Pfullingen 3,Tübinger BC,4:4,Runde 1,1,14/1e,Marcus Trumpp,Orhan Cetin,0:1,0,1,Orhan Cetin,Marcus Trumpp,away,57:80,16/17,14/12,,http://bvbw.billardarea.de/cms_leagues/matchday/219916
2015/2016,Bezirksliga 2,Ost,,25.10.2015,12:30 Uhr,BSV Pfullingen 3,Tübinger BC,4:4,Runde 1,2,8-Ball,Alexander Wibisono,Konrad Bau,1:5,0,1,Konrad Bau,Alexander Wibisono,away,,,,,http://bvbw.billardarea.de/cms_leagues/matchday/219916
2015/2016,Bezirksliga 2,Ost,,25.10.2015,12:30 Uhr,BSV Pfullingen 3,Tübinger BC,4:4,Runde 1,3,9-Ball,Fabian Rapp,Thomas Schöpfer,7:4,1,0,Fabian Rapp,Thomas Schöpfer,home,,,,,http://bvbw.billardarea.de/cms_leagues/matchday/219916
2015/2016,Bezirksliga 2,Ost,,25.10.2015,12:30 Uhr,BSV Pfullingen 3,Tübinger BC,4:4,Runde 1,4,10-Ball,Marcel Biegler,Johannes Lange,5:4,1,0,Marcel Biegler,Johannes Lange,home,,,,,http://bvbw.billardarea.de/cms_leagues/matchday/219916
2015/2016,Bezirksliga 2,Ost,,25.10.2015,12:30 Uhr,BSV Pfullingen 3,Tübinger BC,4:4,Runde 2,5,14/1e,Alexander Wibisono,Thomas Schöpfer,1:0,1,0,Alexander Wibisono,Thomas Schöpfer,home,80:47,34/33,11/11,,http://bvbw.billardarea.de/cms_leagues/matchday/219916
2015/2016,Bezirksliga 2,Ost,,25.10.2015,12:30 Uhr,BSV Pfullingen 3,Tübinger BC,4:4,Runde 2,6,8-Ball,Fabian Rapp,Orhan Cetin,0:5,0,1,Orhan Cetin,Fabian Rapp,away,,,,,http://bvbw.billardarea.de/cms_leagues/matchday/219916
2015/2016,Bezirksliga 2,Ost,,25.10.2015,12:30 Uhr,BSV Pfullingen 3,Tübinger BC,4:4,Runde 2,7,9-Ball,Marcel Biegler,Johannes Lange,5:7,0,1,Johannes Lange,Marcel Biegler,away,,,,,http://bvbw.billardarea.de/cms_leagues/matchday/219916
2015/2016,Bezirksliga 2,Ost,,25.10.2015,12:30 Uhr,BSV Pfullingen 3,Tübinger BC,4:4,Runde 2,8,10-Ball,Marcus Trumpp,Konrad Bau,5:1,1,0,Marcus Trumpp,Konrad Bau,home,,,,,http://bvbw.billardarea.de/cms_leagues/matchday/219916
2016/2017,Bezirksliga 1,Ost,,18.09.2016,12:30 Uhr,Tübinger BC,BF Bronnen,1:7,Runde 1,1,14/1e,Orhan Cetin,Thomas Drey,0:1,0,1,Thomas Drey,Orhan Cetin,away,56:80,37/37,9/11,,http://bvbw.billardarea.de/cms_leagues/matchday/243298
2016/2017,Bezirksliga 1,Ost,,18.09.2016,12:30 Uhr,Tübinger BC,BF Bronnen,1:7,Runde 1,2,8-Ball,Thomas Schöpfer,Nico Gehring,5:4,1,0,Thomas Schöpfer,Nico Gehring,home,,,,,http://bvbw.billardarea.de/cms_leagues/matchday/243298
2016/2017,Bezirksliga 1,Ost,,18.09.2016,12:30 Uhr,Tübinger BC,BF Bronnen,1:7,Runde 1,3,9-Ball,Simon Theodoropoulos,Andreas Gorisek,3:7,0,1,Andreas Gorisek,Simon Theodoropoulos,away,,,,,http://bvbw.billardarea.de/cms_leagues/matchday/243298
2016/2017,Bezirksliga 1,Ost,,18.09.2016,12:30 Uhr,Tübinger BC,BF Bronnen,1:7,Runde 1,4,10-Ball,Johannes Lange,Holger Mayer,1:5,0,1,Holger Mayer,Johannes Lange,away,,,,,http://bvbw.billardarea.de/cms_leagues/matchday/243298
2016/2017,Bezirksliga 1,Ost,,18.09.2016,12:30 Uhr,Tübinger BC,BF Bronnen,1:7,Runde 2,5,14/1e,Simon Theodoropoulos,Holger Mayer,0:1,0,1,Holger Mayer,Simon Theodoropoulos,away,57:80,41/41,6/10,,http://bvbw.billardarea.de/cms_leagues/matchday/243298
2016/2017,Bezirksliga 1,Ost,,18.09.2016,12:30 Uhr,Tübinger BC,BF Bronnen,1:7,Runde 2,6,8-Ball,Orhan Cetin,Andreas Gorisek,3:5,0,1,Andreas Gorisek,Orhan Cetin,away,,,,,http://bvbw.billardarea.de/cms_leagues/matchday/243298
2016/2017,Bezirksliga 1,Ost,,18.09.2016,12:30 Uhr,Tübinger BC,BF Bronnen,1:7,Runde 2,7,9-Ball,Johannes Lange,Nico Gehring,6:7,0,1,Nico Gehring,Johannes Lange,away,,,,,http://bvbw.billardarea.de/cms_leagues/matchday/243298
2016/2017,Bezirksliga 1,Ost,,18.09.2016,12:30 Uhr,Tübinger BC,BF Bronnen,1:7,Runde 2,8,10-Ball,Thomas Schöpfer,Thomas Drey,3:5,0,1,Thomas Drey,Thomas Schöpfer,away,,,,,http://bvbw.billardarea.de/cms_leagues/matchday/243298
2016/2017,Bezirksliga 1,Ost,,25.09.2016,12:30 Uhr,BC Weingarten 3,Tübinger BC,4:4,Runde 1,1,14/1e,Fabian Thoma-Schuck,Orhan Cetin,0:1,0,1,Orhan Cetin,Fabian Thoma-Schuck,away,34:80,29/29,6/11,,http://bvbw.billardarea.de/cms_leagues/matchday/243303
2016/2017,Bezirksliga 1,Ost,,25.09.2016,12:30 Uhr,BC Weingarten 3,Tübinger BC,4:4,Runde 1,2,8-Ball,Pietro Calo,Konrad Bau,2:5,0,1,Konrad Bau,Pietro Calo,away,,,,,http://bvbw.billardarea.de/cms_leagues/matchday/243303
2016/2017,Bezirksliga 1,Ost,,25.09.2016,12:30 Uhr,BC Weingarten 3,Tübinger BC,4:4,Runde 1,3,9-Ball,Lutz Jeschke,Simon Theodoropoulos,7:6,1,0,Lutz Jeschke,Simon Theodoropoulos,home,,,,,http://bvbw.billardarea.de/cms_leagues/matchday/243303
2016/2017,Bezirksliga 1,Ost,,25.09.2016,12:30 Uhr,BC Weingarten 3,Tübinger BC,4:4,Runde 1,4,10-Ball,Harald Schwarz,Thomas Schöpfer,1:5,0,1,Thomas Schöpfer,Harald Schwarz,away,,,,,http://bvbw.billardarea.de/cms_leagues/matchday/243303
2016/2017,Bezirksliga 1,Ost,,25.09.2016,12:30 Uhr,BC Weingarten 3,Tübinger BC,4:4,Runde 2,5,14/1e,Pietro Calo,Simon Theodoropoulos,1:0,1,0,Pietro Calo,Simon Theodoropoulos,home,80:52,32/31,11/5,,http://bvbw.billardarea.de/cms_leagues/matchday/243303
2016/2017,Bezirksliga 1,Ost,,25.09.2016,12:30 Uhr,BC Weingarten 3,Tübinger BC,4:4,Runde 2,6,8-Ball,Fabian Thoma-Schuck,Orhan Cetin,5:4,1,0,Fabian Thoma-Schuck,Orhan Cetin,home,,,,,http://bvbw.billardarea.de/cms_leagues/matchday/243303
2016/2017,Bezirksliga 1,Ost,,25.09.2016,12:30 Uhr,BC Weingarten 3,Tübinger BC,4:4,Runde 2,7,9-Ball,Harald Schwarz,Thomas Schöpfer,7:2,1,0,Harald Schwarz,Thomas Schöpfer,home,,,,,http://bvbw.billardarea.de/cms_leagues/matchday/243303
2016/2017,Bezirksliga 1,Ost,,25.09.2016,12:30 Uhr,BC Weingarten 3,Tübinger BC,4:4,Runde 2,8,10-Ball,Lutz Jeschke,Konrad Bau,2:5,0,1,Konrad Bau,Lutz Jeschke,away,,,,,http://bvbw.billardarea.de/cms_leagues/matchday/243303
2016/2017,Bezirksliga 1,Ost,,09.10.2016,12:30 Uhr,Tübinger BC,PBC Reutlingen,3:5,Runde 1,1,14/1e,Orhan Cetin,Peter Lotterer,0:1,0,1,Peter Lotterer,Orhan Cetin,away,64:80,29/30,10/12,,http://bvbw.billardarea.de/cms_leagues/matchday/243307
2016/2017,Bezirksliga 1,Ost,,09.10.2016,12:30 Uhr,Tübinger BC,PBC Reutlingen,3:5,Runde 1,2,8-Ball,Konrad Bau,Andreas Kunellis,5:1,1,0,Konrad Bau,Andreas Kunellis,home,,,,,http://bvbw.billardarea.de/cms_leagues/matchday/243307
2016/2017,Bezirksliga 1,Ost,,09.10.2016,12:30 Uhr,Tübinger BC,PBC Reutlingen,3:5,Runde 1,3,9-Ball,Thomas Dieckmann,Adrian Mernik,7:1,1,0,Thomas Dieckmann,Adrian Mernik,home,,,,,http://bvbw.billardarea.de/cms_leagues/matchday/243307
2016/2017,Bezirksliga 1,Ost,,09.10.2016,12:30 Uhr,Tübinger BC,PBC Reutlingen,3:5,Runde 1,4,10-Ball,Simon Theodoropoulos,Roland Wacker,1:5,0,1,Roland Wacker,Simon Theodoropoulos,away,,,,,http://bvbw.billardarea.de/cms_leagues/matchday/243307
2016/2017,Bezirksliga 1,Ost,,09.10.2016,12:30 Uhr,Tübinger BC,PBC Reutlingen,3:5,Runde 2,5,14/1e,Konrad Bau,Adrian Mernik,1:0,1,0,Konrad Bau,Adrian Mernik,home,80:74,48/48,10/8,,http://bvbw.billardarea.de/cms_leagues/matchday/243307
2016/2017,Bezirksliga 1,Ost,,09.10.2016,12:30 Uhr,Tübinger BC,PBC Reutlingen,3:5,Runde 2,6,8-Ball,Orhan Cetin,Roland Wacker,2:5,0,1,Roland Wacker,Orhan Cetin,away,,,,,http://bvbw.billardarea.de/cms_leagues/matchday/243307
2016/2017,Bezirksliga 1,Ost,,09.10.2016,12:30 Uhr,Tübinger BC,PBC Reutlingen,3:5,Runde 2,7,9-Ball,Simon Theodoropoulos,Peter Lotterer,1:7,0,1,Peter Lotterer,Simon Theodoropoulos,away,,,,,http://bvbw.billardarea.de/cms_leagues/matchday/243307
2016/2017,Bezirksliga 1,Ost,,09.10.2016,12:30 Uhr,Tübinger BC,PBC Reutlingen,3:5,Runde 2,8,10-Ball,Thomas Dieckmann,Andreas Kunellis,1:5,0,1,Andreas Kunellis,Thomas Dieckmann,away,,,,,http://bvbw.billardarea.de/cms_leagues/matchday/243307
2016/2017,Bezirksliga 1,Ost,,05.11.2016,14:30 Uhr,BSV Pfullingen 3,Tübinger BC,3:5,Runde 1,1,14/1e,Mike White,Orhan Cetin,0:1,0,1,Orhan Cetin,Mike White,away,55:80,24/23,13/14,,http://bvbw.billardarea.de/cms_leagues/matchday/243309
2016/2017,Bezirksliga 1,Ost,,05.11.2016,14:30 Uhr,BSV Pfullingen 3,Tübinger BC,3:5,Runde 1,2,8-Ball,Peter Restle,Konrad Bau,2:5,0,1,Konrad Bau,Peter Restle,away,,,,,http://bvbw.billardarea.de/cms_leagues/matchday/243309
2016/2017,Bezirksliga 1,Ost,,05.11.2016,14:30 Uhr,BSV Pfullingen 3,Tübinger BC,3:5,Runde 1,3,9-Ball,Andre Schwenzfeier,Dietmar Karoli,7:6,1,0,Andre Schwenzfeier,Dietmar Karoli,home,,,,,http://bvbw.billardarea.de/cms_leagues/matchday/243309
2016/2017,Bezirksliga 1,Ost,,05.11.2016,14:30 Uhr,BSV Pfullingen 3,Tübinger BC,3:5,Runde 1,4,10-Ball,Joao Rodrigues,Johannes Lange,2:5,0,1,Johannes Lange,Joao Rodrigues,away,,,,,http://bvbw.billardarea.de/cms_leagues/matchday/243309
2016/2017,Bezirksliga 1,Ost,,05.11.2016,14:30 Uhr,BSV Pfullingen 3,Tübinger BC,3:5,Runde 2,5,14/1e,Peter Restle,Konrad Bau,0:1,0,1,Konrad Bau,Peter Restle,away,47:80,29/30,8/9,,http://bvbw.billardarea.de/cms_leagues/matchday/243309
2016/2017,Bezirksliga 1,Ost,,05.11.2016,14:30 Uhr,BSV Pfullingen 3,Tübinger BC,3:5,Runde 2,6,8-Ball,Andre Schwenzfeier,Orhan Cetin,3:5,0,1,Orhan Cetin,Andre Schwenzfeier,away,,,,,http://bvbw.billardarea.de/cms_leagues/matchday/243309
2016/2017,Bezirksliga 1,Ost,,05.11.2016,14:30 Uhr,BSV Pfullingen 3,Tübinger BC,3:5,Runde 2,7,9-Ball,Cyrus Naimi,Johannes Lange,7:4,1,0,Cyrus Naimi,Johannes Lange,home,,,,,http://bvbw.billardarea.de/cms_leagues/matchday/243309
2016/2017,Bezirksliga 1,Ost,,05.11.2016,14:30 Uhr,BSV Pfullingen 3,Tübinger BC,3:5,Runde 2,8,10-Ball,Mike White,Dietmar Karoli,5:4,1,0,Mike White,Dietmar Karoli,home,,,,,http://bvbw.billardarea.de/cms_leagues/matchday/243309
2016/2017,Bezirksliga 1,Ost,,20.11.2016,12:30 Uhr,BSV Pfullingen 2,Tübinger BC,5:3,Runde 1,1,14/1e,Bernd Dorenburg,Orhan Cetin,1:0,1,0,Bernd Dorenburg,Orhan Cetin,home,80:61,28/28,11/10,,http://bvbw.billardarea.de/cms_leagues/matchday/243312
2016/2017,Bezirksliga 1,Ost,,20.11.2016,12:30 Uhr,BSV Pfullingen 2,Tübinger BC,5:3,Runde 1,2,8-Ball,Denis Dimster,Konrad Bau,5:0,1,0,Denis Dimster,Konrad Bau,home,,,,,http://bvbw.billardarea.de/cms_leagues/matchday/243312
2016/2017,Bezirksliga 1,Ost,,20.11.2016,12:30 Uhr,BSV Pfullingen 2,Tübinger BC,5:3,Runde 1,3,9-Ball,Daniel Hertl,Wadea Al Mahamid,7:4,1,0,Daniel Hertl,Wadea Al Mahamid,home,,,,,http://bvbw.billardarea.de/cms_leagues/matchday/243312
2016/2017,Bezirksliga 1,Ost,,20.11.2016,12:30 Uhr,BSV Pfullingen 2,Tübinger BC,5:3,Runde 1,4,10-Ball,Marcel Biegler,Dietmar Karoli,4:5,0,1,Dietmar Karoli,Marcel Biegler,away,,,,,http://bvbw.billardarea.de/cms_leagues/matchday/243312
2016/2017,Bezirksliga 1,Ost,,20.11.2016,12:30 Uhr,BSV Pfullingen 2,Tübinger BC,5:3,Runde 2,5,14/1e,Alexander Wibisono,Konrad Bau,1:0,1,0,Alexander Wibisono,Konrad Bau,home,80:68,45/44,15/7,,http://bvbw.billardarea.de/cms_leagues/matchday/243312
2016/2017,Bezirksliga 1,Ost,,20.11.2016,12:30 Uhr,BSV Pfullingen 2,Tübinger BC,5:3,Runde 2,6,8-Ball,Daniel Hertl,Dietmar Karoli,5:0,1,0,Daniel Hertl,Dietmar Karoli,home,,,,,http://bvbw.billardarea.de/cms_leagues/matchday/243312
2016/2017,Bezirksliga 1,Ost,,20.11.2016,12:30 Uhr,BSV Pfullingen 2,Tübinger BC,5:3,Runde 2,7,9-Ball,Marcel Biegler,Johannes Lange,4:7,0,1,Johannes Lange,Marcel Biegler,away,,,,,http://bvbw.billardarea.de/cms_leagues/matchday/243312
2016/2017,Bezirksliga 1,Ost,,20.11.2016,12:30 Uhr,BSV Pfullingen 2,Tübinger BC,5:3,Runde 2,8,10-Ball,Denis Dimster,Orhan Cetin,2:5,0,1,Orhan Cetin,Denis Dimster,away,,,,,http://bvbw.billardarea.de/cms_leagues/matchday/243312
2016/2017,Bezirksliga 1,Ost,,04.12.2016,12:30 Uhr,Tübinger BC,PBC Bad Saulgau 3,1:7,Runde 1,1,14/1e,Konrad Bau,Thomas Metzler,0:1,0,1,Thomas Metzler,Konrad Bau,away,71:80,40/40,7/14,,http://bvbw.billardarea.de/cms_leagues/matchday/243319
2016/2017,Bezirksliga 1,Ost,,04.12.2016,12:30 Uhr,Tübinger BC,PBC Bad Saulgau 3,1:7,Runde 1,2,8-Ball,Wadea Al Mahamid,Franz Meschenmoser,5:2,1,0,Wadea Al Mahamid,Franz Meschenmoser,home,,,,,http://bvbw.billardarea.de/cms_leagues/matchday/243319
2016/2017,Bezirksliga 1,Ost,,04.12.2016,12:30 Uhr,Tübinger BC,PBC Bad Saulgau 3,1:7,Runde 1,3,9-Ball,Johannes Lange,Manfred Rauch,6:7,0,1,Manfred Rauch,Johannes Lange,away,,,,,http://bvbw.billardarea.de/cms_leagues/matchday/243319
2016/2017,Bezirksliga 1,Ost,,04.12.2016,12:30 Uhr,Tübinger BC,PBC Bad Saulgau 3,1:7,Runde 1,4,10-Ball,Orhan Cetin,Tobias Hirt,1:5,0,1,Tobias Hirt,Orhan Cetin,away,,,,,http://bvbw.billardarea.de/cms_leagues/matchday/243319
2016/2017,Bezirksliga 1,Ost,,04.12.2016,12:30 Uhr,Tübinger BC,PBC Bad Saulgau 3,1:7,Runde 2,5,14/1e,Orhan Cetin,Franz Meschenmoser,0:1,0,1,Franz Meschenmoser,Orhan Cetin,away,72:80,28/28,13/23,,http://bvbw.billardarea.de/cms_leagues/matchday/243319
2016/2017,Bezirksliga 1,Ost,,04.12.2016,12:30 Uhr,Tübinger BC,PBC Bad Saulgau 3,1:7,Runde 2,6,8-Ball,Konrad Bau,Thomas Metzler,2:5,0,1,Thomas Metzler,Konrad Bau,away,,,,,http://bvbw.billardarea.de/cms_leagues/matchday/243319
2016/2017,Bezirksliga 1,Ost,,04.12.2016,12:30 Uhr,Tübinger BC,PBC Bad Saulgau 3,1:7,Runde 2,7,9-Ball,Wadea Al Mahamid,Tobias Hirt,1:7,0,1,Tobias Hirt,Wadea Al Mahamid,away,,,,,http://bvbw.billardarea.de/cms_leagues/matchday/243319
2016/2017,Bezirksliga 1,Ost,,04.12.2016,12:30 Uhr,Tübinger BC,PBC Bad Saulgau 3,1:7,Runde 2,8,10-Ball,Simon Theodoropoulos,Manfred Rauch,1:5,0,1,Manfred Rauch,Simon Theodoropoulos,away,,,,,http://bvbw.billardarea.de/cms_leagues/matchday/243319
2016/2017,Bezirksliga 1,Ost,,29.01.2017,12:30 Uhr,Tübinger BC,PBC Ochsenhausen 2,0:0,Runde 1,1,14/1e,Freilos,Freilos,0:0,0,0,,,,0:0,0/0,0/0,,http://bvbw.billardarea.de/cms_leagues/matchday/243322
2016/2017,Bezirksliga 1,Ost,,29.01.2017,12:30 Uhr,Tübinger BC,PBC Ochsenhausen 2,0:0,Runde 1,2,8-Ball,Freilos,Freilos,0:0,0,0,,,,,,,,http://bvbw.billardarea.de/cms_leagues/matchday/243322
2016/2017,Bezirksliga 1,Ost,,29.01.2017,12:30 Uhr,Tübinger BC,PBC Ochsenhausen 2,0:0,Runde 1,3,9-Ball,Freilos,Freilos,0:0,0,0,,,,,,,,http://bvbw.billardarea.de/cms_leagues/matchday/243322
2016/2017,Bezirksliga 1,Ost,,29.01.2017,12:30 Uhr,Tübinger BC,PBC Ochsenhausen 2,0:0,Runde 1,4,10-Ball,Freilos,Freilos,0:0,0,0,,,,,,,,http://bvbw.billardarea.de/cms_leagues/matchday/243322
2016/2017,Bezirksliga 1,Ost,,29.01.2017,12:30 Uhr,Tübinger BC,PBC Ochsenhausen 2,0:0,Runde 2,5,14/1e,Freilos,Freilos,0:0,0,0,,,,0:0,0/0,0/0,,http://bvbw.billardarea.de/cms_leagues/matchday/243322
2016/2017,Bezirksliga 1,Ost,,29.01.2017,12:30 Uhr,Tübinger BC,PBC Ochsenhausen 2,0:0,Runde 2,6,8-Ball,Freilos,Freilos,0:0,0,0,,,,,,,,http://bvbw.billardarea.de/cms_leagues/matchday/243322
2016/2017,Bezirksliga 1,Ost,,29.01.2017,12:30 Uhr,Tübinger BC,PBC Ochsenhausen 2,0:0,Runde 2,7,9-Ball,Freilos,Freilos,0:0,0,0,,,,,,,,http://bvbw.billardarea.de/cms_leagues/matchday/243322
2016/2017,Bezirksliga 1,Ost,,29.01.2017,12:30 Uhr,Tübinger BC,PBC Ochsenhausen 2,0:0,Runde 2,8,10-Ball,Freilos,Freilos,0:0,0,0,,,,,,,,http://bvbw.billardarea.de/cms_leagues/matchday/243322
2016/2017,Bezirksliga 1,Ost,,12.02.2017,12:30 Uhr,BF Bronnen,Tübinger BC,0:0,Runde 1,1,14/1e,Freilos,Freilos,0:0,0,0,,,,0:0,0/0,0/0,,http://bvbw.billardarea.de/cms_leagues/matchday/243326
2016/2017,Bezirksliga 1,Ost,,12.02.2017,12:30 Uhr,BF Bronnen,Tübinger BC,0:0,Runde 1,2,8-Ball,Freilos,Freilos,0:0,0,0,,,,,,,,http://bvbw.billardarea.de/cms_leagues/matchday/243326
2016/2017,Bezirksliga 1,Ost,,12.02.2017,12:30 Uhr,BF Bronnen,Tübinger BC,0:0,Runde 1,3,9-Ball,Freilos,Freilos,0:0,0,0,,,,,,,,http://bvbw.billardarea.de/cms_leagues/matchday/243326
2016/2017,Bezirksliga 1,Ost,,12.02.2017,12:30 Uhr,BF Bronnen,Tübinger BC,0:0,Runde 1,4,10-Ball,Freilos,Freilos,0:0,0,0,,,,,,,,http://bvbw.billardarea.de/cms_leagues/matchday/243326
2016/2017,Bezirksliga 1,Ost,,12.02.2017,12:30 Uhr,BF Bronnen,Tübinger BC,0:0,Runde 2,5,14/1e,Freilos,Freilos,0:0,0,0,,,,0:0,0/0,0/0,,http://bvbw.billardarea.de/cms_leagues/matchday/243326
2016/2017,Bezirksliga 1,Ost,,12.02.2017,12:30 Uhr,BF Bronnen,Tübinger BC,0:0,Runde 2,6,8-Ball,Freilos,Freilos,0:0,0,0,,,,,,,,http://bvbw.billardarea.de/cms_leagues/matchday/243326
2016/2017,Bezirksliga 1,Ost,,12.02.2017,12:30 Uhr,BF Bronnen,Tübinger BC,0:0,Runde 2,7,9-Ball,Freilos,Freilos,0:0,0,0,,,,,,,,http://bvbw.billardarea.de/cms_leagues/matchday/243326
2016/2017,Bezirksliga 1,Ost,,12.02.2017,12:30 Uhr,BF Bronnen,Tübinger BC,0:0,Runde 2,8,10-Ball,Freilos,Freilos,0:0,0,0,,,,,,,,http://bvbw.billardarea.de/cms_leagues/matchday/243326
2016/2017,Bezirksliga 1,Ost,,19.02.2017,12:30 Uhr,Tübinger BC,BC Weingarten 3,0:0,Runde 1,1,14/1e,Freilos,Freilos,0:0,0,0,,,,0:0,0/0,0/0,,http://bvbw.billardarea.de/cms_leagues/matchday/243331
2016/2017,Bezirksliga 1,Ost,,19.02.2017,12:30 Uhr,Tübinger BC,BC Weingarten 3,0:0,Runde 1,2,8-Ball,Freilos,Freilos,0:0,0,0,,,,,,,,http://bvbw.billardarea.de/cms_leagues/matchday/243331
2016/2017,Bezirksliga 1,Ost,,19.02.2017,12:30 Uhr,Tübinger BC,BC Weingarten 3,0:0,Runde 1,3,9-Ball,Freilos,Freilos,0:0,0,0,,,,,,,,http://bvbw.billardarea.de/cms_leagues/matchday/243331
2016/2017,Bezirksliga 1,Ost,,19.02.2017,12:30 Uhr,Tübinger BC,BC Weingarten 3,0:0,Runde 1,4,10-Ball,Freilos,Freilos,0:0,0,0,,,,,,,,http://bvbw.billardarea.de/cms_leagues/matchday/243331
2016/2017,Bezirksliga 1,Ost,,19.02.2017,12:30 Uhr,Tübinger BC,BC Weingarten 3,0:0,Runde 2,5,14/1e,Freilos,Freilos,0:0,0,0,,,,0:0,0/0,0/0,,http://bvbw.billardarea.de/cms_leagues/matchday/243331
2016/2017,Bezirksliga 1,Ost,,19.02.2017,12:30 Uhr,Tübinger BC,BC Weingarten 3,0:0,Runde 2,6,8-Ball,Freilos,Freilos,0:0,0,0,,,,,,,,http://bvbw.billardarea.de/cms_leagues/matchday/243331
2016/2017,Bezirksliga 1,Ost,,19.02.2017,12:30 Uhr,Tübinger BC,BC Weingarten 3,0:0,Runde 2,7,9-Ball,Freilos,Freilos,0:0,0,0,,,,,,,,http://bvbw.billardarea.de/cms_leagues/matchday/243331
2016/2017,Bezirksliga 1,Ost,,19.02.2017,12:30 Uhr,Tübinger BC,BC Weingarten 3,0:0,Runde 2,8,10-Ball,Freilos,Freilos,0:0,0,0,,,,,,,,http://bvbw.billardarea.de/cms_leagues/matchday/243331
2016/2017,Bezirksliga 1,Ost,,19.03.2017,12:30 Uhr,PBC Reutlingen,Tübinger BC,0:0,Runde 1,1,14/1e,Freilos,Freilos,0:0,0,0,,,,0:0,0/0,0/0,,http://bvbw.billardarea.de/cms_leagues/matchday/243335
2016/2017,Bezirksliga 1,Ost,,19.03.2017,12:30 Uhr,PBC Reutlingen,Tübinger BC,0:0,Runde 1,2,8-Ball,Freilos,Freilos,0:0,0,0,,,,,,,,http://bvbw.billardarea.de/cms_leagues/matchday/243335
2016/2017,Bezirksliga 1,Ost,,19.03.2017,12:30 Uhr,PBC Reutlingen,Tübinger BC,0:0,Runde 1,3,9-Ball,Freilos,Freilos,0:0,0,0,,,,,,,,http://bvbw.billardarea.de/cms_leagues/matchday/243335
2016/2017,Bezirksliga 1,Ost,,19.03.2017,12:30 Uhr,PBC Reutlingen,Tübinger BC,0:0,Runde 1,4,10-Ball,Freilos,Freilos,0:0,0,0,,,,,,,,http://bvbw.billardarea.de/cms_leagues/matchday/243335
2016/2017,Bezirksliga 1,Ost,,19.03.2017,12:30 Uhr,PBC Reutlingen,Tübinger BC,0:0,Runde 2,5,14/1e,Freilos,Freilos,0:0,0,0,,,,0:0,0/0,0/0,,http://bvbw.billardarea.de/cms_leagues/matchday/243335
2016/2017,Bezirksliga 1,Ost,,19.03.2017,12:30 Uhr,PBC Reutlingen,Tübinger BC,0:0,Runde 2,6,8-Ball,Freilos,Freilos,0:0,0,0,,,,,,,,http://bvbw.billardarea.de/cms_leagues/matchday/243335
2016/2017,Bezirksliga 1,Ost,,19.03.2017,12:30 Uhr,PBC Reutlingen,Tübinger BC,0:0,Runde 2,7,9-Ball,Freilos,Freilos,0:0,0,0,,,,,,,,http://bvbw.billardarea.de/cms_leagues/matchday/243335
2016/2017,Bezirksliga 1,Ost,,19.03.2017,12:30 Uhr,PBC Reutlingen,Tübinger BC,0:0,Runde 2,8,10-Ball,Freilos,Freilos,0:0,0,0,,,,,,,,http://bvbw.billardarea.de/cms_leagues/matchday/243335
2016/2017,Bezirksliga 1,Ost,,02.04.2017,12:30 Uhr,Tübinger BC,BSV Pfullingen 3,0:0,Runde 1,1,14/1e,Freilos,Freilos,0:0,0,0,,,,0:0,0/0,0/0,,http://bvbw.billardarea.de/cms_leagues/matchday/243337
2016/2017,Bezirksliga 1,Ost,,02.04.2017,12:30 Uhr,Tübinger BC,BSV Pfullingen 3,0:0,Runde 1,2,8-Ball,Freilos,Freilos,0:0,0,0,,,,,,,,http://bvbw.billardarea.de/cms_leagues/matchday/243337
2016/2017,Bezirksliga 1,Ost,,02.04.2017,12:30 Uhr,Tübinger BC,BSV Pfullingen 3,0:0,Runde 1,3,9-Ball,Freilos,Freilos,0:0,0,0,,,,,,,,http://bvbw.billardarea.de/cms_leagues/matchday/243337
2016/2017,Bezirksliga 1,Ost,,02.04.2017,12:30 Uhr,Tübinger BC,BSV Pfullingen 3,0:0,Runde 1,4,10-Ball,Freilos,Freilos,0:0,0,0,,,,,,,,http://bvbw.billardarea.de/cms_leagues/matchday/243337
2016/2017,Bezirksliga 1,Ost,,02.04.2017,12:30 Uhr,Tübinger BC,BSV Pfullingen 3,0:0,Runde 2,5,14/1e,Freilos,Freilos,0:0,0,0,,,,0:0,0/0,0/0,,http://bvbw.billardarea.de/cms_leagues/matchday/243337
2016/2017,Bezirksliga 1,Ost,,02.04.2017,12:30 Uhr,Tübinger BC,BSV Pfullingen 3,0:0,Runde 2,6,8-Ball,Freilos,Freilos,0:0,0,0,,,,,,,,http://bvbw.billardarea.de/cms_leagues/matchday/243337
2016/2017,Bezirksliga 1,Ost,,02.04.2017,12:30 Uhr,Tübinger BC,BSV Pfullingen 3,0:0,Runde 2,7,9-Ball,Freilos,Freilos,0:0,0,0,,,,,,,,http://bvbw.billardarea.de/cms_leagues/matchday/243337
2016/2017,Bezirksliga 1,Ost,,02.04.2017,12:30 Uhr,Tübinger BC,BSV Pfullingen 3,0:0,Runde 2,8,10-Ball,Freilos,Freilos,0:0,0,0,,,,,,,,http://bvbw.billardarea.de/cms_leagues/matchday/243337
2016/2017,Bezirksliga 1,Ost,,23.04.2017,16:00 Uhr,Tübinger BC,BSV Pfullingen 2,0:0,Runde 1,1,14/1e,Freilos,Freilos,0:0,0,0,,,,0:0,0/0,0/0,,http://bvbw.billardarea.de/cms_leagues/matchday/243340
2016/2017,Bezirksliga 1,Ost,,23.04.2017,16:00 Uhr,Tübinger BC,BSV Pfullingen 2,0:0,Runde 1,2,8-Ball,Freilos,Freilos,0:0,0,0,,,,,,,,http://bvbw.billardarea.de/cms_leagues/matchday/243340
2016/2017,Bezirksliga 1,Ost,,23.04.2017,16:00 Uhr,Tübinger BC,BSV Pfullingen 2,0:0,Runde 1,3,9-Ball,Freilos,Freilos,0:0,0,0,,,,,,,,http://bvbw.billardarea.de/cms_leagues/matchday/243340
2016/2017,Bezirksliga 1,Ost,,23.04.2017,16:00 Uhr,Tübinger BC,BSV Pfullingen 2,0:0,Runde 1,4,10-Ball,Freilos,Freilos,0:0,0,0,,,,,,,,http://bvbw.billardarea.de/cms_leagues/matchday/243340
2016/2017,Bezirksliga 1,Ost,,23.04.2017,16:00 Uhr,Tübinger BC,BSV Pfullingen 2,0:0,Runde 2,5,14/1e,Freilos,Freilos,0:0,0,0,,,,0:0,0/0,0/0,,http://bvbw.billardarea.de/cms_leagues/matchday/243340
2016/2017,Bezirksliga 1,Ost,,23.04.2017,16:00 Uhr,Tübinger BC,BSV Pfullingen 2,0:0,Runde 2,6,8-Ball,Freilos,Freilos,0:0,0,0,,,,,,,,http://bvbw.billardarea.de/cms_leagues/matchday/243340
2016/2017,Bezirksliga 1,Ost,,23.04.2017,16:00 Uhr,Tübinger BC,BSV Pfullingen 2,0:0,Runde 2,7,9-Ball,Freilos,Freilos,0:0,0,0,,,,,,,,http://bvbw.billardarea.de/cms_leagues/matchday/243340
2016/2017,Bezirksliga 1,Ost,,23.04.2017,16:00 Uhr,Tübinger BC,BSV Pfullingen 2,0:0,Runde 2,8,10-Ball,Freilos,Freilos,0:0,0,0,,,,,,,,http://bvbw.billardarea.de/cms_leagues/matchday/243340
2016/2017,Bezirksliga 1,Ost,,21.05.2017,12:30 Uhr,PBC Ochsenhausen 2,Tübinger BC,0:0,Runde 1,1,14/1e,Freilos,Freilos,0:0,0,0,,,,0:0,0/0,0/0,,http://bvbw.billardarea.de/cms_leagues/matchday/243350
2016/2017,Bezirksliga 1,Ost,,21.05.2017,12:30 Uhr,PBC Ochsenhausen 2,Tübinger BC,0:0,Runde 1,2,8-Ball,Freilos,Freilos,0:0,0,0,,,,,,,,http://bvbw.billardarea.de/cms_leagues/matchday/243350
2016/2017,Bezirksliga 1,Ost,,21.05.2017,12:30 Uhr,PBC Ochsenhausen 2,Tübinger BC,0:0,Runde 1,3,9-Ball,Freilos,Freilos,0:0,0,0,,,,,,,,http://bvbw.billardarea.de/cms_leagues/matchday/243350
2016/2017,Bezirksliga 1,Ost,,21.05.2017,12:30 Uhr,PBC Ochsenhausen 2,Tübinger BC,0:0,Runde 1,4,10-Ball,Freilos,Freilos,0:0,0,0,,,,,,,,http://bvbw.billardarea.de/cms_leagues/matchday/243350
2016/2017,Bezirksliga 1,Ost,,21.05.2017,12:30 Uhr,PBC Ochsenhausen 2,Tübinger BC,0:0,Runde 2,5,14/1e,Freilos,Freilos,0:0,0,0,,,,0:0,0/0,0/0,,http://bvbw.billardarea.de/cms_leagues/matchday/243350
2016/2017,Bezirksliga 1,Ost,,21.05.2017,12:30 Uhr,PBC Ochsenhausen 2,Tübinger BC,0:0,Runde 2,6,8-Ball,Freilos,Freilos,0:0,0,0,,,,,,,,http://bvbw.billardarea.de/cms_leagues/matchday/243350
2016/2017,Bezirksliga 1,Ost,,21.05.2017,12:30 Uhr,PBC Ochsenhausen 2,Tübinger BC,0:0,Runde 2,7,9-Ball,Freilos,Freilos,0:0,0,0,,,,,,,,http://bvbw.billardarea.de/cms_leagues/matchday/243350
2016/2017,Bezirksliga 1,Ost,,21.05.2017,12:30 Uhr,PBC Ochsenhausen 2,Tübinger BC,0:0,Runde 2,8,10-Ball,Freilos,Freilos,0:0,0,0,,,,,,,,http://bvbw.billardarea.de/cms_leagues/matchday/243350
2017/2018,Kreisliga A Ost,2,,17.09.2017,12:30 Uhr,BSV Pfullingen 4,Tübinger BC 3,8:0,Runde 1,1,14/1e,Joao Rodrigues,Dennis Göricke,1:0,1,0,Joao Rodrigues,Dennis Göricke,home,60:38,44/43,6/6,,http://bvbw.billardarea.de/cms_leagues/matchday/270863
2017/2018,Kreisliga A Ost,2,,17.09.2017,12:30 Uhr,BSV Pfullingen 4,Tübinger BC 3,8:0,Runde 1,2,8-Ball,Guido Ulmer,Dominik Kant,5:3,1,0,Guido Ulmer,Dominik Kant,home,,,,,http://bvbw.billardarea.de/cms_leagues/matchday/270863
2017/2018,Kreisliga A Ost,2,,17.09.2017,12:30 Uhr,BSV Pfullingen 4,Tübinger BC 3,8:0,Runde 1,3,9-Ball,Andre Schwenzfeier,Anita Massow,6:3,1,0,Andre Schwenzfeier,Anita Massow,home,,,,,http://bvbw.billardarea.de/cms_leagues/matchday/270863
2017/2018,Kreisliga A Ost,2,,17.09.2017,12:30 Uhr,BSV Pfullingen 4,Tübinger BC 3,8:0,Runde 1,4,10-Ball,Mike White,Jonas Entenmann,5:1,1,0,Mike White,Jonas Entenmann,home,,,,,http://bvbw.billardarea.de/cms_leagues/matchday/270863
2017/2018,Kreisliga A Ost,2,,17.09.2017,12:30 Uhr,BSV Pfullingen 4,Tübinger BC 3,8:0,Runde 2,5,14/1e,Guido Ulmer,Dominik Kant,1:0,1,0,Guido Ulmer,Dominik Kant,home,60:17,47/48,8/5,,http://bvbw.billardarea.de/cms_leagues/matchday/270863
2017/2018,Kreisliga A Ost,2,,17.09.2017,12:30 Uhr,BSV Pfullingen 4,Tübinger BC 3,8:0,Runde 2,6,8-Ball,Andre Schwenzfeier,Jonas Entenmann,5:0,1,0,Andre Schwenzfeier,Jonas Entenmann,home,,,,,http://bvbw.billardarea.de/cms_leagues/matchday/270863
2017/2018,Kreisliga A Ost,2,,17.09.2017,12:30 Uhr,BSV Pfullingen 4,Tübinger BC 3,8:0,Runde 2,7,9-Ball,Mike White,Dennis Göricke,6:3,1,0,Mike White,Dennis Göricke,home,,,,,http://bvbw.billardarea.de/cms_leagues/matchday/270863
2017/2018,Kreisliga A Ost,2,,17.09.2017,12:30 Uhr,BSV Pfullingen 4,Tübinger BC 3,8:0,Runde 2,8,10-Ball,Joao Rodrigues,Anita Massow,5:1,1,0,Joao Rodrigues,Anita Massow,home,,,,,http://bvbw.billardarea.de/cms_leagues/matchday/270863
2017/2018,Kreisliga A Ost,2,,15.10.2017,12:30 Uhr,Tübinger BC 3,PBC Ochsenhausen 2,6:2,Runde 1,1,14/1e,Dennis Göricke,Frank Flach,0:1,0,1,Frank Flach,Dennis Göricke,away,49:60,42/43,4/7,,http://bvbw.billardarea.de/cms_leagues/matchday/270867
2017/2018,Kreisliga A Ost,2,,15.10.2017,12:30 Uhr,Tübinger BC 3,PBC Ochsenhausen 2,6:2,Runde 1,2,8-Ball,Dietmar Karoli,Werner Schmidberger,5:3,1,0,Dietmar Karoli,Werner Schmidberger,home,,,,,http://bvbw.billardarea.de/cms_leagues/matchday/270867
2017/2018,Kreisliga A Ost,2,,15.10.2017,12:30 Uhr,Tübinger BC 3,PBC Ochsenhausen 2,6:2,Runde 1,3,9-Ball,Wahib Jaradat,Soydan Cetin,6:3,1,0,Wahib Jaradat,Soydan Cetin,home,,,,,http://bvbw.billardarea.de/cms_leagues/matchday/270867
2017/2018,Kreisliga A Ost,2,,15.10.2017,12:30 Uhr,Tübinger BC 3,PBC Ochsenhausen 2,6:2,Runde 1,4,10-Ball,Jonas Entenmann,Hakan Öz,5:1,1,0,Jonas Entenmann,Hakan Öz,home,,,,,http://bvbw.billardarea.de/cms_leagues/matchday/270867
2017/2018,Kreisliga A Ost,2,,15.10.2017,12:30 Uhr,Tübinger BC 3,PBC Ochsenhausen 2,6:2,Runde 2,5,14/1e,Dietmar Karoli,Hakan Öz,1:0,1,0,Dietmar Karoli,Hakan Öz,home,60:27,33/32,8/4,,http://bvbw.billardarea.de/cms_leagues/matchday/270867
2017/2018,Kreisliga A Ost,2,,15.10.2017,12:30 Uhr,Tübinger BC 3,PBC Ochsenhausen 2,6:2,Runde 2,6,8-Ball,Dennis Göricke,Soydan Cetin,5:3,1,0,Dennis Göricke,Soydan Cetin,home,,,,,http://bvbw.billardarea.de/cms_leagues/matchday/270867
2017/2018,Kreisliga A Ost,2,,15.10.2017,12:30 Uhr,Tübinger BC 3,PBC Ochsenhausen 2,6:2,Runde 2,7,9-Ball,Jonas Entenmann,Frank Flach,4:6,0,1,Frank Flach,Jonas Entenmann,away,,,,,http://bvbw.billardarea.de/cms_leagues/matchday/270867
2017/2018,Kreisliga A Ost,2,,15.10.2017,12:30 Uhr,Tübinger BC 3,PBC Ochsenhausen 2,6:2,Runde 2,8,10-Ball,Wahib Jaradat,Werner Schmidberger,5:4,1,0,Wahib Jaradat,Werner Schmidberger,home,,,,,http://bvbw.billardarea.de/cms_leagues/matchday/270867
2017/2018,Kreisliga A Ost,2,,26.11.2017,10:30 Uhr,PBC Ochsenhausen 3,Tübinger BC 3,8:0,Runde 1,1,14/1e,Nikolaus Blum,Freilos,0:0,0,0,,,,0:0,0/0,0/0,,http://bvbw.billardarea.de/cms_leagues/matchday/270870
2017/2018,Kreisliga A Ost,2,,26.11.2017,10:30 Uhr,PBC Ochsenhausen 3,Tübinger BC 3,8:0,Runde 1,2,8-Ball,Raimund Wanner,Freilos,0:0,0,0,,,,,,,,http://bvbw.billardarea.de/cms_leagues/matchday/270870
2017/2018,Kreisliga A Ost,2,,26.11.2017,10:30 Uhr,PBC Ochsenhausen 3,Tübinger BC 3,8:0,Runde 1,3,9-Ball,Anton Schubert,Freilos,0:0,0,0,,,,,,,,http://bvbw.billardarea.de/cms_leagues/matchday/270870
2017/2018,Kreisliga A Ost,2,,26.11.2017,10:30 Uhr,PBC Ochsenhausen 3,Tübinger BC 3,8:0,Runde 1,4,10-Ball,Lothar Ring,Freilos,0:0,0,0,,,,,,,,http://bvbw.billardarea.de/cms_leagues/matchday/270870
2017/2018,Kreisliga A Ost,2,,26.11.2017,10:30 Uhr,PBC Ochsenhausen 3,Tübinger BC 3,8:0,Runde 2,5,14/1e,Anton Schubert,Freilos,0:0,0,0,,,,0:0,0/0,0/0,,http://bvbw.billardarea.de/cms_leagues/matchday/270870
2017/2018,Kreisliga A Ost,2,,26.11.2017,10:30 Uhr,PBC Ochsenhausen 3,Tübinger BC 3,8:0,Runde 2,6,8-Ball,Lothar Ring,Freilos,0:0,0,0,,,,,,,,http://bvbw.billardarea.de/cms_leagues/matchday/270870
2017/2018,Kreisliga A Ost,2,,26.11.2017,10:30 Uhr,PBC Ochsenhausen 3,Tübinger BC 3,8:0,Runde 2,7,9-Ball,Nikolaus Blum,Freilos,0:0,0,0,,,,,,,,http://bvbw.billardarea.de/cms_leagues/matchday/270870
2017/2018,Kreisliga A Ost,2,,26.11.2017,10:30 Uhr,PBC Ochsenhausen 3,Tübinger BC 3,8:0,Runde 2,8,10-Ball,Raimund Wanner,Freilos,0:0,0,0,,,,,,,,http://bvbw.billardarea.de/cms_leagues/matchday/270870
2017/2018,Kreisliga A Ost,2,,17.12.2017,12:30 Uhr,Tübinger BC 3,BF Bronnen 2,5:3,Runde 1,1,14/1e,Dietmar Karoli,Tobias Schneider,1:0,1,0,Dietmar Karoli,Tobias Schneider,home,60:51,54/54,8/7,,http://bvbw.billardarea.de/cms_leagues/matchday/270873
2017/2018,Kreisliga A Ost,2,,17.12.2017,12:30 Uhr,Tübinger BC 3,BF Bronnen 2,5:3,Runde 1,2,8-Ball,Dennis Göricke,Manuela Schmid,5:0,1,0,Dennis Göricke,Manuela Schmid,home,,,,,http://bvbw.billardarea.de/cms_leagues/matchday/270873
2017/2018,Kreisliga A Ost,2,,17.12.2017,12:30 Uhr,Tübinger BC 3,BF Bronnen 2,5:3,Runde 1,3,9-Ball,Jonas Entenmann,Stefan Neuß,6:4,1,0,Jonas Entenmann,Stefan Neuß,home,,,,,http://bvbw.billardarea.de/cms_leagues/matchday/270873
2017/2018,Kreisliga A Ost,2,,17.12.2017,12:30 Uhr,Tübinger BC 3,BF Bronnen 2,5:3,Runde 1,4,10-Ball,Dominik Kant,Erich Wohllaib,4:5,0,1,Erich Wohllaib,Dominik Kant,away,,,,,http://bvbw.billardarea.de/cms_leagues/matchday/270873
2017/2018,Kreisliga A Ost,2,,17.12.2017,12:30 Uhr,Tübinger BC 3,BF Bronnen 2,5:3,Runde 2,5,14/1e,Dennis Göricke,Erich Wohllaib,1:0,1,0,Dennis Göricke,Erich Wohllaib,home,60:16,31/30,8/6,,http://bvbw.billardarea.de/cms_leagues/matchday/270873
2017/2018,Kreisliga A Ost,2,,17.12.2017,12:30 Uhr,Tübinger BC 3,BF Bronnen 2,5:3,Runde 2,6,8-Ball,Dietmar Karoli,Stefan Neuß,5:0,1,0,Dietmar Karoli,Stefan Neuß,home,,,,,http://bvbw.billardarea.de/cms_leagues/matchday/270873
2017/2018,Kreisliga A Ost,2,,17.12.2017,12:30 Uhr,Tübinger BC 3,BF Bronnen 2,5:3,Runde 2,7,9-Ball,Dominik Kant,Manuela Schmid,3:6,0,1,Manuela Schmid,Dominik Kant,away,,,,,http://bvbw.billardarea.de/cms_leagues/matchday/270873
2017/2018,Kreisliga A Ost,2,,17.12.2017,12:30 Uhr,Tübinger BC 3,BF Bronnen 2,5:3,Runde 2,8,10-Ball,Jonas Entenmann,Tobias Schneider,2:5,0,1,Tobias Schneider,Jonas Entenmann,away,,,,,http://bvbw.billardarea.de/cms_leagues/matchday/270873
2017/2018,Kreisliga A Ost,2,,14.01.2018,14:00 Uhr,PBC Reutlingen 3,Tübinger BC 3,4:4,Runde 1,1,14/1e,Fabian Danner,Dietmar Karoli,0:1,0,1,Dietmar Karoli,Fabian Danner,away,42:60,36/36,7/7,,http://bvbw.billardarea.de/cms_leagues/matchday/270876
2017/2018,Kreisliga A Ost,2,,14.01.2018,14:00 Uhr,PBC Reutlingen 3,Tübinger BC 3,4:4,Runde 1,2,8-Ball,Bernhard Gneiting,Dennis Göricke,5:3,1,0,Bernhard Gneiting,Dennis Göricke,home,,,,,http://bvbw.billardarea.de/cms_leagues/matchday/270876
2017/2018,Kreisliga A Ost,2,,14.01.2018,14:00 Uhr,PBC Reutlingen 3,Tübinger BC 3,4:4,Runde 1,3,9-Ball,Felix Fabry,Wahib Jaradat,6:4,1,0,Felix Fabry,Wahib Jaradat,home,,,,,http://bvbw.billardarea.de/cms_leagues/matchday/270876
2017/2018,Kreisliga A Ost,2,,14.01.2018,14:00 Uhr,PBC Reutlingen 3,Tübinger BC 3,4:4,Runde 1,4,10-Ball,Kathrin Karwath,Dominik Kant,2:5,0,1,Dominik Kant,Kathrin Karwath,away,,,,,http://bvbw.billardarea.de/cms_leagues/matchday/270876
2017/2018,Kreisliga A Ost,2,,14.01.2018,14:00 Uhr,PBC Reutlingen 3,Tübinger BC 3,4:4,Runde 2,5,14/1e,Bernhard Gneiting,Dennis Göricke,1:0,1,0,Bernhard Gneiting,Dennis Göricke,home,60:43,54/54,6/6,,http://bvbw.billardarea.de/cms_leagues/matchday/270876
2017/2018,Kreisliga A Ost,2,,14.01.2018,14:00 Uhr,PBC Reutlingen 3,Tübinger BC 3,4:4,Runde 2,6,8-Ball,Adrian Weller,Dietmar Karoli,0:5,0,1,Dietmar Karoli,Adrian Weller,away,,,,,http://bvbw.billardarea.de/cms_leagues/matchday/270876
2017/2018,Kreisliga A Ost,2,,14.01.2018,14:00 Uhr,PBC Reutlingen 3,Tübinger BC 3,4:4,Runde 2,7,9-Ball,Kathrin Karwath,Anita Massow,6:0,1,0,Kathrin Karwath,Anita Massow,home,,,,,http://bvbw.billardarea.de/cms_leagues/matchday/270876
2017/2018,Kreisliga A Ost,2,,14.01.2018,14:00 Uhr,PBC Reutlingen 3,Tübinger BC 3,4:4,Runde 2,8,10-Ball,Felix Fabry,Wahib Jaradat,1:5,0,1,Wahib Jaradat,Felix Fabry,away,,,,,http://bvbw.billardarea.de/cms_leagues/matchday/270876
2017/2018,Kreisliga A Ost,2,,04.02.2018,11:00 Uhr,BSV Filderstadt 7,Tübinger BC 3,5:3,Runde 1,1,14/1e,Norbert Reges,Dominik Kant,1:0,1,0,Norbert Reges,Dominik Kant,home,60:10,28/27,12/3,,http://bvbw.billardarea.de/cms_leagues/matchday/270881
2017/2018,Kreisliga A Ost,2,,04.02.2018,11:00 Uhr,BSV Filderstadt 7,Tübinger BC 3,5:3,Runde 1,2,8-Ball,Björn Marschner,Dietmar Karoli,2:5,0,1,Dietmar Karoli,Björn Marschner,away,,,,,http://bvbw.billardarea.de/cms_leagues/matchday/270881
2017/2018,Kreisliga A Ost,2,,04.02.2018,11:00 Uhr,BSV Filderstadt 7,Tübinger BC 3,5:3,Runde 1,3,9-Ball,Jörg Schabirosky,Wahib Jaradat,6:3,1,0,Jörg Schabirosky,Wahib Jaradat,home,,,,,http://bvbw.billardarea.de/cms_leagues/matchday/270881
2017/2018,Kreisliga A Ost,2,,04.02.2018,11:00 Uhr,BSV Filderstadt 7,Tübinger BC 3,5:3,Runde 1,4,10-Ball,Dietmar Lübke,Jonas Entenmann,3:5,0,1,Jonas Entenmann,Dietmar Lübke,away,,,,,http://bvbw.billardarea.de/cms_leagues/matchday/270881
2017/2018,Kreisliga A Ost,2,,04.02.2018,11:00 Uhr,BSV Filderstadt 7,Tübinger BC 3,5:3,Runde 2,5,14/1e,Jörg Schabirosky,Daniel Göricke,1:0,1,0,Jörg Schabirosky,Daniel Göricke,home,60:57,71/71,5/6,,http://bvbw.billardarea.de/cms_leagues/matchday/270881
2017/2018,Kreisliga A Ost,2,,04.02.2018,11:00 Uhr,BSV Filderstadt 7,Tübinger BC 3,5:3,Runde 2,6,8-Ball,Dietmar Lübke,Wahib Jaradat,5:1,1,0,Dietmar Lübke,Wahib Jaradat,home,,,,,http://bvbw.billardarea.de/cms_leagues/matchday/270881
2017/2018,Kreisliga A Ost,2,,04.02.2018,11:00 Uhr,BSV Filderstadt 7,Tübinger BC 3,5:3,Runde 2,7,9-Ball,Norbert Reges,Jonas Entenmann,6:0,1,0,Norbert Reges,Jonas Entenmann,home,,,,,http://bvbw.billardarea.de/cms_leagues/matchday/270881
2017/2018,Kreisliga A Ost,2,,04.02.2018,11:00 Uhr,BSV Filderstadt 7,Tübinger BC 3,5:3,Runde 2,8,10-Ball,Björn Marschner,Dietmar Karoli,4:5,0,1,Dietmar Karoli,Björn Marschner,away,,,,,http://bvbw.billardarea.de/cms_leagues/matchday/270881
2017/2018,Kreisliga A Ost,2,,25.02.2018,12:30 Uhr,Tübinger BC 3,BSV Pfullingen 4,4:4,Runde 1,1,14/1e,Dietmar Karoli,Joao Rodrigues,0:1,0,1,Joao Rodrigues,Dietmar Karoli,away,36:60,26/27,8/10,,http://bvbw.billardarea.de/cms_leagues/matchday/270885
2017/2018,Kreisliga A Ost,2,,25.02.2018,12:30 Uhr,Tübinger BC 3,BSV Pfullingen 4,4:4,Runde 1,2,8-Ball,Dennis Göricke,Mike White,5:3,1,0,Dennis Göricke,Mike White,home,,,,,http://bvbw.billardarea.de/cms_leagues/matchday/270885
2017/2018,Kreisliga A Ost,2,,25.02.2018,12:30 Uhr,Tübinger BC 3,BSV Pfullingen 4,4:4,Runde 1,3,9-Ball,Jonas Entenmann,Andre Schwenzfeier,3:6,0,1,Andre Schwenzfeier,Jonas Entenmann,away,,,,,http://bvbw.billardarea.de/cms_leagues/matchday/270885
2017/2018,Kreisliga A Ost,2,,25.02.2018,12:30 Uhr,Tübinger BC 3,BSV Pfullingen 4,4:4,Runde 1,4,10-Ball,Dominik Kant,Peter Restle,1:5,0,1,Peter Restle,Dominik Kant,away,,,,,http://bvbw.billardarea.de/cms_leagues/matchday/270885
2017/2018,Kreisliga A Ost,2,,25.02.2018,12:30 Uhr,Tübinger BC 3,BSV Pfullingen 4,4:4,Runde 2,5,14/1e,Jonas Entenmann,Peter Restle,1:0,1,0,Jonas Entenmann,Peter Restle,home,60:50,42/41,7/7,,http://bvbw.billardarea.de/cms_leagues/matchday/270885
2017/2018,Kreisliga A Ost,2,,25.02.2018,12:30 Uhr,Tübinger BC 3,BSV Pfullingen 4,4:4,Runde 2,6,8-Ball,Dietmar Karoli,Andre Schwenzfeier,5:2,1,0,Dietmar Karoli,Andre Schwenzfeier,home,,,,,http://bvbw.billardarea.de/cms_leagues/matchday/270885
2017/2018,Kreisliga A Ost,2,,25.02.2018,12:30 Uhr,Tübinger BC 3,BSV Pfullingen 4,4:4,Runde 2,7,9-Ball,Wahib Jaradat,Joao Rodrigues,4:6,0,1,Joao Rodrigues,Wahib Jaradat,away,,,,,http://bvbw.billardarea.de/cms_leagues/matchday/270885
2017/2018,Kreisliga A Ost,2,,25.02.2018,12:30 Uhr,Tübinger BC 3,BSV Pfullingen 4,4:4,Runde 2,8,10-Ball,Dennis Göricke,Mike White,5:4,1,0,Dennis Göricke,Mike White,home,,,,,http://bvbw.billardarea.de/cms_leagues/matchday/270885
2017/2018,Kreisliga A Ost,2,,11.03.2018,12:30 Uhr,PBC Ochsenhausen 2,Tübinger BC 3,3:5,Runde 1,1,14/1e,Frank Flach,Dietmar Karoli,0:1,0,1,Dietmar Karoli,Frank Flach,away,57:60,32/32,8/13,,http://bvbw.billardarea.de/cms_leagues/matchday/270889
2017/2018,Kreisliga A Ost,2,,11.03.2018,12:30 Uhr,PBC Ochsenhausen 2,Tübinger BC 3,3:5,Runde 1,2,8-Ball,Glen Corcoran,Dennis Göricke,2:5,0,1,Dennis Göricke,Glen Corcoran,away,,,,,http://bvbw.billardarea.de/cms_leagues/matchday/270889
2017/2018,Kreisliga A Ost,2,,11.03.2018,12:30 Uhr,PBC Ochsenhausen 2,Tübinger BC 3,3:5,Runde 1,3,9-Ball,Jörg Lingl,Freilos,0:0,0,0,,,,,,,,http://bvbw.billardarea.de/cms_leagues/matchday/270889
2017/2018,Kreisliga A Ost,2,,11.03.2018,12:30 Uhr,PBC Ochsenhausen 2,Tübinger BC 3,3:5,Runde 1,4,10-Ball,Soydan Cetin,Jonas Entenmann,5:4,1,0,Soydan Cetin,Jonas Entenmann,home,,,,,http://bvbw.billardarea.de/cms_leagues/matchday/270889
2017/2018,Kreisliga A Ost,2,,11.03.2018,12:30 Uhr,PBC Ochsenhausen 2,Tübinger BC 3,3:5,Runde 2,5,14/1e,Jörg Lingl,Dennis Göricke,0:1,0,1,Dennis Göricke,Jörg Lingl,away,21:60,33/33,4/7,,http://bvbw.billardarea.de/cms_leagues/matchday/270889
2017/2018,Kreisliga A Ost,2,,11.03.2018,12:30 Uhr,PBC Ochsenhausen 2,Tübinger BC 3,3:5,Runde 2,6,8-Ball,Frank Flach,Jonas Entenmann,2:5,0,1,Jonas Entenmann,Frank Flach,away,,,,,http://bvbw.billardarea.de/cms_leagues/matchday/270889
2017/2018,Kreisliga A Ost,2,,11.03.2018,12:30 Uhr,PBC Ochsenhausen 2,Tübinger BC 3,3:5,Runde 2,7,9-Ball,Soydan Cetin,Dietmar Karoli,1:6,0,1,Dietmar Karoli,Soydan Cetin,away,,,,,http://bvbw.billardarea.de/cms_leagues/matchday/270889
2017/2018,Kreisliga A Ost,2,,11.03.2018,12:30 Uhr,PBC Ochsenhausen 2,Tübinger BC 3,3:5,Runde 2,8,10-Ball,Glen Corcoran,Freilos,0:0,0,0,,,,,,,,http://bvbw.billardarea.de/cms_leagues/matchday/270889
2017/2018,Kreisliga A Ost,2,,25.03.2018,12:30 Uhr,Tübinger BC 3,PBC Ochsenhausen 3,3:5,Runde 1,1,14/1e,Dietmar Karoli,Nikolaus Blum,0:1,0,1,Nikolaus Blum,Dietmar Karoli,away,45:60,36/37,7/11,,http://bvbw.billardarea.de/cms_leagues/matchday/270892
2017/2018,Kreisliga A Ost,2,,25.03.2018,12:30 Uhr,Tübinger BC 3,PBC Ochsenhausen 3,3:5,Runde 1,2,8-Ball,Goran Antunovic,Werner Schmidberger,5:4,1,0,Goran Antunovic,Werner Schmidberger,home,,,,,http://bvbw.billardarea.de/cms_leagues/matchday/270892
2017/2018,Kreisliga A Ost,2,,25.03.2018,12:30 Uhr,Tübinger BC 3,PBC Ochsenhausen 3,3:5,Runde 1,3,9-Ball,Jonas Entenmann,Anton Schubert,4:6,0,1,Anton Schubert,Jonas Entenmann,away,,,,,http://bvbw.billardarea.de/cms_leagues/matchday/270892
2017/2018,Kreisliga A Ost,2,,25.03.2018,12:30 Uhr,Tübinger BC 3,PBC Ochsenhausen 3,3:5,Runde 1,4,10-Ball,Dennis Göricke,Lothar Ring,5:4,1,0,Dennis Göricke,Lothar Ring,home,,,,,http://bvbw.billardarea.de/cms_leagues/matchday/270892
2017/2018,Kreisliga A Ost,2,,25.03.2018,12:30 Uhr,Tübinger BC 3,PBC Ochsenhausen 3,3:5,Runde 2,5,14/1e,Dennis Göricke,Anton Schubert,0:1,0,1,Anton Schubert,Dennis Göricke,away,37:60,31/32,7/11,,http://bvbw.billardarea.de/cms_leagues/matchday/270892
2017/2018,Kreisliga A Ost,2,,25.03.2018,12:30 Uhr,Tübinger BC 3,PBC Ochsenhausen 3,3:5,Runde 2,6,8-Ball,Jonas Entenmann,Lothar Ring,4:5,0,1,Lothar Ring,Jonas Entenmann,away,,,,,http://bvbw.billardarea.de/cms_leagues/matchday/270892
2017/2018,Kreisliga A Ost,2,,25.03.2018,12:30 Uhr,Tübinger BC 3,PBC Ochsenhausen 3,3:5,Runde 2,7,9-Ball,Dietmar Karoli,Nikolaus Blum,6:3,1,0,Dietmar Karoli,Nikolaus Blum,home,,,,,http://bvbw.billardarea.de/cms_leagues/matchday/270892
2017/2018,Kreisliga A Ost,2,,25.03.2018,12:30 Uhr,Tübinger BC 3,PBC Ochsenhausen 3,3:5,Runde 2,8,10-Ball,Goran Antunovic,Werner Schmidberger,3:5,0,1,Werner Schmidberger,Goran Antunovic,away,,,,,http://bvbw.billardarea.de/cms_leagues/matchday/270892
2017/2018,Kreisliga A Ost,2,,15.04.2018,12:30 Uhr,BF Bronnen 2,Tübinger BC 3,3:5,Runde 1,1,14/1e,Erich Wohllaib,Dietmar Karoli,0:1,0,1,Dietmar Karoli,Erich Wohllaib,away,43:60,33/33,6/8,,http://bvbw.billardarea.de/cms_leagues/matchday/270894
2017/2018,Kreisliga A Ost,2,,15.04.2018,12:30 Uhr,BF Bronnen 2,Tübinger BC 3,3:5,Runde 1,2,8-Ball,Wolfgang Flöter,Dennis Göricke,5:4,1,0,Wolfgang Flöter,Dennis Göricke,home,,,,,http://bvbw.billardarea.de/cms_leagues/matchday/270894
2017/2018,Kreisliga A Ost,2,,15.04.2018,12:30 Uhr,BF Bronnen 2,Tübinger BC 3,3:5,Runde 1,3,9-Ball,Tobias Schneider,Daniel Göricke,6:5,1,0,Tobias Schneider,Daniel Göricke,home,,,,,http://bvbw.billardarea.de/cms_leagues/matchday/270894
2017/2018,Kreisliga A Ost,2,,15.04.2018,12:30 Uhr,BF Bronnen 2,Tübinger BC 3,3:5,Runde 1,4,10-Ball,Stefan Neuß,Goran Antunovic,4:5,0,1,Goran Antunovic,Stefan Neuß,away,,,,,http://bvbw.billardarea.de/cms_leagues/matchday/270894
2017/2018,Kreisliga A Ost,2,,15.04.2018,12:30 Uhr,BF Bronnen 2,Tübinger BC 3,3:5,Runde 2,5,14/1e,Wolfgang Flöter,Dennis Göricke,1:0,1,0,Wolfgang Flöter,Dennis Göricke,home,60:44,36/36,8/5,,http://bvbw.billardarea.de/cms_leagues/matchday/270894
2017/2018,Kreisliga A Ost,2,,15.04.2018,12:30 Uhr,BF Bronnen 2,Tübinger BC 3,3:5,Runde 2,6,8-Ball,Erich Wohllaib,Goran Antunovic,3:5,0,1,Goran Antunovic,Erich Wohllaib,away,,,,,http://bvbw.billardarea.de/cms_leagues/matchday/270894
2017/2018,Kreisliga A Ost,2,,15.04.2018,12:30 Uhr,BF Bronnen 2,Tübinger BC 3,3:5,Runde 2,7,9-Ball,Stefan Neuß,Dietmar Karoli,2:6,0,1,Dietmar Karoli,Stefan Neuß,away,,,,,http://bvbw.billardarea.de/cms_leagues/matchday/270894
2017/2018,Kreisliga A Ost,2,,15.04.2018,12:30 Uhr,BF Bronnen 2,Tübinger BC 3,3:5,Runde 2,8,10-Ball,Tobias Schneider,Daniel Göricke,4:5,0,1,Daniel Göricke,Tobias Schneider,away,,,,,http://bvbw.billardarea.de/cms_leagues/matchday/270894
2017/2018,Kreisliga A Ost,2,,29.04.2018,12:30 Uhr,Tübinger BC 3,PBC Reutlingen 3,7:1,Runde 1,1,14/1e,Dietmar Karoli,Bernhard Gneiting,1:0,1,0,Dietmar Karoli,Bernhard Gneiting,home,60:50,36/35,13/5,,http://bvbw.billardarea.de/cms_leagues/matchday/270897
2017/2018,Kreisliga A Ost,2,,29.04.2018,12:30 Uhr,Tübinger BC 3,PBC Reutlingen 3,7:1,Runde 1,2,8-Ball,Jonas Entenmann,Fabian Danner,5:4,1,0,Jonas Entenmann,Fabian Danner,home,,,,,http://bvbw.billardarea.de/cms_leagues/matchday/270897
2017/2018,Kreisliga A Ost,2,,29.04.2018,12:30 Uhr,Tübinger BC 3,PBC Reutlingen 3,7:1,Runde 1,3,9-Ball,Dominik Kant,Adrian Weller,6:2,1,0,Dominik Kant,Adrian Weller,home,,,,,http://bvbw.billardarea.de/cms_leagues/matchday/270897
2017/2018,Kreisliga A Ost,2,,29.04.2018,12:30 Uhr,Tübinger BC 3,PBC Reutlingen 3,7:1,Runde 1,4,10-Ball,Dennis Göricke,Felix Fabry,5:2,1,0,Dennis Göricke,Felix Fabry,home,,,,,http://bvbw.billardarea.de/cms_leagues/matchday/270897
2017/2018,Kreisliga A Ost,2,,29.04.2018,12:30 Uhr,Tübinger BC 3,PBC Reutlingen 3,7:1,Runde 2,5,14/1e,Dennis Göricke,Felix Fabry,1:0,1,0,Dennis Göricke,Felix Fabry,home,60:45,48/48,9/5,,http://bvbw.billardarea.de/cms_leagues/matchday/270897
2017/2018,Kreisliga A Ost,2,,29.04.2018,12:30 Uhr,Tübinger BC 3,PBC Reutlingen 3,7:1,Runde 2,6,8-Ball,Dominik Kant,Bernhard Gneiting,2:5,0,1,Bernhard Gneiting,Dominik Kant,away,,,,,http://bvbw.billardarea.de/cms_leagues/matchday/270897
2017/2018,Kreisliga A Ost,2,,29.04.2018,12:30 Uhr,Tübinger BC 3,PBC Reutlingen 3,7:1,Runde 2,7,9-Ball,Dietmar Karoli,Fabian Danner,6:1,1,0,Dietmar Karoli,Fabian Danner,home,,,,,http://bvbw.billardarea.de/cms_leagues/matchday/270897
2017/2018,Kreisliga A Ost,2,,29.04.2018,12:30 Uhr,Tübinger BC 3,PBC Reutlingen 3,7:1,Runde 2,8,10-Ball,Jonas Entenmann,Adrian Weller,5:1,1,0,Jonas Entenmann,Adrian Weller,home,,,,,http://bvbw.billardarea.de/cms_leagues/matchday/270897
2017/2018,Kreisliga A Ost,2,,27.05.2018,12:30 Uhr,Tübinger BC 3,BSV Filderstadt 7,4:4,Runde 1,1,14/1e,Dietmar Karoli,Norbert Reges,0:1,0,1,Norbert Reges,Dietmar Karoli,away,56:60,51/52,9/6,,http://bvbw.billardarea.de/cms_leagues/matchday/270902
2017/2018,Kreisliga A Ost,2,,27.05.2018,12:30 Uhr,Tübinger BC 3,BSV Filderstadt 7,4:4,Runde 1,2,8-Ball,Goran Antunovic,Dietmar Lübke,2:5,0,1,Dietmar Lübke,Goran Antunovic,away,,,,,http://bvbw.billardarea.de/cms_leagues/matchday/270902
2017/2018,Kreisliga A Ost,2,,27.05.2018,12:30 Uhr,Tübinger BC 3,BSV Filderstadt 7,4:4,Runde 1,3,9-Ball,Wahib Jaradat,Eicke Täufert,6:5,1,0,Wahib Jaradat,Eicke Täufert,home,,,,,http://bvbw.billardarea.de/cms_leagues/matchday/270902
2017/2018,Kreisliga A Ost,2,,27.05.2018,12:30 Uhr,Tübinger BC 3,BSV Filderstadt 7,4:4,Runde 1,4,10-Ball,Jonas Entenmann,Björn Bester,3:5,0,1,Björn Bester,Jonas Entenmann,away,,,,,http://bvbw.billardarea.de/cms_leagues/matchday/270902
2017/2018,Kreisliga A Ost,2,,27.05.2018,12:30 Uhr,Tübinger BC 3,BSV Filderstadt 7,4:4,Runde 2,5,14/1e,Jonas Entenmann,Eicke Täufert,0:1,0,1,Eicke Täufert,Jonas Entenmann,away,50:60,33/34,5/7,,http://bvbw.billardarea.de/cms_leagues/matchday/270902
2017/2018,Kreisliga A Ost,2,,27.05.2018,12:30 Uhr,Tübinger BC 3,BSV Filderstadt 7,4:4,Runde 2,6,8-Ball,Dietmar Karoli,Björn Bester,5:4,1,0,Dietmar Karoli,Björn Bester,home,,,,,http://bvbw.billardarea.de/cms_leagues/matchday/270902
2017/2018,Kreisliga A Ost,2,,27.05.2018,12:30 Uhr,Tübinger BC 3,BSV Filderstadt 7,4:4,Runde 2,7,9-Ball,Goran Antunovic,Jörg Schabirosky,6:0,1,0,Goran Antunovic,Jörg Schabirosky,home,,,,,http://bvbw.billardarea.de/cms_leagues/matchday/270902
2017/2018,Kreisliga A Ost,2,,27.05.2018,12:30 Uhr,Tübinger BC 3,BSV Filderstadt 7,4:4,Runde 2,8,10-Ball,Wahib Jaradat,Dietmar Lübke,5:4,1,0,Wahib Jaradat,Dietmar Lübke,home,,,,,http://bvbw.billardarea.de/cms_leagues/matchday/270902
2019/2020,Bezirksliga Ost,1,,15.09.2019,12:30 Uhr,Tübinger BC 2,Tübinger BC,8:0,Runde 1,1,14/1e,Matthias Ludersdorfer,Dominik Kant,1:0,1,0,Matthias Ludersdorfer,Dominik Kant,home,80:3,16/16,15/2,,http://bvbw.billardarea.de/cms_leagues/matchday/318256
2019/2020,Bezirksliga Ost,1,,15.09.2019,12:30 Uhr,Tübinger BC 2,Tübinger BC,8:0,Runde 1,2,8-Ball,Uwe Cordes,Rüdiger Theis,5:0,1,0,Uwe Cordes,Rüdiger Theis,home,,,,,http://bvbw.billardarea.de/cms_leagues/matchday/318256
2019/2020,Bezirksliga Ost,1,,15.09.2019,12:30 Uhr,Tübinger BC 2,Tübinger BC,8:0,Runde 1,3,9-Ball,Wadea Al Mahamid,Dennis Göricke,7:2,1,0,Wadea Al Mahamid,Dennis Göricke,home,,,,,http://bvbw.billardarea.de/cms_leagues/matchday/318256
2019/2020,Bezirksliga Ost,1,,15.09.2019,12:30 Uhr,Tübinger BC 2,Tübinger BC,8:0,Runde 1,4,10-Ball,Konrad Bau,Christoph Jung,5:1,1,0,Konrad Bau,Christoph Jung,home,,,,,http://bvbw.billardarea.de/cms_leagues/matchday/318256
2019/2020,Bezirksliga Ost,1,,15.09.2019,12:30 Uhr,Tübinger BC 2,Tübinger BC,8:0,Runde 2,5,14/1e,Wadea Al Mahamid,Christoph Jung,1:0,1,0,Wadea Al Mahamid,Christoph Jung,home,80:51,29/29,13/13,,http://bvbw.billardarea.de/cms_leagues/matchday/318256
2019/2020,Bezirksliga Ost,1,,15.09.2019,12:30 Uhr,Tübinger BC 2,Tübinger BC,8:0,Runde 2,6,8-Ball,Konrad Bau,Dennis Göricke,5:1,1,0,Konrad Bau,Dennis Göricke,home,,,,,http://bvbw.billardarea.de/cms_leagues/matchday/318256
2019/2020,Bezirksliga Ost,1,,15.09.2019,12:30 Uhr,Tübinger BC 2,Tübinger BC,8:0,Runde 2,7,9-Ball,Johannes Lange,Dominik Kant,7:4,1,0,Johannes Lange,Dominik Kant,home,,,,,http://bvbw.billardarea.de/cms_leagues/matchday/318256
2019/2020,Bezirksliga Ost,1,,15.09.2019,12:30 Uhr,Tübinger BC 2,Tübinger BC,8:0,Runde 2,8,10-Ball,Matthias Ludersdorfer,Rüdiger Theis,5:0,1,0,Matthias Ludersdorfer,Rüdiger Theis,home,,,,,http://bvbw.billardarea.de/cms_leagues/matchday/318256
2019/2020,Bezirksliga Ost,1,,06.10.2019,12:30 Uhr,BSV Pfullingen 4,Tübinger BC 2,2:6,Runde 1,1,14/1e,Michael Grad,Matthias Ludersdorfer,0:1,0,1,Matthias Ludersdorfer,Michael Grad,away,27:80,15/16,10/28,,http://bvbw.billardarea.de/cms_leagues/matchday/318260
2019/2020,Bezirksliga Ost,1,,06.10.2019,12:30 Uhr,BSV Pfullingen 4,Tübinger BC 2,2:6,Runde 1,2,8-Ball,Randi Ramzi ya´da,Konrad Bau,4:5,0,1,Konrad Bau,Randi Ramzi ya´da,away,,,,,http://bvbw.billardarea.de/cms_leagues/matchday/318260
2019/2020,Bezirksliga Ost,1,,06.10.2019,12:30 Uhr,BSV Pfullingen 4,Tübinger BC 2,2:6,Runde 1,3,9-Ball,Sebastian Oswald,Wadea Al Mahamid,6:7,0,1,Wadea Al Mahamid,Sebastian Oswald,away,,,,,http://bvbw.billardarea.de/cms_leagues/matchday/318260
2019/2020,Bezirksliga Ost,1,,06.10.2019,12:30 Uhr,BSV Pfullingen 4,Tübinger BC 2,2:6,Runde 1,4,10-Ball,Marco Bunke,Johannes Lange,5:3,1,0,Marco Bunke,Johannes Lange,home,,,,,http://bvbw.billardarea.de/cms_leagues/matchday/318260
2019/2020,Bezirksliga Ost,1,,06.10.2019,12:30 Uhr,BSV Pfullingen 4,Tübinger BC 2,2:6,Runde 2,5,14/1e,Marco Bunke,Wadea Al Mahamid,0:1,0,1,Wadea Al Mahamid,Marco Bunke,away,52:80,24/25,14/15,,http://bvbw.billardarea.de/cms_leagues/matchday/318260
2019/2020,Bezirksliga Ost,1,,06.10.2019,12:30 Uhr,BSV Pfullingen 4,Tübinger BC 2,2:6,Runde 2,6,8-Ball,Sebastian Oswald,Matthias Ludersdorfer,3:5,0,1,Matthias Ludersdorfer,Sebastian Oswald,away,,,,,http://bvbw.billardarea.de/cms_leagues/matchday/318260
2019/2020,Bezirksliga Ost,1,,06.10.2019,12:30 Uhr,BSV Pfullingen 4,Tübinger BC 2,2:6,Runde 2,7,9-Ball,Randi Ramzi ya´da,Johannes Lange,7:0,1,0,Randi Ramzi ya´da,Johannes Lange,home,,,,,http://bvbw.billardarea.de/cms_leagues/matchday/318260
2019/2020,Bezirksliga Ost,1,,06.10.2019,12:30 Uhr,BSV Pfullingen 4,Tübinger BC 2,2:6,Runde 2,8,10-Ball,Michael Grad,Konrad Bau,4:5,0,1,Konrad Bau,Michael Grad,away,,,,,http://bvbw.billardarea.de/cms_leagues/matchday/318260
2019/2020,Bezirksliga Ost,1,,06.10.2019,12:30 Uhr,Tübinger BC,BSV Pfullingen 3,3:5,Runde 1,1,14/1e,Goran Antunovic,Bernd Dorenburg,0:1,0,1,Bernd Dorenburg,Goran Antunovic,away,35:80,26/26,5/13,,http://bvbw.billardarea.de/cms_leagues/matchday/318261
2019/2020,Bezirksliga Ost,1,,06.10.2019,12:30 Uhr,Tübinger BC,BSV Pfullingen 3,3:5,Runde 1,2,8-Ball,Dennis Göricke,Joao Rodrigues,5:3,1,0,Dennis Göricke,Joao Rodrigues,home,,,,,http://bvbw.billardarea.de/cms_leagues/matchday/318261
2019/2020,Bezirksliga Ost,1,,06.10.2019,12:30 Uhr,Tübinger BC,BSV Pfullingen 3,3:5,Runde 1,3,9-Ball,Jonas Entenmann,Andre Schwenzfeier,7:6,1,0,Jonas Entenmann,Andre Schwenzfeier,home,,,,,http://bvbw.billardarea.de/cms_leagues/matchday/318261
2019/2020,Bezirksliga Ost,1,,06.10.2019,12:30 Uhr,Tübinger BC,BSV Pfullingen 3,3:5,Runde 1,4,10-Ball,Christoph Jung,Mike White,5:3,1,0,Christoph Jung,Mike White,home,,,,,http://bvbw.billardarea.de/cms_leagues/matchday/318261
2019/2020,Bezirksliga Ost,1,,06.10.2019,12:30 Uhr,Tübinger BC,BSV Pfullingen 3,3:5,Runde 2,5,14/1e,Rüdiger Theis,Joao Rodrigues,0:1,0,1,Joao Rodrigues,Rüdiger Theis,away,49:80,43/43,9/10,,http://bvbw.billardarea.de/cms_leagues/matchday/318261
2019/2020,Bezirksliga Ost,1,,06.10.2019,12:30 Uhr,Tübinger BC,BSV Pfullingen 3,3:5,Runde 2,6,8-Ball,Jonas Entenmann,Andre Schwenzfeier,1:5,0,1,Andre Schwenzfeier,Jonas Entenmann,away,,,,,http://bvbw.billardarea.de/cms_leagues/matchday/318261
2019/2020,Bezirksliga Ost,1,,06.10.2019,12:30 Uhr,Tübinger BC,BSV Pfullingen 3,3:5,Runde 2,7,9-Ball,Christoph Jung,Mike White,2:7,0,1,Mike White,Christoph Jung,away,,,,,http://bvbw.billardarea.de/cms_leagues/matchday/318261
2019/2020,Bezirksliga Ost,1,,06.10.2019,12:30 Uhr,Tübinger BC,BSV Pfullingen 3,3:5,Runde 2,8,10-Ball,Dennis Göricke,Bernd Dorenburg,0:5,0,1,Bernd Dorenburg,Dennis Göricke,away,,,,,http://bvbw.billardarea.de/cms_leagues/matchday/318261
2019/2020,Bezirksliga Ost,1,,27.10.2019,12:30 Uhr,Tübinger BC 2,BSV Pfullingen 3,0:0,Runde 1,1,14/1e,Freilos,Freilos,0:0,0,0,,,,0:0,0/0,0/0,,http://bvbw.billardarea.de/cms_leagues/matchday/318264
2019/2020,Bezirksliga Ost,1,,27.10.2019,12:30 Uhr,Tübinger BC 2,BSV Pfullingen 3,0:0,Runde 1,2,8-Ball,Freilos,Freilos,0:0,0,0,,,,,,,,http://bvbw.billardarea.de/cms_leagues/matchday/318264
2019/2020,Bezirksliga Ost,1,,27.10.2019,12:30 Uhr,Tübinger BC 2,BSV Pfullingen 3,0:0,Runde 1,3,9-Ball,Freilos,Freilos,0:0,0,0,,,,,,,,http://bvbw.billardarea.de/cms_leagues/matchday/318264
2019/2020,Bezirksliga Ost,1,,27.10.2019,12:30 Uhr,Tübinger BC 2,BSV Pfullingen 3,0:0,Runde 1,4,10-Ball,Freilos,Freilos,0:0,0,0,,,,,,,,http://bvbw.billardarea.de/cms_leagues/matchday/318264
2019/2020,Bezirksliga Ost,1,,27.10.2019,12:30 Uhr,Tübinger BC 2,BSV Pfullingen 3,0:0,Runde 2,5,14/1e,Freilos,Freilos,0:0,0,0,,,,0:0,0/0,0/0,,http://bvbw.billardarea.de/cms_leagues/matchday/318264
2019/2020,Bezirksliga Ost,1,,27.10.2019,12:30 Uhr,Tübinger BC 2,BSV Pfullingen 3,0:0,Runde 2,6,8-Ball,Freilos,Freilos,0:0,0,0,,,,,,,,http://bvbw.billardarea.de/cms_leagues/matchday/318264
2019/2020,Bezirksliga Ost,1,,27.10.2019,12:30 Uhr,Tübinger BC 2,BSV Pfullingen 3,0:0,Runde 2,7,9-Ball,Freilos,Freilos,0:0,0,0,,,,,,,,http://bvbw.billardarea.de/cms_leagues/matchday/318264
2019/2020,Bezirksliga Ost,1,,27.10.2019,12:30 Uhr,Tübinger BC 2,BSV Pfullingen 3,0:0,Runde 2,8,10-Ball,Freilos,Freilos,0:0,0,0,,,,,,,,http://bvbw.billardarea.de/cms_leagues/matchday/318264
2019/2020,Bezirksliga Ost,1,,27.10.2019,12:30 Uhr,BSV Pfullingen 4,Tübinger BC,0:0,Runde 1,1,14/1e,Freilos,Freilos,0:0,0,0,,,,0:0,0/0,0/0,,http://bvbw.billardarea.de/cms_leagues/matchday/318265
2019/2020,Bezirksliga Ost,1,,27.10.2019,12:30 Uhr,BSV Pfullingen 4,Tübinger BC,0:0,Runde 1,2,8-Ball,Freilos,Freilos,0:0,0,0,,,,,,,,http://bvbw.billardarea.de/cms_leagues/matchday/318265
2019/2020,Bezirksliga Ost,1,,27.10.2019,12:30 Uhr,BSV Pfullingen 4,Tübinger BC,0:0,Runde 1,3,9-Ball,Freilos,Freilos,0:0,0,0,,,,,,,,http://bvbw.billardarea.de/cms_leagues/matchday/318265
2019/2020,Bezirksliga Ost,1,,27.10.2019,12:30 Uhr,BSV Pfullingen 4,Tübinger BC,0:0,Runde 1,4,10-Ball,Freilos,Freilos,0:0,0,0,,,,,,,,http://bvbw.billardarea.de/cms_leagues/matchday/318265
2019/2020,Bezirksliga Ost,1,,27.10.2019,12:30 Uhr,BSV Pfullingen 4,Tübinger BC,0:0,Runde 2,5,14/1e,Freilos,Freilos,0:0,0,0,,,,0:0,0/0,0/0,,http://bvbw.billardarea.de/cms_leagues/matchday/318265
2019/2020,Bezirksliga Ost,1,,27.10.2019,12:30 Uhr,BSV Pfullingen 4,Tübinger BC,0:0,Runde 2,6,8-Ball,Freilos,Freilos,0:0,0,0,,,,,,,,http://bvbw.billardarea.de/cms_leagues/matchday/318265
2019/2020,Bezirksliga Ost,1,,27.10.2019,12:30 Uhr,BSV Pfullingen 4,Tübinger BC,0:0,Runde 2,7,9-Ball,Freilos,Freilos,0:0,0,0,,,,,,,,http://bvbw.billardarea.de/cms_leagues/matchday/318265
2019/2020,Bezirksliga Ost,1,,27.10.2019,12:30 Uhr,BSV Pfullingen 4,Tübinger BC,0:0,Runde 2,8,10-Ball,Freilos,Freilos,0:0,0,0,,,,,,,,http://bvbw.billardarea.de/cms_leagues/matchday/318265
2019/2020,Bezirksliga Ost,1,,17.11.2019,10:00 Uhr,PBC Reutlingen 2,Tübinger BC 2,0:0,Runde 1,1,14/1e,Freilos,Freilos,0:0,0,0,,,,0:0,0/0,0/0,,http://bvbw.billardarea.de/cms_leagues/matchday/318268
2019/2020,Bezirksliga Ost,1,,17.11.2019,10:00 Uhr,PBC Reutlingen 2,Tübinger BC 2,0:0,Runde 1,2,8-Ball,Freilos,Freilos,0:0,0,0,,,,,,,,http://bvbw.billardarea.de/cms_leagues/matchday/318268
2019/2020,Bezirksliga Ost,1,,17.11.2019,10:00 Uhr,PBC Reutlingen 2,Tübinger BC 2,0:0,Runde 1,3,9-Ball,Freilos,Freilos,0:0,0,0,,,,,,,,http://bvbw.billardarea.de/cms_leagues/matchday/318268
2019/2020,Bezirksliga Ost,1,,17.11.2019,10:00 Uhr,PBC Reutlingen 2,Tübinger BC 2,0:0,Runde 1,4,10-Ball,Freilos,Freilos,0:0,0,0,,,,,,,,http://bvbw.billardarea.de/cms_leagues/matchday/318268
2019/2020,Bezirksliga Ost,1,,17.11.2019,10:00 Uhr,PBC Reutlingen 2,Tübinger BC 2,0:0,Runde 2,5,14/1e,Freilos,Freilos,0:0,0,0,,,,0:0,0/0,0/0,,http://bvbw.billardarea.de/cms_leagues/matchday/318268
2019/2020,Bezirksliga Ost,1,,17.11.2019,10:00 Uhr,PBC Reutlingen 2,Tübinger BC 2,0:0,Runde 2,6,8-Ball,Freilos,Freilos,0:0,0,0,,,,,,,,http://bvbw.billardarea.de/cms_leagues/matchday/318268
2019/2020,Bezirksliga Ost,1,,17.11.2019,10:00 Uhr,PBC Reutlingen 2,Tübinger BC 2,0:0,Runde 2,7,9-Ball,Freilos,Freilos,0:0,0,0,,,,,,,,http://bvbw.billardarea.de/cms_leagues/matchday/318268
2019/2020,Bezirksliga Ost,1,,17.11.2019,10:00 Uhr,PBC Reutlingen 2,Tübinger BC 2,0:0,Runde 2,8,10-Ball,Freilos,Freilos,0:0,0,0,,,,,,,,http://bvbw.billardarea.de/cms_leagues/matchday/318268
2019/2020,Bezirksliga Ost,1,,17.11.2019,12:30 Uhr,Tübinger BC,BBC Plochingen,0:0,Runde 1,1,14/1e,Freilos,Freilos,0:0,0,0,,,,0:0,0/0,0/0,,http://bvbw.billardarea.de/cms_leagues/matchday/318269
2019/2020,Bezirksliga Ost,1,,17.11.2019,12:30 Uhr,Tübinger BC,BBC Plochingen,0:0,Runde 1,2,8-Ball,Freilos,Freilos,0:0,0,0,,,,,,,,http://bvbw.billardarea.de/cms_leagues/matchday/318269
2019/2020,Bezirksliga Ost,1,,17.11.2019,12:30 Uhr,Tübinger BC,BBC Plochingen,0:0,Runde 1,3,9-Ball,Freilos,Freilos,0:0,0,0,,,,,,,,http://bvbw.billardarea.de/cms_leagues/matchday/318269
2019/2020,Bezirksliga Ost,1,,17.11.2019,12:30 Uhr,Tübinger BC,BBC Plochingen,0:0,Runde 1,4,10-Ball,Freilos,Freilos,0:0,0,0,,,,,,,,http://bvbw.billardarea.de/cms_leagues/matchday/318269
2019/2020,Bezirksliga Ost,1,,17.11.2019,12:30 Uhr,Tübinger BC,BBC Plochingen,0:0,Runde 2,5,14/1e,Freilos,Freilos,0:0,0,0,,,,0:0,0/0,0/0,,http://bvbw.billardarea.de/cms_leagues/matchday/318269
2019/2020,Bezirksliga Ost,1,,17.11.2019,12:30 Uhr,Tübinger BC,BBC Plochingen,0:0,Runde 2,6,8-Ball,Freilos,Freilos,0:0,0,0,,,,,,,,http://bvbw.billardarea.de/cms_leagues/matchday/318269
2019/2020,Bezirksliga Ost,1,,17.11.2019,12:30 Uhr,Tübinger BC,BBC Plochingen,0:0,Runde 2,7,9-Ball,Freilos,Freilos,0:0,0,0,,,,,,,,http://bvbw.billardarea.de/cms_leagues/matchday/318269
2019/2020,Bezirksliga Ost,1,,17.11.2019,12:30 Uhr,Tübinger BC,BBC Plochingen,0:0,Runde 2,8,10-Ball,Freilos,Freilos,0:0,0,0,,,,,,,,http://bvbw.billardarea.de/cms_leagues/matchday/318269
2019/2020,Bezirksliga Ost,1,,24.11.2019,12:30 Uhr,Tübinger BC 2,BBC Plochingen,0:0,Runde 1,1,14/1e,Freilos,Freilos,0:0,0,0,,,,0:0,0/0,0/0,,http://bvbw.billardarea.de/cms_leagues/matchday/318272
2019/2020,Bezirksliga Ost,1,,24.11.2019,12:30 Uhr,Tübinger BC 2,BBC Plochingen,0:0,Runde 1,2,8-Ball,Freilos,Freilos,0:0,0,0,,,,,,,,http://bvbw.billardarea.de/cms_leagues/matchday/318272
2019/2020,Bezirksliga Ost,1,,24.11.2019,12:30 Uhr,Tübinger BC 2,BBC Plochingen,0:0,Runde 1,3,9-Ball,Freilos,Freilos,0:0,0,0,,,,,,,,http://bvbw.billardarea.de/cms_leagues/matchday/318272
2019/2020,Bezirksliga Ost,1,,24.11.2019,12:30 Uhr,Tübinger BC 2,BBC Plochingen,0:0,Runde 1,4,10-Ball,Freilos,Freilos,0:0,0,0,,,,,,,,http://bvbw.billardarea.de/cms_leagues/matchday/318272
2019/2020,Bezirksliga Ost,1,,24.11.2019,12:30 Uhr,Tübinger BC 2,BBC Plochingen,0:0,Runde 2,5,14/1e,Freilos,Freilos,0:0,0,0,,,,0:0,0/0,0/0,,http://bvbw.billardarea.de/cms_leagues/matchday/318272
2019/2020,Bezirksliga Ost,1,,24.11.2019,12:30 Uhr,Tübinger BC 2,BBC Plochingen,0:0,Runde 2,6,8-Ball,Freilos,Freilos,0:0,0,0,,,,,,,,http://bvbw.billardarea.de/cms_leagues/matchday/318272
2019/2020,Bezirksliga Ost,1,,24.11.2019,12:30 Uhr,Tübinger BC 2,BBC Plochingen,0:0,Runde 2,7,9-Ball,Freilos,Freilos,0:0,0,0,,,,,,,,http://bvbw.billardarea.de/cms_leagues/matchday/318272
2019/2020,Bezirksliga Ost,1,,24.11.2019,12:30 Uhr,Tübinger BC 2,BBC Plochingen,0:0,Runde 2,8,10-Ball,Freilos,Freilos,0:0,0,0,,,,,,,,http://bvbw.billardarea.de/cms_leagues/matchday/318272
2019/2020,Bezirksliga Ost,1,,24.11.2019,10:00 Uhr,PBC Reutlingen 2,Tübinger BC,0:0,Runde 1,1,14/1e,Freilos,Freilos,0:0,0,0,,,,0:0,0/0,0/0,,http://bvbw.billardarea.de/cms_leagues/matchday/318273
2019/2020,Bezirksliga Ost,1,,24.11.2019,10:00 Uhr,PBC Reutlingen 2,Tübinger BC,0:0,Runde 1,2,8-Ball,Freilos,Freilos,0:0,0,0,,,,,,,,http://bvbw.billardarea.de/cms_leagues/matchday/318273
2019/2020,Bezirksliga Ost,1,,24.11.2019,10:00 Uhr,PBC Reutlingen 2,Tübinger BC,0:0,Runde 1,3,9-Ball,Freilos,Freilos,0:0,0,0,,,,,,,,http://bvbw.billardarea.de/cms_leagues/matchday/318273
2019/2020,Bezirksliga Ost,1,,24.11.2019,10:00 Uhr,PBC Reutlingen 2,Tübinger BC,0:0,Runde 1,4,10-Ball,Freilos,Freilos,0:0,0,0,,,,,,,,http://bvbw.billardarea.de/cms_leagues/matchday/318273
2019/2020,Bezirksliga Ost,1,,24.11.2019,10:00 Uhr,PBC Reutlingen 2,Tübinger BC,0:0,Runde 2,5,14/1e,Freilos,Freilos,0:0,0,0,,,,0:0,0/0,0/0,,http://bvbw.billardarea.de/cms_leagues/matchday/318273
2019/2020,Bezirksliga Ost,1,,24.11.2019,10:00 Uhr,PBC Reutlingen 2,Tübinger BC,0:0,Runde 2,6,8-Ball,Freilos,Freilos,0:0,0,0,,,,,,,,http://bvbw.billardarea.de/cms_leagues/matchday/318273
2019/2020,Bezirksliga Ost,1,,24.11.2019,10:00 Uhr,PBC Reutlingen 2,Tübinger BC,0:0,Runde 2,7,9-Ball,Freilos,Freilos,0:0,0,0,,,,,,,,http://bvbw.billardarea.de/cms_leagues/matchday/318273
2019/2020,Bezirksliga Ost,1,,24.11.2019,10:00 Uhr,PBC Reutlingen 2,Tübinger BC,0:0,Runde 2,8,10-Ball,Freilos,Freilos,0:0,0,0,,,,,,,,http://bvbw.billardarea.de/cms_leagues/matchday/318273
2019/2020,Bezirksliga Ost,1,,12.01.2020,14:00 Uhr,BSC Göppingen 2,Tübinger BC 2,3:5,Runde 1,1,14/1e,Silvestar Smokovic,Matthias Ludersdorfer,0:1,0,1,Matthias Ludersdorfer,Silvestar Smokovic,away,69:80,28/28,12/15,,http://bvbw.billardarea.de/cms_leagues/matchday/318276
2019/2020,Bezirksliga Ost,1,,12.01.2020,14:00 Uhr,BSC Göppingen 2,Tübinger BC 2,3:5,Runde 1,2,8-Ball,Thomas  Haas,Wadea Al Mahamid,5:3,1,0,Thomas  Haas,Wadea Al Mahamid,home,,,,,http://bvbw.billardarea.de/cms_leagues/matchday/318276
2019/2020,Bezirksliga Ost,1,,12.01.2020,14:00 Uhr,BSC Göppingen 2,Tübinger BC 2,3:5,Runde 1,3,9-Ball,Sebastiano Ratto,Simon Theodoropoulos,3:7,0,1,Simon Theodoropoulos,Sebastiano Ratto,away,,,,,http://bvbw.billardarea.de/cms_leagues/matchday/318276
2019/2020,Bezirksliga Ost,1,,12.01.2020,14:00 Uhr,BSC Göppingen 2,Tübinger BC 2,3:5,Runde 1,4,10-Ball,Vincenzo Murano,Konrad Bau,5:2,1,0,Vincenzo Murano,Konrad Bau,home,,,,,http://bvbw.billardarea.de/cms_leagues/matchday/318276
2019/2020,Bezirksliga Ost,1,,12.01.2020,14:00 Uhr,BSC Göppingen 2,Tübinger BC 2,3:5,Runde 2,5,14/1e,Sebastiano Ratto,Wadea Al Mahamid,0:1,0,1,Wadea Al Mahamid,Sebastiano Ratto,away,52:80,26/26,13/21,,http://bvbw.billardarea.de/cms_leagues/matchday/318276
2019/2020,Bezirksliga Ost,1,,12.01.2020,14:00 Uhr,BSC Göppingen 2,Tübinger BC 2,3:5,Runde 2,6,8-Ball,Vincenzo Murano,Konrad Bau,5:1,1,0,Vincenzo Murano,Konrad Bau,home,,,,,http://bvbw.billardarea.de/cms_leagues/matchday/318276
2019/2020,Bezirksliga Ost,1,,12.01.2020,14:00 Uhr,BSC Göppingen 2,Tübinger BC 2,3:5,Runde 2,7,9-Ball,Thomas  Haas,Matthias Ludersdorfer,0:7,0,1,Matthias Ludersdorfer,Thomas  Haas,away,,,,,http://bvbw.billardarea.de/cms_leagues/matchday/318276
2019/2020,Bezirksliga Ost,1,,12.01.2020,14:00 Uhr,BSC Göppingen 2,Tübinger BC 2,3:5,Runde 2,8,10-Ball,Silvestar Smokovic,Simon Theodoropoulos,4:5,0,1,Simon Theodoropoulos,Silvestar Smokovic,away,,,,,http://bvbw.billardarea.de/cms_leagues/matchday/318276
2019/2020,Bezirksliga Ost,1,,12.01.2020,12:30 Uhr,Tübinger BC,BSV Filderstadt 4,0:0,Runde 1,1,14/1e,Freilos,Freilos,0:0,0,0,,,,0:0,0/0,0/0,,http://bvbw.billardarea.de/cms_leagues/matchday/318277
2019/2020,Bezirksliga Ost,1,,12.01.2020,12:30 Uhr,Tübinger BC,BSV Filderstadt 4,0:0,Runde 1,2,8-Ball,Freilos,Freilos,0:0,0,0,,,,,,,,http://bvbw.billardarea.de/cms_leagues/matchday/318277
2019/2020,Bezirksliga Ost,1,,12.01.2020,12:30 Uhr,Tübinger BC,BSV Filderstadt 4,0:0,Runde 1,3,9-Ball,Freilos,Freilos,0:0,0,0,,,,,,,,http://bvbw.billardarea.de/cms_leagues/matchday/318277
2019/2020,Bezirksliga Ost,1,,12.01.2020,12:30 Uhr,Tübinger BC,BSV Filderstadt 4,0:0,Runde 1,4,10-Ball,Freilos,Freilos,0:0,0,0,,,,,,,,http://bvbw.billardarea.de/cms_leagues/matchday/318277
2019/2020,Bezirksliga Ost,1,,12.01.2020,12:30 Uhr,Tübinger BC,BSV Filderstadt 4,0:0,Runde 2,5,14/1e,Freilos,Freilos,0:0,0,0,,,,0:0,0/0,0/0,,http://bvbw.billardarea.de/cms_leagues/matchday/318277
2019/2020,Bezirksliga Ost,1,,12.01.2020,12:30 Uhr,Tübinger BC,BSV Filderstadt 4,0:0,Runde 2,6,8-Ball,Freilos,Freilos,0:0,0,0,,,,,,,,http://bvbw.billardarea.de/cms_leagues/matchday/318277
2019/2020,Bezirksliga Ost,1,,12.01.2020,12:30 Uhr,Tübinger BC,BSV Filderstadt 4,0:0,Runde 2,7,9-Ball,Freilos,Freilos,0:0,0,0,,,,,,,,http://bvbw.billardarea.de/cms_leagues/matchday/318277
2019/2020,Bezirksliga Ost,1,,12.01.2020,12:30 Uhr,Tübinger BC,BSV Filderstadt 4,0:0,Runde 2,8,10-Ball,Freilos,Freilos,0:0,0,0,,,,,,,,http://bvbw.billardarea.de/cms_leagues/matchday/318277
2019/2020,Bezirksliga Ost,1,,26.01.2020,12:30 Uhr,Tübinger BC 2,BSV Filderstadt 4,0:0,Runde 1,1,14/1e,Freilos,Freilos,0:0,0,0,,,,0:0,0/0,0/0,,http://bvbw.billardarea.de/cms_leagues/matchday/318280
2019/2020,Bezirksliga Ost,1,,26.01.2020,12:30 Uhr,Tübinger BC 2,BSV Filderstadt 4,0:0,Runde 1,2,8-Ball,Freilos,Freilos,0:0,0,0,,,,,,,,http://bvbw.billardarea.de/cms_leagues/matchday/318280
2019/2020,Bezirksliga Ost,1,,26.01.2020,12:30 Uhr,Tübinger BC 2,BSV Filderstadt 4,0:0,Runde 1,3,9-Ball,Freilos,Freilos,0:0,0,0,,,,,,,,http://bvbw.billardarea.de/cms_leagues/matchday/318280
2019/2020,Bezirksliga Ost,1,,26.01.2020,12:30 Uhr,Tübinger BC 2,BSV Filderstadt 4,0:0,Runde 1,4,10-Ball,Freilos,Freilos,0:0,0,0,,,,,,,,http://bvbw.billardarea.de/cms_leagues/matchday/318280
2019/2020,Bezirksliga Ost,1,,26.01.2020,12:30 Uhr,Tübinger BC 2,BSV Filderstadt 4,0:0,Runde 2,5,14/1e,Freilos,Freilos,0:0,0,0,,,,0:0,0/0,0/0,,http://bvbw.billardarea.de/cms_leagues/matchday/318280
2019/2020,Bezirksliga Ost,1,,26.01.2020,12:30 Uhr,Tübinger BC 2,BSV Filderstadt 4,0:0,Runde 2,6,8-Ball,Freilos,Freilos,0:0,0,0,,,,,,,,http://bvbw.billardarea.de/cms_leagues/matchday/318280
2019/2020,Bezirksliga Ost,1,,26.01.2020,12:30 Uhr,Tübinger BC 2,BSV Filderstadt 4,0:0,Runde 2,7,9-Ball,Freilos,Freilos,0:0,0,0,,,,,,,,http://bvbw.billardarea.de/cms_leagues/matchday/318280
2019/2020,Bezirksliga Ost,1,,26.01.2020,12:30 Uhr,Tübinger BC 2,BSV Filderstadt 4,0:0,Runde 2,8,10-Ball,Freilos,Freilos,0:0,0,0,,,,,,,,http://bvbw.billardarea.de/cms_leagues/matchday/318280
2019/2020,Bezirksliga Ost,1,,26.01.2020,14:00 Uhr,BSC Göppingen 2,Tübinger BC,0:0,Runde 1,1,14/1e,Freilos,Freilos,0:0,0,0,,,,0:0,0/0,0/0,,http://bvbw.billardarea.de/cms_leagues/matchday/318281
2019/2020,Bezirksliga Ost,1,,26.01.2020,14:00 Uhr,BSC Göppingen 2,Tübinger BC,0:0,Runde 1,2,8-Ball,Freilos,Freilos,0:0,0,0,,,,,,,,http://bvbw.billardarea.de/cms_leagues/matchday/318281
2019/2020,Bezirksliga Ost,1,,26.01.2020,14:00 Uhr,BSC Göppingen 2,Tübinger BC,0:0,Runde 1,3,9-Ball,Freilos,Freilos,0:0,0,0,,,,,,,,http://bvbw.billardarea.de/cms_leagues/matchday/318281
2019/2020,Bezirksliga Ost,1,,26.01.2020,14:00 Uhr,BSC Göppingen 2,Tübinger BC,0:0,Runde 1,4,10-Ball,Freilos,Freilos,0:0,0,0,,,,,,,,http://bvbw.billardarea.de/cms_leagues/matchday/318281
2019/2020,Bezirksliga Ost,1,,26.01.2020,14:00 Uhr,BSC Göppingen 2,Tübinger BC,0:0,Runde 2,5,14/1e,Freilos,Freilos,0:0,0,0,,,,0:0,0/0,0/0,,http://bvbw.billardarea.de/cms_leagues/matchday/318281
2019/2020,Bezirksliga Ost,1,,26.01.2020,14:00 Uhr,BSC Göppingen 2,Tübinger BC,0:0,Runde 2,6,8-Ball,Freilos,Freilos,0:0,0,0,,,,,,,,http://bvbw.billardarea.de/cms_leagues/matchday/318281
2019/2020,Bezirksliga Ost,1,,26.01.2020,14:00 Uhr,BSC Göppingen 2,Tübinger BC,0:0,Runde 2,7,9-Ball,Freilos,Freilos,0:0,0,0,,,,,,,,http://bvbw.billardarea.de/cms_leagues/matchday/318281
2019/2020,Bezirksliga Ost,1,,26.01.2020,14:00 Uhr,BSC Göppingen 2,Tübinger BC,0:0,Runde 2,8,10-Ball,Freilos,Freilos,0:0,0,0,,,,,,,,http://bvbw.billardarea.de/cms_leagues/matchday/318281
2019/2020,Bezirksliga Ost,1,,09.02.2020,12:30 Uhr,Tübinger BC,Tübinger BC 2,2:6,Runde 1,1,14/1e,Dennis Göricke,Matthias Ludersdorfer,0:1,0,1,Matthias Ludersdorfer,Dennis Göricke,away,21:80,14/14,9/15,,http://bvbw.billardarea.de/cms_leagues/matchday/318284
2019/2020,Bezirksliga Ost,1,,09.02.2020,12:30 Uhr,Tübinger BC,Tübinger BC 2,2:6,Runde 1,2,8-Ball,Goran Antunovic,Wadea Al Mahamid,5:3,1,0,Goran Antunovic,Wadea Al Mahamid,home,,,,,http://bvbw.billardarea.de/cms_leagues/matchday/318284
2019/2020,Bezirksliga Ost,1,,09.02.2020,12:30 Uhr,Tübinger BC,Tübinger BC 2,2:6,Runde 1,3,9-Ball,Christoph Jung,Uwe Cordes,7:3,1,0,Christoph Jung,Uwe Cordes,home,,,,,http://bvbw.billardarea.de/cms_leagues/matchday/318284
2019/2020,Bezirksliga Ost,1,,09.02.2020,12:30 Uhr,Tübinger BC,Tübinger BC 2,2:6,Runde 1,4,10-Ball,Jonas Entenmann,Konrad Bau,2:5,0,1,Konrad Bau,Jonas Entenmann,away,,,,,http://bvbw.billardarea.de/cms_leagues/matchday/318284
2019/2020,Bezirksliga Ost,1,,09.02.2020,12:30 Uhr,Tübinger BC,Tübinger BC 2,2:6,Runde 2,5,14/1e,Jonas Entenmann,Wadea Al Mahamid,0:1,0,1,Wadea Al Mahamid,Jonas Entenmann,away,59:80,32/32,14/10,,http://bvbw.billardarea.de/cms_leagues/matchday/318284
2019/2020,Bezirksliga Ost,1,,09.02.2020,12:30 Uhr,Tübinger BC,Tübinger BC 2,2:6,Runde 2,6,8-Ball,Dennis Göricke,Konrad Bau,2:5,0,1,Konrad Bau,Dennis Göricke,away,,,,,http://bvbw.billardarea.de/cms_leagues/matchday/318284
2019/2020,Bezirksliga Ost,1,,09.02.2020,12:30 Uhr,Tübinger BC,Tübinger BC 2,2:6,Runde 2,7,9-Ball,Goran Antunovic,Johannes Lange,6:7,0,1,Johannes Lange,Goran Antunovic,away,,,,,http://bvbw.billardarea.de/cms_leagues/matchday/318284
2019/2020,Bezirksliga Ost,1,,09.02.2020,12:30 Uhr,Tübinger BC,Tübinger BC 2,2:6,Runde 2,8,10-Ball,Christoph Jung,Matthias Ludersdorfer,1:5,0,1,Matthias Ludersdorfer,Christoph Jung,away,,,,,http://bvbw.billardarea.de/cms_leagues/matchday/318284
2019/2020,Bezirksliga Ost,1,,01.03.2020,12:30 Uhr,Tübinger BC 2,BSV Pfullingen 4,6:2,Runde 1,1,14/1e,Matthias Ludersdorfer,Michael Martini,1:0,1,0,Matthias Ludersdorfer,Michael Martini,home,80:27,20/20,13/5,,http://bvbw.billardarea.de/cms_leagues/matchday/318288
2019/2020,Bezirksliga Ost,1,,01.03.2020,12:30 Uhr,Tübinger BC 2,BSV Pfullingen 4,6:2,Runde 1,2,8-Ball,Konrad Bau,Marco Bunke,5:1,1,0,Konrad Bau,Marco Bunke,home,,,,,http://bvbw.billardarea.de/cms_leagues/matchday/318288
2019/2020,Bezirksliga Ost,1,,01.03.2020,12:30 Uhr,Tübinger BC 2,BSV Pfullingen 4,6:2,Runde 1,3,9-Ball,Johannes Lange,Michael Grad,0:7,0,1,Michael Grad,Johannes Lange,away,,,,,http://bvbw.billardarea.de/cms_leagues/matchday/318288
2019/2020,Bezirksliga Ost,1,,01.03.2020,12:30 Uhr,Tübinger BC 2,BSV Pfullingen 4,6:2,Runde 1,4,10-Ball,Wadea Al Mahamid,Sebastian Oswald,5:3,1,0,Wadea Al Mahamid,Sebastian Oswald,home,,,,,http://bvbw.billardarea.de/cms_leagues/matchday/318288
2019/2020,Bezirksliga Ost,1,,01.03.2020,12:30 Uhr,Tübinger BC 2,BSV Pfullingen 4,6:2,Runde 2,5,14/1e,Wadea Al Mahamid,Michael Grad,1:0,1,0,Wadea Al Mahamid,Michael Grad,home,80:47,19/19,14/7,,http://bvbw.billardarea.de/cms_leagues/matchday/318288
2019/2020,Bezirksliga Ost,1,,01.03.2020,12:30 Uhr,Tübinger BC 2,BSV Pfullingen 4,6:2,Runde 2,6,8-Ball,Johannes Lange,Sebastian Oswald,2:5,0,1,Sebastian Oswald,Johannes Lange,away,,,,,http://bvbw.billardarea.de/cms_leagues/matchday/318288
2019/2020,Bezirksliga Ost,1,,01.03.2020,12:30 Uhr,Tübinger BC 2,BSV Pfullingen 4,6:2,Runde 2,7,9-Ball,Konrad Bau,Marco Bunke,7:4,1,0,Konrad Bau,Marco Bunke,home,,,,,http://bvbw.billardarea.de/cms_leagues/matchday/318288
2019/2020,Bezirksliga Ost,1,,01.03.2020,12:30 Uhr,Tübinger BC 2,BSV Pfullingen 4,6:2,Runde 2,8,10-Ball,Matthias Ludersdorfer,Michael Martini,5:1,1,0,Matthias Ludersdorfer,Michael Martini,home,,,,,http://bvbw.billardarea.de/cms_leagues/matchday/318288
2019/2020,Bezirksliga Ost,1,,01.03.2020,12:30 Uhr,BSV Pfullingen 3,Tübinger BC,0:0,Runde 1,1,14/1e,Freilos,Freilos,0:0,0,0,,,,0:0,0/0,0/0,,http://bvbw.billardarea.de/cms_leagues/matchday/318289
2019/2020,Bezirksliga Ost,1,,01.03.2020,12:30 Uhr,BSV Pfullingen 3,Tübinger BC,0:0,Runde 1,2,8-Ball,Freilos,Freilos,0:0,0,0,,,,,,,,http://bvbw.billardarea.de/cms_leagues/matchday/318289
2019/2020,Bezirksliga Ost,1,,01.03.2020,12:30 Uhr,BSV Pfullingen 3,Tübinger BC,0:0,Runde 1,3,9-Ball,Freilos,Freilos,0:0,0,0,,,,,,,,http://bvbw.billardarea.de/cms_leagues/matchday/318289
2019/2020,Bezirksliga Ost,1,,01.03.2020,12:30 Uhr,BSV Pfullingen 3,Tübinger BC,0:0,Runde 1,4,10-Ball,Freilos,Freilos,0:0,0,0,,,,,,,,http://bvbw.billardarea.de/cms_leagues/matchday/318289
2019/2020,Bezirksliga Ost,1,,01.03.2020,12:30 Uhr,BSV Pfullingen 3,Tübinger BC,0:0,Runde 2,5,14/1e,Freilos,Freilos,0:0,0,0,,,,0:0,0/0,0/0,,http://bvbw.billardarea.de/cms_leagues/matchday/318289
2019/2020,Bezirksliga Ost,1,,01.03.2020,12:30 Uhr,BSV Pfullingen 3,Tübinger BC,0:0,Runde 2,6,8-Ball,Freilos,Freilos,0:0,0,0,,,,,,,,http://bvbw.billardarea.de/cms_leagues/matchday/318289
2019/2020,Bezirksliga Ost,1,,01.03.2020,12:30 Uhr,BSV Pfullingen 3,Tübinger BC,0:0,Runde 2,7,9-Ball,Freilos,Freilos,0:0,0,0,,,,,,,,http://bvbw.billardarea.de/cms_leagues/matchday/318289
2019/2020,Bezirksliga Ost,1,,01.03.2020,12:30 Uhr,BSV Pfullingen 3,Tübinger BC,0:0,Runde 2,8,10-Ball,Freilos,Freilos,0:0,0,0,,,,,,,,http://bvbw.billardarea.de/cms_leagues/matchday/318289
2019/2020,Bezirksliga Ost,1,,15.03.2020,12:30 Uhr,BSV Pfullingen 3,Tübinger BC 2,0:0,Runde 1,1,14/1e,Freilos,Freilos,0:0,0,0,,,,0:0,0/0,0/0,,http://bvbw.billardarea.de/cms_leagues/matchday/318292
2019/2020,Bezirksliga Ost,1,,15.03.2020,12:30 Uhr,BSV Pfullingen 3,Tübinger BC 2,0:0,Runde 1,2,8-Ball,Freilos,Freilos,0:0,0,0,,,,,,,,http://bvbw.billardarea.de/cms_leagues/matchday/318292
2019/2020,Bezirksliga Ost,1,,15.03.2020,12:30 Uhr,BSV Pfullingen 3,Tübinger BC 2,0:0,Runde 1,3,9-Ball,Freilos,Freilos,0:0,0,0,,,,,,,,http://bvbw.billardarea.de/cms_leagues/matchday/318292
2019/2020,Bezirksliga Ost,1,,15.03.2020,12:30 Uhr,BSV Pfullingen 3,Tübinger BC 2,0:0,Runde 1,4,10-Ball,Freilos,Freilos,0:0,0,0,,,,,,,,http://bvbw.billardarea.de/cms_leagues/matchday/318292
2019/2020,Bezirksliga Ost,1,,15.03.2020,12:30 Uhr,BSV Pfullingen 3,Tübinger BC 2,0:0,Runde 2,5,14/1e,Freilos,Freilos,0:0,0,0,,,,0:0,0/0,0/0,,http://bvbw.billardarea.de/cms_leagues/matchday/318292
2019/2020,Bezirksliga Ost,1,,15.03.2020,12:30 Uhr,BSV Pfullingen 3,Tübinger BC 2,0:0,Runde 2,6,8-Ball,Freilos,Freilos,0:0,0,0,,,,,,,,http://bvbw.billardarea.de/cms_leagues/matchday/318292
2019/2020,Bezirksliga Ost,1,,15.03.2020,12:30 Uhr,BSV Pfullingen 3,Tübinger BC 2,0:0,Runde 2,7,9-Ball,Freilos,Freilos,0:0,0,0,,,,,,,,http://bvbw.billardarea.de/cms_leagues/matchday/318292
2019/2020,Bezirksliga Ost,1,,15.03.2020,12:30 Uhr,BSV Pfullingen 3,Tübinger BC 2,0:0,Runde 2,8,10-Ball,Freilos,Freilos,0:0,0,0,,,,,,,,http://bvbw.billardarea.de/cms_leagues/matchday/318292
2019/2020,Bezirksliga Ost,1,,15.03.2020,12:30 Uhr,Tübinger BC,BSV Pfullingen 4,0:0,Runde 1,1,14/1e,Freilos,Freilos,0:0,0,0,,,,0:0,0/0,0/0,,http://bvbw.billardarea.de/cms_leagues/matchday/318293
2019/2020,Bezirksliga Ost,1,,15.03.2020,12:30 Uhr,Tübinger BC,BSV Pfullingen 4,0:0,Runde 1,2,8-Ball,Freilos,Freilos,0:0,0,0,,,,,,,,http://bvbw.billardarea.de/cms_leagues/matchday/318293
2019/2020,Bezirksliga Ost,1,,15.03.2020,12:30 Uhr,Tübinger BC,BSV Pfullingen 4,0:0,Runde 1,3,9-Ball,Freilos,Freilos,0:0,0,0,,,,,,,,http://bvbw.billardarea.de/cms_leagues/matchday/318293
2019/2020,Bezirksliga Ost,1,,15.03.2020,12:30 Uhr,Tübinger BC,BSV Pfullingen 4,0:0,Runde 1,4,10-Ball,Freilos,Freilos,0:0,0,0,,,,,,,,http://bvbw.billardarea.de/cms_leagues/matchday/318293
2019/2020,Bezirksliga Ost,1,,15.03.2020,12:30 Uhr,Tübinger BC,BSV Pfullingen 4,0:0,Runde 2,5,14/1e,Freilos,Freilos,0:0,0,0,,,,0:0,0/0,0/0,,http://bvbw.billardarea.de/cms_leagues/matchday/318293
2019/2020,Bezirksliga Ost,1,,15.03.2020,12:30 Uhr,Tübinger BC,BSV Pfullingen 4,0:0,Runde 2,6,8-Ball,Freilos,Freilos,0:0,0,0,,,,,,,,http://bvbw.billardarea.de/cms_leagues/matchday/318293
2019/2020,Bezirksliga Ost,1,,15.03.2020,12:30 Uhr,Tübinger BC,BSV Pfullingen 4,0:0,Runde 2,7,9-Ball,Freilos,Freilos,0:0,0,0,,,,,,,,http://bvbw.billardarea.de/cms_leagues/matchday/318293
2019/2020,Bezirksliga Ost,1,,15.03.2020,12:30 Uhr,Tübinger BC,BSV Pfullingen 4,0:0,Runde 2,8,10-Ball,Freilos,Freilos,0:0,0,0,,,,,,,,http://bvbw.billardarea.de/cms_leagues/matchday/318293
2019/2020,Bezirksliga Ost,1,,29.03.2020,12:30 Uhr,Tübinger BC 2,PBC Reutlingen 2,0:0,Runde 1,1,14/1e,Freilos,Freilos,0:0,0,0,,,,0:0,0/0,0/0,,http://bvbw.billardarea.de/cms_leagues/matchday/318296
2019/2020,Bezirksliga Ost,1,,29.03.2020,12:30 Uhr,Tübinger BC 2,PBC Reutlingen 2,0:0,Runde 1,2,8-Ball,Freilos,Freilos,0:0,0,0,,,,,,,,http://bvbw.billardarea.de/cms_leagues/matchday/318296
2019/2020,Bezirksliga Ost,1,,29.03.2020,12:30 Uhr,Tübinger BC 2,PBC Reutlingen 2,0:0,Runde 1,3,9-Ball,Freilos,Freilos,0:0,0,0,,,,,,,,http://bvbw.billardarea.de/cms_leagues/matchday/318296
2019/2020,Bezirksliga Ost,1,,29.03.2020,12:30 Uhr,Tübinger BC 2,PBC Reutlingen 2,0:0,Runde 1,4,10-Ball,Freilos,Freilos,0:0,0,0,,,,,,,,http://bvbw.billardarea.de/cms_leagues/matchday/318296
2019/2020,Bezirksliga Ost,1,,29.03.2020,12:30 Uhr,Tübinger BC 2,PBC Reutlingen 2,0:0,Runde 2,5,14/1e,Freilos,Freilos,0:0,0,0,,,,0:0,0/0,0/0,,http://bvbw.billardarea.de/cms_leagues/matchday/318296
2019/2020,Bezirksliga Ost,1,,29.03.2020,12:30 Uhr,Tübinger BC 2,PBC Reutlingen 2,0:0,Runde 2,6,8-Ball,Freilos,Freilos,0:0,0,0,,,,,,,,http://bvbw.billardarea.de/cms_leagues/matchday/318296
2019/2020,Bezirksliga Ost,1,,29.03.2020,12:30 Uhr,Tübinger BC 2,PBC Reutlingen 2,0:0,Runde 2,7,9-Ball,Freilos,Freilos,0:0,0,0,,,,,,,,http://bvbw.billardarea.de/cms_leagues/matchday/318296
2019/2020,Bezirksliga Ost,1,,29.03.2020,12:30 Uhr,Tübinger BC 2,PBC Reutlingen 2,0:0,Runde 2,8,10-Ball,Freilos,Freilos,0:0,0,0,,,,,,,,http://bvbw.billardarea.de/cms_leagues/matchday/318296
2019/2020,Bezirksliga Ost,1,,29.03.2020,14:00 Uhr,BBC Plochingen,Tübinger BC,0:0,Runde 1,1,14/1e,Freilos,Freilos,0:0,0,0,,,,0:0,0/0,0/0,,http://bvbw.billardarea.de/cms_leagues/matchday/318297
2019/2020,Bezirksliga Ost,1,,29.03.2020,14:00 Uhr,BBC Plochingen,Tübinger BC,0:0,Runde 1,2,8-Ball,Freilos,Freilos,0:0,0,0,,,,,,,,http://bvbw.billardarea.de/cms_leagues/matchday/318297
2019/2020,Bezirksliga Ost,1,,29.03.2020,14:00 Uhr,BBC Plochingen,Tübinger BC,0:0,Runde 1,3,9-Ball,Freilos,Freilos,0:0,0,0,,,,,,,,http://bvbw.billardarea.de/cms_leagues/matchday/318297
2019/2020,Bezirksliga Ost,1,,29.03.2020,14:00 Uhr,BBC Plochingen,Tübinger BC,0:0,Runde 1,4,10-Ball,Freilos,Freilos,0:0,0,0,,,,,,,,http://bvbw.billardarea.de/cms_leagues/matchday/318297
2019/2020,Bezirksliga Ost,1,,29.03.2020,14:00 Uhr,BBC Plochingen,Tübinger BC,0:0,Runde 2,5,14/1e,Freilos,Freilos,0:0,0,0,,,,0:0,0/0,0/0,,http://bvbw.billardarea.de/cms_leagues/matchday/318297
2019/2020,Bezirksliga Ost,1,,29.03.2020,14:00 Uhr,BBC Plochingen,Tübinger BC,0:0,Runde 2,6,8-Ball,Freilos,Freilos,0:0,0,0,,,,,,,,http://bvbw.billardarea.de/cms_leagues/matchday/318297
2019/2020,Bezirksliga Ost,1,,29.03.2020,14:00 Uhr,BBC Plochingen,Tübinger BC,0:0,Runde 2,7,9-Ball,Freilos,Freilos,0:0,0,0,,,,,,,,http://bvbw.billardarea.de/cms_leagues/matchday/318297
2019/2020,Bezirksliga Ost,1,,29.03.2020,14:00 Uhr,BBC Plochingen,Tübinger BC,0:0,Runde 2,8,10-Ball,Freilos,Freilos,0:0,0,0,,,,,,,,http://bvbw.billardarea.de/cms_leagues/matchday/318297
2019/2020,Bezirksliga Ost,1,,19.04.2020,12:30 Uhr,BBC Plochingen,Tübinger BC 2,0:0,Runde 1,1,14/1e,Freilos,Freilos,0:0,0,0,,,,0:0,0/0,0/0,,http://bvbw.billardarea.de/cms_leagues/matchday/318300
2019/2020,Bezirksliga Ost,1,,19.04.2020,12:30 Uhr,BBC Plochingen,Tübinger BC 2,0:0,Runde 1,2,8-Ball,Freilos,Freilos,0:0,0,0,,,,,,,,http://bvbw.billardarea.de/cms_leagues/matchday/318300
2019/2020,Bezirksliga Ost,1,,19.04.2020,12:30 Uhr,BBC Plochingen,Tübinger BC 2,0:0,Runde 1,3,9-Ball,Freilos,Freilos,0:0,0,0,,,,,,,,http://bvbw.billardarea.de/cms_leagues/matchday/318300
2019/2020,Bezirksliga Ost,1,,19.04.2020,12:30 Uhr,BBC Plochingen,Tübinger BC 2,0:0,Runde 1,4,10-Ball,Freilos,Freilos,0:0,0,0,,,,,,,,http://bvbw.billardarea.de/cms_leagues/matchday/318300
2019/2020,Bezirksliga Ost,1,,19.04.2020,12:30 Uhr,BBC Plochingen,Tübinger BC 2,0:0,Runde 2,5,14/1e,Freilos,Freilos,0:0,0,0,,,,0:0,0/0,0/0,,http://bvbw.billardarea.de/cms_leagues/matchday/318300
2019/2020,Bezirksliga Ost,1,,19.04.2020,12:30 Uhr,BBC Plochingen,Tübinger BC 2,0:0,Runde 2,6,8-Ball,Freilos,Freilos,0:0,0,0,,,,,,,,http://bvbw.billardarea.de/cms_leagues/matchday/318300
2019/2020,Bezirksliga Ost,1,,19.04.2020,12:30 Uhr,BBC Plochingen,Tübinger BC 2,0:0,Runde 2,7,9-Ball,Freilos,Freilos,0:0,0,0,,,,,,,,http://bvbw.billardarea.de/cms_leagues/matchday/318300
2019/2020,Bezirksliga Ost,1,,19.04.2020,12:30 Uhr,BBC Plochingen,Tübinger BC 2,0:0,Runde 2,8,10-Ball,Freilos,Freilos,0:0,0,0,,,,,,,,http://bvbw.billardarea.de/cms_leagues/matchday/318300
2019/2020,Bezirksliga Ost,1,,19.04.2020,12:30 Uhr,Tübinger BC,PBC Reutlingen 2,0:0,Runde 1,1,14/1e,Freilos,Freilos,0:0,0,0,,,,0:0,0/0,0/0,,http://bvbw.billardarea.de/cms_leagues/matchday/318301
2019/2020,Bezirksliga Ost,1,,19.04.2020,12:30 Uhr,Tübinger BC,PBC Reutlingen 2,0:0,Runde 1,2,8-Ball,Freilos,Freilos,0:0,0,0,,,,,,,,http://bvbw.billardarea.de/cms_leagues/matchday/318301
2019/2020,Bezirksliga Ost,1,,19.04.2020,12:30 Uhr,Tübinger BC,PBC Reutlingen 2,0:0,Runde 1,3,9-Ball,Freilos,Freilos,0:0,0,0,,,,,,,,http://bvbw.billardarea.de/cms_leagues/matchday/318301
2019/2020,Bezirksliga Ost,1,,19.04.2020,12:30 Uhr,Tübinger BC,PBC Reutlingen 2,0:0,Runde 1,4,10-Ball,Freilos,Freilos,0:0,0,0,,,,,,,,http://bvbw.billardarea.de/cms_leagues/matchday/318301
2019/2020,Bezirksliga Ost,1,,19.04.2020,12:30 Uhr,Tübinger BC,PBC Reutlingen 2,0:0,Runde 2,5,14/1e,Freilos,Freilos,0:0,0,0,,,,0:0,0/0,0/0,,http://bvbw.billardarea.de/cms_leagues/matchday/318301
2019/2020,Bezirksliga Ost,1,,19.04.2020,12:30 Uhr,Tübinger BC,PBC Reutlingen 2,0:0,Runde 2,6,8-Ball,Freilos,Freilos,0:0,0,0,,,,,,,,http://bvbw.billardarea.de/cms_leagues/matchday/318301
2019/2020,Bezirksliga Ost,1,,19.04.2020,12:30 Uhr,Tübinger BC,PBC Reutlingen 2,0:0,Runde 2,7,9-Ball,Freilos,Freilos,0:0,0,0,,,,,,,,http://bvbw.billardarea.de/cms_leagues/matchday/318301
2019/2020,Bezirksliga Ost,1,,19.04.2020,12:30 Uhr,Tübinger BC,PBC Reutlingen 2,0:0,Runde 2,8,10-Ball,Freilos,Freilos,0:0,0,0,,,,,,,,http://bvbw.billardarea.de/cms_leagues/matchday/318301
2019/2020,Bezirksliga Ost,1,,03.05.2020,12:30 Uhr,Tübinger BC 2,BSC Göppingen 2,0:0,Runde 1,1,14/1e,Freilos,Freilos,0:0,0,0,,,,0:0,0/0,0/0,,http://bvbw.billardarea.de/cms_leagues/matchday/318304
2019/2020,Bezirksliga Ost,1,,03.05.2020,12:30 Uhr,Tübinger BC 2,BSC Göppingen 2,0:0,Runde 1,2,8-Ball,Freilos,Freilos,0:0,0,0,,,,,,,,http://bvbw.billardarea.de/cms_leagues/matchday/318304
2019/2020,Bezirksliga Ost,1,,03.05.2020,12:30 Uhr,Tübinger BC 2,BSC Göppingen 2,0:0,Runde 1,3,9-Ball,Freilos,Freilos,0:0,0,0,,,,,,,,http://bvbw.billardarea.de/cms_leagues/matchday/318304
2019/2020,Bezirksliga Ost,1,,03.05.2020,12:30 Uhr,Tübinger BC 2,BSC Göppingen 2,0:0,Runde 1,4,10-Ball,Freilos,Freilos,0:0,0,0,,,,,,,,http://bvbw.billardarea.de/cms_leagues/matchday/318304
2019/2020,Bezirksliga Ost,1,,03.05.2020,12:30 Uhr,Tübinger BC 2,BSC Göppingen 2,0:0,Runde 2,5,14/1e,Freilos,Freilos,0:0,0,0,,,,0:0,0/0,0/0,,http://bvbw.billardarea.de/cms_leagues/matchday/318304
2019/2020,Bezirksliga Ost,1,,03.05.2020,12:30 Uhr,Tübinger BC 2,BSC Göppingen 2,0:0,Runde 2,6,8-Ball,Freilos,Freilos,0:0,0,0,,,,,,,,http://bvbw.billardarea.de/cms_leagues/matchday/318304
2019/2020,Bezirksliga Ost,1,,03.05.2020,12:30 Uhr,Tübinger BC 2,BSC Göppingen 2,0:0,Runde 2,7,9-Ball,Freilos,Freilos,0:0,0,0,,,,,,,,http://bvbw.billardarea.de/cms_leagues/matchday/318304
2019/2020,Bezirksliga Ost,1,,03.05.2020,12:30 Uhr,Tübinger BC 2,BSC Göppingen 2,0:0,Runde 2,8,10-Ball,Freilos,Freilos,0:0,0,0,,,,,,,,http://bvbw.billardarea.de/cms_leagues/matchday/318304
2019/2020,Bezirksliga Ost,1,,03.05.2020,10:00 Uhr,BSV Filderstadt 4,Tübinger BC,0:0,Runde 1,1,14/1e,Freilos,Freilos,0:0,0,0,,,,0:0,0/0,0/0,,http://bvbw.billardarea.de/cms_leagues/matchday/318305
2019/2020,Bezirksliga Ost,1,,03.05.2020,10:00 Uhr,BSV Filderstadt 4,Tübinger BC,0:0,Runde 1,2,8-Ball,Freilos,Freilos,0:0,0,0,,,,,,,,http://bvbw.billardarea.de/cms_leagues/matchday/318305
2019/2020,Bezirksliga Ost,1,,03.05.2020,10:00 Uhr,BSV Filderstadt 4,Tübinger BC,0:0,Runde 1,3,9-Ball,Freilos,Freilos,0:0,0,0,,,,,,,,http://bvbw.billardarea.de/cms_leagues/matchday/318305
2019/2020,Bezirksliga Ost,1,,03.05.2020,10:00 Uhr,BSV Filderstadt 4,Tübinger BC,0:0,Runde 1,4,10-Ball,Freilos,Freilos,0:0,0,0,,,,,,,,http://bvbw.billardarea.de/cms_leagues/matchday/318305
2019/2020,Bezirksliga Ost,1,,03.05.2020,10:00 Uhr,BSV Filderstadt 4,Tübinger BC,0:0,Runde 2,5,14/1e,Freilos,Freilos,0:0,0,0,,,,0:0,0/0,0/0,,http://bvbw.billardarea.de/cms_leagues/matchday/318305
2019/2020,Bezirksliga Ost,1,,03.05.2020,10:00 Uhr,BSV Filderstadt 4,Tübinger BC,0:0,Runde 2,6,8-Ball,Freilos,Freilos,0:0,0,0,,,,,,,,http://bvbw.billardarea.de/cms_leagues/matchday/318305
2019/2020,Bezirksliga Ost,1,,03.05.2020,10:00 Uhr,BSV Filderstadt 4,Tübinger BC,0:0,Runde 2,7,9-Ball,Freilos,Freilos,0:0,0,0,,,,,,,,http://bvbw.billardarea.de/cms_leagues/matchday/318305
2019/2020,Bezirksliga Ost,1,,03.05.2020,10:00 Uhr,BSV Filderstadt 4,Tübinger BC,0:0,Runde 2,8,10-Ball,Freilos,Freilos,0:0,0,0,,,,,,,,http://bvbw.billardarea.de/cms_leagues/matchday/318305
2019/2020,Bezirksliga Ost,1,,17.05.2020,14:00 Uhr,BSV Filderstadt 4,Tübinger BC 2,0:0,Runde 1,1,14/1e,Freilos,Freilos,0:0,0,0,,,,0:0,0/0,0/0,,http://bvbw.billardarea.de/cms_leagues/matchday/318308
2019/2020,Bezirksliga Ost,1,,17.05.2020,14:00 Uhr,BSV Filderstadt 4,Tübinger BC 2,0:0,Runde 1,2,8-Ball,Freilos,Freilos,0:0,0,0,,,,,,,,http://bvbw.billardarea.de/cms_leagues/matchday/318308
2019/2020,Bezirksliga Ost,1,,17.05.2020,14:00 Uhr,BSV Filderstadt 4,Tübinger BC 2,0:0,Runde 1,3,9-Ball,Freilos,Freilos,0:0,0,0,,,,,,,,http://bvbw.billardarea.de/cms_leagues/matchday/318308
2019/2020,Bezirksliga Ost,1,,17.05.2020,14:00 Uhr,BSV Filderstadt 4,Tübinger BC 2,0:0,Runde 1,4,10-Ball,Freilos,Freilos,0:0,0,0,,,,,,,,http://bvbw.billardarea.de/cms_leagues/matchday/318308
2019/2020,Bezirksliga Ost,1,,17.05.2020,14:00 Uhr,BSV Filderstadt 4,Tübinger BC 2,0:0,Runde 2,5,14/1e,Freilos,Freilos,0:0,0,0,,,,0:0,0/0,0/0,,http://bvbw.billardarea.de/cms_leagues/matchday/318308
2019/2020,Bezirksliga Ost,1,,17.05.2020,14:00 Uhr,BSV Filderstadt 4,Tübinger BC 2,0:0,Runde 2,6,8-Ball,Freilos,Freilos,0:0,0,0,,,,,,,,http://bvbw.billardarea.de/cms_leagues/matchday/318308
2019/2020,Bezirksliga Ost,1,,17.05.2020,14:00 Uhr,BSV Filderstadt 4,Tübinger BC 2,0:0,Runde 2,7,9-Ball,Freilos,Freilos,0:0,0,0,,,,,,,,http://bvbw.billardarea.de/cms_leagues/matchday/318308
2019/2020,Bezirksliga Ost,1,,17.05.2020,14:00 Uhr,BSV Filderstadt 4,Tübinger BC 2,0:0,Runde 2,8,10-Ball,Freilos,Freilos,0:0,0,0,,,,,,,,http://bvbw.billardarea.de/cms_leagues/matchday/318308
2019/2020,Bezirksliga Ost,1,,17.05.2020,12:30 Uhr,Tübinger BC,BSC Göppingen 2,0:0,Runde 1,1,14/1e,Freilos,Freilos,0:0,0,0,,,,0:0,0/0,0/0,,http://bvbw.billardarea.de/cms_leagues/matchday/318309
2019/2020,Bezirksliga Ost,1,,17.05.2020,12:30 Uhr,Tübinger BC,BSC Göppingen 2,0:0,Runde 1,2,8-Ball,Freilos,Freilos,0:0,0,0,,,,,,,,http://bvbw.billardarea.de/cms_leagues/matchday/318309
2019/2020,Bezirksliga Ost,1,,17.05.2020,12:30 Uhr,Tübinger BC,BSC Göppingen 2,0:0,Runde 1,3,9-Ball,Freilos,Freilos,0:0,0,0,,,,,,,,http://bvbw.billardarea.de/cms_leagues/matchday/318309
2019/2020,Bezirksliga Ost,1,,17.05.2020,12:30 Uhr,Tübinger BC,BSC Göppingen 2,0:0,Runde 1,4,10-Ball,Freilos,Freilos,0:0,0,0,,,,,,,,http://bvbw.billardarea.de/cms_leagues/matchday/318309
2019/2020,Bezirksliga Ost,1,,17.05.2020,12:30 Uhr,Tübinger BC,BSC Göppingen 2,0:0,Runde 2,5,14/1e,Freilos,Freilos,0:0,0,0,,,,0:0,0/0,0/0,,http://bvbw.billardarea.de/cms_leagues/matchday/318309
2019/2020,Bezirksliga Ost,1,,17.05.2020,12:30 Uhr,Tübinger BC,BSC Göppingen 2,0:0,Runde 2,6,8-Ball,Freilos,Freilos,0:0,0,0,,,,,,,,http://bvbw.billardarea.de/cms_leagues/matchday/318309
2019/2020,Bezirksliga Ost,1,,17.05.2020,12:30 Uhr,Tübinger BC,BSC Göppingen 2,0:0,Runde 2,7,9-Ball,Freilos,Freilos,0:0,0,0,,,,,,,,http://bvbw.billardarea.de/cms_leagues/matchday/318309
2019/2020,Bezirksliga Ost,1,,17.05.2020,12:30 Uhr,Tübinger BC,BSC Göppingen 2,0:0,Runde 2,8,10-Ball,Freilos,Freilos,0:0,0,0,,,,,,,,http://bvbw.billardarea.de/cms_leagues/matchday/318309
2019/2020,Oberliga 3-Band großes Billard,,,14.03.2020,14:00 Uhr,BF Pforzheim,BC Stuttgart 1891 3,0:0,Runde 1,1,Dreiband groß 1-1,Freilos,Freilos,,,,,,,,,0/0,,http://bvbw.billardarea.de/cms_leagues/matchday/318773
2019/2020,Oberliga 3-Band großes Billard,,,14.03.2020,14:00 Uhr,BF Pforzheim,BC Stuttgart 1891 3,0:0,Runde 1,2,Dreiband groß 1-1,Freilos,Freilos,,,,,,,,,0/0,,http://bvbw.billardarea.de/cms_leagues/matchday/318773
2019/2020,Oberliga 3-Band großes Billard,,,14.03.2020,14:00 Uhr,BF Pforzheim,BC Stuttgart 1891 3,0:0,Runde 1,3,Dreiband groß 1-1,Freilos,Freilos,,,,,,,,,0/0,,http://bvbw.billardarea.de/cms_leagues/matchday/318773
2019/2020,Oberliga 3-Band großes Billard,,,14.03.2020,14:00 Uhr,BF Pforzheim,BC Stuttgart 1891 3,0:0,Runde 1,4,Dreiband groß 1-1,Freilos,Freilos,,,,,,,,,0/0,,http://bvbw.billardarea.de/cms_leagues/matchday/318773
2019/2020,Oberliga 3-Band großes Billard,,,14.12.2019,14:00 Uhr,Mannheimer BF,BC Stuttgart 1891 2,0:0,Runde 1,1,Dreiband groß 1-1,Freilos,Freilos,,,,,,,,,0/0,,http://bvbw.billardarea.de/cms_leagues/matchday/318775
2019/2020,Oberliga 3-Band großes Billard,,,14.12.2019,14:00 Uhr,Mannheimer BF,BC Stuttgart 1891 2,0:0,Runde 1,2,Dreiband groß 1-1,Freilos,Freilos,,,,,,,,,0/0,,http://bvbw.billardarea.de/cms_leagues/matchday/318775
2019/2020,Oberliga 3-Band großes Billard,,,14.12.2019,14:00 Uhr,Mannheimer BF,BC Stuttgart 1891 2,0:0,Runde 1,3,Dreiband groß 1-1,Freilos,Freilos,,,,,,,,,0/0,,http://bvbw.billardarea.de/cms_leagues/matchday/318775
2019/2020,Oberliga 3-Band großes Billard,,,14.12.2019,14:00 Uhr,Mannheimer BF,BC Stuttgart 1891 2,0:0,Runde 1,4,Dreiband groß 1-1,Freilos,Freilos,,,,,,,,,0/0,,http://bvbw.billardarea.de/cms_leagues/matchday/318775
2019/2020,Oberliga 3-Band großes Billard,,,08.02.2020,14:00 Uhr,BC Stuttgart 1891 2,TSG Heilbronn,0:0,Runde 1,1,Dreiband groß 1-1,Freilos,Freilos,,,,,,,,,0/0,,http://bvbw.billardarea.de/cms_leagues/matchday/318784
2019/2020,Oberliga 3-Band großes Billard,,,08.02.2020,14:00 Uhr,BC Stuttgart 1891 2,TSG Heilbronn,0:0,Runde 1,2,Dreiband groß 1-1,Freilos,Freilos,,,,,,,,,0/0,,http://bvbw.billardarea.de/cms_leagues/matchday/318784
2019/2020,Oberliga 3-Band großes Billard,,,08.02.2020,14:00 Uhr,BC Stuttgart 1891 2,TSG Heilbronn,0:0,Runde 1,3,Dreiband groß 1-1,Freilos,Freilos,,,,,,,,,0/0,,http://bvbw.billardarea.de/cms_leagues/matchday/318784
2019/2020,Oberliga 3-Band großes Billard,,,08.02.2020,14:00 Uhr,BC Stuttgart 1891 2,TSG Heilbronn,0:0,Runde 1,4,Dreiband groß 1-1,Freilos,Freilos,,,,,,,,,0/0,,http://bvbw.billardarea.de/cms_leagues/matchday/318784
2019/2020,Oberliga 3-Band großes Billard,,,29.02.2020,14:00 Uhr,TSG Heilbronn,Mannheimer BF,0:0,Runde 1,1,Dreiband groß 1-1,Freilos,Freilos,,,,,,,,,0/0,,http://bvbw.billardarea.de/cms_leagues/matchday/318792
2019/2020,Oberliga 3-Band großes Billard,,,29.02.2020,14:00 Uhr,TSG Heilbronn,Mannheimer BF,0:0,Runde 1,2,Dreiband groß 1-1,Freilos,Freilos,,,,,,,,,0/0,,http://bvbw.billardarea.de/cms_leagues/matchday/318792
2019/2020,Oberliga 3-Band großes Billard,,,29.02.2020,14:00 Uhr,TSG Heilbronn,Mannheimer BF,0:0,Runde 1,3,Dreiband groß 1-1,Freilos,Freilos,,,,,,,,,0/0,,http://bvbw.billardarea.de/cms_leagues/matchday/318792
2019/2020,Oberliga 3-Band großes Billard,,,29.02.2020,14:00 Uhr,TSG Heilbronn,Mannheimer BF,0:0,Runde 1,4,Dreiband groß 1-1,Freilos,Freilos,,,,,,,,,0/0,,http://bvbw.billardarea.de/cms_leagues/matchday/318792
2019/2020,Oberliga,,,05.10.2019,14:00 Uhr,BV Villingen-Schwenningen 2,SC 147 Karlsruhe 2,5:3,Runde 1,1,Snooker,Ralf Grießhaber,René Hartung,2:0,1,0,Ralf Grießhaber,René Hartung,home,,,,,http://bvbw.billardarea.de/cms_leagues/matchday/323149
2019/2020,Oberliga,,,05.10.2019,14:00 Uhr,BV Villingen-Schwenningen 2,SC 147 Karlsruhe 2,5:3,Runde 1,2,Snooker,Andreas Gut,Mohammed Amine El Habti,0:2,0,1,Mohammed Amine El Habti,Andreas Gut,away,,,,,http://bvbw.billardarea.de/cms_leagues/matchday/323149
2019/2020,Oberliga,,,05.10.2019,14:00 Uhr,BV Villingen-Schwenningen 2,SC 147 Karlsruhe 2,5:3,Runde 1,3,Snooker,Alireza Ahmadi,Thorsten Kogge,0:2,0,1,Thorsten Kogge,Alireza Ahmadi,away,,,,,http://bvbw.billardarea.de/cms_leagues/matchday/323149
2019/2020,Oberliga,,,05.10.2019,14:00 Uhr,BV Villingen-Schwenningen 2,SC 147 Karlsruhe 2,5:3,Runde 1,4,Snooker,Ralf Grießhaber,Mohammed Amine El Habti,2:1,1,0,Ralf Grießhaber,Mohammed Amine El Habti,home,,,,,http://bvbw.billardarea.de/cms_leagues/matchday/323149
2019/2020,Oberliga,,,05.10.2019,14:00 Uhr,BV Villingen-Schwenningen 2,SC 147 Karlsruhe 2,5:3,Runde 2,5,Snooker,Andreas Gut,Thorsten Kogge,2:1,1,0,Andreas Gut,Thorsten Kogge,home,,,,,http://bvbw.billardarea.de/cms_leagues/matchday/323149
2019/2020,Oberliga,,,05.10.2019,14:00 Uhr,BV Villingen-Schwenningen 2,SC 147 Karlsruhe 2,5:3,Runde 2,6,Snooker,Alireza Ahmadi,René Hartung,2:1,1,0,Alireza Ahmadi,René Hartung,home,,,,,http://bvbw.billardarea.de/cms_leagues/matchday/323149
2019/2020,Oberliga,,,05.10.2019,14:00 Uhr,BV Villingen-Schwenningen 2,SC 147 Karlsruhe 2,5:3,Runde 2,7,Snooker,Ralf Grießhaber,Thorsten Kogge,2:1,1,0,Ralf Grießhaber,Thorsten Kogge,home,,,,,http://bvbw.billardarea.de/cms_leagues/matchday/323149
2019/2020,Oberliga,,,05.10.2019,14:00 Uhr,BV Villingen-Schwenningen 2,SC 147 Karlsruhe 2,5:3,Runde 2,8,Snooker,Andreas Gut,René Hartung,0:2,0,1,René Hartung,Andreas Gut,away,,,,,http://bvbw.billardarea.de/cms_leagues/matchday/323149
2019/2020,Oberliga,,,09.11.2019,14:00 Uhr,BV Pforzheim,TSG Heilbronn 3,4:4,Runde 1,1,Snooker,Fiorenzo De Nuzzo,Luis Alfredo Chacon,1:2,0,1,Luis Alfredo Chacon,Fiorenzo De Nuzzo,away,,,,,http://bvbw.billardarea.de/cms_leagues/matchday/323150
2019/2020,Oberliga,,,09.11.2019,14:00 Uhr,BV Pforzheim,TSG Heilbronn 3,4:4,Runde 1,2,Snooker,Stephan Kuka,Leonardo Pedro Chacon,2:1,1,0,Stephan Kuka,Leonardo Pedro Chacon,home,,,,,http://bvbw.billardarea.de/cms_leagues/matchday/323150
2019/2020,Oberliga,,,09.11.2019,14:00 Uhr,BV Pforzheim,TSG Heilbronn 3,4:4,Runde 1,3,Snooker,Carlos Weber,Michael  Bolz,1:2,0,1,Michael  Bolz,Carlos Weber,away,,,,,http://bvbw.billardarea.de/cms_leagues/matchday/323150
2019/2020,Oberliga,,,09.11.2019,14:00 Uhr,BV Pforzheim,TSG Heilbronn 3,4:4,Runde 1,4,Snooker,Fiorenzo De Nuzzo,Leonardo Pedro Chacon,2:0,1,0,Fiorenzo De Nuzzo,Leonardo Pedro Chacon,home,,,,,http://bvbw.billardarea.de/cms_leagues/matchday/323150
2019/2020,Oberliga,,,09.11.2019,14:00 Uhr,BV Pforzheim,TSG Heilbronn 3,4:4,Runde 2,5,Snooker,Stephan Kuka,Michael  Bolz,2:0,1,0,Stephan Kuka,Michael  Bolz,home,,,,,http://bvbw.billardarea.de/cms_leagues/matchday/323150
2019/2020,Oberliga,,,09.11.2019,14:00 Uhr,BV Pforzheim,TSG Heilbronn 3,4:4,Runde 2,6,Snooker,Carlos Weber,Luis Alfredo Chacon,0:2,0,1,Luis Alfredo Chacon,Carlos Weber,away,,,,,http://bvbw.billardarea.de/cms_leagues/matchday/323150
2019/2020,Oberliga,,,09.11.2019,14:00 Uhr,BV Pforzheim,TSG Heilbronn 3,4:4,Runde 2,7,Snooker,Fiorenzo De Nuzzo,Michael  Bolz,2:1,1,0,Fiorenzo De Nuzzo,Michael  Bolz,home,,,,,http://bvbw.billardarea.de/cms_leagues/matchday/323150
2019/2020,Oberliga,,,09.11.2019,14:00 Uhr,BV Pforzheim,TSG Heilbronn 3,4:4,Runde 2,8,Snooker,Stephan Kuka,Luis Alfredo Chacon,0:2,0,1,Luis Alfredo Chacon,Stephan Kuka,away,,,,,http://bvbw.billardarea.de/cms_leagues/matchday/323150
2019/2020,Oberliga,,,09.11.2019,14:00 Uhr,SC 147 Karlsruhe 2,P&S Denzlingen,7:1,Runde 1,1,Snooker,René Hartung,Jacco Van de Streek,2:1,1,0,René Hartung,Jacco Van de Streek,home,,,,,http://bvbw.billardarea.de/cms_leagues/matchday/323152
2019/2020,Oberliga,,,09.11.2019,14:00 Uhr,SC 147 Karlsruhe 2,P&S Denzlingen,7:1,Runde 1,2,Snooker,Michael Eheim,Alexander Gohlke,2:0,1,0,Michael Eheim,Alexander Gohlke,home,,,,,http://bvbw.billardarea.de/cms_leagues/matchday/323152
2019/2020,Oberliga,,,09.11.2019,14:00 Uhr,SC 147 Karlsruhe 2,P&S Denzlingen,7:1,Runde 1,3,Snooker,Hao Lac,Horst Bendig,2:1,1,0,Hao Lac,Horst Bendig,home,,,,,http://bvbw.billardarea.de/cms_leagues/matchday/323152
2019/2020,Oberliga,,,09.11.2019,14:00 Uhr,SC 147 Karlsruhe 2,P&S Denzlingen,7:1,Runde 1,4,Snooker,René Hartung,Alexander Gohlke,2:0,1,0,René Hartung,Alexander Gohlke,home,,,,,http://bvbw.billardarea.de/cms_leagues/matchday/323152
2019/2020,Oberliga,,,09.11.2019,14:00 Uhr,SC 147 Karlsruhe 2,P&S Denzlingen,7:1,Runde 2,5,Snooker,Michael Eheim,Horst Bendig,2:1,1,0,Michael Eheim,Horst Bendig,home,,,,,http://bvbw.billardarea.de/cms_leagues/matchday/323152
2019/2020,Oberliga,,,09.11.2019,14:00 Uhr,SC 147 Karlsruhe 2,P&S Denzlingen,7:1,Runde 2,6,Snooker,Hao Lac,Jacco Van de Streek,0:2,0,1,Jacco Van de Streek,Hao Lac,away,,,,,http://bvbw.billardarea.de/cms_leagues/matchday/323152
2019/2020,Oberliga,,,09.11.2019,14:00 Uhr,SC 147 Karlsruhe 2,P&S Denzlingen,7:1,Runde 2,7,Snooker,René Hartung,Horst Bendig,2:1,1,0,René Hartung,Horst Bendig,home,,,,,http://bvbw.billardarea.de/cms_leagues/matchday/323152
2019/2020,Oberliga,,,09.11.2019,14:00 Uhr,SC 147 Karlsruhe 2,P&S Denzlingen,7:1,Runde 2,8,Snooker,Michael Eheim,Jacco Van de Streek,2:1,1,0,Michael Eheim,Jacco Van de Streek,home,,,,,http://bvbw.billardarea.de/cms_leagues/matchday/323152
2019/2020,Oberliga,,,30.11.2019,14:00 Uhr,BV Villingen-Schwenningen 2,P&S Denzlingen,5:3,Runde 1,1,Snooker,Ralf Grießhaber,Horst Bendig,2:1,1,0,Ralf Grießhaber,Horst Bendig,home,,,,,http://bvbw.billardarea.de/cms_leagues/matchday/323155
2019/2020,Oberliga,,,30.11.2019,14:00 Uhr,BV Villingen-Schwenningen 2,P&S Denzlingen,5:3,Runde 1,2,Snooker,Andreas Gut,Alexander Gohlke,2:0,1,0,Andreas Gut,Alexander Gohlke,home,,,,,http://bvbw.billardarea.de/cms_leagues/matchday/323155
2019/2020,Oberliga,,,30.11.2019,14:00 Uhr,BV Villingen-Schwenningen 2,P&S Denzlingen,5:3,Runde 1,3,Snooker,Alireza Ahmadi,Jacco Van de Streek,0:2,0,1,Jacco Van de Streek,Alireza Ahmadi,away,,,,,http://bvbw.billardarea.de/cms_leagues/matchday/323155
2019/2020,Oberliga,,,30.11.2019,14:00 Uhr,BV Villingen-Schwenningen 2,P&S Denzlingen,5:3,Runde 1,4,Snooker,Ralf Grießhaber,Alexander Gohlke,2:0,1,0,Ralf Grießhaber,Alexander Gohlke,home,,,,,http://bvbw.billardarea.de/cms_leagues/matchday/323155
2019/2020,Oberliga,,,30.11.2019,14:00 Uhr,BV Villingen-Schwenningen 2,P&S Denzlingen,5:3,Runde 2,5,Snooker,Andreas Gut,Jacco Van de Streek,2:1,1,0,Andreas Gut,Jacco Van de Streek,home,,,,,http://bvbw.billardarea.de/cms_leagues/matchday/323155
2019/2020,Oberliga,,,30.11.2019,14:00 Uhr,BV Villingen-Schwenningen 2,P&S Denzlingen,5:3,Runde 2,6,Snooker,Alireza Ahmadi,Horst Bendig,1:2,0,1,Horst Bendig,Alireza Ahmadi,away,,,,,http://bvbw.billardarea.de/cms_leagues/matchday/323155
2019/2020,Oberliga,,,30.11.2019,14:00 Uhr,BV Villingen-Schwenningen 2,P&S Denzlingen,5:3,Runde 2,7,Snooker,Ralf Grießhaber,Jacco Van de Streek,2:0,1,0,Ralf Grießhaber,Jacco Van de Streek,home,,,,,http://bvbw.billardarea.de/cms_leagues/matchday/323155
2019/2020,Oberliga,,,30.11.2019,14:00 Uhr,BV Villingen-Schwenningen 2,P&S Denzlingen,5:3,Runde 2,8,Snooker,Andreas Gut,Horst Bendig,1:2,0,1,Horst Bendig,Andreas Gut,away,,,,,http://bvbw.billardarea.de/cms_leagues/matchday/323155
2019/2020,Oberliga,,,25.01.2020,14:00 Uhr,CC Karlsruhe,P&S Denzlingen,6:2,Runde 1,1,Snooker,Marcel Roden,Jacco Van de Streek,1:2,0,1,Jacco Van de Streek,Marcel Roden,away,,,,,http://bvbw.billardarea.de/cms_leagues/matchday/323161
2019/2020,Oberliga,,,25.01.2020,14:00 Uhr,CC Karlsruhe,P&S Denzlingen,6:2,Runde 1,2,Snooker,Giridhar Chalamcharla,Alexander Gohlke,2:1,1,0,Giridhar Chalamcharla,Alexander Gohlke,home,,,,,http://bvbw.billardarea.de/cms_leagues/matchday/323161
2019/2020,Oberliga,,,25.01.2020,14:00 Uhr,CC Karlsruhe,P&S Denzlingen,6:2,Runde 1,3,Snooker,Mohit Sharma,Horst Bendig,2:1,1,0,Mohit Sharma,Horst Bendig,home,,,,,http://bvbw.billardarea.de/cms_leagues/matchday/323161
2019/2020,Oberliga,,,25.01.2020,14:00 Uhr,CC Karlsruhe,P&S Denzlingen,6:2,Runde 1,4,Snooker,Marcel Roden,Alexander Gohlke,2:1,1,0,Marcel Roden,Alexander Gohlke,home,,,,,http://bvbw.billardarea.de/cms_leagues/matchday/323161
2019/2020,Oberliga,,,25.01.2020,14:00 Uhr,CC Karlsruhe,P&S Denzlingen,6:2,Runde 2,5,Snooker,Giridhar Chalamcharla,Horst Bendig,2:0,1,0,Giridhar Chalamcharla,Horst Bendig,home,,,,,http://bvbw.billardarea.de/cms_leagues/matchday/323161
2019/2020,Oberliga,,,25.01.2020,14:00 Uhr,CC Karlsruhe,P&S Denzlingen,6:2,Runde 2,6,Snooker,Mohit Sharma,Jacco Van de Streek,1:2,0,1,Jacco Van de Streek,Mohit Sharma,away,,,,,http://bvbw.billardarea.de/cms_leagues/matchday/323161
2019/2020,Oberliga,,,25.01.2020,14:00 Uhr,CC Karlsruhe,P&S Denzlingen,6:2,Runde 2,7,Snooker,Marcel Roden,Horst Bendig,2:1,1,0,Marcel Roden,Horst Bendig,home,,,,,http://bvbw.billardarea.de/cms_leagues/matchday/323161
2019/2020,Oberliga,,,25.01.2020,14:00 Uhr,CC Karlsruhe,P&S Denzlingen,6:2,Runde 2,8,Snooker,Giridhar Chalamcharla,Jacco Van de Streek,2:1,1,0,Giridhar Chalamcharla,Jacco Van de Streek,home,,,,,http://bvbw.billardarea.de/cms_leagues/matchday/323161
2019/2020,Oberliga,,,07.03.2020,14:00 Uhr,SC 147 Karlsruhe 2,BV Villingen-Schwenningen 2,0:0,Runde 1,1,Snooker,Freilos,Freilos,0:0,0,0,,,,,,,,http://bvbw.billardarea.de/cms_leagues/matchday/323170
2019/2020,Oberliga,,,07.03.2020,14:00 Uhr,SC 147 Karlsruhe 2,BV Villingen-Schwenningen 2,0:0,Runde 1,2,Snooker,Freilos,Freilos,0:0,0,0,,,,,,,,http://bvbw.billardarea.de/cms_leagues/matchday/323170
2019/2020,Oberliga,,,07.03.2020,14:00 Uhr,SC 147 Karlsruhe 2,BV Villingen-Schwenningen 2,0:0,Runde 1,3,Snooker,Freilos,Freilos,0:0,0,0,,,,,,,,http://bvbw.billardarea.de/cms_leagues/matchday/323170
2019/2020,Oberliga,,,07.03.2020,14:00 Uhr,SC 147 Karlsruhe 2,BV Villingen-Schwenningen 2,0:0,Runde 1,4,Snooker,Freilos,Freilos,0:0,0,0,,,,,,,,http://bvbw.billardarea.de/cms_leagues/matchday/323170
2019/2020,Oberliga,,,07.03.2020,14:00 Uhr,SC 147 Karlsruhe 2,BV Villingen-Schwenningen 2,0:0,Runde 2,5,Snooker,Freilos,Freilos,0:0,0,0,,,,,,,,http://bvbw.billardarea.de/cms_leagues/matchday/323170
2019/2020,Oberliga,,,07.03.2020,14:00 Uhr,SC 147 Karlsruhe 2,BV Villingen-Schwenningen 2,0:0,Runde 2,6,Snooker,Freilos,Freilos,0:0,0,0,,,,,,,,http://bvbw.billardarea.de/cms_leagues/matchday/323170
2019/2020,Oberliga,,,07.03.2020,14:00 Uhr,SC 147 Karlsruhe 2,BV Villingen-Schwenningen 2,0:0,Runde 2,7,Snooker,Freilos,Freilos,0:0,0,0,,,,,,,,http://bvbw.billardarea.de/cms_leagues/matchday/323170
2019/2020,Oberliga,,,07.03.2020,14:00 Uhr,SC 147 Karlsruhe 2,BV Villingen-Schwenningen 2,0:0,Runde 2,8,Snooker,Freilos,Freilos,0:0,0,0,,,,,,,,http://bvbw.billardarea.de/cms_leagues/matchday/323170
2019/2020,Oberliga,,,14.03.2020,14:00 Uhr,P&S Denzlingen,SC 147 Karlsruhe 2,0:0,Runde 1,1,Snooker,Freilos,Freilos,0:0,0,0,,,,,,,,http://bvbw.billardarea.de/cms_leagues/matchday/323173
2019/2020,Oberliga,,,14.03.2020,14:00 Uhr,P&S Denzlingen,SC 147 Karlsruhe 2,0:0,Runde 1,2,Snooker,Freilos,Freilos,0:0,0,0,,,,,,,,http://bvbw.billardarea.de/cms_leagues/matchday/323173
2019/2020,Oberliga,,,14.03.2020,14:00 Uhr,P&S Denzlingen,SC 147 Karlsruhe 2,0:0,Runde 1,3,Snooker,Freilos,Freilos,0:0,0,0,,,,,,,,http://bvbw.billardarea.de/cms_leagues/matchday/323173
2019/2020,Oberliga,,,14.03.2020,14:00 Uhr,P&S Denzlingen,SC 147 Karlsruhe 2,0:0,Runde 1,4,Snooker,Freilos,Freilos,0:0,0,0,,,,,,,,http://bvbw.billardarea.de/cms_leagues/matchday/323173
2019/2020,Oberliga,,,14.03.2020,14:00 Uhr,P&S Denzlingen,SC 147 Karlsruhe 2,0:0,Runde 2,5,Snooker,Freilos,Freilos,0:0,0,0,,,,,,,,http://bvbw.billardarea.de/cms_leagues/matchday/323173
2019/2020,Oberliga,,,14.03.2020,14:00 Uhr,P&S Denzlingen,SC 147 Karlsruhe 2,0:0,Runde 2,6,Snooker,Freilos,Freilos,0:0,0,0,,,,,,,,http://bvbw.billardarea.de/cms_leagues/matchday/323173
2019/2020,Oberliga,,,14.03.2020,14:00 Uhr,P&S Denzlingen,SC 147 Karlsruhe 2,0:0,Runde 2,7,Snooker,Freilos,Freilos,0:0,0,0,,,,,,,,http://bvbw.billardarea.de/cms_leagues/matchday/323173
2019/2020,Oberliga,,,14.03.2020,14:00 Uhr,P&S Denzlingen,SC 147 Karlsruhe 2,0:0,Runde 2,8,Snooker,Freilos,Freilos,0:0,0,0,,,,,,,,http://bvbw.billardarea.de/cms_leagues/matchday/323173
2019/2020,Oberliga,,,18.04.2020,14:00 Uhr,CC Karlsruhe,TSG Heilbronn 3,0:0,Runde 1,1,Snooker,Freilos,Freilos,0:0,0,0,,,,,,,,http://bvbw.billardarea.de/cms_leagues/matchday/323174
2019/2020,Oberliga,,,18.04.2020,14:00 Uhr,CC Karlsruhe,TSG Heilbronn 3,0:0,Runde 1,2,Snooker,Freilos,Freilos,0:0,0,0,,,,,,,,http://bvbw.billardarea.de/cms_leagues/matchday/323174
2019/2020,Oberliga,,,18.04.2020,14:00 Uhr,CC Karlsruhe,TSG Heilbronn 3,0:0,Runde 1,3,Snooker,Freilos,Freilos,0:0,0,0,,,,,,,,http://bvbw.billardarea.de/cms_leagues/matchday/323174
2019/2020,Oberliga,,,18.04.2020,14:00 Uhr,CC Karlsruhe,TSG Heilbronn 3,0:0,Runde 1,4,Snooker,Freilos,Freilos,0:0,0,0,,,,,,,,http://bvbw.billardarea.de/cms_leagues/matchday/323174
2019/2020,Oberliga,,,18.04.2020,14:00 Uhr,CC Karlsruhe,TSG Heilbronn 3,0:0,Runde 2,5,Snooker,Freilos,Freilos,0:0,0,0,,,,,,,,http://bvbw.billardarea.de/cms_leagues/matchday/323174
2019/2020,Oberliga,,,18.04.2020,14:00 Uhr,CC Karlsruhe,TSG Heilbronn 3,0:0,Runde 2,6,Snooker,Freilos,Freilos,0:0,0,0,,,,,,,,http://bvbw.billardarea.de/cms_leagues/matchday/323174
2019/2020,Oberliga,,,18.04.2020,14:00 Uhr,CC Karlsruhe,TSG Heilbronn 3,0:0,Runde 2,7,Snooker,Freilos,Freilos,0:0,0,0,,,,,,,,http://bvbw.billardarea.de/cms_leagues/matchday/323174
2019/2020,Oberliga,,,18.04.2020,14:00 Uhr,CC Karlsruhe,TSG Heilbronn 3,0:0,Runde 2,8,Snooker,Freilos,Freilos,0:0,0,0,,,,,,,,http://bvbw.billardarea.de/cms_leagues/matchday/323174
2019/2020,Oberliga,,,18.04.2020,14:00 Uhr,P&S Denzlingen,BV Villingen-Schwenningen 2,0:0,Runde 1,1,Snooker,Freilos,Freilos,0:0,0,0,,,,,,,,http://bvbw.billardarea.de/cms_leagues/matchday/323176
2019/2020,Oberliga,,,18.04.2020,14:00 Uhr,P&S Denzlingen,BV Villingen-Schwenningen 2,0:0,Runde 1,2,Snooker,Freilos,Freilos,0:0,0,0,,,,,,,,http://bvbw.billardarea.de/cms_leagues/matchday/323176
2019/2020,Oberliga,,,18.04.2020,14:00 Uhr,P&S Denzlingen,BV Villingen-Schwenningen 2,0:0,Runde 1,3,Snooker,Freilos,Freilos,0:0,0,0,,,,,,,,http://bvbw.billardarea.de/cms_leagues/matchday/323176
2019/2020,Oberliga,,,18.04.2020,14:00 Uhr,P&S Denzlingen,BV Villingen-Schwenningen 2,0:0,Runde 1,4,Snooker,Freilos,Freilos,0:0,0,0,,,,,,,,http://bvbw.billardarea.de/cms_leagues/matchday/323176
2019/2020,Oberliga,,,18.04.2020,14:00 Uhr,P&S Denzlingen,BV Villingen-Schwenningen 2,0:0,Runde 2,5,Snooker,Freilos,Freilos,0:0,0,0,,,,,,,,http://bvbw.billardarea.de/cms_leagues/matchday/323176
2019/2020,Oberliga,,,18.04.2020,14:00 Uhr,P&S Denzlingen,BV Villingen-Schwenningen 2,0:0,Runde 2,6,Snooker,Freilos,Freilos,0:0,0,0,,,,,,,,http://bvbw.billardarea.de/cms_leagues/matchday/323176
2019/2020,Oberliga,,,18.04.2020,14:00 Uhr,P&S Denzlingen,BV Villingen-Schwenningen 2,0:0,Runde 2,7,Snooker,Freilos,Freilos,0:0,0,0,,,,,,,,http://bvbw.billardarea.de/cms_leagues/matchday/323176
2019/2020,Oberliga,,,18.04.2020,14:00 Uhr,P&S Denzlingen,BV Villingen-Schwenningen 2,0:0,Runde 2,8,Snooker,Freilos,Freilos,0:0,0,0,,,,,,,,http://bvbw.billardarea.de/cms_leagues/matchday/323176
2019/2020,Oberliga,,,30.05.2020,14:00 Uhr,SC 147 Karlsruhe 2,BV Pforzheim,0:0,Runde 1,1,Snooker,Freilos,Freilos,0:0,0,0,,,,,,,,http://bvbw.billardarea.de/cms_leagues/matchday/323184
2019/2020,Oberliga,,,30.05.2020,14:00 Uhr,SC 147 Karlsruhe 2,BV Pforzheim,0:0,Runde 1,2,Snooker,Freilos,Freilos,0:0,0,0,,,,,,,,http://bvbw.billardarea.de/cms_leagues/matchday/323184
2019/2020,Oberliga,,,30.05.2020,14:00 Uhr,SC 147 Karlsruhe 2,BV Pforzheim,0:0,Runde 1,3,Snooker,Freilos,Freilos,0:0,0,0,,,,,,,,http://bvbw.billardarea.de/cms_leagues/matchday/323184
2019/2020,Oberliga,,,30.05.2020,14:00 Uhr,SC 147 Karlsruhe 2,BV Pforzheim,0:0,Runde 1,4,Snooker,Freilos,Freilos,0:0,0,0,,,,,,,,http://bvbw.billardarea.de/cms_leagues/matchday/323184
2019/2020,Oberliga,,,30.05.2020,14:00 Uhr,SC 147 Karlsruhe 2,BV Pforzheim,0:0,Runde 2,5,Snooker,Freilos,Freilos,0:0,0,0,,,,,,,,http://bvbw.billardarea.de/cms_leagues/matchday/323184
2019/2020,Oberliga,,,30.05.2020,14:00 Uhr,SC 147 Karlsruhe 2,BV Pforzheim,0:0,Runde 2,6,Snooker,Freilos,Freilos,0:0,0,0,,,,,,,,http://bvbw.billardarea.de/cms_leagues/matchday/323184
2019/2020,Oberliga,,,30.05.2020,14:00 Uhr,SC 147 Karlsruhe 2,BV Pforzheim,0:0,Runde 2,7,Snooker,Freilos,Freilos,0:0,0,0,,,,,,,,http://bvbw.billardarea.de/cms_leagues/matchday/323184
2019/2020,Oberliga,,,30.05.2020,14:00 Uhr,SC 147 Karlsruhe 2,BV Pforzheim,0:0,Runde 2,8,Snooker,Freilos,Freilos,0:0,0,0,,,,,,,,http://bvbw.billardarea.de/cms_leagues/matchday/323184
2020/2021,Landesliga Mitte,,,20.09.2020,14:00 Uhr,PP Böblingen,PBC Aalen 2,5:3,Runde 1,1,14/1e,Sercan Özdemir,Mustafa Özyürük,1:0,1,0,Sercan Özdemir,Mustafa Özyürük,home,80:63,21/21,15/16,,http://bvbw.billardarea.de/cms_leagues/matchday/332603
2020/2021,Landesliga Mitte,,,20.09.2020,14:00 Uhr,PP Böblingen,PBC Aalen 2,5:3,Runde 1,2,8-Ball,Hayrettin Bozkurt,Eric Sorg,0:6,0,1,Eric Sorg,Hayrettin Bozkurt,away,,,,,http://bvbw.billardarea.de/cms_leagues/matchday/332603
2020/2021,Landesliga Mitte,,,20.09.2020,14:00 Uhr,PP Böblingen,PBC Aalen 2,5:3,Runde 1,3,9-Ball,Ivan Hodzic,Timur Susuz,7:3,1,0,Ivan Hodzic,Timur Susuz,home,,,,,http://bvbw.billardarea.de/cms_leagues/matchday/332603
2020/2021,Landesliga Mitte,,,20.09.2020,14:00 Uhr,PP Böblingen,PBC Aalen 2,5:3,Runde 1,4,10-Ball,Andrei Deliman,Daniel Kucharz,4:6,0,1,Daniel Kucharz,Andrei Deliman,away,,,,,http://bvbw.billardarea.de/cms_leagues/matchday/332603
2020/2021,Landesliga Mitte,,,20.09.2020,14:00 Uhr,PP Böblingen,PBC Aalen 2,5:3,Runde 2,5,14/1e,Ivan Hodzic,Daniel Kucharz,1:0,1,0,Ivan Hodzic,Daniel Kucharz,home,80:40,16/16,14/16,,http://bvbw.billardarea.de/cms_leagues/matchday/332603
2020/2021,Landesliga Mitte,,,20.09.2020,14:00 Uhr,PP Böblingen,PBC Aalen 2,5:3,Runde 2,6,8-Ball,Andrei Deliman,Timur Susuz,6:2,1,0,Andrei Deliman,Timur Susuz,home,,,,,http://bvbw.billardarea.de/cms_leagues/matchday/332603
2020/2021,Landesliga Mitte,,,20.09.2020,14:00 Uhr,PP Böblingen,PBC Aalen 2,5:3,Runde 2,7,9-Ball,Hayrettin Bozkurt,Mustafa Özyürük,4:7,0,1,Mustafa Özyürük,Hayrettin Bozkurt,away,,,,,http://bvbw.billardarea.de/cms_leagues/matchday/332603
2020/2021,Landesliga Mitte,,,20.09.2020,14:00 Uhr,PP Böblingen,PBC Aalen 2,5:3,Runde 2,8,10-Ball,Sercan Özdemir,Eric Sorg,6:1,1,0,Sercan Özdemir,Eric Sorg,home,,,,,http://bvbw.billardarea.de/cms_leagues/matchday/332603
2020/2021,Landesliga Mitte,,,18.10.2020,14:00 Uhr,PBC Nagoldtal,PP Böblingen,0:0,Runde 1,1,14/1e,Freilos,Freilos,0:0,0,0,,,,0:0,0/0,0/0,,http://bvbw.billardarea.de/cms_leagues/matchday/332610
2020/2021,Landesliga Mitte,,,18.10.2020,14:00 Uhr,PBC Nagoldtal,PP Böblingen,0:0,Runde 1,2,8-Ball,Freilos,Freilos,0:0,0,0,,,,,,,,http://bvbw.billardarea.de/cms_leagues/matchday/332610
2020/2021,Landesliga Mitte,,,18.10.2020,14:00 Uhr,PBC Nagoldtal,PP Böblingen,0:0,Runde 1,3,9-Ball,Freilos,Freilos,0:0,0,0,,,,,,,,http://bvbw.billardarea.de/cms_leagues/matchday/332610
2020/2021,Landesliga Mitte,,,18.10.2020,14:00 Uhr,PBC Nagoldtal,PP Böblingen,0:0,Runde 1,4,10-Ball,Freilos,Freilos,0:0,0,0,,,,,,,,http://bvbw.billardarea.de/cms_leagues/matchday/332610
2020/2021,Landesliga Mitte,,,18.10.2020,14:00 Uhr,PBC Nagoldtal,PP Böblingen,0:0,Runde 2,5,14/1e,Freilos,Freilos,0:0,0,0,,,,0:0,0/0,0/0,,http://bvbw.billardarea.de/cms_leagues/matchday/332610
2020/2021,Landesliga Mitte,,,18.10.2020,14:00 Uhr,PBC Nagoldtal,PP Böblingen,0:0,Runde 2,6,8-Ball,Freilos,Freilos,0:0,0,0,,,,,,,,http://bvbw.billardarea.de/cms_leagues/matchday/332610
2020/2021,Landesliga Mitte,,,18.10.2020,14:00 Uhr,PBC Nagoldtal,PP Böblingen,0:0,Runde 2,7,9-Ball,Freilos,Freilos,0:0,0,0,,,,,,,,http://bvbw.billardarea.de/cms_leagues/matchday/332610
2020/2021,Landesliga Mitte,,,18.10.2020,14:00 Uhr,PBC Nagoldtal,PP Böblingen,0:0,Runde 2,8,10-Ball,Freilos,Freilos,0:0,0,0,,,,,,,,http://bvbw.billardarea.de/cms_leagues/matchday/332610
2020/2021,Landesliga Mitte,,,25.10.2020,14:00 Uhr,PBC Aalen 2,PBC Nagoldtal,0:0,Runde 1,1,14/1e,Freilos,Freilos,0:0,0,0,,,,0:0,0/0,0/0,,http://bvbw.billardarea.de/cms_leagues/matchday/332614
2020/2021,Landesliga Mitte,,,25.10.2020,14:00 Uhr,PBC Aalen 2,PBC Nagoldtal,0:0,Runde 1,2,8-Ball,Freilos,Freilos,0:0,0,0,,,,,,,,http://bvbw.billardarea.de/cms_leagues/matchday/332614
2020/2021,Landesliga Mitte,,,25.10.2020,14:00 Uhr,PBC Aalen 2,PBC Nagoldtal,0:0,Runde 1,3,9-Ball,Freilos,Freilos,0:0,0,0,,,,,,,,http://bvbw.billardarea.de/cms_leagues/matchday/332614
2020/2021,Landesliga Mitte,,,25.10.2020,14:00 Uhr,PBC Aalen 2,PBC Nagoldtal,0:0,Runde 1,4,10-Ball,Freilos,Freilos,0:0,0,0,,,,,,,,http://bvbw.billardarea.de/cms_leagues/matchday/332614
2020/2021,Landesliga Mitte,,,25.10.2020,14:00 Uhr,PBC Aalen 2,PBC Nagoldtal,0:0,Runde 2,5,14/1e,Freilos,Freilos,0:0,0,0,,,,0:0,0/0,0/0,,http://bvbw.billardarea.de/cms_leagues/matchday/332614
2020/2021,Landesliga Mitte,,,25.10.2020,14:00 Uhr,PBC Aalen 2,PBC Nagoldtal,0:0,Runde 2,6,8-Ball,Freilos,Freilos,0:0,0,0,,,,,,,,http://bvbw.billardarea.de/cms_leagues/matchday/332614
2020/2021,Landesliga Mitte,,,25.10.2020,14:00 Uhr,PBC Aalen 2,PBC Nagoldtal,0:0,Runde 2,7,9-Ball,Freilos,Freilos,0:0,0,0,,,,,,,,http://bvbw.billardarea.de/cms_leagues/matchday/332614
2020/2021,Landesliga Mitte,,,25.10.2020,14:00 Uhr,PBC Aalen 2,PBC Nagoldtal,0:0,Runde 2,8,10-Ball,Freilos,Freilos,0:0,0,0,,,,,,,,http://bvbw.billardarea.de/cms_leagues/matchday/332614
2020/2021,Landesliga Mitte,,,08.11.2020,14:00 Uhr,PP Böblingen,PBC Bietigheim-Bissingen 2,0:0,Runde 1,1,14/1e,Freilos,Freilos,0:0,0,0,,,,0:0,0/0,0/0,,http://bvbw.billardarea.de/cms_leagues/matchday/332620
2020/2021,Landesliga Mitte,,,08.11.2020,14:00 Uhr,PP Böblingen,PBC Bietigheim-Bissingen 2,0:0,Runde 1,2,8-Ball,Freilos,Freilos,0:0,0,0,,,,,,,,http://bvbw.billardarea.de/cms_leagues/matchday/332620
2020/2021,Landesliga Mitte,,,08.11.2020,14:00 Uhr,PP Böblingen,PBC Bietigheim-Bissingen 2,0:0,Runde 1,3,9-Ball,Freilos,Freilos,0:0,0,0,,,,,,,,http://bvbw.billardarea.de/cms_leagues/matchday/332620
2020/2021,Landesliga Mitte,,,08.11.2020,14:00 Uhr,PP Böblingen,PBC Bietigheim-Bissingen 2,0:0,Runde 1,4,10-Ball,Freilos,Freilos,0:0,0,0,,,,,,,,http://bvbw.billardarea.de/cms_leagues/matchday/332620
2020/2021,Landesliga Mitte,,,08.11.2020,14:00 Uhr,PP Böblingen,PBC Bietigheim-Bissingen 2,0:0,Runde 2,5,14/1e,Freilos,Freilos,0:0,0,0,,,,0:0,0/0,0/0,,http://bvbw.billardarea.de/cms_leagues/matchday/332620
2020/2021,Landesliga Mitte,,,08.11.2020,14:00 Uhr,PP Böblingen,PBC Bietigheim-Bissingen 2,0:0,Runde 2,6,8-Ball,Freilos,Freilos,0:0,0,0,,,,,,,,http://bvbw.billardarea.de/cms_leagues/matchday/332620
2020/2021,Landesliga Mitte,,,08.11.2020,14:00 Uhr,PP Böblingen,PBC Bietigheim-Bissingen 2,0:0,Runde 2,7,9-Ball,Freilos,Freilos,0:0,0,0,,,,,,,,http://bvbw.billardarea.de/cms_leagues/matchday/332620
2020/2021,Landesliga Mitte,,,08.11.2020,14:00 Uhr,PP Böblingen,PBC Bietigheim-Bissingen 2,0:0,Runde 2,8,10-Ball,Freilos,Freilos,0:0,0,0,,,,,,,,http://bvbw.billardarea.de/cms_leagues/matchday/332620
2020/2021,Landesliga West,,,20.09.2020,13:30 Uhr,PBC Freudenstadt,PBC Offenburg 3,3:5,Runde 1,1,14/1e,Michael Reichert,Daniel Kimmig,0:1,0,1,Daniel Kimmig,Michael Reichert,away,57:80,21/21,13/12,,http://bvbw.billardarea.de/cms_leagues/matchday/332793
2020/2021,Landesliga West,,,20.09.2020,13:30 Uhr,PBC Freudenstadt,PBC Offenburg 3,3:5,Runde 1,2,8-Ball,Rolf Berkowitz,Nathalie Rohmer,1:6,0,1,Nathalie Rohmer,Rolf Berkowitz,away,,,,,http://bvbw.billardarea.de/cms_leagues/matchday/332793
2020/2021,Landesliga West,,,20.09.2020,13:30 Uhr,PBC Freudenstadt,PBC Offenburg 3,3:5,Runde 1,3,9-Ball,David Galwas,Frank Tatarkowski,4:7,0,1,Frank Tatarkowski,David Galwas,away,,,,,http://bvbw.billardarea.de/cms_leagues/matchday/332793
2020/2021,Landesliga West,,,20.09.2020,13:30 Uhr,PBC Freudenstadt,PBC Offenburg 3,3:5,Runde 1,4,10-Ball,Armin Stauß,Bernhard Sutor,3:6,0,1,Bernhard Sutor,Armin Stauß,away,,,,,http://bvbw.billardarea.de/cms_leagues/matchday/332793
2020/2021,Landesliga West,,,20.09.2020,13:30 Uhr,PBC Freudenstadt,PBC Offenburg 3,3:5,Runde 2,5,14/1e,David Galwas,Nathalie Rohmer,1:0,1,0,David Galwas,Nathalie Rohmer,home,80:31,27/26,25/8,,http://bvbw.billardarea.de/cms_leagues/matchday/332793
2020/2021,Landesliga West,,,20.09.2020,13:30 Uhr,PBC Freudenstadt,PBC Offenburg 3,3:5,Runde 2,6,8-Ball,Armin Stauß,Daniel Kimmig,5:6,0,1,Daniel Kimmig,Armin Stauß,away,,,,,http://bvbw.billardarea.de/cms_leagues/matchday/332793
2020/2021,Landesliga West,,,20.09.2020,13:30 Uhr,PBC Freudenstadt,PBC Offenburg 3,3:5,Runde 2,7,9-Ball,Rolf Berkowitz,Bernhard Sutor,7:6,1,0,Rolf Berkowitz,Bernhard Sutor,home,,,,,http://bvbw.billardarea.de/cms_leagues/matchday/332793
2020/2021,Landesliga West,,,20.09.2020,13:30 Uhr,PBC Freudenstadt,PBC Offenburg 3,3:5,Runde 2,8,10-Ball,Michael Reichert,Frank Tatarkowski,6:1,1,0,Michael Reichert,Frank Tatarkowski,home,,,,,http://bvbw.billardarea.de/cms_leagues/matchday/332793
2020/2021,Landesliga West,,,27.09.2020,14:00 Uhr,PBC Trossingen,P&S Denzlingen 2,6:2,Runde 1,1,14/1e,Georg Vujovic,Jacco Van de Streek,1:0,1,0,Georg Vujovic,Jacco Van de Streek,home,80:28,34/33,16/5,,http://bvbw.billardarea.de/cms_leagues/matchday/332799
2020/2021,Landesliga West,,,27.09.2020,14:00 Uhr,PBC Trossingen,P&S Denzlingen 2,6:2,Runde 1,2,8-Ball,Ingo Laule,Horst Bendig,3:6,0,1,Horst Bendig,Ingo Laule,away,,,,,http://bvbw.billardarea.de/cms_leagues/matchday/332799
2020/2021,Landesliga West,,,27.09.2020,14:00 Uhr,PBC Trossingen,P&S Denzlingen 2,6:2,Runde 1,3,9-Ball,Patrick Koch,Freilos,0:0,0,0,,,,,,,,http://bvbw.billardarea.de/cms_leagues/matchday/332799
2020/2021,Landesliga West,,,27.09.2020,14:00 Uhr,PBC Trossingen,P&S Denzlingen 2,6:2,Runde 1,4,10-Ball,Ralf Grießhaber,Mathias Klaus,6:2,1,0,Ralf Grießhaber,Mathias Klaus,home,,,,,http://bvbw.billardarea.de/cms_leagues/matchday/332799
2020/2021,Landesliga West,,,27.09.2020,14:00 Uhr,PBC Trossingen,P&S Denzlingen 2,6:2,Runde 2,5,14/1e,Ralf Grießhaber,Horst Bendig,1:0,1,0,Ralf Grießhaber,Horst Bendig,home,80:4,7/7,33/2,,http://bvbw.billardarea.de/cms_leagues/matchday/332799
2020/2021,Landesliga West,,,27.09.2020,14:00 Uhr,PBC Trossingen,P&S Denzlingen 2,6:2,Runde 2,6,8-Ball,Patrick Koch,Mathias Klaus,5:6,0,1,Mathias Klaus,Patrick Koch,away,,,,,http://bvbw.billardarea.de/cms_leagues/matchday/332799
2020/2021,Landesliga West,,,27.09.2020,14:00 Uhr,PBC Trossingen,P&S Denzlingen 2,6:2,Runde 2,7,9-Ball,Georg Vujovic,Jacco Van de Streek,7:2,1,0,Georg Vujovic,Jacco Van de Streek,home,,,,,http://bvbw.billardarea.de/cms_leagues/matchday/332799
2020/2021,Landesliga West,,,27.09.2020,14:00 Uhr,PBC Trossingen,P&S Denzlingen 2,6:2,Runde 2,8,10-Ball,Ingo Laule,Freilos,0:0,0,0,,,,,,,,http://bvbw.billardarea.de/cms_leagues/matchday/332799
2020/2021,Landesliga West,,,27.09.2020,13:30 Uhr,,PBC Freudenstadt,0:0,Runde 1,1,14/1e,Freilos,Freilos,0:0,0,0,,,,0:0,0/0,0/0,,http://bvbw.billardarea.de/cms_leagues/matchday/332800
2020/2021,Landesliga West,,,27.09.2020,13:30 Uhr,,PBC Freudenstadt,0:0,Runde 1,2,8-Ball,Freilos,Freilos,0:0,0,0,,,,,,,,http://bvbw.billardarea.de/cms_leagues/matchday/332800
2020/2021,Landesliga West,,,27.09.2020,13:30 Uhr,,PBC Freudenstadt,0:0,Runde 1,3,9-Ball,Freilos,Freilos,0:0,0,0,,,,,,,,http://bvbw.billardarea.de/cms_leagues/matchday/332800
2020/2021,Landesliga West,,,27.09.2020,13:30 Uhr,,PBC Freudenstadt,0:0,Runde 1,4,10-Ball,Freilos,Freilos,0:0,0,0,,,,,,,,http://bvbw.billardarea.de/cms_leagues/matchday/332800
2020/2021,Landesliga West,,,27.09.2020,13:30 Uhr,,PBC Freudenstadt,0:0,Runde 2,5,14/1e,Freilos,Freilos,0:0,0,0,,,,0:0,0/0,0/0,,http://bvbw.billardarea.de/cms_leagues/matchday/332800
2020/2021,Landesliga West,,,27.09.2020,13:30 Uhr,,PBC Freudenstadt,0:0,Runde 2,6,8-Ball,Freilos,Freilos,0:0,0,0,,,,,,,,http://bvbw.billardarea.de/cms_leagues/matchday/332800
2020/2021,Landesliga West,,,27.09.2020,13:30 Uhr,,PBC Freudenstadt,0:0,Runde 2,7,9-Ball,Freilos,Freilos,0:0,0,0,,,,,,,,http://bvbw.billardarea.de/cms_leagues/matchday/332800
2020/2021,Landesliga West,,,27.09.2020,13:30 Uhr,,PBC Freudenstadt,0:0,Runde 2,8,10-Ball,Freilos,Freilos,0:0,0,0,,,,,,,,http://bvbw.billardarea.de/cms_leagues/matchday/332800
2020/2021,Landesliga West,,,18.10.2020,14:00 Uhr,BC Dreiländereck,PBC Offenburg 3,0:0,Runde 1,1,14/1e,Freilos,Freilos,0:0,0,0,,,,0:0,0/0,0/0,,http://bvbw.billardarea.de/cms_leagues/matchday/332801
2020/2021,Landesliga West,,,18.10.2020,14:00 Uhr,BC Dreiländereck,PBC Offenburg 3,0:0,Runde 1,2,8-Ball,Freilos,Freilos,0:0,0,0,,,,,,,,http://bvbw.billardarea.de/cms_leagues/matchday/332801
2020/2021,Landesliga West,,,18.10.2020,14:00 Uhr,BC Dreiländereck,PBC Offenburg 3,0:0,Runde 1,3,9-Ball,Freilos,Freilos,0:0,0,0,,,,,,,,http://bvbw.billardarea.de/cms_leagues/matchday/332801
2020/2021,Landesliga West,,,18.10.2020,14:00 Uhr,BC Dreiländereck,PBC Offenburg 3,0:0,Runde 1,4,10-Ball,Freilos,Freilos,0:0,0,0,,,,,,,,http://bvbw.billardarea.de/cms_leagues/matchday/332801
2020/2021,Landesliga West,,,18.10.2020,14:00 Uhr,BC Dreiländereck,PBC Offenburg 3,0:0,Runde 2,5,14/1e,Freilos,Freilos,0:0,0,0,,,,0:0,0/0,0/0,,http://bvbw.billardarea.de/cms_leagues/matchday/332801
2020/2021,Landesliga West,,,18.10.2020,14:00 Uhr,BC Dreiländereck,PBC Offenburg 3,0:0,Runde 2,6,8-Ball,Freilos,Freilos,0:0,0,0,,,,,,,,http://bvbw.billardarea.de/cms_leagues/matchday/332801
2020/2021,Landesliga West,,,18.10.2020,14:00 Uhr,BC Dreiländereck,PBC Offenburg 3,0:0,Runde 2,7,9-Ball,Freilos,Freilos,0:0,0,0,,,,,,,,http://bvbw.billardarea.de/cms_leagues/matchday/332801
2020/2021,Landesliga West,,,18.10.2020,14:00 Uhr,BC Dreiländereck,PBC Offenburg 3,0:0,Runde 2,8,10-Ball,Freilos,Freilos,0:0,0,0,,,,,,,,http://bvbw.billardarea.de/cms_leagues/matchday/332801
2021/2022,Oberliga Freie Partie kleines Billard,,,14.05.2022,14:00 Uhr,BF Pforzheim,BC Ludwigshafen,0:0,Runde 1,1,Freie Partie klein 1-1,Freilos,Freilos,,,,,,,,,0/0,,http://bvbw.billardarea.de/cms_leagues/matchday/350069
2021/2022,Oberliga Freie Partie kleines Billard,,,14.05.2022,14:00 Uhr,BF Pforzheim,BC Ludwigshafen,0:0,Runde 1,2,Freie Partie klein 1-1,Freilos,Freilos,,,,,,,,,0/0,,http://bvbw.billardarea.de/cms_leagues/matchday/350069
2021/2022,Oberliga Freie Partie kleines Billard,,,14.05.2022,14:00 Uhr,BF Pforzheim,BC Ludwigshafen,0:0,Runde 1,3,Freie Partie klein 1-1,Freilos,Freilos,,,,,,,,,0/0,,http://bvbw.billardarea.de/cms_leagues/matchday/350069
2021/2022,Oberliga Freie Partie kleines Billard,,,14.05.2022,14:00 Uhr,BF Pforzheim,BC Ludwigshafen,0:0,Runde 1,4,Freie Partie klein 1-1,Freilos,Freilos,,,,,,,,,0/0,,http://bvbw.billardarea.de/cms_leagues/matchday/350069
2021/2022,Oberliga Freie Partie kleines Billard,,,14.05.2022,14:00 Uhr,BF Pforzheim,BC Ludwigshafen,0:0,Runde 2,5,Freie Partie klein 1-1,Freilos,Freilos,,,,,,,,,0/0,,http://bvbw.billardarea.de/cms_leagues/matchday/350069
2021/2022,Oberliga Freie Partie kleines Billard,,,14.05.2022,14:00 Uhr,BF Pforzheim,BC Ludwigshafen,0:0,Runde 2,6,Freie Partie klein 1-1,Freilos,Freilos,,,,,,,,,0/0,,http://bvbw.billardarea.de/cms_leagues/matchday/350069
2021/2022,Oberliga Freie Partie kleines Billard,,,14.05.2022,14:00 Uhr,Viernheimer BC,IBM Klub Böblingen,0:0,Runde 1,1,Freie Partie klein 1-1,Freilos,Freilos,,,,,,,,,0/0,,http://bvbw.billardarea.de/cms_leagues/matchday/350070
2021/2022,Oberliga Freie Partie kleines Billard,,,14.05.2022,14:00 Uhr,Viernheimer BC,IBM Klub Böblingen,0:0,Runde 1,2,Freie Partie klein 1-1,Freilos,Freilos,,,,,,,,,0/0,,http://bvbw.billardarea.de/cms_leagues/matchday/350070
2021/2022,Oberliga Freie Partie kleines Billard,,,14.05.2022,14:00 Uhr,Viernheimer BC,IBM Klub Böblingen,0:0,Runde 1,3,Freie Partie klein 1-1,Freilos,Freilos,,,,,,,,,0/0,,http://bvbw.billardarea.de/cms_leagues/matchday/350070
2021/2022,Oberliga Freie Partie kleines Billard,,,14.05.2022,14:00 Uhr,Viernheimer BC,IBM Klub Böblingen,0:0,Runde 1,4,Freie Partie klein 1-1,Freilos,Freilos,,,,,,,,,0/0,,http://bvbw.billardarea.de/cms_leagues/matchday/350070
2021/2022,Oberliga Freie Partie kleines Billard,,,14.05.2022,14:00 Uhr,Viernheimer BC,IBM Klub Böblingen,0:0,Runde 2,5,Freie Partie klein 1-1,Freilos,Freilos,,,,,,,,,0/0,,http://bvbw.billardarea.de/cms_leagues/matchday/350070
2021/2022,Oberliga Freie Partie kleines Billard,,,14.05.2022,14:00 Uhr,Viernheimer BC,IBM Klub Böblingen,0:0,Runde 2,6,Freie Partie klein 1-1,Freilos,Freilos,,,,,,,,,0/0,,http://bvbw.billardarea.de/cms_leagues/matchday/350070
2021/2022,Oberliga Freie Partie kleines Billard,,,28.05.2022,14:00 Uhr,BC Ludwigshafen,PTSV Freiburg,0:0,Runde 1,1,Freie Partie klein 1-1,Freilos,Freilos,,,,,,,,,0/0,,http://bvbw.billardarea.de/cms_leagues/matchday/350071
2021/2022,Oberliga Freie Partie kleines Billard,,,28.05.2022,14:00 Uhr,BC Ludwigshafen,PTSV Freiburg,0:0,Runde 1,2,Freie Partie klein 1-1,Freilos,Freilos,,,,,,,,,0/0,,http://bvbw.billardarea.de/cms_leagues/matchday/350071
2021/2022,Oberliga Freie Partie kleines Billard,,,28.05.2022,14:00 Uhr,BC Ludwigshafen,PTSV Freiburg,0:0,Runde 1,3,Freie Partie klein 1-1,Freilos,Freilos,,,,,,,,,0/0,,http://bvbw.billardarea.de/cms_leagues/matchday/350071
2021/2022,Oberliga Freie Partie kleines Billard,,,28.05.2022,14:00 Uhr,BC Ludwigshafen,PTSV Freiburg,0:0,Runde 1,4,Freie Partie klein 1-1,Freilos,Freilos,,,,,,,,,0/0,,http://bvbw.billardarea.de/cms_leagues/matchday/350071
2021/2022,Oberliga Freie Partie kleines Billard,,,28.05.2022,14:00 Uhr,BC Ludwigshafen,PTSV Freiburg,0:0,Runde 2,5,Freie Partie klein 1-1,Freilos,Freilos,,,,,,,,,0/0,,http://bvbw.billardarea.de/cms_leagues/matchday/350071
2021/2022,Oberliga Freie Partie kleines Billard,,,28.05.2022,14:00 Uhr,BC Ludwigshafen,PTSV Freiburg,0:0,Runde 2,6,Freie Partie klein 1-1,Freilos,Freilos,,,,,,,,,0/0,,http://bvbw.billardarea.de/cms_leagues/matchday/350071
2021/2022,Oberliga Freie Partie kleines Billard,,,28.05.2022,14:00 Uhr,BF Pforzheim,Viernheimer BC,0:0,Runde 1,1,Freie Partie klein 1-1,Freilos,Freilos,,,,,,,,,0/0,,http://bvbw.billardarea.de/cms_leagues/matchday/350072
2021/2022,Oberliga Freie Partie kleines Billard,,,28.05.2022,14:00 Uhr,BF Pforzheim,Viernheimer BC,0:0,Runde 1,2,Freie Partie klein 1-1,Freilos,Freilos,,,,,,,,,0/0,,http://bvbw.billardarea.de/cms_leagues/matchday/350072
2021/2022,Oberliga Freie Partie kleines Billard,,,28.05.2022,14:00 Uhr,BF Pforzheim,Viernheimer BC,0:0,Runde 1,3,Freie Partie klein 1-1,Freilos,Freilos,,,,,,,,,0/0,,http://bvbw.billardarea.de/cms_leagues/matchday/350072
2021/2022,Oberliga Freie Partie kleines Billard,,,28.05.2022,14:00 Uhr,BF Pforzheim,Viernheimer BC,0:0,Runde 1,4,Freie Partie klein 1-1,Freilos,Freilos,,,,,,,,,0/0,,http://bvbw.billardarea.de/cms_leagues/matchday/350072
2021/2022,Oberliga Freie Partie kleines Billard,,,28.05.2022,14:00 Uhr,BF Pforzheim,Viernheimer BC,0:0,Runde 2,5,Freie Partie klein 1-1,Freilos,Freilos,,,,,,,,,0/0,,http://bvbw.billardarea.de/cms_leagues/matchday/350072
2021/2022,Oberliga Freie Partie kleines Billard,,,28.05.2022,14:00 Uhr,BF Pforzheim,Viernheimer BC,0:0,Runde 2,6,Freie Partie klein 1-1,Freilos,Freilos,,,,,,,,,0/0,,http://bvbw.billardarea.de/cms_leagues/matchday/350072
2021/2022,Oberliga 3-Band großes Billard,,,02.10.2021,14:00 Uhr,BF Pforzheim,Mannheimer BF,0:0,Runde 1,1,Dreiband groß 1-1,Freilos,Freilos,,,,,,,,,0/0,,http://bvbw.billardarea.de/cms_leagues/matchday/350120
2021/2022,Oberliga 3-Band großes Billard,,,02.10.2021,14:00 Uhr,BF Pforzheim,Mannheimer BF,0:0,Runde 1,2,Dreiband groß 1-1,Freilos,Freilos,,,,,,,,,0/0,,http://bvbw.billardarea.de/cms_leagues/matchday/350120
2021/2022,Oberliga 3-Band großes Billard,,,02.10.2021,14:00 Uhr,BF Pforzheim,Mannheimer BF,0:0,Runde 1,3,Dreiband groß 1-1,Freilos,Freilos,,,,,,,,,0/0,,http://bvbw.billardarea.de/cms_leagues/matchday/350120
2021/2022,Oberliga 3-Band großes Billard,,,02.10.2021,14:00 Uhr,BF Pforzheim,Mannheimer BF,0:0,Runde 1,4,Dreiband groß 1-1,Freilos,Freilos,,,,,,,,,0/0,,http://bvbw.billardarea.de/cms_leagues/matchday/350120
2021/2022,Oberliga 3-Band großes Billard,,,13.11.2021,14:00 Uhr,BC Stuttgart 1891 2,BF Pforzheim,0:0,Runde 1,1,Dreiband groß 1-1,Freilos,Freilos,,,,,,,,,0/0,,http://bvbw.billardarea.de/cms_leagues/matchday/350125
2021/2022,Oberliga 3-Band großes Billard,,,13.11.2021,14:00 Uhr,BC Stuttgart 1891 2,BF Pforzheim,0:0,Runde 1,2,Dreiband groß 1-1,Freilos,Freilos,,,,,,,,,0/0,,http://bvbw.billardarea.de/cms_leagues/matchday/350125
2021/2022,Oberliga 3-Band großes Billard,,,13.11.2021,14:00 Uhr,BC Stuttgart 1891 2,BF Pforzheim,0:0,Runde 1,3,Dreiband groß 1-1,Freilos,Freilos,,,,,,,,,0/0,,http://bvbw.billardarea.de/cms_leagues/matchday/350125
2021/2022,Oberliga 3-Band großes Billard,,,13.11.2021,14:00 Uhr,BC Stuttgart 1891 2,BF Pforzheim,0:0,Runde 1,4,Dreiband groß 1-1,Freilos,Freilos,,,,,,,,,0/0,,http://bvbw.billardarea.de/cms_leagues/matchday/350125
2021/2022,Oberliga 3-Band großes Billard,,,26.03.2022,14:00 Uhr,BF Pforzheim,Ravensburger BC,0:0,Runde 1,1,Dreiband groß 1-1,Freilos,Freilos,,,,,,,,,0/0,,http://bvbw.billardarea.de/cms_leagues/matchday/350129
2021/2022,Oberliga 3-Band großes Billard,,,26.03.2022,14:00 Uhr,BF Pforzheim,Ravensburger BC,0:0,Runde 1,2,Dreiband groß 1-1,Freilos,Freilos,,,,,,,,,0/0,,http://bvbw.billardarea.de/cms_leagues/matchday/350129
2021/2022,Oberliga 3-Band großes Billard,,,26.03.2022,14:00 Uhr,BF Pforzheim,Ravensburger BC,0:0,Runde 1,3,Dreiband groß 1-1,Freilos,Freilos,,,,,,,,,0/0,,http://bvbw.billardarea.de/cms_leagues/matchday/350129
2021/2022,Oberliga 3-Band großes Billard,,,26.03.2022,14:00 Uhr,BF Pforzheim,Ravensburger BC,0:0,Runde 1,4,Dreiband groß 1-1,Freilos,Freilos,,,,,,,,,0/0,,http://bvbw.billardarea.de/cms_leagues/matchday/350129
2021/2022,Oberliga 3-Band großes Billard,,,29.01.2022,14:00 Uhr,ESG Frankonia Karlsruhe,Mannheimer BF,0:0,Runde 1,1,Dreiband groß 1-1,Freilos,Freilos,,,,,,,,,0/0,,http://bvbw.billardarea.de/cms_leagues/matchday/350137
2021/2022,Oberliga 3-Band großes Billard,,,29.01.2022,14:00 Uhr,ESG Frankonia Karlsruhe,Mannheimer BF,0:0,Runde 1,2,Dreiband groß 1-1,Freilos,Freilos,,,,,,,,,0/0,,http://bvbw.billardarea.de/cms_leagues/matchday/350137
2021/2022,Oberliga 3-Band großes Billard,,,29.01.2022,14:00 Uhr,ESG Frankonia Karlsruhe,Mannheimer BF,0:0,Runde 1,3,Dreiband groß 1-1,Freilos,Freilos,,,,,,,,,0/0,,http://bvbw.billardarea.de/cms_leagues/matchday/350137
2021/2022,Oberliga 3-Band großes Billard,,,29.01.2022,14:00 Uhr,ESG Frankonia Karlsruhe,Mannheimer BF,0:0,Runde 1,4,Dreiband groß 1-1,Freilos,Freilos,,,,,,,,,0/0,,http://bvbw.billardarea.de/cms_leagues/matchday/350137
