scope,player,team,league,staffel,games,wins,losses,weighted_games,elo,elo_low,elo_high,elo_se,expected_wins,residual
8-Ball,Markus Buck,BSC Göppingen 2,Landesliga,Ost,7,7,0,6.20,1822,1493,2151,168,4.95,0.36
8-Ball,Erdem Dikici,BSV Filderstadt 4,Kreisliga A,Ost 1,9,9,0,7.87,1776,1487,2066,148,6.29,0.33
10-Ball,Markus Mauch,PBC Langenargen 2 | PBC Langenargen 3,Bezirksliga | Kreisliga A,Ost 2,16,16,0,10.21,1776,1510,2041,135,8.33,0.33
all,Markus Buck,BSC Göppingen 2,Landesliga,Ost,18,17,1,15.80,1769,1575,1963,99,11.74,0.32
8-Ball,Marius Sutor,PBC Offenburg 2,Landesliga,West,7,7,0,3.96,1757,1398,2115,183,2.88,0.31
9-Ball,Philipp Lisenko,P&S Denzlingen 1 | P&S Denzlingen 2,Landesliga,West,10,9,1,7.72,1752,1465,2038,146,6.07,0.31
all,Stefan Künzl,BSV Shooters Fellbach 1,Bezirksliga,Ost 2,2,2,0,2.00,1750,1265,2235,247,1.57,0.31
all,Markus Strauß,BV Villingen-Schwenningen 1,Landesliga,West,20,19,1,6.78,1748,1466,2030,144,4.97,0.31
league:Bezirksliga,Stefan Künzl,BSV Shooters Fellbach 1,Bezirksliga,Ost 2,2,2,0,2.00,1746,1261,2231,247,1.57,0.30
8-Ball,Philipp Lisenko,P&S Denzlingen 1 | P&S Denzlingen 2,Landesliga,West,7,6,1,4.97,1744,1429,2059,161,3.45,0.30
all,Paul Halton,BV Backnang/Welzheim 1,Kreisliga A,Ost 2,2,2,0,2.00,1729,1218,2240,261,1.66,0.29
league:Kreisliga A,Paul Halton,BV Backnang/Welzheim 1,Kreisliga A,Ost 2,2,2,0,2.00,1729,1218,2240,261,1.66,0.29
8-Ball,Markus Mauch,PBC Langenargen 2,Bezirksliga,Ost 2,2,2,0,1.74,1723,1236,2209,248,1.31,0.28
8-Ball,Daniel Moll,BV Markdorf 1 | BV Markdorf 2,Bezirksliga | Landesliga,Ost | Ost 2,19,17,2,12.64,1722,1515,1929,106,8.81,0.28
8-Ball,Sascha Sauer,BSV Filderstadt 2 | BSV Filderstadt 3 | BSV Filderstadt 4,Bezirksliga | Landesliga,Ost | Ost 1,32,27,5,20.71,1722,1550,1895,88,15.45,0.28
10-Ball,Frank Wagenmann,PBC Offenburg 2,Landesliga,West,1,1,0,0.80,1720,1148,2293,292,0.52,0.28
all,Károly Kis,BC Bad Schussenried 1,Landesliga,Ost,16,14,2,11.07,1719,1512,1927,106,7.10,0.28
8-Ball,Matthias Ludersdorfer,Tübinger BC 1,Bezirksliga,Ost 1,2,2,0,1.70,1719,1232,2205,248,1.28,0.28
league:Landesliga,Markus Strauß,BV Villingen-Schwenningen 1,Landesliga,West,20,19,1,6.78,1718,1436,1999,144,5.00,0.28
all,Philipp Lisenko,P&S Denzlingen 1 | P&S Denzlingen 2,Landesliga,West,46,42,4,35.12,1718,1588,1849,67,25.73,0.28
8-Ball,Lutz Metzner,BV Markdorf 1 | BV Markdorf 2,Bezirksliga | Landesliga,Ost | Ost 2,7,7,0,3.13,1714,1336,2091,193,2.19,0.27
league:Kreisliga A,Erdem Dikici,BSV Filderstadt 4,Kreisliga A,Ost 1,24,19,5,20.70,1708,1545,1871,83,14.68,0.27
league:Kreisliga A,Markus Mauch,PBC Langenargen 3,Kreisliga A,Ost 2,16,16,0,6.69,1708,1413,2002,150,5.09,0.27
10-Ball,Markus Strauß,BV Villingen-Schwenningen 1,Landesliga,West,10,9,1,3.39,1706,1338,2073,188,2.42,0.27
all,Sven Deschner,BV Villingen-Schwenningen 1,Landesliga,West,14,13,1,4.77,1705,1391,2019,160,3.31,0.26
league:Landesliga,Markus Buck,BSC Göppingen 2,Landesliga,Ost,18,17,1,15.80,1704,1510,1898,99,11.80,0.26
all,Matthias Ludersdorfer,Tübinger BC 1 | Tübinger BC 2,Bezirksliga | Kreisliga A | Landesliga,Ost | Ost 1,24,22,2,16.87,1704,1520,1887,94,12.19,0.26
all,Daniel Moll,BV Markdorf 1 | BV Markdorf 2,Bezirksliga | Landesliga,Ost | Ost 2,42,36,6,28.86,1702,1567,1837,69,19.27,0.26
14/1e,Markus Buck,BSC Göppingen 2,Landesliga,Ost,9,9,0,7.90,1700,1447,1953,129,5.51,0.26
8-Ball,Markus Rütten,BC Dreiländereck 1,Bezirksliga | Landesliga,West | West 1,8,7,1,5.23,1697,1403,1991,150,3.46,0.26
8-Ball,Osman Büyük,BSV Filderstadt 2 | BSV Filderstadt 3,Bezirksliga,Ost 1,12,11,1,8.67,1696,1437,1955,132,6.58,0.26
all,Lutz Metzner,BV Markdorf 1 | BV Markdorf 2,Bezirksliga | Landesliga,Ost | Ost 2,34,31,3,14.59,1695,1508,1883,96,9.96,0.25
league:Kreisliga A,Aristidis Michailidis,BSV Filderstadt 4,Kreisliga A,Ost 1,3,3,0,1.93,1693,1268,2117,216,1.18,0.25
10-Ball,Matthias Stolz,BSV Shooters Fellbach 2,Kreisliga A,Ost 1,1,1,0,1.00,1693,1137,2249,284,0.75,0.25
8-Ball,Fikret Tasdemir,P&S Denzlingen 1,Landesliga,West,34,30,4,17.60,1692,1518,1866,89,12.07,0.25
9-Ball,Stefan Künzl,BSV Shooters Fellbach 1,Bezirksliga,Ost 2,1,1,0,1.00,1692,1136,2248,284,0.75,0.25
8-Ball,Christian Schaber,PBC Langenargen 2 | PBC Langenargen 3,Bezirksliga,Ost 2,7,7,0,3.85,1691,1342,2040,178,2.77,0.25
10-Ball,Wolfgang Stimmer,PBC Ochsenhausen 2,Bezirksliga | Kreisliga A,Ost 2,17,16,1,6.80,1691,1413,1969,142,4.98,0.25
8-Ball,Berthold Moser,PBC Bräunlingen 1,Landesliga,West,23,20,3,17.87,1690,1511,1868,91,12.63,0.25
league:Kreisliga A,Rainer Hermann,BSC Göppingen 2,Kreisliga A,Ost 1,16,16,0,5.32,1690,1363,2018,167,4.15,0.25
league:Bezirksliga,Matthias Ludersdorfer,Tübinger BC 1 | Tübinger BC 2,Bezirksliga,Ost 1,20,18,2,15.38,1689,1501,1877,96,10.83,0.25
league:Bezirksliga,Stephan Rau,P&S Denzlingen 2,Bezirksliga,West 1,6,6,0,3.07,1689,1283,2095,207,2.40,0.25
all,Christian Schaber,PBC Langenargen 2 | PBC Langenargen 3,Bezirksliga,Ost 2,18,18,0,10.00,1688,1459,1917,117,7.14,0.25
all,Marius Sutor,PBC Offenburg 2,Landesliga,West,70,60,10,37.25,1688,1567,1810,62,25.54,0.25
8-Ball,Sven Deschner,BV Villingen-Schwenningen 1,Landesliga,West,7,7,0,2.38,1688,1285,2090,205,1.53,0.25
8-Ball,Wadea Al Mahamid,Tübinger BC 1,Bezirksliga | Landesliga,Ost | Ost 1,34,28,6,20.45,1688,1522,1854,85,14.37,0.25
14/1e,Károly Kis,BC Bad Schussenried 1,Landesliga,Ost,8,8,0,5.53,1687,1405,1969,144,3.53,0.25
all,Markus Mauch,PBC Langenargen 2 | PBC Langenargen 3,Bezirksliga | Kreisliga A,Ost 2,34,32,2,22.16,1686,1525,1846,82,16.11,0.24
league:Bezirksliga,Markus Rütten,BC Dreiländereck 1,Bezirksliga,West 1,6,6,0,5.25,1685,1388,1981,151,3.58,0.24
league:Landesliga,Philipp Lisenko,P&S Denzlingen 1 | P&S Denzlingen 2,Landesliga,West,46,42,4,35.12,1683,1552,1813,67,25.77,0.24
all,Randee Ramzi Yalda,BSV Pfullingen 1,Landesliga,Ost | West,24,20,4,13.56,1682,1494,1870,96,8.47,0.24
8-Ball,Steffen Graf,BV Villingen-Schwenningen 1 | BV Villingen-Schwenningen 2,Bezirksliga | Landesliga,West | West 1,15,13,2,10.85,1682,1450,1914,118,8.09,0.24
all,Pavlos Dadakos,PBC Reutlingen 1,Landesliga,West,2,2,0,2.00,1681,1257,2104,216,1.30,0.24
league:Kreisliga A,Marc Wegenast,BC Weingarten 1,Kreisliga A,Ost 2,18,16,2,7.27,1680,1415,1946,135,5.05,0.24
9-Ball,Florian Rasser,BC Dreiländereck 1,Bezirksliga,West 1,8,8,0,6.69,1679,1388,1970,149,5.13,0.24
8-Ball,Károly Kis,BC Bad Schussenried 1,Landesliga,Ost,8,6,2,5.53,1678,1401,1956,142,3.36,0.24
8-Ball,Daniel Kalnak,BSV Pfullingen 1 | BSV Pfullingen 3 | BSV Pfullingen 4,Bezirksliga | Kreisliga A | Landesliga,Ost | Ost 1,13,12,1,6.85,1676,1407,1945,137,4.75,0.23
8-Ball,Johanna Indlekofer,BC Dreiländereck 1 | BC Dreiländereck 2,Landesliga,West,4,4,0,1.93,1676,1238,2115,224,1.34,0.23
9-Ball,Matthias Ludersdorfer,Tübinger BC 1 | Tübinger BC 2,Bezirksliga | Kreisliga A | Landesliga,Ost | Ost 1,8,8,0,5.21,1676,1367,1985,158,3.72,0.23
league:Landesliga,Sven Deschner,BV Villingen-Schwenningen 1,Landesliga,West,14,13,1,4.77,1675,1362,1988,160,3.34,0.23
8-Ball,Thomas Metzler,PBC Bad Saulgau 2 | PBC Bad Saulgau 4,Bezirksliga | Kreisliga A,Ost 2,29,28,1,15.11,1674,1477,1870,100,11.19,0.23
8-Ball,Andreas Loderer,BC Bad Schussenried 1,Bezirksliga | Landesliga,Ost | Ost 2,32,31,1,16.93,1673,1500,1846,88,11.20,0.23
all,Frank Gebert,BC Blaustein 1 | BSV Filderstadt 3,Landesliga,Ost,28,23,5,16.75,1673,1504,1842,86,10.43,0.23
8-Ball,Stephan Rau,P&S Denzlingen 1 | P&S Denzlingen 2,Bezirksliga | Landesliga,West | West 1,11,10,1,6.17,1673,1391,1955,144,4.08,0.23
league:Kreisliga A,Thomas Metzler,PBC Bad Saulgau 3 | PBC Bad Saulgau 4,Kreisliga A,Ost 2,69,59,10,29.86,1671,1535,1807,69,20.67,0.23
all,Erdem Dikici,BSV Filderstadt 4,Kreisliga A,Ost 1,24,19,5,20.70,1669,1506,1832,83,14.73,0.23
league:Bezirksliga,Florian Rasser,BC Dreiländereck 1,Bezirksliga,West 1,22,21,1,18.61,1669,1492,1846,90,13.75,0.23
10-Ball,Frank Gebert,BC Blaustein 1 | BSV Filderstadt 3,Landesliga,Ost,8,7,1,5.88,1669,1392,1946,141,3.84,0.23
14/1e,Philipp Lisenko,P&S Denzlingen 1 | P&S Denzlingen 2,Landesliga,West,20,20,0,15.40,1669,1485,1852,93,10.64,0.23
8-Ball,Raphael Titzmann,BSV Filderstadt 1 | BSV Filderstadt 3,Landesliga,Ost,5,4,1,2.32,1669,1282,2057,198,1.27,0.23
league:Bezirksliga,Martin Doster,BSC Göppingen 1,Bezirksliga,Ost 1,22,21,1,12.15,1668,1452,1883,110,8.85,0.22
10-Ball,Philipp Lisenko,P&S Denzlingen 1 | P&S Denzlingen 2,Landesliga,West,9,7,2,7.02,1668,1403,1933,135,4.79,0.22
league:Bezirksliga,Steffen Graf,BV Villingen-Schwenningen 2,Bezirksliga,West 1,44,41,3,34.91,1668,1534,1803,69,26.11,0.22
league:Bezirksliga,Christian Schaber,PBC Langenargen 2 | PBC Langenargen 3,Bezirksliga,Ost 2,18,18,0,10.00,1667,1438,1896,117,7.16,0.22
league:Bezirksliga,Thomas Weniger,BSV Tiengen 3,Bezirksliga,West 1,9,8,1,6.27,1667,1377,1957,148,4.55,0.22
10-Ball,Goran Švab,BSV Filderstadt 3,Landesliga,Ost,3,3,0,1.55,1665,1217,2113,228,0.90,0.22
10-Ball,Lutz Metzner,BV Markdorf 1,Landesliga,Ost,9,8,1,3.80,1665,1336,1994,168,2.39,0.22
9-Ball,Pavlos Dadakos,PBC Reutlingen 1,Landesliga,West,1,1,0,1.00,1665,1145,2186,266,0.65,0.22
all,Dieter Seitz,BC Bad Schussenried 2,Bezirksliga | Landesliga,Ost | Ost 2,46,40,6,35.40,1664,1545,1783,61,22.43,0.22
10-Ball,Sven Wezstein,PBC Bietigheim-Bissingen 1,Bezirksliga,Ost 1,1,1,0,1.00,1663,1105,2220,284,0.78,0.22
all,Christian Rossa,BSV Pfullingen 1,Landesliga,Ost,16,12,4,6.78,1661,1402,1919,132,4.28,0.22
all,Ihor Lialin,BSV Tiengen 2,Landesliga,West,12,11,1,5.18,1661,1365,1957,151,3.34,0.22
all,Ralf Grießhaber,BV Villingen-Schwenningen 1,Landesliga,West,20,16,4,6.78,1661,1403,1920,132,4.31,0.22
9-Ball,Wadea Al Mahamid,Tübinger BC 1,Bezirksliga | Landesliga,Ost | Ost 1,9,7,2,5.01,1661,1359,1964,154,3.34,0.22
9-Ball,Thomas Metzler,PBC Bad Saulgau 2 | PBC Bad Saulgau 3 | PBC Bad Saulgau 4,Bezirksliga | Kreisliga A,Ost 2,11,10,1,5.21,1660,1359,1961,154,3.64,0.22
8-Ball,Michael Reichert,PBC Freudenstadt 1 | PBC Freudenstadt 2,Landesliga,West,20,17,3,9.37,1659,1434,1885,115,6.08,0.21
all,Fikret Tasdemir,P&S Denzlingen 1,Landesliga,West,72,60,12,36.93,1658,1540,1776,60,24.03,0.21
league:Kreisliga A,Michael Grad,BSV Pfullingen 4,Kreisliga A,Ost 1,10,10,0,4.33,1658,1338,1978,163,2.92,0.21
all,Daniel Kalnak,BSV Pfullingen 1 | BSV Pfullingen 2 | BSV Pfullingen 3 | BSV Pfullingen 4,Bezirksliga | Kreisliga A | Landesliga,Ost | Ost 1,45,41,4,25.09,1657,1511,1802,74,17.00,0.21
9-Ball,Fikret Tasdemir,P&S Denzlingen 1,Landesliga,West,5,5,0,2.73,1657,1283,2031,191,1.70,0.21
all,Raphael Titzmann,BSV Filderstadt 1 | BSV Filderstadt 2 | BSV Filderstadt 3 | BSV Filderstadt 4,Bezirksliga | Kreisliga A | Landesliga,Ost | Ost 1,32,24,8,17.25,1657,1487,1827,87,11.20,0.21
league:Kreisliga A,Raphael Titzmann,BSV Filderstadt 4,Kreisliga A,Ost 1,4,4,0,3.49,1657,1294,2020,185,2.53,0.21
14/1e,Markus Strauß,BV Villingen-Schwenningen 1,Landesliga,West,9,9,0,3.06,1656,1289,2023,187,2.09,0.21
10-Ball,Raphael Titzmann,BSV Filderstadt 1 | BSV Filderstadt 2 | BSV Filderstadt 3 | BSV Filderstadt 4,Bezirksliga | Kreisliga A | Landesliga,Ost | Ost 1,10,7,3,6.66,1656,1391,1920,135,4.41,0.21
8-Ball,Rasul Ghanavat,PBC Reutlingen 2,Bezirksliga,Ost 1,1,1,0,0.88,1656,1092,2219,287,0.67,0.21
8-Ball,Aristidis Michailidis,BSV Filderstadt 2 | BSV Filderstadt 3 | BSV Filderstadt 4,Bezirksliga | Kreisliga A,Ost 1,14,12,2,11.65,1655,1443,1867,108,7.94,0.21
all,Andreas Loderer,BC Bad Schussenried 1,Bezirksliga | Landesliga,Ost | Ost 2,82,70,12,41.64,1654,1545,1763,56,25.78,0.21
all,Mike Dörfler,BC Dreiländereck 1,Landesliga,West,10,10,0,5.41,1654,1365,1944,148,3.57,0.21
10-Ball,Sven Deschner,BV Villingen-Schwenningen 1,Landesliga,West,3,3,0,1.05,1654,1147,2160,258,0.66,0.21
league:Kreisliga A,Harald Reutter,BC Blaustein 1,Kreisliga A,Ost 2,28,26,2,9.44,1653,1418,1887,120,6.55,0.21
8-Ball,Martin Doster,BSC Göppingen 1 | BSC Göppingen 2,Bezirksliga | Landesliga,Ost | Ost 1,36,28,8,22.02,1653,1504,1803,76,13.45,0.21
all,Berthold Moser,PBC Bräunlingen 1,Landesliga,West,46,38,8,35.74,1652,1531,1773,62,23.43,0.21
8-Ball,Herbert Schiele,PBC Langenargen 1,Landesliga,Ost,12,8,4,4.28,1652,1337,1968,161,2.53,0.21
league:Landesliga,Marius Sutor,PBC Offenburg 2,Landesliga,West,70,60,10,37.25,1652,1530,1773,62,25.58,0.21
all,Rainer Hermann,BSC Göppingen 1 | BSC Göppingen 2,Bezirksliga | Kreisliga A | Landesliga,Ost | Ost 1,84,70,14,48.51,1652,1548,1757,53,31.83,0.21
9-Ball,Adrian Cabanillas Lora,BSV Shooters Fellbach 1,Bezirksliga,Ost 2,1,1,0,1.00,1651,1092,2210,285,0.80,0.20
all,Andreas Jörg,BBC Plochingen 1,Bezirksliga | Landesliga,Ost | Ost 1,33,28,5,13.81,1651,1463,1838,96,8.86,0.20
all,Thomas Gäckle,PF Calw 2,Bezirksliga,West 1,2,2,0,2.00,1651,1185,2118,238,1.59,0.21
league:Bezirksliga,Thomas Gäckle,PF Calw 2,Bezirksliga,West 1,2,2,0,2.00,1651,1185,2118,238,1.59,0.21
8-Ball,Tien Dat Ngo,BC Weingarten 1,Bezirksliga,Ost 2,2,2,0,1.37,1651,1177,2126,242,0.89,0.21
8-Ball,Adhurim Tafa,BSC Göppingen 3,Bezirksliga,Ost 1,4,4,0,2.63,1650,1267,2033,196,1.75,0.20
league:Kreisliga A,Bernd Dorenburg,BSV Pfullingen 2 | BSV Pfullingen 5,Kreisliga A,Ost 1,18,15,3,11.80,1650,1440,1861,108,8.17,0.20
league:Bezirksliga,Markus Mauch,PBC Langenargen 2,Bezirksliga,Ost 2,18,16,2,15.47,1650,1467,1833,93,10.79,0.20
14/1e,Randee Ramzi Yalda,BSV Pfullingen 1,Landesliga,Ost | West,5,4,1,3.84,1650,1324,1975,166,2.32,0.20
all,Thomas Metzler,PBC Bad Saulgau 2 | PBC Bad Saulgau 3 | PBC Bad Saulgau 4,Bezirksliga | Kreisliga A,Ost 2,87,75,12,42.22,1650,1535,1764,58,29.17,0.20
10-Ball,Yilmaz Aygün,P&S Denzlingen 1,Landesliga,West,17,15,2,10.06,1650,1434,1865,110,6.33,0.20
8-Ball,Christian Rossa,BSV Pfullingen 1,Landesliga,Ost,8,6,2,3.39,1649,1295,2003,181,2.20,0.20
league:Landesliga,Károly Kis,BC Bad Schussenried 1,Landesliga,Ost,16,14,2,11.07,1649,1441,1856,106,7.18,0.20
10-Ball,Marius Sutor,PBC Offenburg 2,Landesliga,West,27,21,6,14.54,1649,1463,1834,95,9.56,0.20
10-Ball,Michael Grad,BSV Pfullingen 3 | BSV Pfullingen 4,Bezirksliga | Kreisliga A,Ost 1,9,7,2,4.54,1649,1332,1965,161,3.09,0.20
8-Ball,Norbert Kabas,P&S Denzlingen 2 | P&S Denzlingen 3,Bezirksliga | Landesliga,West | West 1,13,12,1,10.93,1649,1434,1864,110,7.39,0.20
all,Orhan Parama,BSC Göppingen 1 | BSC Göppingen 2,Landesliga,Ost,40,29,11,24.80,1649,1509,1789,71,15.37,0.20
8-Ball,Dieter Seitz,BC Bad Schussenried 2,Bezirksliga | Landesliga,Ost | Ost 2,23,19,4,17.70,1648,1481,1815,85,11.29,0.20
8-Ball,Franz Meschenmoser,PBC Bad Saulgau 2 | PBC Bad Saulgau 3 | PBC Bad Saulgau 4,Bezirksliga | Kreisliga A,Ost 2,20,16,4,9.03,1647,1410,1885,121,6.22,0.20
all,Benjamin Jung,PBC Freudenstadt 2,Landesliga,West,2,2,0,0.88,1646,1127,2165,265,0.43,0.20
8-Ball,David Party,PBC Offenburg 2 | PBC Offenburg 4,Bezirksliga | Landesliga,West | West 1,12,8,4,6.87,1646,1385,1906,133,4.51,0.20
10-Ball,Andreas Jörg,BBC Plochingen 1,Bezirksliga | Landesliga,Ost | Ost 1,11,10,1,4.78,1645,1338,1953,157,3.28,0.20
league:Bezirksliga,Daniel Kalnak,BSV Pfullingen 2 | BSV Pfullingen 3,Bezirksliga,Ost 1,18,17,1,10.05,1645,1416,1874,117,7.17,0.20
league:Bezirksliga,Dieter Seitz,BC Bad Schussenried 2,Bezirksliga,Ost 2,22,20,2,14.88,1645,1459,1830,95,10.18,0.20
8-Ball,Florian Brugger,PBC Bräunlingen 2,Bezirksliga | Landesliga,West | West 2,3,3,0,1.34,1645,1166,2123,244,0.89,0.20
all,Oliver Hauke,PF Calw 2,Bezirksliga,West 1,2,2,0,2.00,1645,1183,2108,236,1.58,0.20
league:Bezirksliga,Oliver Hauke,PF Calw 2,Bezirksliga,West 1,2,2,0,2.00,1645,1183,2108,236,1.58,0.20
8-Ball,Markus Appenowitz,BSV Filderstadt 2 | BSV Filderstadt 3,Bezirksliga | Landesliga,Ost | Ost 1,10,9,1,7.40,1644,1383,1905,133,5.25,0.20
all,Thomas Rehmann,BV Markdorf 1 | BV Markdorf 2,Bezirksliga | Landesliga,Ost | Ost 2,59,44,15,36.02,1644,1528,1759,59,21.14,0.20
all,Wadea Al Mahamid,Tübinger BC 1,Bezirksliga | Landesliga,Ost | Ost 1,92,75,17,55.97,1644,1546,1742,50,37.09,0.20
8-Ball,Bernd Dorenburg,BSV Pfullingen 1 | BSV Pfullingen 2 | BSV Pfullingen 3 | BSV Pfullingen 5,Bezirksliga | Kreisliga A | Landesliga,Ost | Ost 1,10,6,4,5.38,1643,1348,1938,150,3.60,0.19
14/1e,Daniel Moll,BV Markdorf 1 | BV Markdorf 2,Bezirksliga | Landesliga,Ost | Ost 2,21,17,4,14.43,1643,1462,1825,92,8.92,0.20
8-Ball,Timo Sillner,BC Stuttgart 1891 2,Landesliga,Ost,1,1,0,1.00,1643,1140,2145,256,0.56,0.19
league:Bezirksliga,Wadea Al Mahamid,Tübinger BC 1,Bezirksliga,Ost 1,78,69,9,51.33,1643,1539,1746,53,34.87,0.19
all,Wolfgang Stimmer,PBC Ochsenhausen 2,Bezirksliga | Kreisliga A,Ost 2,52,44,8,19.80,1643,1482,1803,82,13.12,0.19
league:Bezirksliga,Wolfgang Stimmer,PBC Ochsenhausen 2,Bezirksliga,Ost 2,24,20,4,10.34,1643,1427,1859,110,6.84,0.20
14/1e,Andreas Jörg,BBC Plochingen 1,Bezirksliga | Landesliga,Ost | Ost 1,17,16,1,7.11,1642,1387,1897,130,4.69,0.19
8-Ball,Brian Biercher,BSV Tiengen 2,Landesliga,West,10,6,4,6.75,1642,1382,1901,132,4.13,0.19
8-Ball,Dominik Netzhammer,BSV Tiengen 2 | BSV Tiengen 3,Bezirksliga | Landesliga,West | West 1,21,18,3,13.68,1642,1446,1839,100,9.44,0.19
8-Ball,Georg Winter,BV Markdorf 1 | BV Markdorf 2,Bezirksliga | Landesliga,Ost | Ost 2,28,16,12,14.96,1642,1461,1822,92,8.68,0.19
league:Bezirksliga,Goran Švab,BSV Filderstadt 4,Bezirksliga,Ost 1,12,11,1,3.88,1642,1318,1967,165,2.48,0.19
14/1e,Matthias Ludersdorfer,Tübinger BC 1 | Tübinger BC 2,Bezirksliga | Kreisliga A | Landesliga,Ost | Ost 1,10,9,1,7.07,1642,1384,1901,132,4.77,0.19
all,Michael Strohmaier,BSV Tiengen 2,Landesliga,West,41,28,13,23.26,1642,1496,1788,75,14.29,0.19
league:Bezirksliga,Rainer Hermann,BSC Göppingen 2,Bezirksliga,Ost 1,45,39,6,23.90,1642,1492,1792,76,16.29,0.19
8-Ball,Randee Ramzi Yalda,BSV Pfullingen 1,Landesliga,Ost,10,8,2,5.09,1642,1356,1928,146,2.90,0.19
league:Landesliga,Ihor Lialin,BSV Tiengen 2,Landesliga,West,12,11,1,5.18,1641,1348,1934,149,3.36,0.19
all,Martin Doster,BSC Göppingen 1 | BSC Göppingen 2,Bezirksliga | Landesliga,Ost | Ost 1,82,56,26,50.98,1641,1543,1738,50,29.59,0.19
9-Ball,Michael Strohmaier,BSV Tiengen 2,Landesliga,West,10,7,3,6.80,1641,1383,1898,131,4.11,0.19
all,Florian Rasser,BC Dreiländereck 1,Bezirksliga,West 1,22,21,1,18.61,1640,1463,1818,90,13.79,0.19
league:Kreisliga A,Franz Meschenmoser,PBC Bad Saulgau 3 | PBC Bad Saulgau 4,Kreisliga A,Ost 2,66,56,10,28.34,1640,1504,1776,69,18.95,0.19
10-Ball,Stefan Weiner,BV Villingen-Schwenningen 2,Bezirksliga,West 1 | West 2,14,11,3,10.57,1640,1421,1859,112,7.33,0.19
9-Ball,Franz Meschenmoser,PBC Bad Saulgau 2 | PBC Bad Saulgau 4,Bezirksliga | Kreisliga A,Ost 2,14,11,3,7.79,1639,1396,1882,124,5.02,0.19
all,Holger Domdey,BC Blaustein 1,Bezirksliga | Kreisliga A | Landesliga,Ost | Ost 2,86,61,25,54.00,1639,1544,1733,48,31.86,0.19
14/1e,Marius Sutor,PBC Offenburg 2,Landesliga,West,33,29,4,17.59,1639,1470,1809,86,11.79,0.19
10-Ball,Randee Ramzi Yalda,BSV Pfullingen 1,Landesliga,Ost,7,6,1,3.21,1639,1293,1985,176,1.97,0.19
10-Ball,Sascha Sauer,BSV Filderstadt 1 | BSV Filderstadt 3 | BSV Filderstadt 4,Bezirksliga | Landesliga,Ost | Ost 1,25,20,5,13.72,1639,1449,1830,97,9.03,0.19
all,Maurizio Reith,PBC Offenburg 4,Landesliga,West,26,20,6,14.11,1638,1457,1820,93,8.41,0.19
league:Kreisliga A,Thomas Enge,PBC Reutlingen 3,Kreisliga A,Ost 1,11,9,2,7.50,1638,1382,1893,130,5.04,0.19
all,Timo Sillner,BC Stuttgart 1891 2,Landesliga,Ost,2,2,0,2.00,1638,1230,2046,208,1.16,0.19
8-Ball,Habib Karadal,BV Pforzheim 2,Landesliga,West,1,1,0,1.00,1637,1136,2139,256,0.56,0.19
all,Sascha Sauer,BSV Filderstadt 1 | BSV Filderstadt 2 | BSV Filderstadt 3 | BSV Filderstadt 4,Bezirksliga | Landesliga,Ost | Ost 1,97,78,19,60.93,1637,1543,1730,48,40.21,0.19
league:Bezirksliga,Tobias Küderle,PBC Offenburg 3,Bezirksliga,West 1,10,8,2,3.32,1637,1294,1981,175,2.05,0.19
9-Ball,Holger Domdey,BC Blaustein 1,Bezirksliga | Kreisliga A | Landesliga,Ost | Ost 2,42,32,10,26.32,1636,1500,1773,70,16.71,0.19
league:Landesliga,Lutz Metzner,BV Markdorf 1,Landesliga,Ost,32,29,3,13.58,1636,1443,1830,99,9.26,0.19
8-Ball,Frank Gebert,BC Blaustein 1 | BSV Filderstadt 3,Landesliga,Ost,8,6,2,5.40,1635,1356,1915,143,3.29,0.19
league:Landesliga,Bernd Dorenburg,BSV Pfullingen 1,Landesliga,Ost,2,2,0,0.89,1634,1107,2161,269,0.58,0.18
league:Bezirksliga,Daniel Moll,BV Markdorf 2,Bezirksliga,Ost 2,8,7,1,3.53,1634,1298,1970,172,2.23,0.18
10-Ball,Eric Sorg,BSV Shooters Fellbach 1,Bezirksliga,Ost 2,1,1,0,1.00,1634,1123,2145,261,0.65,0.18
8-Ball,Gerald Ströbele,PBC Langenargen 1 | PBC Langenargen 2 | PBC Langenargen 3,Bezirksliga | Kreisliga A | Landesliga,Ost | Ost 2,23,21,2,14.24,1634,1440,1828,99,9.79,0.18
all,Josip Ceko,TV Cannstatt 3,Bezirksliga,Ost 1,2,2,0,2.00,1634,1155,2113,244,1.65,0.18
league:Bezirksliga,Josip Ceko,TV Cannstatt 3,Bezirksliga,Ost 1,2,2,0,2.00,1634,1155,2113,244,1.65,0.18
9-Ball,Kai Kiss,BSV Tiengen 2,Landesliga,West,19,15,4,10.89,1634,1422,1846,108,7.16,0.18
all,Michael Grad,BSV Pfullingen 3 | BSV Pfullingen 4,Bezirksliga | Kreisliga A,Ost 1,29,26,3,14.86,1634,1450,1818,94,9.89,0.18
league:Landesliga,Benjamin Jung,PBC Freudenstadt 2,Landesliga,West,2,2,0,0.88,1633,1117,2148,263,0.45,0.18
all,Bessim Bessim Oglou,BC Aalen 3,Landesliga,Ost,2,1,1,2.00,1633,1226,2040,208,1.12,0.18
league:Kreisliga A,Daniel Kalnak,BSV Pfullingen 4,Kreisliga A,Ost 1,13,13,0,5.45,1633,1342,1924,148,3.66,0.18
league:Landesliga,Daniel Moll,BV Markdorf 1,Landesliga,Ost,34,29,5,25.33,1633,1490,1777,73,16.93,0.18
league:Bezirksliga,Marc Wegenast,BC Weingarten 1,Bezirksliga,Ost 2,16,15,1,9.00,1633,1399,1868,119,6.16,0.18
10-Ball,Matthias Ludersdorfer,Tübinger BC 1 | Tübinger BC 2,Bezirksliga,Ost 1,4,3,1,2.89,1633,1268,1998,186,1.80,0.18
10-Ball,Orhan Parama,BSC Göppingen 1 | BSC Göppingen 2,Landesliga,Ost,20,15,5,12.40,1633,1440,1827,99,7.52,0.18
14/1e,Stefan Künzl,BSV Shooters Fellbach 1,Bezirksliga,Ost 2,1,1,0,1.00,1633,1114,2153,265,0.69,0.18
14/1e,Steffen Graf,BV Villingen-Schwenningen 1 | BV Villingen-Schwenningen 2,Bezirksliga | Landesliga,West | West 1,23,22,1,17.79,1633,1452,1815,93,13.18,0.18
all,Steffen Graf,BV Villingen-Schwenningen 1 | BV Villingen-Schwenningen 2,Bezirksliga | Landesliga,West | West 1,48,44,4,36.26,1633,1503,1764,67,26.82,0.18
9-Ball,Uwe Lang,BC Dreiländereck 1 | BC Dreiländereck 2 | PBC Offenburg 2,Landesliga,West,12,10,2,6.48,1633,1366,1900,136,4.01,0.18
league:Bezirksliga,David Party,PBC Offenburg 4,Bezirksliga,West 1,24,21,3,16.18,1632,1457,1807,89,10.51,0.18
14/1e,Dieter Seitz,BC Bad Schussenried 2,Bezirksliga | Landesliga,Ost | Ost 2,23,21,2,17.70,1632,1468,1796,84,10.97,0.18
8-Ball,Florian Rasser,BC Dreiländereck 1,Bezirksliga,West 1,11,10,1,9.31,1632,1396,1868,121,6.58,0.18
all,Goran Švab,BSV Filderstadt 3 | BSV Filderstadt 4,Bezirksliga | Landesliga,Ost | Ost 1,30,23,7,12.95,1632,1446,1818,95,7.38,0.18
8-Ball,Hakan Toprak,Tübinger BC 2,Bezirksliga | Kreisliga A,Ost 1,8,7,1,4.07,1632,1309,1956,165,2.66,0.18
all,Michael Reichert,PBC Freudenstadt 1 | PBC Freudenstadt 2,Landesliga,West,40,32,8,18.84,1632,1473,1792,81,11.50,0.18
league:Landesliga,Ralf Grießhaber,BV Villingen-Schwenningen 1,Landesliga,West,20,16,4,6.78,1632,1374,1890,132,4.34,0.18
8-Ball,Thomas Weniger,BSV Tiengen 3,Bezirksliga | Landesliga,West | West 1,11,9,2,8.59,1632,1393,1871,122,5.65,0.18
8-Ball,Alexandros Vassiliadis,PBC Aalen 1,Bezirksliga,Ost 2,1,1,0,1.00,1631,1068,2195,287,0.82,0.18
league:Bezirksliga,Harald Reutter,BC Blaustein 1,Bezirksliga,Ost 2,24,20,4,10.27,1631,1417,1845,109,6.50,0.18
8-Ball,Jens Pfaff,BSC Lions Bietigheim 2,Kreisliga A,West 1,1,1,0,1.00,1631,1068,2195,287,0.82,0.18
8-Ball,Joshua Bartsch,PBC Aalen 1,Bezirksliga,Ost 2,1,1,0,1.00,1631,1068,2195,287,0.82,0.18
10-Ball,Josip Ceko,TV Cannstatt 3,Bezirksliga,Ost 1,1,1,0,1.00,1631,1068,2195,287,0.82,0.18
10-Ball,Luka Fuchs,PP Böblingen 2,Kreisliga A,West 2,1,1,0,1.00,1631,1068,2195,287,0.82,0.18
10-Ball,Marouen Marzouki,BC Stuttgart 1891 6,Kreisliga A,Ost 1,1,1,0,1.00,1631,1068,2195,287,0.82,0.18
all,Michael Matschewsky,PBC Freudenstadt 1,Landesliga,West,16,12,4,5.35,1631,1351,1910,143,2.89,0.18
10-Ball,Oliver Hauke,PF Calw 2,Bezirksliga,West 1,1,1,0,1.00,1631,1068,2195,287,0.82,0.18
all,Osman Büyük,BSV Filderstadt 2 | BSV Filderstadt 3,Bezirksliga,Ost 1,26,20,6,18.97,1631,1469,1794,83,12.27,0.18
8-Ball,Pascal Habiger,BV Pforzheim 3,Bezirksliga,West 1,1,1,0,1.00,1631,1068,2195,287,0.82,0.18
8-Ball,Paul Halton,BV Backnang/Welzheim 1,Kreisliga A,Ost 2,1,1,0,1.00,1631,1068,2195,287,0.82,0.18
8-Ball,Sascha Hiller,TV Cannstatt 3,Bezirksliga,Ost 1,1,1,0,1.00,1631,1068,2195,287,0.82,0.18
8-Ball,Thomas Gäckle,PF Calw 2,Bezirksliga,West 1,1,1,0,1.00,1631,1068,2195,287,0.82,0.18
8-Ball,Wilmer Rivera Bruno,BC Stuttgart 1891 6,Kreisliga A,Ost 1,1,1,0,1.00,1631,1068,2195,287,0.82,0.18
all,Alexandros Vassiliadis,PBC Aalen 1,Bezirksliga,Ost 2,2,2,0,2.00,1630,1156,2104,242,1.63,0.18
league:Bezirksliga,Alexandros Vassiliadis,PBC Aalen 1,Bezirksliga,Ost 2,2,2,0,2.00,1630,1156,2104,242,1.63,0.18
all,Daniel Kimmig,PBC Offenburg 3,Landesliga,West,2,2,0,0.88,1630,1094,2166,273,0.61,0.18
all,Markus Rütten,BC Dreiländereck 1,Bezirksliga | Landesliga,West | West 1,16,13,3,10.46,1630,1417,1843,109,6.68,0.18
league:Bezirksliga,Sascha Sauer,BSV Filderstadt 2 | BSV Filderstadt 3 | BSV Filderstadt 4,Bezirksliga,Ost 1,74,64,10,51.44,1630,1527,1732,52,34.72,0.18
league:Bezirksliga,Thomas Metzler,PBC Bad Saulgau 2,Bezirksliga,Ost 2,18,16,2,12.37,1630,1430,1830,102,8.30,0.18
8-Ball,Marc Wegenast,BC Weingarten 1,Bezirksliga | Kreisliga A | Landesliga,Ost | Ost 2,15,13,2,8.61,1629,1394,1864,120,5.55,0.18
10-Ball,Maurizio Reith,PBC Offenburg 4,Landesliga,West,11,8,3,6.04,1629,1363,1895,136,3.65,0.18
14/1e,Rainer Hermann,BSC Göppingen 1 | BSC Göppingen 2,Bezirksliga | Kreisliga A | Landesliga,Ost | Ost 1,40,32,8,21.65,1629,1478,1781,77,13.77,0.18
9-Ball,Rainer Hermann,BSC Göppingen 1 | BSC Göppingen 2,Bezirksliga | Kreisliga A | Landesliga,Ost | Ost 1,29,25,4,16.03,1629,1450,1808,91,10.76,0.18
10-Ball,Wilfried Scheibel,BV Markdorf 3,Bezirksliga | Kreisliga A,Ost 2,15,12,3,9.83,1629,1398,1861,118,6.74,0.18
league:Kreisliga A,Daniel Schmid,BC Bad Schussenried 2,Kreisliga A,Ost 2,4,4,0,2.22,1628,1217,2040,210,1.51,0.18
8-Ball,Holger Mayer,BF Bronnen 1,Kreisliga A,Ost 2,1,1,0,0.91,1628,1061,2195,289,0.73,0.18
league:Kreisliga A,Wolfgang Stimmer,PBC Ochsenhausen 2,Kreisliga A,Ost 2,28,24,4,9.46,1628,1403,1852,115,6.10,0.18
all,Adrian Cabanillas Lora,BSV Shooters Fellbach 1,Bezirksliga,Ost 2,2,2,0,2.00,1627,1194,2060,221,1.43,0.18
9-Ball,Andreas Jeschka,PBC Reutlingen 1,Landesliga,West,1,1,0,1.00,1627,1129,2124,254,0.53,0.17
all,Brian Biercher,BSV Tiengen 2,Landesliga,West,23,16,7,15.54,1627,1451,1804,90,9.33,0.18
league:Kreisliga A,Kevin Patrick Fischer,BSV Pfullingen 2,Kreisliga A,Ost 1,6,4,2,5.19,1627,1340,1914,146,2.84,0.17
14/1e,Lutz Metzner,BV Markdorf 1 | BV Markdorf 2,Bezirksliga | Landesliga,Ost | Ost 2,18,16,2,7.66,1627,1383,1871,125,4.96,0.18
all,Manfred Waldvogel,BV Markdorf 1 | BV Markdorf 2,Bezirksliga | Landesliga,Ost | Ost 2,35,24,11,25.96,1627,1490,1765,70,15.15,0.18
8-Ball,Michael Strohmaier,BSV Tiengen 2,Landesliga,West,21,14,7,11.97,1627,1424,1830,104,7.29,0.18
league:Landesliga,Mike Dörfler,BC Dreiländereck 1,Landesliga,West,10,10,0,5.41,1627,1338,1916,147,3.61,0.18
9-Ball,Thomas Rehmann,BV Markdorf 1 | BV Markdorf 2,Bezirksliga | Landesliga,Ost | Ost 2,9,7,2,4.95,1627,1334,1921,150,3.11,0.18
10-Ball,Christian Schaber,PBC Langenargen 2 | PBC Langenargen 3,Bezirksliga,Ost 2,3,3,0,1.73,1626,1190,2061,222,1.13,0.17
league:Bezirksliga,Eugen Spähn,PBC Ochsenhausen 1,Bezirksliga,Ost 2,16,14,2,5.36,1626,1344,1908,144,3.38,0.17
8-Ball,Thomas Rehmann,BV Markdorf 1 | BV Markdorf 2,Bezirksliga | Landesliga,Ost | Ost 2,19,13,6,12.01,1626,1430,1822,100,7.02,0.17
10-Ball,Torsten Hanisch,BC Blaustein 1,Bezirksliga | Landesliga,Ost | Ost 2,20,14,6,13.69,1626,1443,1809,93,8.00,0.17
all,Torsten Hanisch,BC Blaustein 1,Bezirksliga | Kreisliga A | Landesliga,Ost | Ost 2,63,37,26,42.59,1626,1521,1731,54,23.45,0.17
league:Bezirksliga,Andreas Jörg,BBC Plochingen 1,Bezirksliga,Ost 1,25,21,4,9.51,1625,1401,1850,114,6.27,0.17
9-Ball,Daniel Moll,BV Markdorf 1,Landesliga,Ost,2,2,0,1.79,1625,1195,2055,219,1.15,0.17
all,Georg Winter,BV Markdorf 1 | BV Markdorf 2,Bezirksliga | Landesliga,Ost | Ost 2,57,32,25,30.35,1625,1499,1751,64,17.12,0.17
8-Ball,Hans Heuschmid,PBC Ochsenhausen 2 | PBC Ochsenhausen 3,Bezirksliga | Kreisliga A,Ost 2,26,20,6,12.38,1625,1419,1831,105,8.46,0.17
all,Marc Wegenast,BC Weingarten 1,Bezirksliga | Kreisliga A | Landesliga,Ost | Ost 2,54,41,13,33.42,1625,1504,1746,62,19.54,0.17
10-Ball,Mike Dörfler,BC Dreiländereck 1,Landesliga,West,4,4,0,2.16,1625,1228,2021,202,1.25,0.17
9-Ball,Orhan Parama,BSC Göppingen 1 | BSC Göppingen 2,Landesliga,Ost,20,14,6,12.40,1625,1431,1819,99,7.69,0.17
league:Bezirksliga,Stefan Weiner,BV Villingen-Schwenningen 2,Bezirksliga,West 1 | West 2,50,37,13,34.01,1625,1502,1747,63,22.17,0.17
league:Landesliga,Fikret Tasdemir,P&S Denzlingen 1,Landesliga,West,72,60,12,36.93,1624,1506,1742,60,24.07,0.17
9-Ball,Kevin Patrick Fischer,BSV Pfullingen 2,Kreisliga A,Ost 1,3,3,0,2.59,1624,1247,2000,192,1.60,0.17
10-Ball,Marius Schrimpf,BBC Plochingen 1 | BBC Plochingen 2,Bezirksliga | Kreisliga A | Landesliga,Ost | Ost 1,28,23,5,17.40,1624,1457,1791,85,10.71,0.17
10-Ball,Martin Doster,BSC Göppingen 1,Bezirksliga | Landesliga,Ost | Ost 1,2,2,0,1.41,1624,1153,2095,240,0.96,0.17
league:Kreisliga A,Matthias Ludersdorfer,Tübinger BC 2,Kreisliga A,Ost 1,2,2,0,0.86,1624,1055,2193,290,0.69,0.17
10-Ball,Silvio Fadda,BV Markdorf 1,Landesliga,Ost,36,28,8,21.29,1624,1475,1773,76,12.96,0.17
10-Ball,Bernd Dorenburg,BSV Pfullingen 1 | BSV Pfullingen 2 | BSV Pfullingen 3 | BSV Pfullingen 4 | BSV Pfullingen 5,Bezirksliga | Kreisliga A | Landesliga,Ost | Ost 1,10,8,2,5.28,1623,1323,1923,153,3.69,0.17
9-Ball,Bessim Bessim Oglou,BC Aalen 3,Landesliga,Ost,1,1,0,1.00,1623,1103,2143,265,0.71,0.17
9-Ball,Fabian Thoma-Schuck,BC Weingarten 1,Bezirksliga | Kreisliga A,Ost 2,7,5,2,4.09,1623,1308,1938,161,2.50,0.17
all,Silvio Fadda,BV Markdorf 1,Landesliga,Ost,75,53,22,43.59,1623,1518,1728,53,25.66,0.17
league:Bezirksliga,Florian Brugger,PBC Bräunlingen 2,Bezirksliga,West 2,4,4,0,1.65,1622,1178,2065,226,1.09,0.17
10-Ball,Marco Bunke,BSV Pfullingen 1 | BSV Pfullingen 3 | BSV Pfullingen 4,Bezirksliga | Kreisliga A | Landesliga,Ost | Ost 1,9,9,0,4.73,1622,1316,1928,156,3.16,0.17
all,Stefan Sock,BC Bad Schussenried 1,Bezirksliga | Landesliga,Ost | Ost 2,73,51,22,38.45,1622,1510,1735,57,23.04,0.17
league:Bezirksliga,Adrian Cabanillas Lora,BSV Shooters Fellbach 1,Bezirksliga,Ost 2,2,2,0,2.00,1621,1187,2055,221,1.44,0.17
league:Bezirksliga,Dominik Netzhammer,BSV Tiengen 3,Bezirksliga,West 1,12,10,2,7.96,1621,1373,1870,127,5.21,0.17
league:Kreisliga A,Marco Bunke,BSV Pfullingen 4,Kreisliga A,Ost 1,12,11,1,5.05,1621,1325,1918,151,3.34,0.17
9-Ball,Marcus Trumpp,BSV Pfullingen 1,Landesliga,Ost,7,5,2,4.85,1621,1333,1909,147,2.73,0.17
9-Ball,Marius Sutor,PBC Offenburg 2,Landesliga,West,3,3,0,1.16,1621,1137,2105,247,0.68,0.17
league:Bezirksliga,Stefan Sock,BC Bad Schussenried 1,Bezirksliga,Ost 2,30,25,5,12.33,1621,1418,1823,103,8.35,0.17
8-Ball,Andreas Tschinkel,BBC Plochingen 1,Bezirksliga | Landesliga,Ost | Ost 1,17,10,7,9.57,1620,1403,1838,111,5.42,0.17
14/1e,Christian Schaber,PBC Langenargen 2 | PBC Langenargen 3,Bezirksliga,Ost 2,8,8,0,4.42,1620,1310,1930,158,2.90,0.17
10-Ball,Daniel Kalnak,BSV Pfullingen 1 | BSV Pfullingen 2 | BSV Pfullingen 3,Bezirksliga | Landesliga,Ost | Ost 1,5,4,1,3.12,1620,1261,1980,184,2.10,0.17
14/1e,Daniel Kalnak,BSV Pfullingen 1 | BSV Pfullingen 2 | BSV Pfullingen 3 | BSV Pfullingen 4,Bezirksliga | Kreisliga A | Landesliga,Ost | Ost 1,21,20,1,11.53,1620,1416,1824,104,7.48,0.17
10-Ball,Erdem Dikici,BSV Filderstadt 4,Kreisliga A,Ost 1,6,5,1,5.10,1620,1329,1911,149,3.36,0.17
all,Gerhard Junker,PBC Offenburg 2 | PBC Offenburg 3,Landesliga,West,16,13,3,7.03,1620,1370,1869,127,4.24,0.17
league:Bezirksliga,Osman Büyük,BSV Filderstadt 2 | BSV Filderstadt 3,Bezirksliga,Ost 1,26,20,6,18.97,1620,1457,1783,83,12.28,0.17
league:Landesliga,Randee Ramzi Yalda,BSV Pfullingen 1,Landesliga,Ost | West,24,20,4,13.56,1620,1432,1807,96,8.54,0.17
9-Ball,Yilmaz Aygün,P&S Denzlingen 1,Landesliga,West,18,14,4,8.94,1620,1396,1845,114,5.44,0.17
9-Ball,Daniel Montfort,P&S Denzlingen 2,Landesliga,West,1,1,0,0.86,1619,1087,2151,271,0.59,0.16
10-Ball,Markus König,BSV Filderstadt 2 | PBC Bad Saulgau 2,Bezirksliga,Ost 1 | Ost 2,6,5,1,3.70,1619,1290,1948,168,2.29,0.16
8-Ball,Martin Frei,PBC Offenburg 2,Landesliga,West,22,16,6,10.71,1619,1411,1827,106,6.29,0.16
league:Kreisliga A,Martin Weber,PBC Rastatt 4,Kreisliga A,West 1,2,2,0,2.00,1619,1181,2058,224,1.46,0.17
all,Norbert Kabas,P&S Denzlingen 2 | P&S Denzlingen 3,Bezirksliga | Landesliga,West | West 1,26,21,5,21.86,1619,1470,1769,76,13.84,0.17
league:Bezirksliga,Dennis Rothaug,BV Villingen-Schwenningen 2,Bezirksliga,West 1,14,13,1,12.10,1618,1392,1845,115,9.15,0.16
league:Bezirksliga,Georg Winter,BV Markdorf 2,Bezirksliga,Ost 2,8,5,3,7.11,1618,1363,1873,130,4.56,0.16
league:Kreisliga A,Gerald Ströbele,PBC Langenargen 3,Kreisliga A,Ost 2,24,22,2,16.47,1618,1442,1793,89,11.05,0.16
all,Haci Eymir,BC Aalen 3,Landesliga,Ost,2,2,0,2.00,1618,1216,2020,205,1.04,0.16
league:Kreisliga A,Matthias Stolz,BSV Shooters Fellbach 2,Kreisliga A,Ost 1,2,2,0,2.00,1618,1194,2042,216,1.35,0.16
14/1e,Michael Schwarzjirg,TV Cannstatt 3,Bezirksliga,Ost 1,1,1,0,1.00,1618,1070,2166,280,0.80,0.16
10-Ball,Rainer Hermann,BSC Göppingen 2,Bezirksliga | Kreisliga A | Landesliga,Ost | Ost 1,8,8,0,5.33,1618,1330,1906,147,3.55,0.16
all,Sascha Hiller,TV Cannstatt 3,Bezirksliga,Ost 1,2,2,0,2.00,1618,1158,2077,234,1.59,0.16
league:Bezirksliga,Sascha Hiller,TV Cannstatt 3,Bezirksliga,Ost 1,2,2,0,2.00,1618,1158,2077,234,1.59,0.16
9-Ball,Erdem Dikici,BSV Filderstadt 4,Kreisliga A,Ost 1,6,4,2,5.17,1617,1325,1908,149,3.36,0.16
9-Ball,Nic Woywodt,PBC Nagoldtal 1,Landesliga,West,1,1,0,1.00,1617,1097,2137,265,0.71,0.16
8-Ball,Rainer Hermann,BSC Göppingen 2,Kreisliga A | Landesliga,Ost | Ost 1,7,5,2,5.49,1617,1334,1899,144,3.28,0.16
10-Ball,Thomas Metzler,PBC Bad Saulgau 2 | PBC Bad Saulgau 4,Bezirksliga | Kreisliga A,Ost 2,10,7,3,4.45,1617,1307,1927,158,2.90,0.16
all,Thorsten Mohr,BSV Konstanz 1,Landesliga,Ost,16,11,5,5.29,1617,1341,1892,141,2.63,0.16
league:Landesliga,Daniel Kimmig,PBC Offenburg 3,Landesliga,West,2,2,0,0.88,1616,1079,2153,274,0.63,0.16
10-Ball,Matthias Adler,PBC Offenburg 4,Landesliga,West,1,1,0,0.79,1616,1080,2152,273,0.52,0.16
league:Bezirksliga,Norbert Kabas,P&S Denzlingen 3,Bezirksliga,West 1,2,2,0,1.32,1616,1145,2087,240,0.83,0.16
14/1e,Paul Halton,BV Backnang/Welzheim 1,Kreisliga A,Ost 2,1,1,0,1.00,1616,1070,2162,278,0.79,0.16
9-Ball,Steffen Graf,BV Villingen-Schwenningen 2,Bezirksliga,West 1,5,4,1,4.30,1616,1300,1933,162,2.91,0.16
league:Kreisliga A,Ulrich Schäfer,BSV Pfullingen 2,Kreisliga A,Ost 1,4,3,1,3.20,1616,1251,1980,186,2.07,0.16
all,Adhurim Tafa,BSC Göppingen 3,Bezirksliga,Ost 1,16,12,4,10.76,1615,1407,1823,106,6.73,0.16
all,Harald Reutter,BC Blaustein 1,Bezirksliga | Kreisliga A | Landesliga,Ost | Ost 2,98,69,29,50.46,1615,1516,1713,50,27.81,0.16
all,Jens Pfaff,BSC Lions Bietigheim 2,Kreisliga A,West 1,2,2,0,2.00,1615,1174,2056,225,1.51,0.16
league:Kreisliga A,Jens Pfaff,BSC Lions Bietigheim 2,Kreisliga A,West 1,2,2,0,2.00,1615,1174,2056,225,1.51,0.16
all,Marcus Trumpp,BSV Pfullingen 1 | BSV Pfullingen 2,Bezirksliga | Landesliga,Ost | Ost 1,54,31,23,28.92,1615,1488,1743,65,16.20,0.16
8-Ball,Stefan Sock,BC Bad Schussenried 1,Bezirksliga | Landesliga,Ost | Ost 2,16,11,5,7.45,1615,1369,1862,126,4.51,0.16
all,Sven Wezstein,PBC Bietigheim-Bissingen 1,Bezirksliga,Ost 1,2,2,0,2.00,1615,1181,2048,221,1.47,0.16
league:Landesliga,Berthold Moser,PBC Bräunlingen 1,Landesliga,West,46,38,8,35.74,1614,1493,1735,62,23.47,0.16
9-Ball,Frank Gebert,BC Blaustein 1 | BSV Filderstadt 3,Landesliga,Ost,3,3,0,1.51,1614,1173,2055,225,0.82,0.16
all,Herbert Schiele,PBC Langenargen 1,Landesliga,Ost,25,15,10,8.92,1614,1391,1836,114,4.96,0.16
8-Ball,Michael Grad,BSV Pfullingen 3 | BSV Pfullingen 4,Bezirksliga | Kreisliga A,Ost 1,5,5,0,2.54,1614,1238,1990,192,1.53,0.16
10-Ball,Michael Strohmaier,BSV Tiengen 2,Landesliga,West,10,7,3,4.49,1614,1313,1916,154,2.56,0.16
all,Nic Woywodt,PBC Nagoldtal 1,Landesliga,West,2,2,0,2.00,1614,1196,2033,213,1.31,0.16
10-Ball,Adhurim Tafa,BSC Göppingen 3,Bezirksliga,Ost 1,2,2,0,1.26,1613,1137,2089,243,0.82,0.16
8-Ball,Haci Eymir,BC Aalen 3,Landesliga,Ost,1,1,0,1.00,1613,1118,2109,253,0.44,0.16
all,Marius Schrimpf,BBC Plochingen 1 | BBC Plochingen 2,Bezirksliga | Kreisliga A | Landesliga,Ost | Ost 1,73,56,17,43.63,1613,1505,1721,55,26.66,0.16
all,Matthias Stolz,BSV Shooters Fellbach 2,Kreisliga A,Ost 1,2,2,0,2.00,1613,1192,2033,215,1.36,0.16
14/1e,Mike Dörfler,BC Dreiländereck 1,Landesliga,West,5,5,0,2.71,1613,1242,1984,189,1.74,0.16
8-Ball,Rainer Schönfeld,PBC Reutlingen 1,Landesliga,West,1,1,0,1.00,1613,1119,2107,252,0.51,0.16
league:Landesliga,Raphael Titzmann,BSV Filderstadt 1 | BSV Filderstadt 3,Landesliga,Ost,20,14,6,7.96,1613,1375,1850,121,4.98,0.16
10-Ball,Stefan Sock,BC Bad Schussenried 1,Bezirksliga | Landesliga,Ost | Ost 2,22,15,7,12.58,1613,1423,1803,97,7.43,0.16
9-Ball,Tuong Tran,BSV Pfullingen 1,Landesliga,Ost,7,6,1,2.96,1613,1260,1967,180,1.79,0.16
all,Tuong Tran,BSV Pfullingen 1,Landesliga,Ost,16,11,5,6.78,1613,1363,1863,127,3.84,0.16
8-Ball,Ulrich Schäfer,BSV Pfullingen 1,Landesliga,Ost,2,2,0,1.37,1613,1151,2074,236,0.85,0.16
league:Bezirksliga,Adhurim Tafa,BSC Göppingen 3,Bezirksliga,Ost 1,16,12,4,10.76,1612,1403,1820,106,6.74,0.16
league:Kreisliga A,Alexander Baur,PBC Bad Saulgau 4,Kreisliga A,Ost 2,35,27,8,16.42,1612,1441,1782,87,10.13,0.16
league:Bezirksliga,Damir Vidovic,PBC Bräunlingen 2,Bezirksliga,West 1,2,2,0,1.60,1612,1143,2082,240,1.19,0.16
14/1e,Ralf Grießhaber,BV Villingen-Schwenningen 1,Landesliga,West,9,7,2,3.06,1612,1260,1963,179,1.87,0.16
9-Ball,Ralf Grießhaber,BV Villingen-Schwenningen 1,Landesliga,West,9,8,1,3.06,1612,1256,1968,182,1.97,0.16
10-Ball,Ronny Frank,BSV Tiengen 2,Landesliga,West,15,11,4,9.08,1612,1385,1838,116,5.69,0.16
10-Ball,Stephan Rau,P&S Denzlingen 1 | P&S Denzlingen 2,Bezirksliga | Landesliga,West | West 1,14,9,5,8.61,1612,1381,1843,118,5.19,0.16
all,Yilmaz Aygün,P&S Denzlingen 1,Landesliga,West,68,46,22,37.31,1612,1499,1726,58,21.66,0.16
league:Kreisliga A,Andreas Tschinkel,BBC Plochingen 2,Kreisliga A,Ost 1,6,6,0,2.09,1611,1202,2020,209,1.38,0.15
league:Kreisliga A,Luciano Abruzzese,BV Markdorf 3,Kreisliga A,Ost 2,28,22,6,15.24,1611,1427,1795,94,10.24,0.15
all,Luka Fuchs,PP Böblingen 2,Kreisliga A,West 2,2,2,0,2.00,1611,1166,2057,227,1.51,0.16
league:Kreisliga A,Luka Fuchs,PP Böblingen 2,Kreisliga A,West 2,2,2,0,2.00,1611,1166,2057,227,1.51,0.16
league:Bezirksliga,Michael Grad,BSV Pfullingen 3,Bezirksliga,Ost 1,19,16,3,10.53,1611,1398,1824,109,6.78,0.15
league:Bezirksliga,Okan Ceken,PBC Reutlingen 2,Bezirksliga,Ost 1,30,22,8,25.49,1611,1472,1750,71,15.45,0.15
14/1e,Andreas Loderer,BC Bad Schussenried 1,Bezirksliga | Landesliga,Ost | Ost 2,41,34,7,20.82,1610,1461,1760,76,12.20,0.15
all,Eric Sorg,BSV Shooters Fellbach 1,Bezirksliga,Ost 2,2,2,0,2.00,1610,1202,2018,208,1.24,0.15
all,Kai Kiss,BSV Tiengen 2,Landesliga,West,37,27,10,21.33,1610,1457,1763,78,13.27,0.15
9-Ball,Manfred Waldvogel,BV Markdorf 1 | BV Markdorf 2,Bezirksliga | Landesliga,Ost | Ost 2,12,10,2,9.39,1610,1391,1829,112,5.67,0.15
10-Ball,Martin Frei,PBC Offenburg 2,Landesliga,West,15,11,4,9.93,1610,1398,1821,108,5.81,0.15
league:Landesliga,Michael Strohmaier,BSV Tiengen 2,Landesliga,West,41,28,13,23.26,1610,1464,1755,74,14.33,0.15
8-Ball,Partha Ghosh,Tübinger BC 1 | Tübinger BC 2,Bezirksliga | Kreisliga A,Ost 1,8,6,2,6.22,1610,1326,1894,145,3.95,0.15
14/1e,Christian Rossa,BSV Pfullingen 1,Landesliga,Ost,7,5,2,2.96,1609,1259,1959,178,1.71,0.15
all,Damir Vidovic,PBC Bräunlingen 1 | PBC Bräunlingen 2,Bezirksliga | Landesliga,West | West 1,8,6,2,5.47,1609,1326,1893,145,3.32,0.15
9-Ball,Michael Matschewsky,PBC Freudenstadt 1,Landesliga,West,5,5,0,1.68,1609,1182,2037,218,0.93,0.15
9-Ball,Okan Ceken,PBC Reutlingen 2 | PBC Reutlingen 3,Bezirksliga | Kreisliga A | Landesliga,Ost 1 | West,22,19,3,17.84,1609,1440,1778,86,11.61,0.15
all,Peter Lotterer,PBC Reutlingen 1,Landesliga,West,2,2,0,2.00,1609,1197,2020,210,1.22,0.15
league:Landesliga,Frank Gebert,BC Blaustein 1 | BSV Filderstadt 3,Landesliga,Ost,28,23,5,16.75,1608,1439,1777,86,10.51,0.15
all,Marouen Marzouki,BC Stuttgart 1891 6,Kreisliga A,Ost 1,2,2,0,2.00,1608,1161,2055,228,1.44,0.15
league:Kreisliga A,Marouen Marzouki,BC Stuttgart 1891 6,Kreisliga A,Ost 1,2,2,0,2.00,1608,1161,2055,228,1.44,0.15
10-Ball,Tobias Hirt,PBC Bad Saulgau 2,Bezirksliga,Ost 2,12,8,4,4.65,1608,1307,1909,153,2.90,0.15
8-Ball,Torsten Hanisch,BC Blaustein 1,Bezirksliga | Landesliga,Ost | Ost 2,23,12,11,14.73,1608,1433,1782,89,7.36,0.15
14/1e,Wolfgang Stimmer,PBC Ochsenhausen 2,Bezirksliga | Kreisliga A,Ost 2,26,22,4,9.90,1608,1394,1822,109,6.09,0.15
league:Landesliga,Christian Rossa,BSV Pfullingen 1,Landesliga,Ost,16,12,4,6.78,1607,1350,1864,131,4.35,0.15
10-Ball,Manfred Waldvogel,BV Markdorf 1 | BV Markdorf 2,Bezirksliga | Landesliga,Ost | Ost 2,10,6,4,7.76,1607,1372,1842,120,4.17,0.15
8-Ball,Miodrag Adrian Caravila,BSV Pfullingen 2 | PBC Reutlingen 2,Bezirksliga | Landesliga,Ost | Ost 1 | West,16,9,7,12.92,1607,1414,1799,98,7.60,0.15
9-Ball,Raphael Titzmann,BSV Filderstadt 2 | BSV Filderstadt 3,Bezirksliga | Landesliga,Ost | Ost 1,10,8,2,3.94,1607,1288,1925,163,2.41,0.15
all,Aristidis Michailidis,BSV Filderstadt 2 | BSV Filderstadt 3 | BSV Filderstadt 4,Bezirksliga | Kreisliga A,Ost 1,37,28,9,29.80,1606,1476,1736,66,18.88,0.15
all,David Galwas,PBC Freudenstadt 1,Landesliga,West,16,10,6,5.36,1606,1331,1882,140,2.88,0.15
league:Bezirksliga,Eric Sorg,BSV Shooters Fellbach 1,Bezirksliga,Ost 2,2,2,0,2.00,1606,1198,2014,208,1.24,0.15
all,Esad Selim Gündüz,BC Stuttgart 1891 5,Kreisliga A,Ost 2,2,2,0,2.00,1606,1159,2052,228,1.54,0.15
league:Kreisliga A,Esad Selim Gündüz,BC Stuttgart 1891 5,Kreisliga A,Ost 2,2,2,0,2.00,1606,1159,2052,228,1.54,0.15
league:Kreisliga A,Partha Ghosh,Tübinger BC 2,Kreisliga A,Ost 1,18,13,5,14.83,1606,1428,1785,91,8.82,0.15
9-Ball,Stefan Sock,BC Bad Schussenried 1,Bezirksliga | Landesliga,Ost | Ost 2,22,17,5,12.23,1606,1412,1800,99,7.38,0.15
league:Bezirksliga,Svenja Schwarzkopf,BV Villingen-Schwenningen 2,Bezirksliga,West 1 | West 2,29,23,6,14.10,1606,1424,1788,93,8.61,0.15
10-Ball,Wadea Al Mahamid,Tübinger BC 1,Bezirksliga | Landesliga,Ost | Ost 1,9,7,2,5.92,1606,1332,1879,140,3.75,0.15
8-Ball,Dennis Rothaug,BV Villingen-Schwenningen 1 | BV Villingen-Schwenningen 2,Bezirksliga | Landesliga,West | West 1,9,7,2,6.71,1605,1319,1890,146,5.02,0.15
8-Ball,Ihor Lialin,BSV Tiengen 2,Landesliga,West,2,2,0,0.84,1605,1086,2123,265,0.49,0.15
10-Ball,Machmut Turan,PBC Nagoldtal 1,Landesliga,West,1,1,0,1.00,1605,1088,2122,264,0.71,0.15
9-Ball,Oliver Kruse,PBC Offenburg 2,Landesliga,West,3,3,0,2.58,1605,1227,1983,193,1.67,0.15
league:Kreisliga A,Rasul Ghanavat,PBC Reutlingen 3,Kreisliga A,Ost 1,12,10,2,8.19,1605,1360,1850,125,5.58,0.15
all,Andreas Keilmann,BC Sindelfingen 5,Bezirksliga,West 1,2,2,0,2.00,1604,1184,2024,214,1.28,0.15
league:Bezirksliga,Andreas Keilmann,BC Sindelfingen 5,Bezirksliga,West 1,2,2,0,2.00,1604,1184,2024,214,1.28,0.15
all,Bernd Dorenburg,BSV Pfullingen 1 | BSV Pfullingen 2 | BSV Pfullingen 3 | BSV Pfullingen 4 | BSV Pfullingen 5,Bezirksliga | Kreisliga A | Landesliga,Ost | Ost 1,41,28,13,22.01,1604,1452,1756,77,14.15,0.15
10-Ball,Fikret Tasdemir,P&S Denzlingen 1,Landesliga,West,30,24,6,15.45,1604,1429,1778,89,9.31,0.14
9-Ball,Gerhard Junker,PBC Offenburg 2 | PBC Offenburg 3,Landesliga,West,5,5,0,2.30,1604,1216,1991,198,1.37,0.14
8-Ball,Goran Švab,BSV Filderstadt 3 | BSV Filderstadt 4,Bezirksliga | Landesliga,Ost | Ost 1,15,10,5,6.47,1604,1349,1859,130,3.55,0.15
8-Ball,Harald Reutter,BC Blaustein 1,Bezirksliga | Kreisliga A | Landesliga,Ost | Ost 2,48,33,15,24.49,1604,1462,1746,72,13.59,0.15
all,Martin Frei,PBC Offenburg 2,Landesliga,West,65,40,25,37.50,1604,1492,1716,57,20.71,0.15
10-Ball,Matthias Orth,BC Dreiländereck 2,Landesliga,West,4,4,0,1.52,1604,1147,2061,233,1.00,0.14
10-Ball,Roland Wacker,PBC Reutlingen 2 | PBC Reutlingen 3 | Tübinger BC 1,Bezirksliga | Kreisliga A,Ost 1,17,15,2,12.30,1604,1401,1808,104,8.38,0.15
10-Ball,Ihor Lialin,BSV Tiengen 2,Landesliga,West,1,1,0,0.45,1603,1021,2186,297,0.24,0.14
league:Kreisliga A,Johannes Mai,Tübinger BC 2,Kreisliga A,Ost 1,2,1,1,1.33,1603,1148,2059,232,0.60,0.14
9-Ball,Konrad Bau,Tübinger BC 1,Bezirksliga | Landesliga,Ost | Ost 1 | West,19,15,4,12.53,1603,1409,1797,99,7.70,0.14
all,Rainer Schönfeld,PBC Reutlingen 1,Landesliga,West,1,1,0,1.00,1603,1111,2095,251,0.52,0.14
league:Bezirksliga,Sven Wezstein,PBC Bietigheim-Bissingen 1,Bezirksliga,Ost 1,2,2,0,2.00,1603,1168,2037,222,1.48,0.14
10-Ball,Andreas Rapp,BSC Göppingen 1 | BSC Göppingen 3,Bezirksliga,Ost 1,8,6,2,5.20,1602,1314,1891,147,3.38,0.14
all,Franz Meschenmoser,PBC Bad Saulgau 2 | PBC Bad Saulgau 3 | PBC Bad Saulgau 4,Bezirksliga | Kreisliga A,Ost 2,88,69,19,43.43,1602,1495,1710,55,27.45,0.14
league:Landesliga,Maurizio Reith,PBC Offenburg 4,Landesliga,West,26,20,6,14.11,1602,1420,1783,93,8.46,0.14
14/1e,Michael Grad,BSV Pfullingen 3 | BSV Pfullingen 4,Bezirksliga | Kreisliga A,Ost 1,9,9,0,4.69,1602,1301,1904,154,3.08,0.14
all,Stephan Rau,P&S Denzlingen 1 | P&S Denzlingen 2,Bezirksliga | Landesliga,West | West 1,43,30,13,26.41,1602,1466,1738,69,15.65,0.14
league:Kreisliga A,Adrian Mernik,PBC Reutlingen 2,Kreisliga A,Ost 1,16,15,1,5.29,1601,1314,1889,147,3.41,0.14
10-Ball,Andreas Kiefer,BV Markdorf 1 | BV Markdorf 2,Bezirksliga | Landesliga,Ost | Ost 2,12,8,4,7.35,1601,1360,1842,123,4.35,0.14
league:Bezirksliga,Axel Klimmer,PBC Bräunlingen 2,Bezirksliga,West 2,20,17,3,8.27,1601,1365,1837,120,5.30,0.14
league:Kreisliga A,Hans Heuschmid,PBC Ochsenhausen 2 | PBC Ochsenhausen 3,Kreisliga A,Ost 2,36,26,10,18.85,1601,1436,1765,84,12.30,0.14
league:Kreisliga A,Jens Butenschön,PBC Langenargen 3,Kreisliga A,Ost 2,59,43,16,28.94,1601,1472,1731,66,17.48,0.14
14/1e,Manfred Waldvogel,BV Markdorf 1 | BV Markdorf 2,Bezirksliga | Landesliga,Ost | Ost 2,8,5,3,4.86,1601,1311,1892,148,2.67,0.14
14/1e,Peter Lotterer,PBC Reutlingen 1,Landesliga,West,1,1,0,1.00,1601,1108,2094,252,0.56,0.14
league:Bezirksliga,Rolf Berkowitz,PBC Freudenstadt 3,Bezirksliga,West 1,2,2,0,0.79,1601,1069,2132,271,0.51,0.14
all,Viktor Tschin,BV Pforzheim 4,Kreisliga A,West 1,2,2,0,2.00,1601,1159,2044,226,1.52,0.14
league:Kreisliga A,Viktor Tschin,BV Pforzheim 4,Kreisliga A,West 1,2,2,0,2.00,1601,1159,2044,226,1.52,0.14
8-Ball,Volker Gutzeit,BBC Plochingen 1 | BBC Plochingen 2,Bezirksliga | Landesliga,Ost | Ost 1,29,24,5,17.01,1601,1430,1773,87,11.09,0.14
10-Ball,Benno Amann,BC Unterteuringen 1,Bezirksliga,Ost 2,4,4,0,2.06,1600,1196,2004,206,1.27,0.14
all,Eugen Spähn,PBC Ochsenhausen 1,Bezirksliga | Landesliga,Ost | Ost 2,100,54,46,59.64,1600,1511,1689,45,30.16,0.14
league:Bezirksliga,Fabian Durst,PBC Offenburg 5,Bezirksliga,West 1,36,26,10,13.83,1600,1418,1781,92,8.16,0.14
8-Ball,Joao Rodrigues,BSV Pfullingen 2 | BSV Pfullingen 3 | BSV Pfullingen 4,Bezirksliga | Kreisliga A,Ost 1,22,14,8,14.33,1600,1415,1785,95,8.80,0.14
all,Machmut Turan,PBC Nagoldtal 1,Landesliga,West,2,2,0,2.00,1600,1187,2013,211,1.32,0.14
league:Bezirksliga,Manfred Wußler,PBC Offenburg 4,Bezirksliga,West 1,14,10,4,9.57,1600,1381,1819,112,5.60,0.14
9-Ball,Markus Appenowitz,BSV Filderstadt 1 | BSV Filderstadt 2 | BSV Filderstadt 3,Bezirksliga | Landesliga,Ost | Ost 1,22,14,8,15.36,1600,1425,1776,90,9.29,0.14
all,Michael Schwarzjirg,TV Cannstatt 3,Bezirksliga,Ost 1,2,2,0,2.00,1600,1159,2041,225,1.52,0.14
league:Bezirksliga,Michael Schwarzjirg,TV Cannstatt 3,Bezirksliga,Ost 1,2,2,0,2.00,1600,1159,2041,225,1.52,0.14
league:Kreisliga A,Okan Ceken,PBC Reutlingen 3,Kreisliga A,Ost 1,12,11,1,8.19,1600,1358,1841,123,5.38,0.14
all,Simon Schaal,BC Weingarten 1,Bezirksliga | Landesliga,Ost | Ost 2,31,17,14,25.05,1600,1464,1736,69,13.57,0.14
9-Ball,Holger Mayer,BF Bronnen 1,Kreisliga A,Ost 2,2,2,0,1.63,1599,1162,2036,223,1.02,0.14
all,Johanna Indlekofer,BC Dreiländereck 1 | BC Dreiländereck 2,Landesliga,West,37,20,17,16.75,1599,1433,1765,85,9.47,0.14
league:Bezirksliga,Klaus Woehrlin,PBC Offenburg 5,Bezirksliga,West 1,41,32,9,15.77,1599,1426,1773,88,9.70,0.14
14/1e,Marc Wegenast,BC Weingarten 1,Bezirksliga | Kreisliga A | Landesliga,Ost | Ost 2,25,20,5,14.99,1599,1423,1775,90,8.72,0.14
10-Ball,Marcus Trumpp,BSV Pfullingen 1 | BSV Pfullingen 2,Bezirksliga | Landesliga,Ost | Ost 1,25,15,10,13.29,1599,1414,1785,94,7.86,0.14
all,Okan Ceken,PBC Reutlingen 2 | PBC Reutlingen 3,Bezirksliga | Kreisliga A | Landesliga,Ost 1 | West,44,33,11,35.68,1599,1480,1717,60,21.58,0.14
10-Ball,Theo Georgoudious,PBC Ochsenhausen 2 | PBC Ochsenhausen 3,Kreisliga A,Ost 2,4,4,0,3.13,1599,1228,1971,189,2.25,0.14
league:Kreisliga A,Alexander Fischer,Tübinger BC 2,Kreisliga A,Ost 1,55,38,17,32.34,1598,1473,1722,63,19.97,0.14
8-Ball,Ali Cetin,BC Bad Schussenried 1 | BC Bad Schussenried 2 | BC Bad Schussenried 3 | BC Bad Schussenried 4,Bezirksliga | Kreisliga A | Landesliga,Ost | Ost 2,20,15,5,14.29,1598,1415,1781,93,9.01,0.14
league:Bezirksliga,Andreas Loderer,BC Bad Schussenried 1,Bezirksliga,Ost 2,38,32,6,14.94,1598,1421,1776,91,9.09,0.14
all,Benno Amann,BC Unterteuringen 1,Bezirksliga,Ost 2,102,68,34,59.84,1598,1508,1689,46,34.58,0.14
all,Dominik Netzhammer,BSV Tiengen 2 | BSV Tiengen 3,Bezirksliga | Landesliga,West | West 1,65,46,19,41.11,1598,1488,1708,56,24.57,0.14
all,Gerald Ströbele,PBC Langenargen 1 | PBC Langenargen 2 | PBC Langenargen 3,Bezirksliga | Kreisliga A | Landesliga,Ost | Ost 2,77,55,22,46.50,1598,1494,1702,53,28.26,0.14
league:Bezirksliga,Marius Schrimpf,BBC Plochingen 1,Bezirksliga,Ost 1,37,30,7,26.06,1598,1458,1738,71,16.16,0.14
all,Markus Appenowitz,BSV Filderstadt 1 | BSV Filderstadt 2 | BSV Filderstadt 3,Bezirksliga | Landesliga,Ost | Ost 1,65,42,23,43.23,1598,1492,1704,54,25.59,0.14
8-Ball,Martin Brandt,BV Markdorf 2,Bezirksliga,Ost 2,9,6,3,5.86,1598,1334,1863,135,3.25,0.14
league:Bezirksliga,Nicole Hummel,BV Villingen-Schwenningen 2,Bezirksliga,West 2,6,4,2,2.37,1598,1215,1981,195,1.44,0.14
league:Bezirksliga,Raphael Titzmann,BSV Filderstadt 2 | BSV Filderstadt 3,Bezirksliga,Ost 1,8,6,2,5.80,1598,1331,1865,136,3.40,0.14
10-Ball,Sebastian Scherbinin,PBC Freudenstadt 3,Landesliga,West,3,2,1,1.62,1598,1156,2041,226,1.02,0.14
10-Ball,Herbert Schiele,PBC Langenargen 1,Landesliga,Ost,5,4,1,1.95,1597,1193,2002,206,1.05,0.14
league:Bezirksliga,Joshua Armbruster,PBC Freudenstadt 2,Bezirksliga,West 1,14,10,4,4.77,1597,1305,1888,149,2.78,0.14
9-Ball,Sascha Sauer,BSV Filderstadt 2 | BSV Filderstadt 3 | BSV Filderstadt 4,Bezirksliga | Landesliga,Ost | Ost 1,10,8,2,6.16,1597,1331,1863,136,3.82,0.14
all,Tobias Jung,P&S Denzlingen 1,Landesliga,West,16,9,7,5.35,1597,1320,1875,142,2.70,0.14
8-Ball,Benno Amann,BC Unterteuringen 1,Bezirksliga,Ost 2,47,32,15,27.86,1596,1464,1728,68,16.49,0.13
10-Ball,Brian Biercher,BSV Tiengen 2,Landesliga,West,2,2,0,1.36,1596,1112,2079,246,0.98,0.13
14/1e,Dennis Rothaug,BV Villingen-Schwenningen 2,Bezirksliga,West 1,4,3,1,3.37,1596,1233,1959,185,2.39,0.13
league:Bezirksliga,Eberhard Sauter,PBC Freudenstadt 2,Bezirksliga,West 1,14,8,6,4.72,1596,1305,1887,149,2.64,0.13
8-Ball,Holger Domdey,BC Blaustein 1,Landesliga,Ost,1,1,0,0.68,1596,1048,2145,280,0.45,0.14
all,Jonathan Nestler,PBC Freudenstadt 2,Bezirksliga | Landesliga,West | West 1,16,14,2,8.30,1596,1367,1825,117,4.77,0.13
league:Landesliga,Michael Reichert,PBC Freudenstadt 1 | PBC Freudenstadt 2,Landesliga,West,40,32,8,18.84,1596,1436,1755,81,11.55,0.13
10-Ball,Thomas Rehmann,BV Markdorf 1 | BV Markdorf 2,Bezirksliga | Landesliga,Ost | Ost 2,6,5,1,3.79,1596,1278,1913,162,2.14,0.13
league:Bezirksliga,Thomas Teufel,PBC Offenburg 4,Bezirksliga,West 1,2,2,0,0.64,1596,1049,2144,279,0.36,0.14
league:Kreisliga A,Udo Gleich,BC Blaustein 1,Kreisliga A,Ost 2,28,21,7,9.44,1596,1374,1818,113,5.71,0.13
league:Kreisliga A,Ali Cetin,BC Bad Schussenried 2 | BC Bad Schussenried 4,Kreisliga A,Ost 2,30,18,12,20.05,1595,1439,1751,79,12.28,0.13
league:Landesliga,Daniel Kalnak,BSV Pfullingen 1,Landesliga,Ost,14,11,3,9.60,1595,1378,1812,111,5.86,0.13
league:Bezirksliga,Mike Becker,PBC Offenburg 4,Bezirksliga,West 1,18,13,5,6.04,1595,1332,1859,134,3.52,0.13
league:Bezirksliga,Miodrag Adrian Caravila,PBC Reutlingen 2,Bezirksliga,Ost 1,50,35,15,39.07,1595,1482,1708,58,23.69,0.13
9-Ball,Murat Dervisi,PBC Freudenstadt 2,Landesliga,West,4,4,0,2.27,1595,1210,1980,196,1.32,0.13
8-Ball,Roland Wacker,PBC Reutlingen 2 | PBC Reutlingen 3 | Tübinger BC 1,Bezirksliga | Kreisliga A | Landesliga,Ost 1 | West,17,13,4,12.49,1595,1398,1793,101,8.14,0.13
10-Ball,Simon Schaal,BC Weingarten 1,Bezirksliga | Landesliga,Ost | Ost 2,12,7,5,9.74,1595,1383,1806,108,5.43,0.13
league:Landesliga,Andreas Loderer,BC Bad Schussenried 1,Landesliga,Ost,44,38,6,26.70,1594,1459,1729,69,16.63,0.13
8-Ball,Eugen Spähn,PBC Ochsenhausen 1,Bezirksliga | Landesliga,Ost | Ost 2,34,17,17,21.84,1594,1448,1739,74,11.45,0.13
14/1e,Harald Reutter,BC Blaustein 1,Bezirksliga | Kreisliga A | Landesliga,Ost | Ost 2,43,34,9,21.78,1594,1448,1741,75,12.05,0.13
league:Kreisliga A,Holger Mayer,BF Bronnen 1,Kreisliga A,Ost 2,11,10,1,9.18,1594,1370,1818,114,5.85,0.13
9-Ball,Johanna Indlekofer,BC Dreiländereck 1 | BC Dreiländereck 2,Landesliga,West,15,9,6,6.84,1594,1342,1845,128,4.11,0.13
league:Landesliga,Michael Matschewsky,PBC Freudenstadt 1,Landesliga,West,16,12,4,5.35,1594,1314,1873,143,2.94,0.13
8-Ball,Orhan Cetin,BSV Pfullingen 1 | BSV Pfullingen 2,Bezirksliga | Landesliga,Ost | Ost 1 | West,27,15,12,15.09,1594,1420,1767,89,8.18,0.13
9-Ball,Sven Deschner,BV Villingen-Schwenningen 1,Landesliga,West,4,3,1,1.33,1594,1135,2052,234,0.80,0.13
all,Woldai Wagner,BSV Konstanz 1,Landesliga,Ost,16,8,8,5.29,1594,1318,1870,141,2.49,0.13
league:Bezirksliga,Bruno Miletic,BC Dreiländereck 1,Bezirksliga,West 1,32,25,7,27.37,1593,1457,1729,69,17.11,0.13
10-Ball,Manuel Wissen,PBC Offenburg 3 | PBC Offenburg 4,Landesliga,West,19,14,5,14.31,1593,1416,1771,91,8.06,0.13
10-Ball,Mario Kaiser,BSC St. Georgen 1,Bezirksliga | Landesliga,West | West 1 | West 2,28,22,6,15.06,1593,1415,1772,91,9.53,0.13
league:Kreisliga A,Marius Schrimpf,BBC Plochingen 2,Kreisliga A,Ost 1,14,12,2,4.73,1593,1287,1899,156,3.17,0.13
10-Ball,Orhan Cetin,BSV Pfullingen 1 | BSV Pfullingen 2,Bezirksliga | Landesliga,Ost | Ost 1 | West,10,7,3,5.19,1593,1306,1880,146,3.24,0.13
league:Bezirksliga,Roland Wacker,PBC Reutlingen 2 | Tübinger BC 1,Bezirksliga,Ost 1,29,23,6,24.39,1593,1449,1737,73,15.67,0.13
8-Ball,Svenja Schwarzkopf,BV Villingen-Schwenningen 1 | BV Villingen-Schwenningen 2,Bezirksliga | Landesliga,West | West 1 | West 2,4,3,1,1.56,1593,1152,2034,225,0.88,0.13
14/1e,Thomas Rehmann,BV Markdorf 1 | BV Markdorf 2,Bezirksliga | Landesliga,Ost | Ost 2,25,19,6,15.27,1593,1422,1765,88,8.46,0.13
league:Bezirksliga,Dietmar Helfrich,BC Bad Schussenried 3,Bezirksliga,Ost 2,2,2,0,1.74,1592,1167,2016,217,1.06,0.13
all,Draoui El Mokhtar,BV Pforzheim 3,Bezirksliga,West 1,2,2,0,2.00,1592,1181,2002,209,1.24,0.13
league:Bezirksliga,Draoui El Mokhtar,BV Pforzheim 3,Bezirksliga,West 1,2,2,0,2.00,1592,1181,2002,209,1.24,0.13
all,Florian Brugger,PBC Bräunlingen 2,Bezirksliga | Landesliga,West | West 2,8,6,2,3.76,1592,1265,1918,167,2.14,0.13
9-Ball,Lars Jäger,P&S Denzlingen 4,Bezirksliga,West 1,5,3,2,4.30,1592,1287,1897,156,2.59,0.13
8-Ball,Michael Reich,BC Sindelfingen 4,Landesliga,West,1,1,0,1.00,1592,1101,2082,250,0.54,0.13
league:Landesliga,Nic Woywodt,PBC Nagoldtal 1,Landesliga,West,2,2,0,2.00,1592,1174,2010,213,1.34,0.13
all,Pascal Habiger,BV Pforzheim 3,Bezirksliga,West 1,2,1,1,2.00,1592,1174,2010,213,1.25,0.13
league:Bezirksliga,Pascal Habiger,BV Pforzheim 3,Bezirksliga,West 1,2,1,1,2.00,1592,1174,2010,213,1.25,0.13
league:Kreisliga A,Roland Wacker,PBC Reutlingen 2 | PBC Reutlingen 3,Kreisliga A,Ost 1,35,27,8,18.58,1592,1430,1754,83,11.68,0.13
8-Ball,Silvio Fadda,BV Markdorf 1,Landesliga,Ost,3,2,1,1.06,1592,1084,2100,259,0.69,0.13
9-Ball,Stefan Weiner,BV Villingen-Schwenningen 1 | BV Villingen-Schwenningen 2,Bezirksliga | Landesliga,West | West 1 | West 2,9,4,5,4.96,1592,1301,1883,148,3.04,0.13
14/1e,Thomas Metzler,PBC Bad Saulgau 2 | PBC Bad Saulgau 3 | PBC Bad Saulgau 4,Bezirksliga | Kreisliga A,Ost 2,37,30,7,17.45,1592,1426,1758,85,10.91,0.13
9-Ball,Thorsten Mohr,BSV Konstanz 1,Landesliga,Ost,2,2,0,0.69,1592,1057,2127,273,0.32,0.13
all,Andreas Jeschka,PBC Reutlingen 1,Landesliga,West,2,2,0,2.00,1591,1185,1998,208,1.17,0.13
league:Bezirksliga,Aristidis Michailidis,BSV Filderstadt 2 | BSV Filderstadt 3,Bezirksliga,Ost 1,34,25,9,27.87,1591,1457,1725,68,17.47,0.13
9-Ball,Berthold Moser,PBC Bräunlingen 1,Landesliga,West,9,7,2,6.08,1591,1329,1853,134,3.52,0.13
league:Landesliga,Brian Biercher,BSV Tiengen 2,Landesliga,West,23,16,7,15.54,1591,1415,1768,90,9.38,0.13
league:Landesliga,Gerhard Junker,PBC Offenburg 2 | PBC Offenburg 3,Landesliga,West,16,13,3,7.03,1591,1342,1841,127,4.28,0.13
10-Ball,Hakan Yaratici,PBC Bräunlingen 1 | PBC Bräunlingen 2,Bezirksliga | Landesliga,West | West 1,18,12,6,13.91,1591,1405,1776,95,8.55,0.13
8-Ball,Jürgen Porzelt,BSV Tiengen 3 | BSV Tiengen 4,Bezirksliga,West 1,26,20,6,17.40,1591,1420,1763,87,10.94,0.13
10-Ball,Miodrag Adrian Caravila,BSV Pfullingen 2 | PBC Reutlingen 2,Bezirksliga | Landesliga,Ost | Ost 1,17,12,5,11.66,1591,1392,1790,102,7.00,0.13
8-Ball,Roberto D`Elia,BC Unterteuringen 1,Bezirksliga,Ost 2,3,2,1,1.67,1591,1165,2016,217,0.81,0.13
all,Stefan Weiß,BC Dreiländereck 2,Landesliga,West,2,1,1,0.88,1591,1076,2106,263,0.32,0.13
league:Kreisliga A,Theo Georgoudious,PBC Ochsenhausen 2 | PBC Ochsenhausen 3,Kreisliga A,Ost 2,44,33,11,34.34,1591,1469,1713,62,21.87,0.13
14/1e,Torsten Hanisch,BC Blaustein 1,Bezirksliga | Kreisliga A | Landesliga,Ost | Ost 2,18,9,9,12.96,1591,1406,1775,94,6.99,0.13
14/1e,Berthold Moser,PBC Bräunlingen 1,Landesliga,West,14,11,3,11.78,1590,1394,1787,100,6.98,0.13
10-Ball,Gerhard Junker,PBC Offenburg 2 | PBC Offenburg 3,Landesliga,West,6,5,1,2.69,1590,1223,1957,187,1.61,0.13
league:Kreisliga A,Holger Domdey,BC Blaustein 1,Kreisliga A,Ost 2,2,2,0,0.69,1590,1046,2134,278,0.45,0.13
8-Ball,Luciano Abruzzese,BV Markdorf 2 | BV Markdorf 3,Bezirksliga | Kreisliga A,Ost 2,22,15,7,13.67,1590,1400,1779,97,8.42,0.13
9-Ball,Marius Schrimpf,BBC Plochingen 1,Bezirksliga | Landesliga,Ost | Ost 1,16,11,5,9.26,1590,1367,1813,114,5.50,0.13
league:Bezirksliga,Markus Appenowitz,BSV Filderstadt 2 | BSV Filderstadt 3,Bezirksliga,Ost 1,46,34,12,35.58,1590,1472,1707,60,21.68,0.13
9-Ball,Marvin Diedrich,PBC Sand 2,Bezirksliga,West 1,4,3,1,1.32,1590,1129,2052,235,0.80,0.13
9-Ball,Michael Stegmaier,BSV Filderstadt 5,Kreisliga A,Ost 1,1,1,0,0.44,1590,992,2188,305,0.32,0.13
league:Landesliga,Orhan Parama,BSC Göppingen 1 | BSC Göppingen 2,Landesliga,Ost,40,29,11,24.80,1590,1450,1729,71,15.44,0.13
all,Stefan Weiner,BV Villingen-Schwenningen 1 | BV Villingen-Schwenningen 2,Bezirksliga | Landesliga,West | West 1 | West 2,56,37,19,36.11,1590,1472,1708,60,22.96,0.13
8-Ball,Theo Georgoudious,PBC Ochsenhausen 1 | PBC Ochsenhausen 2 | PBC Ochsenhausen 3,Kreisliga A | Landesliga,Ost | Ost 2,20,15,5,15.83,1590,1408,1773,93,10.56,0.13
8-Ball,Tobias Küderle,PBC Offenburg 3,Bezirksliga | Landesliga,West | West 1,21,10,11,13.58,1590,1408,1772,93,7.15,0.13
10-Ball,Adham Mohamed,Tübinger BC 1 | Tübinger BC 2 | Tübinger BC 3,Bezirksliga | Kreisliga A,Ost 1 | West 2,5,3,2,4.46,1589,1286,1891,154,2.75,0.12
8-Ball,Andreas Greitmann,BC Unterteuringen 1,Bezirksliga,Ost 2,51,32,19,29.92,1589,1462,1716,65,17.08,0.13
10-Ball,Benjamin Jung,PBC Freudenstadt 2,Landesliga,West,1,1,0,0.44,1589,1009,2170,296,0.20,0.13
8-Ball,Daniel Kimmig,PBC Offenburg 3,Landesliga,West,1,1,0,0.44,1589,990,2187,305,0.31,0.13
14/1e,Maurizio Reith,PBC Offenburg 4,Landesliga,West,12,10,2,6.47,1589,1335,1842,129,3.62,0.13
9-Ball,Sebastian Bartsch,PBC Langenargen 1,Bezirksliga | Landesliga,Ost | Ost 2,18,13,5,9.15,1589,1371,1807,111,5.27,0.13
league:Landesliga,Timo Sillner,BC Stuttgart 1891 2,Landesliga,Ost,2,2,0,2.00,1589,1184,1993,206,1.23,0.12
all,Tobias Hirt,PBC Bad Saulgau 2,Bezirksliga,Ost 2,34,24,10,12.97,1589,1401,1778,96,7.71,0.13
9-Ball,Dietmar Karoli,Tübinger BC 1 | Tübinger BC 2,Bezirksliga | Kreisliga A,Ost 1,4,4,0,2.45,1588,1202,1974,197,1.61,0.12
9-Ball,Esad Selim Gündüz,BC Stuttgart 1891 5,Kreisliga A,Ost 2,1,1,0,1.00,1588,1069,2107,265,0.73,0.12
all,Kevin Patrick Fischer,BSV Pfullingen 2,Kreisliga A,Ost 1,6,4,2,5.19,1588,1302,1874,146,2.89,0.12
league:Kreisliga A,Mark Hast,Tübinger BC 2,Kreisliga A,Ost 1,26,17,9,18.53,1588,1427,1749,82,10.84,0.12
league:Kreisliga A,Rainer Hops,BV Markdorf 3,Kreisliga A,Ost 2,26,21,5,14.12,1588,1406,1770,93,8.24,0.12
all,Victor Rodriguez,BV Markdorf 1,Landesliga,Ost,12,4,8,6.32,1588,1333,1842,130,3.15,0.12
all,Wilfried Scheibel,BV Markdorf 3,Bezirksliga | Kreisliga A,Ost 2,23,16,7,16.02,1588,1415,1760,88,9.81,0.12
14/1e,Damir Vidovic,PBC Bräunlingen 1 | PBC Bräunlingen 2,Bezirksliga | Landesliga,West | West 1,3,3,0,2.07,1587,1185,1990,205,1.27,0.12
league:Landesliga,Dieter Seitz,BC Bad Schussenried 2,Landesliga,Ost,24,20,4,20.52,1587,1436,1738,77,12.15,0.12
10-Ball,Gerold Konnerth,BSC Göppingen 2,Bezirksliga,Ost 1,2,2,0,1.02,1587,1074,2099,261,0.73,0.12
8-Ball,Jens Butenschön,PBC Langenargen 2 | PBC Langenargen 3,Bezirksliga | Kreisliga A,Ost 2,42,30,12,22.55,1587,1439,1735,76,13.92,0.12
8-Ball,Jonathan Nestler,PBC Freudenstadt 2,Landesliga,West,3,3,0,1.69,1587,1155,2019,220,1.04,0.12
8-Ball,Michael Matschewsky,PBC Freudenstadt 1,Landesliga,West,1,1,0,0.35,1587,988,2185,305,0.18,0.12
all,Miodrag Adrian Caravila,BSV Pfullingen 2 | PBC Reutlingen 2,Bezirksliga | Landesliga,Ost | Ost 1 | West,65,39,26,47.95,1587,1486,1687,51,26.98,0.12
all,Raoul-Robert Ronto,PBC Rastatt 4,Kreisliga A,West 1,2,2,0,2.00,1587,1157,2016,219,1.46,0.12
league:Kreisliga A,Raoul-Robert Ronto,PBC Rastatt 4,Kreisliga A,West 1,2,2,0,2.00,1587,1157,2016,219,1.46,0.12
all,Roland Wacker,PBC Reutlingen 2 | PBC Reutlingen 3 | Tübinger BC 1,Bezirksliga | Kreisliga A | Landesliga,Ost 1 | West,66,52,14,44.97,1587,1480,1694,54,28.85,0.12
league:Bezirksliga,Torsten Hanisch,BC Blaustein 1,Bezirksliga,Ost 2,6,4,2,2.62,1587,1212,1962,191,1.61,0.12
9-Ball,Ali El Ajouz,BC Dreiländereck 1,Landesliga,West,2,2,0,1.12,1586,1083,2088,257,0.80,0.12
14/1e,Brian Biercher,BSV Tiengen 2,Landesliga,West,11,8,3,7.42,1586,1347,1824,122,3.95,0.12
all,Matthias Orth,BC Dreiländereck 2,Landesliga,West,18,9,9,6.58,1586,1333,1840,129,3.45,0.12
all,Tien Dat Ngo,BC Weingarten 1 | BC Weingarten 2,Bezirksliga | Kreisliga A,Ost 2,21,14,7,14.45,1586,1408,1764,91,8.32,0.12
8-Ball,Alexander Baur,PBC Bad Saulgau 2 | PBC Bad Saulgau 4,Bezirksliga | Kreisliga A,Ost 2,18,13,5,8.99,1585,1359,1811,115,5.41,0.12
league:Kreisliga A,Antonio Nuzziello,BSC Göppingen 2,Kreisliga A,Ost 1,11,8,3,3.78,1585,1262,1907,164,2.32,0.12
8-Ball,Matthias Orth,BC Dreiländereck 2,Landesliga,West,1,1,0,0.35,1585,987,2183,305,0.18,0.12
all,Michael Reich,BC Sindelfingen 4,Landesliga,West,2,2,0,2.00,1585,1182,1989,206,1.16,0.12
10-Ball,Philip Kammnick,BC Bad Schussenried 2 | BC Bad Schussenried 3,Bezirksliga | Kreisliga A,Ost 2,19,14,5,13.67,1585,1397,1773,96,8.66,0.12
all,Ramin Raeisi,BSV Pfullingen 2,Bezirksliga,Ost 1,18,10,8,7.46,1585,1343,1826,123,4.28,0.12
8-Ball,Ronny Frank,BSV Tiengen 2,Landesliga,West,9,5,4,3.40,1585,1253,1918,170,1.73,0.12
all,Ronny Frank,BSV Tiengen 2,Landesliga,West,62,39,23,30.65,1585,1461,1709,63,16.64,0.12
10-Ball,Franz Meschenmoser,PBC Bad Saulgau 2 | PBC Bad Saulgau 4,Bezirksliga | Kreisliga A,Ost 2,20,12,8,10.79,1584,1379,1789,104,6.27,0.12
14/1e,Ihor Lialin,BSV Tiengen 2,Landesliga,West,6,5,1,2.59,1584,1212,1955,189,1.48,0.12
10-Ball,Jamil Dib,P&S Denzlingen 2,Landesliga,West,12,6,6,9.23,1584,1365,1803,112,5.32,0.12
8-Ball,Oliver Schwertschlager,BC Stuttgart 1891 2,Landesliga,Ost,1,1,0,1.00,1584,1094,2073,250,0.55,0.12
league:Kreisliga A,Simon Theodoropoulos,Tübinger BC 2,Kreisliga A,Ost 1,6,5,1,2.80,1584,1216,1951,188,1.67,0.12
10-Ball,Thorsten Kappus,BSV Pfullingen 1 | BSV Pfullingen 2,Landesliga,Ost | West,10,7,3,6.65,1584,1334,1834,127,3.70,0.12
all,Andreas Tschinkel,BBC Plochingen 1 | BBC Plochingen 2,Bezirksliga | Kreisliga A | Landesliga,Ost | Ost 1,57,30,27,32.94,1583,1462,1705,62,18.06,0.12
league:Bezirksliga,Bernd Schröder,PBC Bräunlingen 2,Bezirksliga,West 1 | West 2,45,30,15,32.06,1583,1459,1707,63,18.59,0.12
8-Ball,Daniel Schmid,BC Bad Schussenried 1 | BC Bad Schussenried 2,Bezirksliga | Kreisliga A | Landesliga,Ost | Ost 2,12,7,5,5.46,1583,1307,1859,141,3.06,0.12
league:Kreisliga A,Dieter Haberkorn,PBC Bad Saulgau 3,Kreisliga A,Ost 2,25,18,7,13.61,1583,1398,1768,94,7.90,0.12
league:Kreisliga A,Hakan Toprak,Tübinger BC 2,Kreisliga A,Ost 1,14,11,3,6.00,1583,1318,1849,135,3.33,0.12
14/1e,Holger Domdey,BC Blaustein 1,Bezirksliga | Kreisliga A | Landesliga,Ost | Ost 2,43,28,15,27.00,1583,1452,1713,67,14.45,0.12
10-Ball,Jörg Schwager,BSC Göppingen 1 | BSC Göppingen 3,Bezirksliga | Kreisliga A | Landesliga,Ost | Ost 1,26,18,8,16.87,1583,1417,1749,85,9.72,0.12
all,Orhan Cetin,BSV Pfullingen 1 | BSV Pfullingen 2,Bezirksliga | Landesliga,Ost | Ost 1 | West,71,40,31,36.94,1583,1470,1696,58,20.11,0.12
14/1e,Raphael Titzmann,BSV Filderstadt 2 | BSV Filderstadt 3 | BSV Filderstadt 4,Bezirksliga | Kreisliga A | Landesliga,Ost | Ost 1,7,5,2,4.33,1583,1280,1886,154,2.61,0.12
9-Ball,Simon Schaal,BC Weingarten 1,Bezirksliga | Landesliga,Ost | Ost 2,10,7,3,8.30,1583,1354,1813,117,4.84,0.12
10-Ball,Svenja Schwarzkopf,BV Villingen-Schwenningen 1 | BV Villingen-Schwenningen 2,Bezirksliga | Landesliga,West | West 1 | West 2,4,3,1,1.60,1583,1146,2020,223,0.95,0.12
all,Ulrich Schäfer,BSV Pfullingen 1 | BSV Pfullingen 2,Kreisliga A | Landesliga,Ost | Ost 1,10,6,4,7.33,1583,1336,1829,126,4.17,0.12
10-Ball,Uwe Barth,PBC Ochsenhausen 1 | PBC Ochsenhausen 2 | PBC Ochsenhausen 3,Kreisliga A | Landesliga,Ost | Ost 2,5,4,1,3.05,1583,1229,1937,181,1.93,0.12
league:Landesliga,Andreas Jörg,BBC Plochingen 1,Landesliga,Ost,8,7,1,4.30,1582,1281,1884,154,2.51,0.12
14/1e,Aristidis Michailidis,BSV Filderstadt 2 | BSV Filderstadt 3 | BSV Filderstadt 4,Bezirksliga | Kreisliga A,Ost 1,17,14,3,13.72,1582,1394,1769,96,8.89,0.12
9-Ball,Bernd Schröder,PBC Bräunlingen 2,Bezirksliga,West 1,3,3,0,2.42,1582,1195,1969,197,1.49,0.12
9-Ball,Bruno Miletic,BC Dreiländereck 1,Landesliga,West,5,4,1,2.64,1582,1216,1949,187,1.59,0.12
10-Ball,Christian Späthe,PBC Langenargen 1 | PBC Langenargen 2 | PBC Langenargen 3,Bezirksliga | Kreisliga A | Landesliga,Ost | Ost 2,33,22,11,18.92,1582,1425,1740,80,11.30,0.12
8-Ball,Eberhard Sauter,PBC Freudenstadt 1 | PBC Freudenstadt 2 | PBC Freudenstadt 3,Bezirksliga | Landesliga,West | West 1,27,15,12,15.03,1582,1408,1757,89,7.94,0.12
league:Kreisliga A,Fabian Rapp,BSV Pfullingen 2 | BSV Pfullingen 5,Kreisliga A,Ost 1,10,6,4,6.18,1582,1323,1841,132,3.38,0.12
all,Konrad Bau,Tübinger BC 1,Bezirksliga | Landesliga,Ost | Ost 1 | West,84,54,30,51.82,1582,1486,1679,49,30.02,0.12
league:Bezirksliga,Mario Kaiser,BSC St. Georgen 1,Bezirksliga,West 1 | West 2,84,68,16,48.72,1582,1480,1684,52,30.62,0.12
9-Ball,Martin Doster,BSC Göppingen 1,Bezirksliga | Landesliga,Ost | Ost 1,4,3,1,2.92,1582,1228,1935,181,1.68,0.12
league:Landesliga,Matthias Ludersdorfer,Tübinger BC 1,Landesliga,Ost,2,2,0,0.64,1582,1033,2132,280,0.40,0.12
8-Ball,Maurizio Reith,PBC Offenburg 4,Landesliga,West,2,1,1,1.10,1582,1103,2061,244,0.52,0.12
9-Ball,Michael Reichert,PBC Freudenstadt 1 | PBC Freudenstadt 2,Landesliga,West,16,13,3,7.89,1582,1347,1816,120,4.59,0.12
all,Saman Hadi,BC Dätzingen 2,Kreisliga A,West 2,2,2,0,2.00,1582,1168,1996,211,1.35,0.12
league:Kreisliga A,Saman Hadi,BC Dätzingen 2,Kreisliga A,West 2,2,2,0,2.00,1582,1168,1996,211,1.35,0.12
9-Ball,Silvio Fadda,BV Markdorf 1,Landesliga,Ost,36,23,13,21.23,1582,1435,1729,75,11.76,0.12
8-Ball,Thorsten Mohr,BSV Konstanz 1,Landesliga,Ost,5,3,2,1.63,1582,1154,2011,218,0.77,0.12
9-Ball,Victor Rodriguez,BV Markdorf 1,Landesliga,Ost,6,2,4,3.16,1582,1242,1921,173,1.71,0.12
8-Ball,Anastasios Kagelidis,PP Böblingen 2,Kreisliga A,West 2,1,1,0,1.00,1581,1068,2095,262,0.72,0.11
8-Ball,Andreas Gut,BV Villingen-Schwenningen 1 | BV Villingen-Schwenningen 2,Bezirksliga | Landesliga,West | West 1 | West 2,14,12,2,8.17,1581,1330,1832,128,5.53,0.12
league:Landesliga,Bessim Bessim Oglou,BC Aalen 3,Landesliga,Ost,2,1,1,2.00,1581,1178,1984,206,1.19,0.11
14/1e,Draoui El Mokhtar,BV Pforzheim 3,Bezirksliga,West 1,1,1,0,1.00,1581,1068,2095,262,0.72,0.11
10-Ball,Esad Selim Gündüz,BC Stuttgart 1891 5,Kreisliga A,Ost 2,1,1,0,1.00,1581,1068,2095,262,0.72,0.11
10-Ball,Genta Gunawan,BC Stuttgart 1891 5,Kreisliga A,Ost 2,1,1,0,1.00,1581,1068,2095,262,0.72,0.11
10-Ball,Hans-Peter Benzinger,BC Sindelfingen 6,Bezirksliga,West 2,1,1,0,1.00,1581,1068,2095,262,0.72,0.11
8-Ball,Josip Ceko,TV Cannstatt 3,Bezirksliga,Ost 1,1,1,0,1.00,1581,1068,2095,262,0.72,0.11
10-Ball,Konrad Bau,Tübinger BC 1,Bezirksliga | Landesliga,Ost | Ost 1,15,8,7,9.59,1581,1366,1795,110,5.58,0.11
8-Ball,Kurt Saller,BC Sindelfingen 5,Bezirksliga,West 1,1,1,0,1.00,1581,1068,2095,262,0.72,0.11
league:Kreisliga A,Markus Löscher,BSV Shooters Fellbach 2,Kreisliga A,Ost 1,2,2,0,2.00,1581,1174,1988,208,1.27,0.11
14/1e,Martin Doster,BSC Göppingen 1 | BSC Göppingen 2,Bezirksliga | Landesliga,Ost | Ost 1,40,23,17,24.62,1581,1444,1718,70,13.08,0.11
10-Ball,Nils Dannhauer,BC Feuersee 1,Kreisliga A,Ost 2,1,1,0,1.00,1581,1068,2095,262,0.72,0.11
8-Ball,Petar Popov,BC Stuttgart 1891 5,Kreisliga A,Ost 2,1,1,0,1.00,1581,1068,2095,262,0.72,0.11
10-Ball,Raoul-Robert Ronto,PBC Rastatt 4,Kreisliga A,West 1,1,1,0,1.00,1581,1068,2095,262,0.72,0.11
league:Kreisliga A,Robin Kümmerle,BSV Filderstadt 5,Kreisliga A,Ost 1,19,16,3,9.11,1581,1350,1811,118,5.97,0.11
all,Rolf Berkowitz,PBC Freudenstadt 3,Bezirksliga,West 1,2,2,0,0.79,1581,1049,2114,272,0.54,0.12
league:Bezirksliga,Simon Kemmerling,PBC Bräunlingen 2,Bezirksliga,West 1 | West 2,83,61,22,50.09,1581,1478,1683,52,32.21,0.11
league:Bezirksliga,Steffen Feuerbacher,PBC Freudenstadt 2,Bezirksliga,West 1,20,15,5,6.78,1581,1332,1831,127,3.88,0.12
10-Ball,Viktor Tschin,BV Pforzheim 4,Kreisliga A,West 1,1,1,0,1.00,1581,1068,2095,262,0.72,0.11
8-Ball,Viktor Tschin,BV Pforzheim 4,Kreisliga A,West 1,1,1,0,1.00,1581,1068,2095,262,0.72,0.11
14/1e,Wadea Al Mahamid,Tübinger BC 1,Bezirksliga | Landesliga,Ost | Ost 1,40,33,7,24.59,1581,1441,1721,71,15.10,0.11
8-Ball,Yao Wang,BC Stuttgart 1891 5,Kreisliga A,Ost 2,1,1,0,1.00,1581,1068,2095,262,0.72,0.11
all,Adrian Mernik,PBC Reutlingen 2,Kreisliga A,Ost 1,16,15,1,5.29,1580,1292,1868,147,3.43,0.11
10-Ball,Björn Welte,PBC Bräunlingen 1,Landesliga,West,13,8,5,9.17,1580,1360,1800,112,5.06,0.11
9-Ball,Christian Späthe,PBC Langenargen 1 | PBC Langenargen 2 | PBC Langenargen 3,Bezirksliga | Kreisliga A | Landesliga,Ost | Ost 2,32,20,12,19.30,1580,1423,1736,80,11.39,0.11
league:Landesliga,David Galwas,PBC Freudenstadt 1,Landesliga,West,16,10,6,5.36,1580,1306,1855,140,2.92,0.11
14/1e,Frank Gebert,BC Blaustein 1 | BSV Filderstadt 3,Landesliga,Ost,9,7,2,3.96,1580,1270,1889,158,2.02,0.11
league:Bezirksliga,Hakan Yaratici,PBC Bräunlingen 2,Bezirksliga,West 1,43,29,14,34.36,1580,1460,1700,61,20.39,0.11
9-Ball,Kadir Özturgut,BC Bad Schussenried 2,Bezirksliga | Landesliga,Ost | Ost 2,10,5,5,7.89,1580,1347,1813,119,4.39,0.11
9-Ball,Maurizio Reith,PBC Offenburg 4,Landesliga,West,1,1,0,0.50,1580,1013,2146,289,0.28,0.11
14/1e,Andreas Einsiedler,PBC Langenargen 1 | PBC Langenargen 2,Bezirksliga | Landesliga,Ost | Ost 2,18,12,6,10.28,1579,1374,1784,104,5.43,0.11
8-Ball,Dietmar Helfrich,BC Bad Schussenried 3 | BC Bad Schussenried 4,Bezirksliga | Kreisliga A,Ost 2,9,5,4,6.82,1579,1319,1838,133,4.38,0.11
9-Ball,Dietmar Helfrich,BC Bad Schussenried 3 | BC Bad Schussenried 4,Bezirksliga | Kreisliga A,Ost 2,11,7,4,8.43,1579,1345,1813,119,5.50,0.11
all,Eberhard Sauter,PBC Freudenstadt 1 | PBC Freudenstadt 2 | PBC Freudenstadt 3,Bezirksliga | Landesliga,West | West 1,85,53,32,51.06,1579,1483,1676,49,28.07,0.11
all,Fabian Müller,BV Markdorf 1,Landesliga,Ost,22,10,12,8.13,1579,1347,1811,118,4.01,0.11
all,Frank Tatarkowski,PBC Offenburg 2,Landesliga,West,41,23,18,16.57,1579,1412,1747,85,9.33,0.11
9-Ball,Luciano Abruzzese,BV Markdorf 2 | BV Markdorf 3,Bezirksliga | Kreisliga A,Ost 2,32,20,12,19.19,1579,1423,1734,79,10.85,0.11
all,Maximilian Jentsch,PBC Aalen 2,Kreisliga A,Ost 2,2,2,0,2.00,1579,1178,1979,204,1.17,0.11
league:Kreisliga A,Maximilian Jentsch,PBC Aalen 2,Kreisliga A,Ost 2,2,2,0,2.00,1579,1178,1979,204,1.17,0.11
9-Ball,Mohammed Alhila,PBC Reutlingen 3,Kreisliga A,Ost 1,3,3,0,1.64,1579,1130,2027,229,1.16,0.11
10-Ball,Nicole Hummel,BV Villingen-Schwenningen 2,Bezirksliga,West 2,1,1,0,0.43,1579,998,2161,297,0.25,0.11
league:Landesliga,Norbert Kabas,P&S Denzlingen 2,Landesliga,West,24,19,5,20.54,1579,1426,1732,78,12.90,0.11
league:Bezirksliga,Orhan Cetin,BSV Pfullingen 2,Bezirksliga,Ost 1,30,20,10,11.58,1579,1380,1779,102,6.91,0.11
9-Ball,Rainer Hops,BV Markdorf 2 | BV Markdorf 3 | PBC Bad Saulgau 2,Bezirksliga | Kreisliga A,Ost 2,31,22,9,16.64,1579,1412,1745,85,9.80,0.11
8-Ball,Rolf Berkowitz,PBC Freudenstadt 3,Bezirksliga,West 1,1,1,0,0.40,1579,974,2183,308,0.29,0.11
8-Ball,Stefan Weiner,BV Villingen-Schwenningen 1 | BV Villingen-Schwenningen 2,Bezirksliga | Landesliga,West | West 1 | West 2,14,8,6,8.74,1579,1354,1803,115,4.95,0.11
all,Thomas Teufel,PBC Offenburg 4,Bezirksliga,West 1,2,2,0,0.64,1579,1033,2124,278,0.38,0.11
all,Thomas Weniger,BSV Tiengen 3,Bezirksliga | Landesliga,West | West 1,23,17,6,17.91,1579,1416,1742,83,10.69,0.11
league:Bezirksliga,Benno Amann,BC Unterteuringen 1,Bezirksliga,Ost 2,102,68,34,59.84,1578,1487,1668,46,34.61,0.11
14/1e,Bruno Miletic,BC Dreiländereck 1,Bezirksliga | Landesliga,West | West 1,24,18,6,18.13,1578,1415,1741,83,11.19,0.11
all,Dennis Rothaug,BV Villingen-Schwenningen 1 | BV Villingen-Schwenningen 2,Bezirksliga | Landesliga,West | West 1,18,14,4,13.42,1578,1369,1788,107,9.72,0.11
league:Bezirksliga,Holger Domdey,BC Blaustein 1,Bezirksliga,Ost 2,20,14,6,8.49,1578,1352,1804,115,4.83,0.11
8-Ball,Joshua Armbruster,PBC Freudenstadt 2,Bezirksliga | Landesliga,West | West 1,27,19,8,16.13,1578,1409,1747,86,9.21,0.11
10-Ball,Kai Kiss,BSV Tiengen 2,Landesliga,West,14,10,4,8.40,1578,1347,1809,118,4.94,0.11
league:Bezirksliga,Konrad Bau,Tübinger BC 1,Bezirksliga,Ost 1,72,50,22,46.49,1578,1475,1680,52,27.57,0.11
14/1e,Marius Schrimpf,BBC Plochingen 1 | BBC Plochingen 2,Bezirksliga | Kreisliga A | Landesliga,Ost | Ost 1,26,20,6,15.79,1578,1406,1750,88,9.48,0.11
9-Ball,Partha Ghosh,Tübinger BC 1 | Tübinger BC 2,Bezirksliga | Kreisliga A,Ost 1,2,2,0,1.56,1578,1134,2023,227,1.02,0.11
10-Ball,Peter Baur,BSG Albstadt 1 | Tübinger BC 3,Bezirksliga | Kreisliga A,Ost 1 | West 2,5,3,2,2.73,1578,1217,1938,184,1.52,0.11
all,Uwe Lang,BC Dreiländereck 1 | BC Dreiländereck 2 | PBC Offenburg 2,Landesliga,West,54,34,20,28.83,1578,1449,1706,65,15.42,0.11
all,Daniel Schmid,BC Bad Schussenried 1 | BC Bad Schussenried 2 | BC Bad Schussenried 3,Bezirksliga | Kreisliga A | Landesliga,Ost | Ost 2,73,44,29,42.93,1577,1472,1681,53,23.53,0.11
all,David Party,PBC Offenburg 2 | PBC Offenburg 3 | PBC Offenburg 4,Bezirksliga | Landesliga,West | West 1,82,57,25,51.66,1577,1480,1674,49,29.56,0.11
14/1e,Eberhard Sauter,PBC Freudenstadt 1 | PBC Freudenstadt 2 | PBC Freudenstadt 3,Bezirksliga | Landesliga,West | West 1,28,19,9,14.72,1577,1403,1751,89,8.12,0.11
10-Ball,Fiorenzo De Nuzzo,BV Pforzheim 2,Landesliga,West,1,1,0,1.00,1577,1090,2065,249,0.49,0.11
9-Ball,Frank Flach,PBC Ochsenhausen 1 | PBC Ochsenhausen 2,Bezirksliga | Kreisliga A,Ost 2,6,6,0,1.98,1577,1161,1992,212,1.30,0.11
10-Ball,Frank Tatarkowski,PBC Offenburg 2,Landesliga,West,12,8,4,5.02,1577,1292,1862,146,2.85,0.11
8-Ball,Günther Götz,BSC St. Georgen 1,Bezirksliga | Landesliga,West | West 1 | West 2,57,44,13,34.15,1577,1451,1703,64,21.78,0.11
all,Holger Mayer,BF Bronnen 1,Kreisliga A,Ost 2,11,10,1,9.18,1577,1353,1802,115,5.87,0.11
league:Bezirksliga,Jörg Schwager,BSC Göppingen 1,Bezirksliga,Ost 1,23,15,8,12.55,1577,1384,1770,99,7.56,0.11
league:Landesliga,Kai Kiss,BSV Tiengen 2,Landesliga,West,37,27,10,21.33,1577,1424,1729,78,13.32,0.11
all,Luciano Abruzzese,BV Markdorf 2 | BV Markdorf 3,Bezirksliga | Kreisliga A,Ost 2,101,65,36,59.29,1577,1486,1668,46,34.25,0.11
league:Bezirksliga,Marcus Trumpp,BSV Pfullingen 2,Bezirksliga,Ost 1,18,10,8,7.10,1577,1330,1823,126,3.89,0.11
9-Ball,Markus Strauß,BV Villingen-Schwenningen 1,Landesliga,West,1,1,0,0.33,1577,975,2178,307,0.18,0.11
10-Ball,Martin Brandt,BV Markdorf 2,Bezirksliga,Ost 2,33,20,13,19.80,1577,1422,1732,79,11.37,0.11
league:Kreisliga A,Martin Wistuba,BSV Pfullingen 4,Kreisliga A,Ost 1,13,11,2,5.48,1577,1296,1859,144,3.56,0.11
8-Ball,Nicole Hummel,BV Villingen-Schwenningen 2,Bezirksliga,West 2,2,2,0,0.76,1577,1036,2119,276,0.53,0.11
8-Ball,Pavlos Korezelidis,BBC Plochingen 1,Bezirksliga | Landesliga,Ost | Ost 1,20,11,9,12.78,1577,1387,1767,97,5.80,0.11
all,Petar Popov,BC Stuttgart 1891 5,Kreisliga A,Ost 2,2,2,0,2.00,1577,1155,1998,215,1.41,0.11
league:Kreisliga A,Petar Popov,BC Stuttgart 1891 5,Kreisliga A,Ost 2,2,2,0,2.00,1577,1155,1998,215,1.41,0.11
league:Kreisliga A,Raimund Wanner,BC Bad Schussenried 3,Kreisliga A,Ost 2,20,17,3,10.91,1577,1374,1781,104,6.57,0.11
14/1e,Alexandros Vassiliadis,PBC Aalen 1,Bezirksliga,Ost 2,1,1,0,1.00,1576,1066,2086,260,0.71,0.11
8-Ball,Andreas Witzigmann,PBC Langenargen 1 | PBC Langenargen 2,Bezirksliga | Kreisliga A | Landesliga,Ost | Ost 2,34,21,13,19.64,1576,1422,1731,79,10.81,0.11
all,Christian Späthe,PBC Langenargen 1 | PBC Langenargen 2 | PBC Langenargen 3,Bezirksliga | Kreisliga A | Landesliga,Ost | Ost 2,78,48,30,45.66,1576,1473,1679,53,26.24,0.11
14/1e,Georg Winter,BV Markdorf 1 | BV Markdorf 2,Bezirksliga | Landesliga,Ost | Ost 2,26,15,11,13.38,1576,1394,1759,93,7.30,0.11
8-Ball,Horst Bendig,P&S Denzlingen 1 | P&S Denzlingen 2,Landesliga,West,12,6,6,5.92,1576,1310,1841,135,3.16,0.11
8-Ball,Jörg Schwager,BSC Göppingen 1 | BSC Göppingen 3,Bezirksliga | Kreisliga A,Ost 1,2,2,0,1.01,1576,1082,2069,252,0.62,0.11
8-Ball,Manfred Waldvogel,BV Markdorf 1 | BV Markdorf 2,Bezirksliga | Landesliga,Ost | Ost 2,5,3,2,3.95,1576,1252,1901,166,2.25,0.11
8-Ball,Manfred Wußler,PBC Offenburg 2 | PBC Offenburg 3 | PBC Offenburg 4,Bezirksliga | Landesliga,West | West 1,17,7,10,10.77,1576,1371,1782,105,5.68,0.11
8-Ball,Rainer Hops,BV Markdorf 2 | BV Markdorf 3 | PBC Bad Saulgau 2,Bezirksliga,Ost 2,14,7,7,8.82,1576,1355,1796,113,4.60,0.11
8-Ball,Samuel Schleitzer,P&S Denzlingen 2,Landesliga,West,2,2,0,1.71,1576,1152,1999,216,0.97,0.11
10-Ball,Simon Theodoropoulos,Tübinger BC 1 | Tübinger BC 2,Bezirksliga | Kreisliga A | Landesliga,Ost | Ost 1 | West,23,16,7,13.06,1576,1389,1762,95,7.34,0.11
all,Stefan Duttlinger,BSV Tiengen 2,Landesliga,West,2,2,0,0.64,1576,1036,2116,275,0.33,0.11
league:Kreisliga A,Uwe Barth,PBC Ochsenhausen 2 | PBC Ochsenhausen 3,Kreisliga A,Ost 2,52,35,17,35.54,1576,1459,1693,59,21.42,0.11
all,Volker Gutzeit,BBC Plochingen 1 | BBC Plochingen 2,Bezirksliga | Landesliga,Ost | Ost 1,80,55,25,48.16,1576,1476,1677,51,27.54,0.11
league:Kreisliga A,Wilfried Scheibel,BV Markdorf 3,Kreisliga A,Ost 2,9,7,2,4.77,1576,1280,1872,151,3.08,0.11
league:Landesliga,Yilmaz Aygün,P&S Denzlingen 1,Landesliga,West,68,46,22,37.31,1576,1463,1689,58,21.70,0.11
all,Alexander Baur,PBC Bad Saulgau 2 | PBC Bad Saulgau 4,Bezirksliga | Kreisliga A,Ost 2,55,38,17,30.21,1575,1450,1700,64,17.44,0.11
9-Ball,Ali Deyhimi,Tübinger BC 2,Kreisliga A,Ost 1,2,1,1,1.19,1575,1097,2053,244,0.76,0.11
all,Andreas Witzigmann,PBC Langenargen 1 | PBC Langenargen 2,Bezirksliga | Kreisliga A | Landesliga,Ost | Ost 2,105,70,35,57.75,1575,1484,1667,47,31.56,0.11
14/1e,Florian Rasser,BC Dreiländereck 1,Bezirksliga,West 1,3,3,0,2.62,1575,1196,1953,193,1.75,0.11
league:Landesliga,Holger Domdey,BC Blaustein 1,Landesliga,Ost,64,45,19,44.82,1575,1471,1678,53,26.42,0.11
9-Ball,Ihor Lialin,BSV Tiengen 2,Landesliga,West,3,3,0,1.30,1575,1109,2041,238,0.82,0.11
14/1e,Osman Büyük,BSV Filderstadt 2 | BSV Filderstadt 3,Bezirksliga,Ost 1,11,8,3,8.12,1575,1344,1806,118,4.70,0.11
10-Ball,Robin Kümmerle,BSV Filderstadt 4 | BSV Filderstadt 5,Bezirksliga | Kreisliga A,Ost 1,11,9,2,5.33,1575,1293,1858,144,3.25,0.11
league:Landesliga,Thomas Rehmann,BV Markdorf 1,Landesliga,Ost,49,38,11,32.69,1575,1454,1696,62,19.34,0.11
all,Andreas Einsiedler,PBC Langenargen 1 | PBC Langenargen 2,Bezirksliga | Landesliga,Ost | Ost 2,66,34,32,36.93,1574,1462,1686,57,18.58,0.10
14/1e,Andreas Keilmann,BC Sindelfingen 5,Bezirksliga,West 1,1,1,0,1.00,1574,1066,2082,259,0.70,0.10
league:Bezirksliga,Günther Götz,BSC St. Georgen 1,Bezirksliga,West 1 | West 2,91,66,25,53.02,1574,1476,1672,50,32.36,0.11
10-Ball,Luciano Abruzzese,BV Markdorf 2 | BV Markdorf 3,Bezirksliga | Kreisliga A,Ost 2,35,26,9,20.42,1574,1419,1729,79,12.10,0.11
all,Marco Bunke,BSV Pfullingen 1 | BSV Pfullingen 3 | BSV Pfullingen 4,Bezirksliga | Kreisliga A | Landesliga,Ost | Ost 1,36,25,11,18.30,1574,1413,1734,82,10.46,0.10
all,Markus König,BSV Filderstadt 2 | PBC Bad Saulgau 2,Bezirksliga,Ost 1 | Ost 2,36,23,13,26.40,1574,1440,1709,69,14.71,0.11
all,Nicole Hummel,BV Villingen-Schwenningen 2,Bezirksliga,West 2,6,4,2,2.37,1574,1190,1957,196,1.47,0.10
10-Ball,Pavlos Korezelidis,BBC Plochingen 1,Bezirksliga | Landesliga,Ost | Ost 1,18,13,5,9.49,1574,1356,1792,111,5.50,0.11
8-Ball,Ramin Raeisi,BSV Pfullingen 2,Bezirksliga,Ost 1,5,4,1,2.06,1574,1170,1977,206,1.17,0.10
league:Bezirksliga,Ramin Raeisi,BSV Pfullingen 2,Bezirksliga,Ost 1,18,10,8,7.46,1574,1333,1815,123,4.29,0.10
9-Ball,Silvestar Smokovic,BSC Göppingen 1,Bezirksliga | Landesliga,Ost | Ost 1,21,15,6,14.44,1574,1396,1751,91,7.88,0.10
league:Bezirksliga,Simon Schaal,BC Weingarten 1,Bezirksliga,Ost 2,11,8,3,7.69,1574,1336,1813,121,4.69,0.11
league:Landesliga,Stefan Weiß,BC Dreiländereck 2,Landesliga,West,2,1,1,0.88,1574,1065,2082,259,0.34,0.10
8-Ball,Thomas Teufel,PBC Offenburg 4,Bezirksliga,West 1,1,1,0,0.32,1574,971,2177,308,0.16,0.10
league:Bezirksliga,Volker Gutzeit,BBC Plochingen 1 | BBC Plochingen 2,Bezirksliga,Ost 1,58,43,15,35.30,1574,1456,1692,60,20.99,0.11
10-Ball,Woldai Wagner,BSV Konstanz 1,Landesliga,Ost,2,1,1,0.63,1574,1027,2120,279,0.24,0.10
all,Andreas Zillmann,PP Böblingen 1,Landesliga,West,2,2,0,2.00,1573,1154,1992,214,1.40,0.10
league:Landesliga,Andreas Zillmann,PP Böblingen 1,Landesliga,West,2,2,0,2.00,1573,1154,1992,214,1.40,0.10
8-Ball,Bernhard Sutor,PBC Offenburg 2,Landesliga,West,27,16,11,15.99,1573,1403,1743,87,8.32,0.10
14/1e,Christian Joos,BC Dreiländereck 1 | BC Dreiländereck 2,Landesliga,West,4,4,0,1.97,1573,1168,1977,206,1.19,0.10
9-Ball,David Galwas,PBC Freudenstadt 1,Landesliga,West,5,4,1,1.66,1573,1149,1997,216,0.95,0.10
8-Ball,Hardi Engel,BV Markdorf 2,Bezirksliga,Ost 2,20,11,9,11.53,1573,1377,1769,100,6.04,0.10
league:Bezirksliga,Kevin Albert,BSV Tiengen 3,Bezirksliga,West 1,24,19,5,16.21,1573,1400,1745,88,9.82,0.10
8-Ball,Kurt Kempf,PBC Offenburg 2 | PBC Offenburg 3 | PBC Offenburg 4 | PBC Offenburg 6,Bezirksliga | Landesliga,West | West 1,16,11,5,8.24,1573,1341,1805,118,4.59,0.10
all,Samuel Schleitzer,P&S Denzlingen 2,Landesliga,West,8,6,2,6.81,1573,1323,1824,128,4.10,0.10
all,Sebastian Scherbinin,PBC Freudenstadt 2 | PBC Freudenstadt 3,Landesliga,West,22,11,11,12.20,1573,1383,1764,97,6.49,0.10
14/1e,Stefan Weiner,BV Villingen-Schwenningen 2,Bezirksliga,West 1 | West 2,19,14,5,11.85,1573,1377,1769,100,7.23,0.10
all,Svenja Schwarzkopf,BV Villingen-Schwenningen 1 | BV Villingen-Schwenningen 2,Bezirksliga | Landesliga,West | West 1 | West 2,31,23,8,14.74,1573,1396,1751,90,8.78,0.10
league:Bezirksliga,Thorsten Rammer,PBC Freudenstadt 2,Bezirksliga,West 1,8,6,2,2.71,1573,1214,1931,183,1.50,0.10
8-Ball,Tobias Hirt,PBC Bad Saulgau 2,Bezirksliga,Ost 2,10,6,4,3.68,1573,1254,1892,163,1.86,0.10
8-Ball,Alexander Fischer,Tübinger BC 1 | Tübinger BC 2,Bezirksliga | Kreisliga A | Landesliga,Ost | Ost 1,27,19,8,13.53,1572,1382,1762,97,8.05,0.10
all,Ali Cetin,BC Bad Schussenried 1 | BC Bad Schussenried 2 | BC Bad Schussenried 3 | BC Bad Schussenried 4,Bezirksliga | Kreisliga A | Landesliga,Ost | Ost 2,83,50,33,53.44,1572,1478,1667,48,30.01,0.10
9-Ball,Axel Klimmer,PBC Bräunlingen 1,Landesliga,West,6,5,1,4.66,1572,1278,1867,150,2.73,0.10
all,Björn Welte,PBC Bräunlingen 1 | PBC Bräunlingen 2,Bezirksliga | Landesliga,West | West 2,85,66,19,52.57,1572,1475,1668,49,30.44,0.10
10-Ball,Daniel Schmid,BC Bad Schussenried 1 | BC Bad Schussenried 2 | BC Bad Schussenried 3,Bezirksliga | Landesliga,Ost | Ost 2,21,11,10,11.29,1572,1375,1769,100,6.23,0.10
10-Ball,Eugen Spähn,PBC Ochsenhausen 1,Bezirksliga | Landesliga,Ost | Ost 2,13,8,5,7.17,1572,1331,1812,123,3.40,0.10
league:Kreisliga A,Franz Miehle,BC Bad Schussenried 3,Kreisliga A,Ost 2,18,15,3,12.10,1572,1373,1770,101,7.48,0.10
8-Ball,Gerold Konnerth,BSC Göppingen 2,Bezirksliga,Ost 1,1,0,1,0.69,1572,1023,2122,280,0.21,0.10
14/1e,Goran Švab,BSV Filderstadt 3 | BSV Filderstadt 4,Bezirksliga | Landesliga,Ost | Ost 1,12,10,2,4.92,1572,1290,1855,144,2.64,0.10
10-Ball,Günther Bastian,PBC Langenargen 2 | PBC Langenargen 3,Bezirksliga | Kreisliga A,Ost 2,15,9,6,6.31,1572,1314,1830,132,3.51,0.10
14/1e,Jonathan Nestler,PBC Freudenstadt 2,Bezirksliga | Landesliga,West | West 1,8,8,0,4.15,1572,1270,1875,154,2.24,0.10
14/1e,Markus König,BSV Filderstadt 2 | PBC Bad Saulgau 2,Bezirksliga,Ost 1 | Ost 2,15,8,7,11.90,1572,1379,1765,98,6.57,0.10
9-Ball,Oliver Eisele,PBC Langenargen 1 | PBC Langenargen 2,Bezirksliga | Landesliga,Ost | Ost 2,3,2,1,2.33,1572,1193,1952,193,1.27,0.10
all,Sebastian Bartsch,PBC Langenargen 1 | PBC Langenargen 2,Bezirksliga | Landesliga,Ost | Ost 2,54,29,25,28.63,1572,1445,1699,65,14.44,0.10
league:Bezirksliga,Timo Heim,PBC Offenburg 3 | PBC Offenburg 4,Bezirksliga,West 1,41,26,15,21.61,1572,1422,1722,76,13.18,0.10
10-Ball,Uwe Lang,BC Dreiländereck 1 | BC Dreiländereck 2 | PBC Offenburg 2,Landesliga,West,8,5,3,5.01,1572,1287,1856,145,2.84,0.10
8-Ball,Bernd Schröder,PBC Bräunlingen 2,Bezirksliga | Landesliga,West | West 1 | West 2,24,12,12,15.47,1571,1394,1747,90,8.77,0.10
14/1e,Dominik Netzhammer,BSV Tiengen 2 | BSV Tiengen 3,Bezirksliga | Landesliga,West | West 1,19,14,5,14.36,1571,1393,1749,91,8.04,0.10
8-Ball,Florian Stubert,BSV Filderstadt 1 | BSV Filderstadt 2 | BSV Filderstadt 3 | BSV Filderstadt 4,Bezirksliga | Landesliga,Ost | Ost 1,6,3,3,3.75,1571,1251,1892,164,1.80,0.10
9-Ball,Gerald Ströbele,PBC Langenargen 1 | PBC Langenargen 2 | PBC Langenargen 3,Bezirksliga | Kreisliga A | Landesliga,Ost | Ost 2,10,5,5,6.14,1571,1312,1830,132,3.42,0.10
9-Ball,Orhan Cetin,BSV Pfullingen 1 | BSV Pfullingen 2,Bezirksliga | Landesliga,Ost | Ost 1,10,7,3,5.15,1571,1289,1853,144,2.98,0.10
14/1e,Pavlos Dadakos,PBC Reutlingen 1,Landesliga,West,1,1,0,1.00,1571,1082,2059,249,0.57,0.10
all,Rainer Hops,BV Markdorf 2 | BV Markdorf 3 | PBC Bad Saulgau 2,Bezirksliga | Kreisliga A,Ost 2,106,66,40,60.68,1571,1482,1659,45,32.89,0.10
8-Ball,Sander Damrau,BSV Pfullingen 2,Landesliga,Ost,1,1,0,0.50,1571,1007,2134,288,0.23,0.10
10-Ball,Steffen Graf,BV Villingen-Schwenningen 1 | BV Villingen-Schwenningen 2,Bezirksliga | Landesliga,West | West 1,5,5,0,3.32,1571,1218,1924,180,2.15,0.10
all,Sukhbat Batjargal,BC Stuttgart 1891 4,Bezirksliga,Ost 2,2,2,0,2.00,1571,1165,1976,207,1.25,0.10
league:Bezirksliga,Sukhbat Batjargal,BC Stuttgart 1891 4,Bezirksliga,Ost 2,2,2,0,2.00,1571,1165,1976,207,1.25,0.10
14/1e,Thomas Gäckle,PF Calw 2,Bezirksliga,West 1,1,1,0,1.00,1571,1065,2078,258,0.69,0.10
all,Thorsten Kappus,BSV Pfullingen 1 | BSV Pfullingen 2,Landesliga,Ost | West,35,20,15,22.36,1571,1429,1713,72,11.21,0.10
8-Ball,Yilmaz Aygün,P&S Denzlingen 1,Landesliga,West,7,5,2,4.53,1571,1266,1876,156,2.69,0.10
9-Ball,Andreas Loderer,BC Bad Schussenried 1,Bezirksliga | Landesliga,Ost | Ost 2,7,4,3,2.89,1570,1219,1921,179,1.55,0.10
league:Kreisliga A,Andreas Witzigmann,PBC Langenargen 2,Kreisliga A,Ost 2,26,20,6,8.75,1570,1339,1802,118,5.40,0.10
all,Claudio Pontuti,BSV Filderstadt 4,Landesliga,Ost,6,2,4,2.52,1570,1203,1936,187,1.27,0.10
league:Kreisliga A,Manfred Sieweke,PBC Ochsenhausen 2 | PBC Ochsenhausen 3,Kreisliga A,Ost 2,22,13,9,12.75,1570,1381,1759,96,7.35,0.10
league:Landesliga,Manfred Waldvogel,BV Markdorf 1,Landesliga,Ost,23,15,8,19.84,1570,1416,1725,79,11.49,0.10
all,Manfred Wußler,PBC Offenburg 2 | PBC Offenburg 3 | PBC Offenburg 4,Bezirksliga | Landesliga,West | West 1,34,18,16,21.54,1570,1422,1718,75,11.90,0.10
league:Kreisliga A,Martin Reinhardt,PBC Ochsenhausen 2,Kreisliga A,Ost 2,25,18,7,9.35,1570,1352,1787,111,5.46,0.10
8-Ball,Mike Dörfler,BC Dreiländereck 1,Landesliga,West,1,1,0,0.54,1570,1002,2138,290,0.37,0.10
14/1e,Norbert Kabas,P&S Denzlingen 2 | P&S Denzlingen 3,Bezirksliga | Landesliga,West | West 1,11,8,3,9.29,1570,1354,1785,110,5.29,0.10
all,Oliver Kruse,PBC Offenburg 2,Landesliga,West,14,10,4,12.20,1570,1378,1761,98,6.87,0.10
14/1e,Roland Wacker,PBC Reutlingen 2 | PBC Reutlingen 3 | Tübinger BC 1,Bezirksliga | Kreisliga A | Landesliga,Ost 1 | West,23,19,4,14.05,1570,1389,1752,93,8.66,0.10
all,Silvestar Smokovic,BSC Göppingen 1 | BSC Göppingen 2,Bezirksliga | Landesliga,Ost | Ost 1,79,47,32,50.35,1570,1472,1667,50,26.02,0.10
8-Ball,Thomas Schöpfer,Tübinger BC 2,Kreisliga A,Ost 1,1,1,0,0.35,1570,974,2166,304,0.19,0.10
14/1e,Thomas Zaltenbach,BSC Lions Bietigheim 2,Kreisliga A,West 1,1,1,0,1.00,1570,1064,2075,258,0.69,0.10
8-Ball,Wilfried Schön,BSC Göppingen 2 | BSC Göppingen 3,Bezirksliga | Landesliga,Ost | Ost 1 | Ost 2,8,3,5,6.43,1570,1316,1824,130,3.46,0.10
9-Ball,Wolfgang Stimmer,PBC Ochsenhausen 2,Bezirksliga | Kreisliga A,Ost 2,9,6,3,3.10,1570,1228,1912,174,1.74,0.10
9-Ball,Alexander Baur,PBC Bad Saulgau 2 | PBC Bad Saulgau 4,Bezirksliga | Kreisliga A,Ost 2,11,8,3,5.98,1569,1305,1833,135,3.59,0.10
14/1e,Benno Amann,BC Unterteuringen 1,Bezirksliga,Ost 2,51,32,19,29.92,1569,1444,1694,64,16.59,0.10
14/1e,Björn Welte,PBC Bräunlingen 1 | PBC Bräunlingen 2,Bezirksliga | Landesliga,West | West 2,43,36,7,26.47,1569,1436,1702,68,15.25,0.10
9-Ball,Karsten Mieskes,BC Bad Schussenried 2 | BC Bad Schussenried 3,Kreisliga A,Ost 2,6,4,2,3.40,1569,1233,1904,171,2.14,0.10
8-Ball,Klaus Woehrlin,PBC Offenburg 3 | PBC Offenburg 5,Bezirksliga | Landesliga,West | West 1,29,21,8,12.90,1569,1379,1760,97,7.44,0.10
all,Kurt Saller,BC Sindelfingen 5,Bezirksliga,West 1,2,1,1,2.00,1569,1159,1980,210,1.20,0.10
league:Bezirksliga,Kurt Saller,BC Sindelfingen 5,Bezirksliga,West 1,2,1,1,2.00,1569,1159,1980,210,1.20,0.10
14/1e,Markus Mauch,PBC Langenargen 3,Kreisliga A,Ost 2,5,5,0,2.08,1569,1168,1971,205,1.29,0.10
league:Landesliga,Martin Frei,PBC Offenburg 2,Landesliga,West,65,40,25,37.50,1569,1457,1681,57,20.76,0.10
9-Ball,Nikolaus Gündel,P&S Denzlingen 1 | P&S Denzlingen 2,Landesliga,West,7,4,3,4.22,1569,1269,1869,153,2.13,0.10
league:Landesliga,Pavlos Dadakos,PBC Reutlingen 1,Landesliga,West,2,2,0,2.00,1569,1143,1996,218,1.44,0.10
10-Ball,Simon Kemmerling,PBC Bräunlingen 1 | PBC Bräunlingen 2,Bezirksliga | Landesliga,West | West 1 | West 2,49,33,16,29.08,1569,1440,1698,66,17.55,0.10
9-Ball,Tobias Hirt,PBC Bad Saulgau 2,Bezirksliga,Ost 2,12,10,2,4.64,1569,1275,1863,150,2.73,0.10
all,Yao Wang,BC Stuttgart 1891 5,Kreisliga A,Ost 2,2,2,0,2.00,1569,1159,1979,209,1.29,0.10
league:Kreisliga A,Yao Wang,BC Stuttgart 1891 5,Kreisliga A,Ost 2,2,2,0,2.00,1569,1159,1979,209,1.29,0.10
10-Ball,Alexander Fischer,Tübinger BC 1 | Tübinger BC 2,Bezirksliga | Kreisliga A | Landesliga,Ost | Ost 1,16,10,6,11.04,1568,1364,1771,104,6.74,0.10
8-Ball,Andreas Einsiedler,PBC Langenargen 1 | PBC Langenargen 2,Bezirksliga | Landesliga,Ost | Ost 2,12,6,6,5.72,1568,1300,1836,137,2.74,0.10
10-Ball,Andreas Witzigmann,PBC Langenargen 2,Bezirksliga,Ost 2,3,2,1,1.52,1568,1132,2004,222,0.88,0.10
10-Ball,Bruno Miletic,BC Dreiländereck 1,Bezirksliga | Landesliga,West | West 1,27,17,10,19.67,1568,1412,1724,80,11.50,0.10
all,Hakan Toprak,Tübinger BC 1 | Tübinger BC 2,Bezirksliga | Kreisliga A,Ost 1,41,29,12,20.48,1568,1415,1720,78,11.89,0.10
league:Kreisliga A,Kadir Özturgut,BC Bad Schussenried 2 | BC Bad Schussenried 3,Kreisliga A,Ost 2,20,14,6,9.91,1568,1353,1782,109,5.61,0.10
14/1e,Konrad Bau,Tübinger BC 1,Bezirksliga | Landesliga,Ost | Ost 1,24,17,7,13.21,1568,1381,1755,95,7.92,0.10
league:Bezirksliga,Lutz Metzner,BV Markdorf 2,Bezirksliga,Ost 2,2,2,0,1.02,1568,1071,2066,254,0.67,0.10
8-Ball,Manuel Wissen,PBC Offenburg 3 | PBC Offenburg 4,Landesliga,West,13,7,6,8.91,1568,1345,1792,114,4.73,0.10
14/1e,Marcus Trumpp,BSV Pfullingen 1 | BSV Pfullingen 2,Bezirksliga | Landesliga,Ost | Ost 1,20,11,9,9.94,1568,1358,1777,107,5.05,0.10
league:Bezirksliga,Mathias Hehle,PBC Bad Saulgau 2,Bezirksliga,Ost 2,4,3,1,1.99,1568,1165,1970,205,1.18,0.10
league:Kreisliga A,Patrick Bolduan,BC Weingarten 1,Kreisliga A,Ost 2,10,5,5,3.22,1568,1228,1908,174,1.70,0.10
8-Ball,Peggy Eisele,PBC Reutlingen 2,Kreisliga A,Ost 1,3,2,1,1.01,1568,1053,2084,263,0.70,0.10
10-Ball,Ramin Raeisi,BSV Pfullingen 2,Bezirksliga,Ost 1,4,2,2,1.68,1568,1145,1992,216,0.92,0.10
league:Bezirksliga,Wilfried Scheibel,BV Markdorf 3,Bezirksliga,Ost 2,14,9,5,11.25,1568,1367,1770,103,6.65,0.10
9-Ball,Yves Jordan,BSC Göppingen 2 | BSC Göppingen 3,Kreisliga A,Ost 1,5,4,1,2.12,1568,1159,1977,209,1.47,0.10
9-Ball,Andreas Tschinkel,BBC Plochingen 1,Bezirksliga | Landesliga,Ost | Ost 1,7,3,4,4.96,1567,1278,1857,148,2.76,0.10
all,Bruno Miletic,BC Dreiländereck 1,Bezirksliga | Landesliga,West | West 1,60,41,19,42.62,1567,1458,1676,55,25.76,0.10
8-Ball,Damir Vidovic,PBC Bräunlingen 1 | PBC Bräunlingen 2,Landesliga,West,3,1,2,1.93,1567,1164,1969,205,0.86,0.10
14/1e,David Party,PBC Offenburg 2 | PBC Offenburg 3 | PBC Offenburg 4,Bezirksliga | Landesliga,West | West 1,32,25,7,21.01,1567,1418,1715,76,12.21,0.09
league:Landesliga,Haci Eymir,BC Aalen 3,Landesliga,Ost,2,2,0,2.00,1567,1169,1965,203,1.11,0.09
8-Ball,Hakan Yaratici,PBC Bräunlingen 2,Bezirksliga | Landesliga,West | West 1,13,8,5,9.43,1567,1345,1790,113,5.18,0.10
all,Hans Heuschmid,PBC Ochsenhausen 2 | PBC Ochsenhausen 3,Bezirksliga | Kreisliga A,Ost 2,54,35,19,26.55,1567,1430,1703,70,16.20,0.09
league:Kreisliga A,Joao Rodrigues,BSV Pfullingen 2,Kreisliga A,Ost 1,22,14,8,18.96,1567,1412,1723,79,10.64,0.10
league:Landesliga,Machmut Turan,PBC Nagoldtal 1,Landesliga,West,2,2,0,2.00,1567,1153,1982,211,1.36,0.10
all,Nikolaus Gündel,P&S Denzlingen 1 | P&S Denzlingen 2,Landesliga,West,26,14,12,16.47,1567,1401,1733,85,8.63,0.09
9-Ball,Oliver Hauke,PF Calw 2,Bezirksliga,West 1,1,1,0,1.00,1567,1063,2070,257,0.68,0.09
all,Oliver Schwertschlager,BC Stuttgart 1891 2,Landesliga,Ost,2,1,1,2.00,1567,1168,1966,204,0.96,0.10
9-Ball,Torsten Hanisch,BC Blaustein 1,Kreisliga A | Landesliga,Ost | Ost 2,2,2,0,1.22,1567,1101,2032,238,0.72,0.09
all,Anastasios Kagelidis,PP Böblingen 2,Kreisliga A,West 2,2,2,0,2.00,1566,1142,1991,217,1.41,0.09
league:Kreisliga A,Anastasios Kagelidis,PP Böblingen 2,Kreisliga A,West 2,2,2,0,2.00,1566,1142,1991,217,1.41,0.09
9-Ball,Damir Vidovic,PBC Bräunlingen 1 | PBC Bräunlingen 2,Bezirksliga | Landesliga,West | West 1,2,2,0,1.47,1566,1104,2027,235,1.03,0.09
league:Landesliga,Damir Vidovic,PBC Bräunlingen 1 | PBC Bräunlingen 2,Landesliga,West,6,4,2,3.86,1566,1254,1879,159,2.03,0.09
10-Ball,David Hermann,BSV Filderstadt 4,Kreisliga A,Ost 1,1,1,0,0.92,1566,1041,2091,268,0.67,0.09
9-Ball,Dietmar Lübke,PBC Reutlingen 2,Kreisliga A,Ost 1,1,1,0,0.55,1566,998,2134,290,0.38,0.09
all,Dominik Heinkele,BC Dätzingen 1,Bezirksliga,West 2,2,2,0,2.00,1566,1160,1971,207,1.25,0.09
league:Bezirksliga,Dominik Heinkele,BC Dätzingen 1,Bezirksliga,West 2,2,2,0,2.00,1566,1160,1971,207,1.25,0.09
14/1e,Gerald Ströbele,PBC Langenargen 1 | PBC Langenargen 2 | PBC Langenargen 3,Bezirksliga | Kreisliga A | Landesliga,Ost | Ost 2,33,21,12,18.89,1566,1410,1722,80,10.71,0.09
all,Hans-Peter Benzinger,BC Sindelfingen 6,Bezirksliga,West 2,2,2,0,2.00,1566,1151,1982,212,1.36,0.09
league:Bezirksliga,Hans-Peter Benzinger,BC Sindelfingen 6,Bezirksliga,West 2,2,2,0,2.00,1566,1151,1982,212,1.36,0.09
all,Jens Butenschön,PBC Langenargen 2 | PBC Langenargen 3,Bezirksliga | Kreisliga A,Ost 2,91,61,30,50.57,1566,1468,1664,50,29.35,0.09
all,Joshua Bartsch,PBC Aalen 1,Bezirksliga,Ost 2,2,1,1,2.00,1566,1152,1980,211,1.28,0.09
league:Bezirksliga,Joshua Bartsch,PBC Aalen 1,Bezirksliga,Ost 2,2,1,1,2.00,1566,1152,1980,211,1.28,0.09
8-Ball,Konrad Bau,Tübinger BC 1,Bezirksliga | Landesliga,Ost | Ost 1 | West,26,14,12,16.50,1566,1399,1732,85,8.50,0.09
9-Ball,Marc Wegenast,BC Weingarten 1,Bezirksliga | Kreisliga A | Landesliga,Ost | Ost 2,5,3,2,3.55,1566,1242,1890,165,1.72,0.09
all,Nicholas Hoeldtke,BC Stuttgart 1891 7,Kreisliga A,Ost 1,2,1,1,2.00,1566,1169,1963,203,0.98,0.09
league:Kreisliga A,Nicholas Hoeldtke,BC Stuttgart 1891 7,Kreisliga A,Ost 1,2,1,1,2.00,1566,1169,1963,203,0.98,0.09
14/1e,Stefan Sock,BC Bad Schussenried 1,Bezirksliga | Landesliga,Ost | Ost 2,13,8,5,6.19,1566,1309,1824,131,3.33,0.09
8-Ball,Thorsten Kappus,BSV Pfullingen 1 | BSV Pfullingen 2,Landesliga,Ost,12,4,8,7.17,1566,1323,1808,124,3.46,0.09
all,Andreas Greitmann,BC Unterteuringen 1,Bezirksliga,Ost 2,102,53,49,59.84,1565,1476,1654,45,32.11,0.09
14/1e,Benjamin Jung,PBC Freudenstadt 2,Landesliga,West,1,1,0,0.44,1565,991,2140,293,0.21,0.09
all,Edin Porcic,BULL Leonberg-Höfingen 1,Landesliga,Ost,2,2,0,2.00,1565,1164,1967,205,1.20,0.09
league:Landesliga,Edin Porcic,BULL Leonberg-Höfingen 1,Landesliga,Ost,2,2,0,2.00,1565,1164,1967,205,1.20,0.09
league:Kreisliga A,Erwin Thoma,BC Bad Schussenried 3 | BC Bad Schussenried 4 | PBC Ochsenhausen 2,Kreisliga A,Ost 2,36,28,8,28.27,1565,1435,1695,66,16.79,0.09
14/1e,Eugen Spähn,PBC Ochsenhausen 1,Bezirksliga | Landesliga,Ost | Ost 2,49,27,22,28.90,1565,1439,1691,64,14.24,0.09
10-Ball,Florian Stubert,BSV Filderstadt 2 | BSV Filderstadt 3 | BSV Filderstadt 4,Bezirksliga | Landesliga,Ost | Ost 1,34,19,15,20.23,1565,1415,1715,77,10.60,0.09
league:Landesliga,Johanna Indlekofer,BC Dreiländereck 1 | BC Dreiländereck 2,Landesliga,West,37,20,17,16.75,1565,1398,1731,85,9.52,0.09
league:Bezirksliga,Markus König,BSV Filderstadt 2 | PBC Bad Saulgau 2,Bezirksliga,Ost 1 | Ost 2,36,23,13,26.40,1565,1430,1699,69,14.73,0.09
14/1e,Markus Rütten,BC Dreiländereck 1,Bezirksliga | Landesliga,West | West 1,8,6,2,5.23,1565,1286,1845,143,3.05,0.09
all,Pavlos Korezelidis,BBC Plochingen 1,Bezirksliga | Landesliga,Ost | Ost 1,70,46,24,40.22,1565,1455,1674,56,21.08,0.09
league:Bezirksliga,Rasul Ghanavat,PBC Reutlingen 2,Bezirksliga,Ost 1,23,14,9,19.78,1565,1409,1720,79,11.56,0.09
league:Bezirksliga,Robert Tiffert,BSV Tiengen 3,Bezirksliga,West 1,4,3,1,2.71,1565,1198,1932,187,1.54,0.09
league:Landesliga,Roland Wacker,Tübinger BC 1,Landesliga,West,2,2,0,2.00,1565,1158,1972,208,1.28,0.09
9-Ball,Thomas Wochner,P&S Denzlingen 2,Landesliga,West,5,3,2,4.50,1565,1269,1861,151,2.62,0.09
league:Bezirksliga,Tien Dat Ngo,BC Weingarten 1,Bezirksliga,Ost 2,19,13,6,12.86,1565,1377,1753,96,7.42,0.09
10-Ball,Zeki-Kaan Koyun,PBC Bräunlingen 2,Bezirksliga | Landesliga,West | West 1,4,2,2,2.46,1565,1182,1947,195,1.58,0.09
9-Ball,Björn Welte,PBC Bräunlingen 1 | PBC Bräunlingen 2,Bezirksliga | Landesliga,West | West 2,25,21,4,14.63,1564,1386,1742,91,8.89,0.09
10-Ball,Flaviano Gabriele,BC Bad Schussenried 1 | BC Bad Schussenried 2,Bezirksliga | Landesliga,Ost | Ost 2,39,19,20,22.33,1564,1421,1707,73,11.19,0.09
league:Landesliga,Francesco Dragotta,PBC Reutlingen 1,Landesliga,West,1,1,0,1.00,1564,1039,2089,268,0.77,0.09
all,Manuel Wissen,PBC Offenburg 3 | PBC Offenburg 4,Landesliga,West,68,37,31,48.18,1564,1465,1664,51,24.98,0.09
8-Ball,Marco Bunke,BSV Pfullingen 3 | BSV Pfullingen 4,Bezirksliga | Kreisliga A,Ost 1,6,4,2,2.86,1564,1206,1923,183,1.51,0.09
14/1e,Mario Kaiser,BSC St. Georgen 1,Bezirksliga | Landesliga,West | West 1 | West 2,20,16,4,13.53,1564,1377,1750,95,8.43,0.09
9-Ball,Marius-Daniel Grigore-Martini,PBC Reutlingen 2 | PBC Reutlingen 3,Kreisliga A,Ost 1 | West 2,2,2,0,1.50,1564,1124,2003,224,0.91,0.09
league:Kreisliga A,Marius-Daniel Grigore-Martini,PBC Reutlingen 2 | PBC Reutlingen 3,Kreisliga A,Ost 1 | West 2,4,4,0,3.00,1564,1206,1923,183,1.93,0.09
league:Kreisliga A,Matthias Bader,BSV Shooters Fellbach 2,Kreisliga A,Ost 1,2,2,0,2.00,1564,1151,1977,211,1.35,0.09
14/1e,Norman Wagner,BC Weingarten 1,Bezirksliga,Ost 2,7,6,1,4.03,1564,1256,1871,157,2.28,0.09
all,Patrik Meyer,PBC Offenburg 2,Landesliga,West,2,1,1,1.04,1564,1079,2048,247,0.45,0.09
league:Bezirksliga,Reaven Zhang,P&S Denzlingen 2,Bezirksliga,West 2,2,1,1,0.79,1564,1050,2078,262,0.37,0.09
10-Ball,Sebastian Bartsch,PBC Langenargen 1,Landesliga,Ost,12,5,7,5.88,1564,1300,1827,134,2.87,0.09
8-Ball,Stefan Duttlinger,BSV Tiengen 2,Landesliga,West,1,1,0,0.32,1564,959,2168,308,0.12,0.09
league:Landesliga,Tobias Jung,P&S Denzlingen 1,Landesliga,West,16,9,7,5.35,1564,1287,1841,141,2.74,0.09
14/1e,Volker Gutzeit,BBC Plochingen 1 | BBC Plochingen 2,Bezirksliga | Landesliga,Ost | Ost 1,23,16,7,15.65,1564,1393,1735,87,8.73,0.09
14/1e,Yasar Mak,BV Backnang/Welzheim 1,Kreisliga A,Ost 2,1,1,0,1.00,1564,1062,2066,256,0.68,0.09
10-Ball,Adrian Mernik,PBC Reutlingen 2,Kreisliga A,Ost 1,4,4,0,1.31,1563,1104,2022,234,0.81,0.09
league:Bezirksliga,Andreas Witzigmann,PBC Langenargen 1 | PBC Langenargen 2,Bezirksliga,Ost 2,62,43,19,37.39,1563,1450,1675,57,21.10,0.09
9-Ball,Eberhard Sauter,PBC Freudenstadt 2 | PBC Freudenstadt 3,Bezirksliga | Landesliga,West | West 1,14,9,5,9.91,1563,1351,1776,108,5.87,0.09
9-Ball,Fabian Durst,P&S Denzlingen 1 | PBC Offenburg 3 | PBC Offenburg 5,Bezirksliga | Landesliga,West | West 1,15,9,6,8.70,1563,1340,1787,114,4.73,0.09
10-Ball,Fabian Müller,BV Markdorf 1,Landesliga,Ost,11,5,6,4.06,1563,1256,1870,157,2.00,0.09
league:Bezirksliga,Marcus Elfenthal,P&S Denzlingen 2 | P&S Denzlingen 3,Bezirksliga,West 1 | West 2,55,37,18,30.28,1563,1437,1689,64,17.26,0.09
league:Kreisliga A,Michael Stegmaier,BSV Filderstadt 5,Kreisliga A,Ost 1,5,4,1,2.10,1563,1142,1984,215,1.40,0.09
8-Ball,Minh Tien Vo,Tübinger BC 1,Bezirksliga,Ost 1,1,1,0,0.54,1563,997,2129,289,0.36,0.09
10-Ball,Norbert Kabas,P&S Denzlingen 2,Landesliga,West,2,1,1,1.63,1563,1137,1988,217,0.94,0.09
10-Ball,Peggy Eisele,BSV Filderstadt 3 | PBC Reutlingen 2,Kreisliga A,Ost 1,4,3,1,1.97,1563,1158,1968,207,1.21,0.09
9-Ball,Phillip Woods,PBC Offenburg 3,Landesliga,West,5,3,2,3.57,1563,1241,1885,164,1.95,0.09
9-Ball,Robin Kümmerle,BSV Filderstadt 4 | BSV Filderstadt 5,Bezirksliga | Kreisliga A,Ost 1,9,7,2,4.34,1563,1250,1876,160,2.85,0.09
8-Ball,Sebastian Oswald,BSV Pfullingen 3 | BSV Pfullingen 4,Bezirksliga | Kreisliga A,Ost 1,10,8,2,5.03,1563,1273,1853,148,3.11,0.09
9-Ball,Stephan Rau,P&S Denzlingen 1 | P&S Denzlingen 2,Landesliga,West,13,9,4,8.25,1563,1332,1794,118,4.45,0.09
9-Ball,Yavuz Güleryüz,P&S Denzlingen 1 | P&S Denzlingen 2,Bezirksliga | Landesliga,West | West 1,3,2,1,1.24,1563,1086,2040,243,0.80,0.09
8-Ball,Adrian Mernik,PBC Reutlingen 2,Kreisliga A,Ost 1,6,5,1,1.97,1562,1155,1969,207,1.19,0.09
8-Ball,Erwin Thoma,BC Bad Schussenried 4 | PBC Ochsenhausen 2,Bezirksliga | Kreisliga A,Ost 2,13,10,3,10.11,1562,1345,1780,111,6.37,0.09
8-Ball,Frank Tatarkowski,PBC Offenburg 2,Landesliga,West,8,4,4,3.07,1562,1216,1908,177,1.56,0.09
14/1e,Franz Meschenmoser,PBC Bad Saulgau 2 | PBC Bad Saulgau 3 | PBC Bad Saulgau 4,Bezirksliga | Kreisliga A,Ost 2,34,30,4,15.81,1562,1392,1733,87,9.48,0.09
league:Kreisliga A,Günther Bastian,PBC Langenargen 2 | PBC Langenargen 3 | PBC Langenargen 4,Kreisliga A,Ost 2,29,17,12,11.21,1562,1362,1763,102,6.08,0.09
all,Jamil Dib,P&S Denzlingen 2,Landesliga,West,36,16,20,27.36,1562,1432,1692,66,14.06,0.09
league:Landesliga,Jonathan Nestler,PBC Freudenstadt 2,Landesliga,West,14,13,1,7.60,1562,1323,1801,122,4.44,0.09
all,Joshua Armbruster,PBC Freudenstadt 2,Bezirksliga | Landesliga,West | West 1,56,35,21,33.72,1562,1445,1679,60,17.88,0.09
league:Bezirksliga,Pavlos Korezelidis,BBC Plochingen 1,Bezirksliga,Ost 1,46,34,12,27.21,1562,1429,1695,68,15.28,0.09
league:Landesliga,Rainer Hermann,BSC Göppingen 1 | BSC Göppingen 2,Landesliga,Ost,23,15,8,19.29,1562,1406,1717,79,11.06,0.09
league:Landesliga,Silvio Fadda,BV Markdorf 1,Landesliga,Ost,75,53,22,43.59,1562,1458,1667,53,25.74,0.09
8-Ball,Sven Dastig,PBC Bietigheim-Bissingen 1,Bezirksliga,Ost 1,1,1,0,1.00,1562,1068,2055,252,0.63,0.09
league:Bezirksliga,Andreas Tschinkel,BBC Plochingen 1,Bezirksliga,Ost 1,27,17,10,16.84,1561,1392,1731,87,9.99,0.09
9-Ball,Daniel Schmid,BC Bad Schussenried 1 | BC Bad Schussenried 3,Bezirksliga | Landesliga,Ost | Ost 2,14,9,5,9.18,1561,1346,1776,110,4.81,0.09
9-Ball,Daniel Zmalec,PBC Bietigheim-Bissingen 1,Bezirksliga,Ost 1,1,1,0,1.00,1561,1056,2065,257,0.69,0.09
league:Kreisliga A,Dario Dakovic,PBC Bad Saulgau 3,Kreisliga A,Ost 2,42,25,17,22.44,1561,1417,1704,73,12.88,0.09
all,Gerold Konnerth,BSC Göppingen 2,Bezirksliga,Ost 1,15,11,4,8.14,1561,1328,1795,119,4.71,0.09
league:Bezirksliga,Jürgen Porzelt,BSV Tiengen 3 | BSV Tiengen 4,Bezirksliga,West 1,53,32,21,35.89,1561,1443,1679,60,21.21,0.09
league:Bezirksliga,Manfred Waldvogel,BV Markdorf 2,Bezirksliga,Ost 2,12,9,3,6.12,1561,1293,1829,137,3.65,0.09
8-Ball,Mario Rosenkranz,PBC Bräunlingen 2,Bezirksliga,West 1 | West 2,2,2,0,1.03,1561,1043,2078,264,0.77,0.09
14/1e,Michael Matschewsky,PBC Freudenstadt 1,Landesliga,West,6,4,2,2.01,1561,1161,1961,204,1.01,0.09
9-Ball,Michael Sdrzallek,BSV Filderstadt 4,Kreisliga A,Ost 1,4,3,1,3.38,1561,1224,1899,172,2.17,0.09
10-Ball,Samuel Schleitzer,P&S Denzlingen 2,Landesliga,West,4,3,1,3.41,1561,1229,1892,169,2.04,0.09
all,Theo Georgoudious,PBC Ochsenhausen 1 | PBC Ochsenhausen 2 | PBC Ochsenhausen 3,Kreisliga A | Landesliga,Ost | Ost 2,46,34,12,36.16,1561,1443,1680,60,22.63,0.09
10-Ball,Tien Dat Ngo,BC Weingarten 1 | BC Weingarten 2,Bezirksliga | Kreisliga A,Ost 2,9,6,3,6.23,1561,1298,1825,134,3.68,0.09
league:Bezirksliga,Tobias Hirt,PBC Bad Saulgau 2,Bezirksliga,Ost 2,34,24,10,12.97,1561,1373,1749,96,7.75,0.09
league:Bezirksliga,Andreas Einsiedler,PBC Langenargen 1 | PBC Langenargen 2,Bezirksliga,Ost 2,19,13,6,14.19,1560,1383,1737,90,7.82,0.09
10-Ball,Andreas Zillmann,PP Böblingen 1,Landesliga,West,1,1,0,1.00,1560,1061,2059,255,0.67,0.08
8-Ball,Andreas Zillmann,PP Böblingen 1,Landesliga,West,1,1,0,1.00,1560,1061,2059,255,0.67,0.08
8-Ball,Antonio Nuzziello,BSC Göppingen 2,Bezirksliga | Kreisliga A | Landesliga,Ost | Ost 1,40,21,19,22.83,1560,1416,1704,73,11.45,0.09
league:Kreisliga A,Christoph Tropschuh,BBC Plochingen 2,Kreisliga A,Ost 1,28,17,11,14.90,1560,1385,1735,89,8.33,0.09
10-Ball,Edin Porcic,BULL Leonberg-Höfingen 1,Landesliga,Ost,1,1,0,1.00,1560,1061,2059,255,0.67,0.08
league:Kreisliga A,Fabian Thoma-Schuck,BC Weingarten 1 | BC Weingarten 2,Kreisliga A,Ost 2,46,27,19,24.59,1560,1419,1700,72,14.13,0.09
league:Bezirksliga,Gerald Ströbele,PBC Langenargen 2,Bezirksliga,Ost 2,22,16,6,18.47,1560,1400,1721,82,10.89,0.09
all,Jörg Schwager,BSC Göppingen 1 | BSC Göppingen 3,Bezirksliga | Kreisliga A | Landesliga,Ost | Ost 1,51,30,21,33.16,1560,1441,1679,61,17.43,0.09
league:Bezirksliga,Kurt Kempf,PBC Offenburg 3 | PBC Offenburg 4 | PBC Offenburg 6,Bezirksliga,West 1,43,31,12,26.74,1560,1425,1695,69,14.96,0.09
9-Ball,Marc Witt,BULL Leonberg-Höfingen 3,Kreisliga A,Ost 2,1,1,0,1.00,1560,1061,2059,255,0.67,0.08
10-Ball,Mustafa Benk,TV Cannstatt 2,Landesliga,Ost,1,1,0,1.00,1560,1061,2059,255,0.67,0.08
9-Ball,Norman Wagner,BC Weingarten 1,Bezirksliga,Ost 2,5,3,2,3.13,1560,1217,1903,175,1.88,0.09
9-Ball,Raoul-Robert Ronto,PBC Rastatt 4,Kreisliga A,West 1,1,1,0,1.00,1560,1061,2059,255,0.67,0.08
9-Ball,Saman Hadi,BC Dätzingen 2,Kreisliga A,West 2,1,1,0,1.00,1560,1061,2059,255,0.67,0.08
14/1e,Sascha Hiller,TV Cannstatt 3,Bezirksliga,Ost 1,1,1,0,1.00,1560,1061,2060,255,0.67,0.09
9-Ball,Sebastian Scherbinin,PBC Freudenstadt 3,Landesliga,West,6,5,1,3.44,1560,1229,1891,169,1.90,0.09
league:Bezirksliga,Silvestar Smokovic,BSC Göppingen 1,Bezirksliga,Ost 1,24,17,7,13.24,1560,1371,1748,96,7.96,0.08
14/1e,Svenja Schwarzkopf,BV Villingen-Schwenningen 2,Bezirksliga,West 1 | West 2,15,12,3,7.22,1560,1318,1802,124,4.21,0.09
10-Ball,Alexander Hemmer,BBC Plochingen 1,Bezirksliga,Ost 1,6,4,2,4.51,1559,1264,1854,151,2.54,0.08
all,Christian Endres,BULL Leonberg-Höfingen 1,Landesliga,Ost,2,2,0,2.00,1559,1161,1958,203,1.16,0.08
league:Landesliga,Christian Endres,BULL Leonberg-Höfingen 1,Landesliga,Ost,2,2,0,2.00,1559,1161,1958,203,1.16,0.08
8-Ball,Franz Miehle,BC Bad Schussenried 3,Bezirksliga | Kreisliga A,Ost 2,15,9,6,11.35,1559,1358,1759,102,6.07,0.08
8-Ball,Kadir Özturgut,BC Bad Schussenried 1 | BC Bad Schussenried 2 | BC Bad Schussenried 3,Bezirksliga | Kreisliga A | Landesliga,Ost | Ost 2,22,15,7,13.34,1559,1372,1745,95,7.35,0.08
14/1e,Manfred Wußler,PBC Offenburg 2 | PBC Offenburg 3 | PBC Offenburg 4,Bezirksliga | Landesliga,West | West 1,17,11,6,10.77,1559,1356,1762,104,6.13,0.08
all,Michael Kunz,BSV Konstanz 1,Landesliga,Ost,2,1,1,0.69,1559,1028,2090,271,0.30,0.08
14/1e,Okan Ceken,PBC Reutlingen 2 | PBC Reutlingen 3,Bezirksliga | Kreisliga A | Landesliga,Ost 1 | West,21,14,7,17.16,1559,1395,1722,83,9.57,0.08
all,Patrick Bolduan,BC Weingarten 1,Bezirksliga | Kreisliga A | Landesliga,Ost | Ost 2,64,33,31,42.24,1559,1453,1664,54,20.79,0.08
league:Landesliga,Sascha Sauer,BSV Filderstadt 1 | BSV Filderstadt 3,Landesliga,Ost,23,14,9,9.49,1559,1345,1773,109,5.41,0.08
all,Sijon Joos,BSV Tiengen 2,Landesliga,West,8,4,4,2.77,1559,1200,1917,183,1.21,0.08
league:Landesliga,Stefan Duttlinger,BSV Tiengen 2,Landesliga,West,2,2,0,0.64,1559,1022,2097,274,0.36,0.08
league:Landesliga,Thorsten Mohr,BSV Konstanz 1,Landesliga,Ost,16,11,5,5.29,1559,1285,1833,140,2.70,0.08
league:Bezirksliga,Uwe Machalett,PBC Freudenstadt 2 | PBC Freudenstadt 3,Bezirksliga,West 1,36,21,15,14.76,1559,1384,1735,90,7.63,0.08
all,Andreas Pauling,BC Stuttgart 1891 2,Landesliga,Ost,2,1,1,2.00,1558,1161,1955,202,0.93,0.08
league:Bezirksliga,Christian Späthe,PBC Langenargen 1 | PBC Langenargen 2,Bezirksliga,Ost 2,42,27,15,32.19,1558,1435,1681,63,19.19,0.08
league:Landesliga,Dominik Netzhammer,BSV Tiengen 2 | BSV Tiengen 3,Landesliga,West,53,36,17,33.15,1558,1437,1679,62,19.25,0.08
all,Florian Stubert,BSV Filderstadt 1 | BSV Filderstadt 2 | BSV Filderstadt 3 | BSV Filderstadt 4,Bezirksliga | Landesliga,Ost | Ost 1,75,41,34,45.12,1558,1455,1660,52,24.12,0.08
9-Ball,Markus Mauch,PBC Langenargen 2 | PBC Langenargen 3,Bezirksliga | Kreisliga A,Ost 2,11,9,2,8.12,1558,1329,1787,117,4.63,0.08
league:Landesliga,Martin Doster,BSC Göppingen 1 | BSC Göppingen 2,Landesliga,Ost,60,35,25,38.82,1558,1448,1667,56,20.63,0.08
league:Bezirksliga,Martin Weber,PBC Offenburg 3 | PBC Offenburg 4,Bezirksliga,West 1,41,26,15,15.84,1558,1389,1726,86,8.62,0.08
14/1e,Nikolaus Gündel,P&S Denzlingen 2,Landesliga,West,8,5,3,5.34,1558,1285,1830,139,2.87,0.08
league:Kreisliga A,Philip Kammnick,BC Bad Schussenried 2 | BC Bad Schussenried 3,Kreisliga A,Ost 2,50,30,20,27.79,1558,1426,1690,67,16.09,0.08
14/1e,Rainer Hops,BV Markdorf 2 | BV Markdorf 3 | PBC Bad Saulgau 2,Bezirksliga | Kreisliga A,Ost 2,47,31,16,27.91,1558,1430,1686,65,15.00,0.08
league:Landesliga,Tuong Tran,BSV Pfullingen 1,Landesliga,Ost,16,11,5,6.78,1558,1309,1807,127,3.92,0.08
all,Andreas Kiefer,BV Markdorf 1 | BV Markdorf 2,Bezirksliga | Landesliga,Ost | Ost 2,76,41,35,43.67,1557,1453,1660,53,22.91,0.08
14/1e,Claudio Pontuti,BSV Filderstadt 4,Landesliga,Ost,3,1,2,1.26,1557,1101,2013,233,0.64,0.08
9-Ball,Frank Tatarkowski,PBC Offenburg 2,Landesliga,West,16,9,7,6.58,1557,1304,1810,129,3.72,0.08
league:Landesliga,Herbert Schiele,PBC Langenargen 1,Landesliga,Ost,25,15,10,8.92,1557,1335,1779,113,5.03,0.08
all,Kadir Özturgut,BC Bad Schussenried 1 | BC Bad Schussenried 2 | BC Bad Schussenried 3,Bezirksliga | Kreisliga A | Landesliga,Ost | Ost 2,49,29,20,29.91,1557,1431,1683,64,15.95,0.08
9-Ball,Mario Kaiser,BSC St. Georgen 1,Bezirksliga | Landesliga,West | West 1 | West 2,19,15,4,9.36,1557,1338,1776,112,5.67,0.08
all,Rasul Ghanavat,PBC Reutlingen 2 | PBC Reutlingen 3,Bezirksliga | Kreisliga A | Landesliga,Ost 1 | West,37,24,13,29.97,1557,1429,1685,65,17.57,0.08
14/1e,Roland Sauter,PBC Bräunlingen 1,Landesliga,West,8,4,4,5.59,1557,1287,1827,138,2.98,0.08
8-Ball,Simon Conrad,BSG Albstadt 1,Bezirksliga,West 1 | West 2,19,12,7,8.24,1557,1325,1789,118,4.97,0.08
all,Sven Dastig,PBC Bietigheim-Bissingen 1,Bezirksliga,Ost 1,2,2,0,2.00,1557,1145,1969,210,1.31,0.08
league:Bezirksliga,Sven Dastig,PBC Bietigheim-Bissingen 1,Bezirksliga,Ost 1,2,2,0,2.00,1557,1144,1971,211,1.31,0.08
league:Bezirksliga,Thomas Rehmann,BV Markdorf 2,Bezirksliga,Ost 2,10,6,4,3.33,1557,1224,1890,170,1.81,0.08
8-Ball,Uwe Lang,BC Dreiländereck 1 | BC Dreiländereck 2 | PBC Offenburg 2,Landesliga,West,16,9,7,8.10,1557,1328,1787,117,4.11,0.08
all,Ahmet Yazici,PBC Nagoldtal 1,Landesliga,West,2,2,0,2.00,1556,1161,1950,201,1.00,0.08
10-Ball,Ali Cetin,BC Bad Schussenried 1 | BC Bad Schussenried 2 | BC Bad Schussenried 3 | BC Bad Schussenried 4,Bezirksliga | Kreisliga A | Landesliga,Ost | Ost 2,17,10,7,9.71,1556,1346,1767,107,5.10,0.08
10-Ball,Andreas Knauf,BSC Göppingen 2 | BSC Göppingen 3,Kreisliga A,Ost 1,9,5,4,3.70,1556,1232,1880,165,2.04,0.08
8-Ball,Armin Stauß,PBC Freudenstadt 1 | PBC Freudenstadt 2,Landesliga,West,13,5,8,5.86,1556,1288,1823,136,2.93,0.08
all,Armin Stauß,PBC Freudenstadt 1 | PBC Freudenstadt 2,Landesliga,West,77,40,37,45.65,1556,1454,1657,52,23.23,0.08
league:Bezirksliga,Björn Welte,PBC Bräunlingen 2,Bezirksliga,West 2,35,30,5,13.73,1556,1372,1741,94,8.12,0.08
9-Ball,Daniel Kalnak,BSV Pfullingen 1 | BSV Pfullingen 3,Bezirksliga | Landesliga,Ost | Ost 1,6,5,1,3.60,1556,1229,1882,167,2.23,0.08
10-Ball,David Galwas,PBC Freudenstadt 1,Landesliga,West,4,2,2,1.34,1556,1104,2009,231,0.67,0.08
8-Ball,Julian Tremmel,BSV Konstanz 1,Landesliga,Ost,3,1,2,1.02,1556,1067,2045,249,0.42,0.08
league:Bezirksliga,Marco Bunke,BSV Pfullingen 3,Bezirksliga,Ost 1,22,13,9,11.86,1556,1361,1752,100,6.24,0.08
league:Landesliga,Marius Schrimpf,BBC Plochingen 1,Landesliga,Ost,22,14,8,12.84,1556,1370,1743,95,7.14,0.08
8-Ball,Markus Löscher,BSV Shooters Fellbach 2,Kreisliga A,Ost 1,1,1,0,1.00,1556,1062,2050,252,0.63,0.08
14/1e,Marvin Zimmer,BSC Lions Bietigheim 1,Landesliga,West,1,1,0,1.00,1556,1059,2052,253,0.65,0.08
10-Ball,Mathias Hornbach,P&S Denzlingen 1,Landesliga,West,2,2,0,0.85,1556,1038,2075,265,0.56,0.08
league:Landesliga,Matthias Orth,BC Dreiländereck 2,Landesliga,West,18,9,9,6.58,1556,1303,1810,129,3.49,0.08
9-Ball,Michael Kunz,BSV Konstanz 1,Landesliga,Ost,1,1,0,0.34,1556,962,2150,303,0.19,0.08
league:Landesliga,Peter Lotterer,PBC Reutlingen 1,Landesliga,West,2,2,0,2.00,1556,1149,1963,207,1.29,0.08
8-Ball,Sebastiano Ratto,BSC Göppingen 1,Bezirksliga | Landesliga,Ost | Ost 1,9,6,3,5.37,1556,1277,1836,143,2.87,0.08
8-Ball,Sijon Joos,BSV Tiengen 2,Landesliga,West,2,1,1,0.68,1556,1020,2091,273,0.33,0.08
8-Ball,Simon Schaal,BC Weingarten 1,Bezirksliga | Landesliga,Ost | Ost 2,6,2,4,4.86,1556,1262,1851,150,2.04,0.08
all,Thomas Zaltenbach,BSC Lions Bietigheim 2,Kreisliga A,West 1,2,2,0,2.00,1556,1147,1964,208,1.31,0.08
league:Kreisliga A,Thomas Zaltenbach,BSC Lions Bietigheim 2,Kreisliga A,West 1,2,2,0,2.00,1556,1147,1964,208,1.31,0.08
league:Landesliga,Torsten Hanisch,BC Blaustein 1,Landesliga,Ost,55,32,23,39.27,1556,1447,1665,56,21.40,0.08
14/1e,Ulrich Schäfer,BSV Pfullingen 1 | BSV Pfullingen 2,Kreisliga A | Landesliga,Ost | Ost 1,4,2,2,3.07,1556,1206,1906,178,1.82,0.08
all,Yasar Mak,BV Backnang/Welzheim 1,Kreisliga A,Ost 2,2,2,0,2.00,1556,1148,1965,208,1.31,0.08
league:Kreisliga A,Yasar Mak,BV Backnang/Welzheim 1,Kreisliga A,Ost 2,2,2,0,2.00,1556,1148,1965,208,1.31,0.08
all,Alexander Fischer,Tübinger BC 1 | Tübinger BC 2,Bezirksliga | Kreisliga A | Landesliga,Ost | Ost 1,99,64,35,58.00,1555,1463,1647,47,34.11,0.08
9-Ball,Ali Cetin,BC Bad Schussenried 1 | BC Bad Schussenried 2 | BC Bad Schussenried 3 | BC Bad Schussenried 4,Bezirksliga | Kreisliga A | Landesliga,Ost | Ost 2,23,15,8,14.44,1555,1379,1731,90,7.86,0.08
14/1e,Daniel Kimmig,PBC Offenburg 3,Landesliga,West,1,1,0,0.44,1555,977,2133,295,0.27,0.08
8-Ball,Eric Sorg,BSV Shooters Fellbach 1,Bezirksliga,Ost 2,1,1,0,1.00,1555,1070,2039,247,0.48,0.08
14/1e,Franz Hochenegg,BC Weingarten 1 | BC Weingarten 2,Kreisliga A | Landesliga,Ost | Ost 2,7,5,2,5.60,1555,1280,1829,140,3.12,0.08
10-Ball,Joao Rodrigues,BSV Pfullingen 2 | BSV Pfullingen 3 | BSV Pfullingen 4,Bezirksliga | Kreisliga A,Ost 1,17,11,6,10.31,1555,1346,1765,107,5.96,0.08
9-Ball,Rasul Ghanavat,PBC Reutlingen 2 | PBC Reutlingen 3,Bezirksliga | Kreisliga A | Landesliga,Ost 1 | West,18,12,6,14.55,1555,1374,1737,93,8.47,0.08
8-Ball,Silvestar Smokovic,BSC Göppingen 1,Bezirksliga | Landesliga,Ost | Ost 1,18,10,8,9.28,1555,1335,1775,112,4.90,0.08
10-Ball,Stefan Weiß,BC Dreiländereck 2,Landesliga,West,1,1,0,0.44,1555,976,2133,295,0.16,0.08
9-Ball,Tom Mischner,PBC Langenargen 2 | PBC Langenargen 3,Bezirksliga | Kreisliga A,Ost 2,19,13,6,8.30,1555,1327,1784,117,4.75,0.08
9-Ball,Adrian Mernik,PBC Reutlingen 2,Kreisliga A,Ost 1,1,1,0,0.31,1554,935,2173,316,0.24,0.08
all,Dieter Haberkorn,PBC Bad Saulgau 3,Kreisliga A,Ost 2,25,18,7,13.61,1554,1368,1739,95,7.94,0.08
14/1e,Fabian Durst,P&S Denzlingen 1 | PBC Offenburg 3 | PBC Offenburg 5,Bezirksliga | Landesliga,West | West 1,31,20,11,14.99,1554,1380,1727,88,8.40,0.08
all,Genta Gunawan,BC Stuttgart 1891 5,Kreisliga A,Ost 2,2,2,0,2.00,1554,1147,1961,208,1.30,0.08
league:Kreisliga A,Genta Gunawan,BC Stuttgart 1891 5,Kreisliga A,Ost 2,2,2,0,2.00,1554,1147,1961,208,1.30,0.08
league:Bezirksliga,Hakan Toprak,Tübinger BC 1 | Tübinger BC 2,Bezirksliga,Ost 1,27,18,9,14.47,1554,1374,1734,92,8.46,0.08
league:Landesliga,Marcus Trumpp,BSV Pfullingen 1 | BSV Pfullingen 2,Landesliga,Ost,36,21,15,21.82,1554,1409,1700,74,12.28,0.08
10-Ball,Markus Appenowitz,BSV Filderstadt 2 | BSV Filderstadt 3,Bezirksliga | Landesliga,Ost | Ost 1,16,11,5,9.55,1554,1342,1767,108,5.11,0.08
8-Ball,Patrik Meyer,PBC Offenburg 2,Landesliga,West,1,1,0,0.52,1554,998,2111,284,0.27,0.08
10-Ball,Pietro Calo,BV Markdorf 2 | BV Markdorf 3,Bezirksliga,Ost 2,8,4,4,5.40,1554,1283,1825,138,2.75,0.08
8-Ball,Simon Kemmerling,PBC Bräunlingen 2,Bezirksliga,West 1 | West 2,6,5,1,3.61,1554,1198,1909,181,2.61,0.08
league:Landesliga,Stephan Rau,P&S Denzlingen 1 | P&S Denzlingen 2,Landesliga,West,37,24,13,23.34,1554,1412,1697,73,13.06,0.08
14/1e,Steven Thieltges,PBC Bietigheim-Bissingen 1,Bezirksliga,Ost 1,1,1,0,1.00,1554,1067,2042,249,0.58,0.08
9-Ball,Svenja Schwarzkopf,BV Villingen-Schwenningen 2,Bezirksliga,West 1 | West 2,8,5,3,4.36,1554,1255,1852,152,2.43,0.08
14/1e,Tobias Jung,P&S Denzlingen 1,Landesliga,West,1,1,0,0.35,1554,963,2144,301,0.18,0.08
9-Ball,Udo Gleich,BC Blaustein 1,Bezirksliga | Kreisliga A | Landesliga,Ost | Ost 2,12,8,4,4.36,1554,1254,1853,153,2.42,0.08
league:Bezirksliga,Bernhard Back,PBC Offenburg 3 | PBC Offenburg 4,Bezirksliga,West 1,14,9,5,5.07,1553,1272,1834,143,2.72,0.08
14/1e,Daniel Schmid,BC Bad Schussenried 1 | BC Bad Schussenried 2 | BC Bad Schussenried 3,Bezirksliga | Kreisliga A | Landesliga,Ost | Ost 2,26,17,9,17.01,1553,1390,1716,83,9.15,0.08
10-Ball,Haci Eymir,BC Aalen 3,Landesliga,Ost,1,1,0,1.00,1553,1068,2037,247,0.52,0.08
all,Hakan Yaratici,PBC Bräunlingen 1 | PBC Bräunlingen 2,Bezirksliga | Landesliga,West | West 1,58,37,21,43.06,1553,1446,1660,55,24.99,0.08
10-Ball,Johanna Indlekofer,BC Dreiländereck 1 | BC Dreiländereck 2,Landesliga,West,13,6,7,5.85,1553,1289,1817,135,2.83,0.08
10-Ball,Lothar Enzenhöfer,BC Bad Schussenried 2,Landesliga,Ost,9,5,4,7.68,1553,1319,1787,119,3.69,0.08
league:Landesliga,Markus Rütten,BC Dreiländereck 1,Landesliga,West,10,7,3,5.21,1553,1272,1835,144,2.96,0.08
8-Ball,Matthias Bader,BSV Shooters Fellbach 2,Kreisliga A,Ost 1,1,1,0,1.00,1553,1059,2047,252,0.64,0.08
all,Norman Wagner,BC Weingarten 1,Bezirksliga,Ost 2,22,14,8,12.82,1553,1367,1740,95,7.20,0.08
9-Ball,Raimund Wanner,BC Bad Schussenried 2 | BC Bad Schussenried 3 | PBC Ochsenhausen 1,Bezirksliga | Kreisliga A | Landesliga,Ost | Ost 2,15,9,6,8.49,1553,1328,1777,115,4.62,0.08
14/1e,Thorsten Mohr,BSV Konstanz 1,Landesliga,Ost,8,6,2,2.65,1553,1193,1912,183,1.24,0.08
9-Ball,Tien Dat Ngo,BC Weingarten 1 | BC Weingarten 2,Bezirksliga | Kreisliga A,Ost 2,10,6,4,6.85,1553,1308,1798,125,3.51,0.08
10-Ball,Timo Sillner,BC Stuttgart 1891 2,Landesliga,Ost,1,1,0,1.00,1553,1069,2038,247,0.52,0.08
14/1e,Andreas Witzigmann,PBC Langenargen 1 | PBC Langenargen 2,Bezirksliga | Kreisliga A | Landesliga,Ost | Ost 2,46,31,15,25.09,1552,1417,1688,69,13.20,0.07
all,Christian Joos,BC Dreiländereck 1 | BC Dreiländereck 2,Landesliga,West,10,5,5,4.58,1552,1259,1845,149,2.27,0.07
league:Kreisliga A,Dimitrios Vafiadis,PBC Langenargen 3,Kreisliga A,Ost 2,2,2,0,0.86,1552,1037,2068,263,0.54,0.07
league:Landesliga,Georg Winter,BV Markdorf 1,Landesliga,Ost,49,27,22,23.24,1552,1411,1694,72,12.49,0.07
league:Bezirksliga,Gerold Konnerth,BSC Göppingen 2,Bezirksliga,Ost 1,15,11,4,8.14,1552,1317,1786,120,4.73,0.07
10-Ball,Hakan Söyler,PBC Nagoldtal 1,Landesliga,West,1,1,0,1.00,1552,1068,2037,247,0.53,0.07
10-Ball,Kevin Albert,BSV Tiengen 3,Bezirksliga | Landesliga,West | West 1,23,17,6,17.71,1552,1390,1714,82,9.64,0.07
9-Ball,Manfred Sieweke,PBC Ochsenhausen 1 | PBC Ochsenhausen 2 | PBC Ochsenhausen 3,Bezirksliga | Kreisliga A | Landesliga,Ost | Ost 2,6,5,1,3.40,1552,1219,1884,170,2.03,0.07
league:Bezirksliga,Manfred Sieweke,PBC Ochsenhausen 2,Bezirksliga,Ost 2,2,1,1,0.82,1552,1043,2061,260,0.43,0.07
10-Ball,Marc Wegenast,BC Weingarten 1,Bezirksliga | Kreisliga A | Landesliga,Ost | Ost 2,9,5,4,6.27,1552,1296,1807,130,3.25,0.07
league:Bezirksliga,Marco Paletta,P&S Denzlingen 2,Bezirksliga,West 2,2,1,1,0.91,1552,1055,2049,253,0.42,0.07
8-Ball,Mirjan Hidri,PBC Freudenstadt 3,Bezirksliga,West 1,7,5,2,5.86,1552,1288,1815,134,3.07,0.07
league:Bezirksliga,Patrick Bolduan,BC Weingarten 1,Bezirksliga,Ost 2,34,21,13,21.82,1552,1406,1698,74,11.70,0.07
9-Ball,Simon Kemmerling,PBC Bräunlingen 1 | PBC Bräunlingen 2,Bezirksliga | Landesliga,West | West 1 | West 2,52,37,15,31.30,1552,1426,1677,64,19.16,0.07
league:Bezirksliga,Zeki-Kaan Koyun,PBC Bräunlingen 2,Bezirksliga,West 1,5,3,2,3.37,1552,1217,1886,171,2.01,0.07
league:Bezirksliga,Andreas Gut,BV Villingen-Schwenningen 2,Bezirksliga,West 1 | West 2,18,11,7,12.96,1551,1357,1745,99,7.98,0.07
8-Ball,Catalin Damian,BC Feuersee 1,Kreisliga A,Ost 2,1,1,0,1.00,1551,1056,2045,252,0.64,0.07
8-Ball,Dominik Heinkele,BC Dätzingen 1,Bezirksliga,West 2,1,1,0,1.00,1551,1056,2045,252,0.64,0.07
10-Ball,Fabian Wieser,BSC Lions Bietigheim 2,Kreisliga A,West 1,1,1,0,1.00,1551,1056,2045,252,0.64,0.07
all,Fiorenzo De Nuzzo,BV Pforzheim 2,Landesliga,West,2,1,1,2.00,1551,1156,1946,202,0.94,0.07
9-Ball,Frank Weiß,BBC Plochingen 1,Bezirksliga,Ost 1,2,2,0,0.73,1551,1028,2074,267,0.42,0.07
league:Landesliga,Gerald Ströbele,PBC Langenargen 1,Landesliga,Ost,31,17,14,11.56,1551,1355,1747,100,6.13,0.07
8-Ball,Ingo Maier,PBC Langenargen 4,Kreisliga A,Ost 2,9,7,2,4.98,1551,1258,1845,150,3.08,0.07
10-Ball,Joachim Luft,PBC Bietigheim-Bissingen 2,Bezirksliga,Ost 2,1,1,0,1.00,1551,1056,2045,252,0.64,0.07
8-Ball,Kristijan Skokic,BULL Leonberg-Höfingen 2,Bezirksliga,Ost 1,1,1,0,1.00,1551,1056,2045,252,0.64,0.07
8-Ball,Manfred Sieweke,PBC Ochsenhausen 1 | PBC Ochsenhausen 2 | PBC Ochsenhausen 3,Bezirksliga | Kreisliga A | Landesliga,Ost | Ost 2,14,8,6,7.83,1551,1317,1785,119,4.30,0.07
9-Ball,Pavlos Korezelidis,BBC Plochingen 1,Bezirksliga | Landesliga,Ost | Ost 1,30,22,8,16.56,1551,1384,1717,85,9.10,0.07
8-Ball,Peter Gerlach,PBC Aalen 2,Kreisliga A,Ost 2,1,1,0,1.00,1551,1056,2045,252,0.64,0.07
8-Ball,Rebeca Romero Ulloa,BC Stuttgart 1891 6,Kreisliga A,Ost 1,1,1,0,1.00,1551,1056,2045,252,0.64,0.07
10-Ball,Saman Hadi,BC Dätzingen 2,Kreisliga A,West 2,1,1,0,1.00,1551,1056,2045,252,0.64,0.07
14/1e,Silvestar Smokovic,BSC Göppingen 1,Bezirksliga | Landesliga,Ost | Ost 1,16,8,8,10.66,1551,1348,1754,104,5.24,0.07
10-Ball,Sukhbat Batjargal,BC Stuttgart 1891 4,Bezirksliga,Ost 2,1,1,0,1.00,1551,1056,2045,252,0.64,0.07
league:Kreisliga A,Thomas Drey,BF Bronnen 1 | PBC Ochsenhausen 3,Kreisliga A,Ost 1 | Ost 2,88,56,32,50.08,1551,1453,1649,50,28.50,0.07
8-Ball,Timo Heim,PBC Offenburg 3 | PBC Offenburg 4,Bezirksliga | Landesliga,West | West 1,23,12,11,12.78,1551,1360,1742,97,7.17,0.07
8-Ball,Tobias Jung,P&S Denzlingen 1,Landesliga,West,1,1,0,0.35,1551,959,2142,302,0.16,0.07
league:Kreisliga A,Torsten Hanisch,BC Blaustein 1,Kreisliga A,Ost 2,2,1,1,0.70,1551,1023,2078,269,0.35,0.07
8-Ball,Yves Jordan,BSC Göppingen 2 | BSC Göppingen 3,Kreisliga A,Ost 1,6,4,2,2.74,1551,1180,1921,189,1.61,0.07
all,Alfred Stöcklein,BC Sindelfingen 6,Bezirksliga,West 2,1,1,0,1.00,1550,1058,2041,251,0.62,0.07
league:Bezirksliga,Alfred Stöcklein,BC Sindelfingen 6,Bezirksliga,West 2,1,1,0,1.00,1550,1058,2041,251,0.62,0.07
league:Bezirksliga,Franz Meschenmoser,PBC Bad Saulgau 2,Bezirksliga,Ost 2,22,13,9,15.09,1550,1378,1722,88,8.38,0.07
9-Ball,Jan Weber,PBC Bad Saulgau 2 | PBC Bad Saulgau 3,Bezirksliga | Kreisliga A,Ost 2,10,7,3,6.53,1550,1298,1803,129,3.82,0.07
10-Ball,Jürgen Kieble,BC Bad Schussenried 1 | BC Bad Schussenried 2 | BC Bad Schussenried 3 | BC Bad Schussenried 4,Bezirksliga | Kreisliga A,Ost 2,14,9,5,8.26,1550,1316,1784,119,4.68,0.07
all,Kristijan Skokic,BULL Leonberg-Höfingen 2,Bezirksliga,Ost 1,2,2,0,2.00,1550,1145,1955,207,1.28,0.07
league:Bezirksliga,Kristijan Skokic,BULL Leonberg-Höfingen 2,Bezirksliga,Ost 1,2,2,0,2.00,1550,1145,1955,207,1.28,0.07
all,Lothar Enzenhöfer,BC Bad Schussenried 2,Landesliga,Ost,24,10,14,20.52,1550,1399,1700,77,8.90,0.07
all,Matthias Bader,BSV Shooters Fellbach 2,Kreisliga A,Ost 1,2,2,0,2.00,1550,1136,1964,211,1.37,0.07
league:Landesliga,Patrik Meyer,PBC Offenburg 2,Landesliga,West,2,1,1,1.04,1550,1068,2032,246,0.47,0.07
all,Robin Kümmerle,BSV Filderstadt 4 | BSV Filderstadt 5,Bezirksliga | Kreisliga A,Ost 1,21,17,4,10.25,1550,1333,1767,111,6.60,0.07
14/1e,Ronny Frank,BSV Tiengen 2,Landesliga,West,28,19,9,14.23,1550,1374,1726,90,7.31,0.07
8-Ball,Thomas Tischmann,BC Blaustein 1,Bezirksliga | Kreisliga A | Landesliga,Ost | Ost 2,21,6,15,15.07,1550,1375,1725,89,6.40,0.07
league:Kreisliga A,Tien Dat Ngo,BC Weingarten 2,Kreisliga A,Ost 2,2,1,1,1.59,1550,1119,1981,220,0.86,0.07
10-Ball,Victor Rodriguez,BV Markdorf 1,Landesliga,Ost,5,2,3,2.62,1550,1188,1912,185,1.17,0.07
all,Wilfried Schön,BSC Göppingen 1 | BSC Göppingen 2 | BSC Göppingen 3,Bezirksliga | Landesliga,Ost | Ost 1 | Ost 2,47,18,29,36.12,1550,1436,1664,58,17.15,0.07
league:Landesliga,Björn Welte,PBC Bräunlingen 1,Landesliga,West,50,36,14,38.83,1549,1438,1660,57,22.27,0.07
league:Kreisliga A,Christian Späthe,PBC Langenargen 3,Kreisliga A,Ost 2,22,14,8,7.52,1549,1307,1791,123,4.18,0.07
8-Ball,Daniel Naumann,BSC St. Georgen 1,Bezirksliga,West 1 | West 2,2,2,0,1.00,1549,1058,2040,250,0.60,0.07
all,Fabian Durst,P&S Denzlingen 1 | PBC Offenburg 3 | PBC Offenburg 5,Bezirksliga | Landesliga,West | West 1,80,46,34,40.43,1549,1441,1657,55,21.64,0.07
14/1e,Fabian Müller,BV Markdorf 1,Landesliga,Ost,3,3,0,1.16,1549,1075,2023,242,0.64,0.07
8-Ball,Fabian Rapp,BSV Pfullingen 2 | BSV Pfullingen 4 | BSV Pfullingen 5,Bezirksliga | Kreisliga A,Ost 1,8,4,4,4.97,1549,1265,1834,145,2.56,0.07
8-Ball,Frank Schwenk,BSC Göppingen 1 | BSC Göppingen 2,Landesliga,Ost,23,9,14,18.19,1549,1390,1709,81,8.43,0.07
all,Martin Brandt,BV Markdorf 2,Bezirksliga,Ost 2,83,46,37,49.92,1549,1451,1646,50,26.16,0.07
14/1e,Martin Reinhardt,PBC Ochsenhausen 1 | PBC Ochsenhausen 2,Bezirksliga | Kreisliga A | Landesliga,Ost | Ost 2,17,9,8,12.08,1549,1359,1739,97,5.88,0.07
9-Ball,Martin Weber,PBC Offenburg 3 | PBC Offenburg 4,Bezirksliga,West 1,11,9,2,4.20,1549,1244,1854,156,2.53,0.07
league:Landesliga,Michael Reich,BC Sindelfingen 4,Landesliga,West,2,2,0,2.00,1549,1149,1949,204,1.21,0.07
all,Partha Ghosh,Tübinger BC 1 | Tübinger BC 2,Bezirksliga | Kreisliga A,Ost 1,22,14,8,17.49,1549,1386,1712,83,9.71,0.07
10-Ball,Rasul Ghanavat,PBC Reutlingen 2 | PBC Reutlingen 3,Bezirksliga | Kreisliga A | Landesliga,Ost 1 | West,18,11,7,14.55,1549,1372,1726,90,8.15,0.07
league:Landesliga,Ronny Frank,BSV Tiengen 2,Landesliga,West,62,39,23,30.65,1549,1425,1673,63,16.69,0.07
14/1e,Adrian Mernik,PBC Reutlingen 2,Kreisliga A,Ost 1,5,5,0,1.69,1548,1127,1968,215,0.98,0.07
14/1e,Alexander Fischer,Tübinger BC 1 | Tübinger BC 2,Bezirksliga | Kreisliga A,Ost 1,39,27,12,21.62,1548,1400,1695,75,12.60,0.07
9-Ball,Andreas Kiefer,BV Markdorf 1 | BV Markdorf 2,Bezirksliga | Landesliga,Ost | Ost 2,18,11,7,8.82,1548,1327,1769,113,4.91,0.07
9-Ball,Andreas Pauling,BC Stuttgart 1891 2,Landesliga,Ost,1,1,0,1.00,1548,1064,2032,247,0.51,0.07
all,Bernhard Sutor,PBC Offenburg 2,Landesliga,West,84,47,37,49.10,1548,1450,1645,50,25.75,0.07
league:Bezirksliga,Daniel Schmid,BC Bad Schussenried 1 | BC Bad Schussenried 2 | BC Bad Schussenried 3,Bezirksliga,Ost 2,61,36,25,35.96,1548,1435,1662,58,19.44,0.07
all,Daniel Zmalec,PBC Bietigheim-Bissingen 1,Bezirksliga,Ost 1,2,2,0,2.00,1548,1139,1957,209,1.26,0.07
9-Ball,Gerold Konnerth,BSC Göppingen 2,Bezirksliga,Ost 1,6,4,2,3.27,1548,1210,1886,173,1.90,0.07
10-Ball,Jacco van de Streek,P&S Denzlingen 1,Landesliga,West,1,1,0,0.53,1548,993,2103,283,0.25,0.07
9-Ball,Joachim Bruggesser,PBC Bad Saulgau 3 | PBC Bad Saulgau 4,Kreisliga A,Ost 2,16,9,7,6.59,1548,1291,1805,131,4.12,0.07
all,Marc Wagner,BC Blaustein 1,Bezirksliga | Kreisliga A | Landesliga,Ost | Ost 2,99,47,52,51.48,1548,1452,1643,49,25.36,0.07
14/1e,Martin Brandt,BV Markdorf 2,Bezirksliga,Ost 2,7,4,3,4.77,1548,1263,1834,146,2.43,0.07
10-Ball,Massimo Gabriele,BC Bad Schussenried 2 | BC Bad Schussenried 3,Kreisliga A,Ost 2,3,2,1,1.43,1548,1103,1993,227,0.85,0.07
14/1e,Mathias Hornbach,P&S Denzlingen 1,Landesliga,West,10,6,4,4.80,1548,1264,1832,145,2.42,0.07
14/1e,Patrick Bolduan,BC Weingarten 1,Bezirksliga | Kreisliga A | Landesliga,Ost | Ost 2,31,18,13,20.53,1548,1400,1696,76,10.31,0.07
league:Kreisliga A,Peter Arndt Marroquin,BC Weingarten 2,Kreisliga A,Ost 2,24,14,10,16.47,1548,1382,1714,85,8.72,0.07
9-Ball,Randee Ramzi Yalda,BSV Pfullingen 1,Landesliga,Ost | West,2,2,0,1.43,1548,1103,1994,227,0.86,0.07
all,Simon Theodoropoulos,Tübinger BC 1 | Tübinger BC 2,Bezirksliga | Kreisliga A | Landesliga,Ost | Ost 1 | West,59,36,23,33.95,1548,1430,1666,60,18.45,0.07
league:Kreisliga A,Yannik Weber,BSV Filderstadt 4,Kreisliga A,Ost 1,6,3,3,4.25,1548,1249,1847,153,2.03,0.07
9-Ball,Adhurim Tafa,BSC Göppingen 3,Bezirksliga,Ost 1,4,2,2,2.75,1547,1188,1905,183,1.47,0.07
9-Ball,Alexander Hemmer,BBC Plochingen 1 | BBC Plochingen 2,Bezirksliga | Kreisliga A,Ost 1,15,9,6,11.33,1547,1349,1745,101,6.24,0.07
9-Ball,Andreas Gut,BV Villingen-Schwenningen 1 | BV Villingen-Schwenningen 2,Bezirksliga | Landesliga,West | West 1,4,3,1,2.31,1547,1153,1941,201,1.52,0.07
14/1e,Andreas Kiefer,BV Markdorf 1 | BV Markdorf 2,Bezirksliga | Landesliga,Ost | Ost 2,22,11,11,14.35,1547,1371,1723,90,7.57,0.07
8-Ball,Axel Klimmer,PBC Bräunlingen 1 | PBC Bräunlingen 2,Bezirksliga | Landesliga,West | West 2,32,16,16,21.11,1547,1398,1696,76,10.95,0.07
14/1e,Benjamin Ropertz,BV Leonberg 1,Bezirksliga,Ost 1,1,1,0,1.00,1547,1055,2040,251,0.63,0.07
10-Ball,Bernhard Sutor,PBC Offenburg 2,Landesliga,West,19,10,9,10.08,1547,1340,1754,106,5.52,0.07
14/1e,Bernhard Sutor,PBC Offenburg 2,Landesliga,West,8,6,2,4.68,1547,1256,1838,148,2.67,0.07
10-Ball,Dieter Haberkorn,PBC Bad Saulgau 3,Kreisliga A,Ost 2,7,5,2,3.76,1547,1219,1875,167,2.31,0.07
all,Frank Wagenmann,PBC Offenburg 2,Landesliga,West,4,2,2,3.21,1547,1213,1880,170,1.56,0.07
14/1e,Hakan Toprak,Tübinger BC 1 | Tübinger BC 2,Bezirksliga | Kreisliga A,Ost 1,16,10,6,7.93,1547,1316,1778,118,4.41,0.07
all,Klaus Woehrlin,PBC Offenburg 3 | PBC Offenburg 5,Bezirksliga | Landesliga,West | West 1,69,43,26,31.03,1547,1424,1670,63,16.74,0.07
league:Bezirksliga,Luciano Abruzzese,BV Markdorf 2 | BV Markdorf 3,Bezirksliga,Ost 2,73,43,30,44.05,1547,1443,1651,53,23.89,0.07
9-Ball,Lukas Marx,BC Sindelfingen 6,Bezirksliga,West 2,1,1,0,1.00,1547,1055,2040,251,0.63,0.07
9-Ball,Michael Schwarzjirg,TV Cannstatt 3,Bezirksliga,Ost 1,1,1,0,1.00,1547,1055,2040,251,0.63,0.07
league:Bezirksliga,Rainer Hops,BV Markdorf 2 | BV Markdorf 3 | PBC Bad Saulgau 2,Bezirksliga,Ost 2,80,45,35,46.56,1547,1447,1647,51,24.55,0.07
9-Ball,Robert Bogdan,TV Cannstatt 3,Bezirksliga,Ost 1,1,1,0,1.00,1547,1055,2040,251,0.63,0.07
8-Ball,Robert Tiffert,BSV Tiengen 3,Bezirksliga | Landesliga,West | West 1,11,8,3,9.08,1547,1324,1771,114,5.08,0.07
14/1e,Stefan Duttlinger,BSV Tiengen 2,Landesliga,West,1,1,0,0.32,1547,950,2143,304,0.16,0.07
9-Ball,Thorsten Rammer,PBC Freudenstadt 2,Bezirksliga,West 1,4,3,1,1.35,1547,1097,1996,229,0.78,0.07
league:Bezirksliga,Andreas Dittrich,BSC St. Georgen 1,Bezirksliga,West 1 | West 2,88,59,29,51.66,1546,1449,1643,49,28.45,0.07
10-Ball,Andreas Jeschka,PBC Reutlingen 1,Landesliga,West,1,1,0,1.00,1546,1062,2030,247,0.53,0.07
all,Benjamin Ropertz,BV Leonberg 1,Bezirksliga,Ost 1,2,2,0,2.00,1546,1143,1950,206,1.26,0.07
league:Bezirksliga,Benjamin Ropertz,BV Leonberg 1,Bezirksliga,Ost 1,2,2,0,2.00,1546,1143,1950,206,1.26,0.07
14/1e,Christian Endres,BULL Leonberg-Höfingen 1,Landesliga,Ost,1,1,0,1.00,1546,1054,2038,251,0.63,0.07
10-Ball,Christian Joos,BC Dreiländereck 1 | BC Dreiländereck 2,Landesliga,West,3,1,2,1.38,1546,1096,1997,230,0.64,0.07
league:Landesliga,Goran Švab,BSV Filderstadt 3 | BSV Filderstadt 4,Landesliga,Ost,18,12,6,9.07,1546,1329,1763,111,4.82,0.07
9-Ball,Hakan Yaratici,PBC Bräunlingen 2,Bezirksliga | Landesliga,West | West 1,7,5,2,4.58,1546,1252,1840,150,2.60,0.07
league:Kreisliga A,Jörg Schwager,BSC Göppingen 3,Kreisliga A,Ost 1,2,2,0,0.91,1546,1046,2046,255,0.54,0.07
8-Ball,Kevin Albert,BSV Tiengen 3,Bezirksliga | Landesliga,West | West 1,9,5,4,6.82,1546,1290,1802,131,3.46,0.07
all,Lothar Hirsch,PBC Bietigheim-Bissingen 2,Bezirksliga,Ost 2,2,1,1,2.00,1546,1151,1941,202,1.02,0.07
league:Bezirksliga,Lothar Hirsch,PBC Bietigheim-Bissingen 2,Bezirksliga,Ost 2,2,1,1,2.00,1546,1151,1941,202,1.02,0.07
all,Martin Reinhardt,PBC Ochsenhausen 1 | PBC Ochsenhausen 2,Bezirksliga | Kreisliga A | Landesliga,Ost | Ost 2,105,51,54,60.95,1546,1458,1634,45,28.98,0.07
all,Michael Stegmaier,BSV Filderstadt 5,Kreisliga A,Ost 1,5,4,1,2.10,1546,1120,1973,218,1.43,0.07
league:Kreisliga A,Peggy Eisele,BSV Filderstadt 3 | PBC Reutlingen 2,Kreisliga A,Ost 1,16,10,6,6.70,1546,1294,1797,128,3.98,0.07
all,Simon Kemmerling,PBC Bräunlingen 1 | PBC Bräunlingen 2,Bezirksliga | Landesliga,West | West 1 | West 2,111,75,36,66.25,1546,1458,1634,45,40.34,0.07
8-Ball,Uwe Machalett,PBC Freudenstadt 2 | PBC Freudenstadt 3,Bezirksliga | Landesliga,West | West 1,22,13,9,10.56,1546,1338,1753,106,5.50,0.07
10-Ball,Alexander Baur,PBC Bad Saulgau 2 | PBC Bad Saulgau 4,Bezirksliga | Kreisliga A,Ost 2,11,8,3,6.08,1545,1282,1808,134,3.49,0.07
14/1e,Alfred Stöcklein,BC Sindelfingen 6,Bezirksliga,West 2,1,1,0,1.00,1545,1054,2037,251,0.63,0.07
10-Ball,Andreas Einsiedler,PBC Langenargen 1 | PBC Langenargen 2,Bezirksliga | Landesliga,Ost | Ost 2,23,10,13,13.50,1545,1364,1725,92,6.85,0.06
league:Bezirksliga,Andreas Kiefer,BV Markdorf 2,Bezirksliga,Ost 2,44,28,16,30.53,1545,1421,1669,63,16.96,0.06
10-Ball,Andreas Loderer,BC Bad Schussenried 1,Bezirksliga | Landesliga,Ost | Ost 2,2,1,1,1.00,1545,1054,2036,251,0.49,0.06
all,Andreas Rapp,BSC Göppingen 1 | BSC Göppingen 3,Bezirksliga,Ost 1,17,11,6,11.15,1545,1345,1745,102,6.35,0.06
14/1e,Armin Stauß,PBC Freudenstadt 1 | PBC Freudenstadt 2,Landesliga,West,26,16,10,16.97,1545,1383,1707,83,8.70,0.06
all,Daniel Montfort,P&S Denzlingen 2 | P&S Denzlingen 3,Landesliga,West,4,3,1,3.40,1545,1218,1873,167,1.86,0.07
14/1e,David Galwas,PBC Freudenstadt 1,Landesliga,West,7,4,3,2.35,1545,1170,1920,191,1.15,0.06
9-Ball,Harald Reutter,BC Blaustein 1,Kreisliga A | Landesliga,Ost | Ost 2,3,1,2,1.42,1545,1099,1992,228,0.75,0.06
all,Horst Bendig,P&S Denzlingen 1 | P&S Denzlingen 2,Landesliga,West,53,23,30,24.62,1545,1408,1682,70,12.25,0.06
9-Ball,Marco Bunke,BSV Pfullingen 3 | BSV Pfullingen 4,Bezirksliga | Kreisliga A,Ost 1,10,6,4,5.19,1545,1266,1823,142,2.75,0.06
all,Mario Kaiser,BSC St. Georgen 1,Bezirksliga | Landesliga,West | West 1 | West 2,104,77,27,62.41,1545,1456,1634,46,36.95,0.06
all,Marvin Zimmer,BSC Lions Bietigheim 1,Landesliga,West,2,2,0,2.00,1545,1142,1948,206,1.25,0.06
league:Landesliga,Marvin Zimmer,BSC Lions Bietigheim 1,Landesliga,West,2,2,0,2.00,1545,1142,1948,206,1.25,0.06
14/1e,Michael Stegmaier,BSV Filderstadt 5,Kreisliga A,Ost 1,3,2,1,1.26,1545,1081,2010,237,0.70,0.06
14/1e,Petar Popov,BC Stuttgart 1891 5,Kreisliga A,Ost 2,1,1,0,1.00,1545,1053,2036,251,0.63,0.06
8-Ball,Thomas Enge,PBC Reutlingen 2 | PBC Reutlingen 3,Bezirksliga | Kreisliga A,Ost 1,18,11,7,14.42,1545,1366,1725,91,7.99,0.06
league:Kreisliga A,Thomas Schöpfer,Tübinger BC 2,Kreisliga A,Ost 1,2,1,1,0.69,1545,1018,2072,269,0.32,0.06
9-Ball,Tobias Jung,P&S Denzlingen 1,Landesliga,West,6,3,3,1.97,1545,1144,1946,205,1.03,0.06
league:Kreisliga A,Ulrich Oswald,BSV Filderstadt 5,Kreisliga A,Ost 1,23,12,11,9.04,1545,1324,1765,112,4.74,0.06
league:Bezirksliga,Wilfried Schön,BSC Göppingen 1 | BSC Göppingen 2 | BSC Göppingen 3,Bezirksliga,Ost 1 | Ost 2,24,12,12,16.38,1545,1376,1715,86,8.18,0.07
9-Ball,Woldai Wagner,BSV Konstanz 1,Landesliga,Ost,7,3,4,2.33,1545,1168,1922,192,1.08,0.06
league:Kreisliga A,Yves Jordan,BSC Göppingen 2 | BSC Göppingen 3,Kreisliga A,Ost 1,19,11,8,8.18,1545,1310,1779,119,4.88,0.06
8-Ball,Ahmet Yazici,PBC Nagoldtal 1,Landesliga,West,1,1,0,1.00,1544,1060,2027,247,0.48,0.06
10-Ball,Armin Stauß,PBC Freudenstadt 1 | PBC Freudenstadt 2,Landesliga,West,29,16,13,17.74,1544,1385,1704,81,9.16,0.06
league:Bezirksliga,Bernd Dorenburg,BSV Pfullingen 2 | BSV Pfullingen 3 | BSV Pfullingen 4,Bezirksliga,Ost 1,21,11,10,9.32,1544,1326,1763,111,5.09,0.06
10-Ball,Christoph Tropschuh,BBC Plochingen 2,Bezirksliga | Kreisliga A,Ost 1,18,9,9,11.70,1544,1349,1739,99,6.48,0.06
9-Ball,David Party,PBC Offenburg 2 | PBC Offenburg 3 | PBC Offenburg 4,Bezirksliga | Landesliga,West | West 1,27,18,9,17.62,1544,1383,1705,82,9.54,0.06
league:Landesliga,Eberhard Sauter,PBC Freudenstadt 1 | PBC Freudenstadt 2 | PBC Freudenstadt 3,Landesliga,West,71,45,26,46.34,1544,1443,1645,51,25.35,0.06
league:Bezirksliga,Florian Stubert,BSV Filderstadt 2 | BSV Filderstadt 4,Bezirksliga,Ost 1,42,27,15,27.84,1544,1413,1675,67,15.68,0.06
league:Bezirksliga,Frank Diedrich,PBC Sand 2,Bezirksliga,West 1,36,17,19,13.66,1544,1365,1724,92,7.01,0.06
all,Hakan Söyler,PBC Nagoldtal 1,Landesliga,West,2,1,1,2.00,1544,1149,1940,202,0.90,0.06
9-Ball,Jonathan Nestler,PBC Freudenstadt 2,Bezirksliga | Landesliga,West | West 1,3,2,1,1.19,1544,1075,2013,239,0.72,0.06
all,Kurt Kempf,PBC Offenburg 2 | PBC Offenburg 3 | PBC Offenburg 4 | PBC Offenburg 6,Bezirksliga | Landesliga,West | West 1,77,55,22,43.86,1544,1439,1650,54,24.91,0.06
14/1e,Martin Frei,PBC Offenburg 2,Landesliga,West,23,11,12,14.72,1544,1371,1717,88,7.43,0.06
all,Mathias Hornbach,P&S Denzlingen 1,Landesliga,West,26,14,12,12.62,1544,1356,1731,96,6.19,0.06
9-Ball,Michael Grad,BSV Pfullingen 3 | BSV Pfullingen 4,Bezirksliga | Kreisliga A,Ost 1,6,5,1,3.09,1544,1196,1891,177,1.82,0.06
league:Bezirksliga,Mirjan Hidri,PBC Freudenstadt 3,Bezirksliga,West 1,16,10,6,13.32,1544,1359,1730,95,7.19,0.06
14/1e,Nic Woywodt,PBC Nagoldtal 1,Landesliga,West,1,1,0,1.00,1544,1060,2028,247,0.53,0.06
10-Ball,Nikolaus Gündel,P&S Denzlingen 1 | P&S Denzlingen 2,Landesliga,West,11,5,6,6.91,1544,1297,1791,126,3.49,0.06
8-Ball,Okan Ceken,PBC Reutlingen 2,Bezirksliga,Ost 1,1,0,1,0.68,1544,1007,2081,274,0.24,0.06
14/1e,Oliver Kruse,PBC Offenburg 2,Landesliga,West,5,3,2,4.43,1544,1251,1837,150,2.22,0.06
all,Peter Gerlach,PBC Aalen 2,Kreisliga A,Ost 2,2,2,0,2.00,1544,1142,1947,206,1.25,0.06
league:Kreisliga A,Peter Gerlach,PBC Aalen 2,Kreisliga A,Ost 2,2,2,0,2.00,1544,1142,1947,206,1.25,0.06
all,Philip Kammnick,BC Bad Schussenried 2 | BC Bad Schussenried 3,Bezirksliga | Kreisliga A,Ost 2,68,40,28,43.28,1544,1439,1650,54,24.24,0.06
all,Phillip Woods,PBC Offenburg 3,Landesliga,West,10,6,4,7.15,1544,1297,1792,126,3.99,0.06
all,Robert Tiffert,BSV Tiengen 3,Bezirksliga | Landesliga,West | West 1,23,14,9,19.33,1544,1391,1698,78,10.27,0.06
all,Roland Sauter,PBC Bräunlingen 1,Landesliga,West,47,26,21,36.88,1544,1431,1656,57,19.16,0.06
all,Thorsten Rammer,PBC Freudenstadt 2,Bezirksliga,West 1,8,6,2,2.71,1544,1185,1902,183,1.54,0.06
league:Landesliga,Woldai Wagner,BSV Konstanz 1,Landesliga,Ost,16,8,8,5.29,1544,1270,1819,140,2.56,0.06
10-Ball,Arno Marotz,BSV Filderstadt 2 | BSV Filderstadt 3 | BSV Filderstadt 4,Bezirksliga | Landesliga,Ost | Ost 1,29,18,11,18.42,1543,1386,1700,80,9.94,0.06
10-Ball,Daniel Lehmann,PBC Bräunlingen 2,Bezirksliga | Landesliga,West | West 1,2,1,1,1.36,1543,1095,1991,228,0.70,0.06
league:Kreisliga A,Dietmar Helfrich,BC Bad Schussenried 3 | BC Bad Schussenried 4,Kreisliga A,Ost 2,35,18,17,27.26,1543,1410,1676,68,15.98,0.06
10-Ball,Dominik Netzhammer,BSV Tiengen 2 | BSV Tiengen 3,Landesliga,West,13,6,7,7.11,1543,1300,1787,124,3.58,0.06
all,Flaviano Gabriele,BC Bad Schussenried 1 | BC Bad Schussenried 2,Bezirksliga | Landesliga,Ost | Ost 2,81,39,42,46.76,1543,1443,1643,51,21.70,0.06
9-Ball,Florian Stubert,BSV Filderstadt 1 | BSV Filderstadt 2 | BSV Filderstadt 3 | BSV Filderstadt 4,Bezirksliga | Landesliga,Ost | Ost 1,35,19,16,21.14,1543,1395,1691,76,11.54,0.06
all,Kevin Albert,BSV Tiengen 3,Bezirksliga | Landesliga,West | West 1,49,35,14,37.91,1543,1430,1655,58,21.02,0.06
14/1e,Markus Graml,PBC Langenargen 1 | PBC Langenargen 2,Bezirksliga | Landesliga,Ost | Ost 2,10,6,4,4.56,1543,1249,1837,150,2.15,0.06
8-Ball,Markus König,BSV Filderstadt 2 | PBC Bad Saulgau 2,Bezirksliga,Ost 1 | Ost 2,11,8,3,7.73,1543,1304,1782,122,4.14,0.06
8-Ball,Mathias Hehle,PBC Bad Saulgau 2 | PBC Bad Saulgau 3,Bezirksliga | Kreisliga A,Ost 2,11,7,4,5.98,1543,1268,1819,141,3.88,0.06
14/1e,Maximilian Jentsch,PBC Aalen 2,Kreisliga A,Ost 2,1,1,0,1.00,1543,1052,2033,250,0.62,0.06
all,Necmi Kolbasar,PP Böblingen 1,Landesliga,West,2,2,0,2.00,1543,1141,1945,205,1.24,0.06
league:Landesliga,Necmi Kolbasar,PP Böblingen 1,Landesliga,West,2,2,0,2.00,1543,1141,1945,205,1.24,0.06
league:Bezirksliga,Ottmar Auzinger,PBC Ochsenhausen 1,Bezirksliga,Ost 2,16,11,5,5.36,1543,1269,1817,140,2.90,0.06
league:Bezirksliga,Pascal Sanna,PBC Freudenstadt 3,Bezirksliga,West 1,36,22,14,14.12,1543,1364,1722,91,7.70,0.06
9-Ball,Robert Zivanovic,BBC Plochingen 2,Bezirksliga | Kreisliga A,Ost 1,4,2,2,2.69,1543,1179,1907,186,1.44,0.06
10-Ball,Sander Damrau,BSV Pfullingen 1 | BSV Pfullingen 2,Landesliga,Ost,12,4,8,5.68,1543,1276,1809,136,2.66,0.06
8-Ball,Stephan Moser,BV Villingen-Schwenningen 2,Bezirksliga,West 1,1,1,0,0.71,1543,1019,2066,267,0.38,0.06
league:Landesliga,Uwe Lang,BC Dreiländereck 1 | BC Dreiländereck 2 | PBC Offenburg 2,Landesliga,West,54,34,20,28.83,1543,1415,1671,65,15.47,0.06
14/1e,Adrian Cabanillas Lora,BSV Shooters Fellbach 1,Bezirksliga,Ost 2,1,1,0,1.00,1542,1058,2026,247,0.54,0.06
league:Landesliga,Ali Cetin,BC Bad Schussenried 1,Landesliga,Ost,26,18,8,14.54,1542,1367,1717,89,7.96,0.06
league:Kreisliga A,Andreas Knauf,BSC Göppingen 2 | BSC Göppingen 3,Kreisliga A,Ost 1,50,26,24,21.68,1542,1395,1690,75,11.87,0.06
9-Ball,Andreas Witzigmann,PBC Langenargen 1 | PBC Langenargen 2,Bezirksliga | Kreisliga A | Landesliga,Ost | Ost 2,22,16,6,11.51,1542,1345,1740,101,6.43,0.06
8-Ball,Dario Dakovic,PBC Bad Saulgau 2 | PBC Bad Saulgau 3,Bezirksliga | Kreisliga A,Ost 2,23,12,11,12.24,1542,1351,1732,97,6.69,0.06
league:Bezirksliga,Florian Schwägler,PBC Freudenstadt 3,Bezirksliga,West 1,65,37,28,37.15,1542,1428,1656,58,20.57,0.06
all,Frank Schwenk,BSC Göppingen 1 | BSC Göppingen 2,Landesliga,Ost,46,14,32,36.38,1542,1427,1656,58,15.53,0.06
league:Landesliga,Frank Tatarkowski,PBC Offenburg 2,Landesliga,West,41,23,18,16.57,1542,1375,1709,85,9.39,0.06
10-Ball,Gerald Ströbele,PBC Langenargen 1 | PBC Langenargen 2 | PBC Langenargen 3,Bezirksliga | Kreisliga A | Landesliga,Ost | Ost 2,11,8,3,7.22,1542,1297,1787,125,4.03,0.06
14/1e,Gerhard Junker,PBC Offenburg 3,Landesliga,West,4,2,2,1.65,1542,1121,1963,215,0.88,0.06
8-Ball,Gerhard Junker,PBC Offenburg 3,Landesliga,West,1,1,0,0.40,1542,959,2126,298,0.16,0.06
all,Günther Götz,BSC St. Georgen 1,Bezirksliga | Landesliga,West | West 1 | West 2,113,75,38,67.97,1542,1456,1628,44,39.14,0.06
14/1e,Jens Butenschön,PBC Langenargen 2 | PBC Langenargen 3,Bezirksliga | Kreisliga A,Ost 2,41,28,13,23.59,1542,1402,1682,71,13.11,0.06
10-Ball,Kurt Kempf,PBC Offenburg 2 | PBC Offenburg 3 | PBC Offenburg 4 | PBC Offenburg 6,Bezirksliga | Landesliga,West | West 1,15,11,4,9.19,1542,1322,1762,112,5.07,0.06
9-Ball,Kurt Kempf,PBC Offenburg 2 | PBC Offenburg 3 | PBC Offenburg 4 | PBC Offenburg 6,Bezirksliga | Landesliga,West | West 1,27,18,9,15.51,1542,1367,1718,89,9.14,0.06
all,Marius-Daniel Grigore-Martini,PBC Reutlingen 2 | PBC Reutlingen 3,Kreisliga A,Ost 1 | West 2,4,4,0,3.00,1542,1183,1900,183,1.97,0.06
14/1e,Markus Appenowitz,BSV Filderstadt 1 | BSV Filderstadt 2 | BSV Filderstadt 3,Bezirksliga | Landesliga,Ost | Ost 1,17,8,9,10.92,1542,1343,1741,102,5.60,0.06
9-Ball,Markus Buck,BSC Göppingen 2,Landesliga,Ost,2,1,1,1.70,1542,1122,1961,214,0.92,0.06
10-Ball,Mike Siege,PBC Offenburg 5,Bezirksliga,West 1,4,4,0,2.14,1542,1150,1934,200,1.29,0.06
10-Ball,Norman Wagner,BC Weingarten 1,Bezirksliga,Ost 2,9,5,4,5.10,1542,1265,1819,141,2.64,0.06
league:Bezirksliga,Philip Kammnick,BC Bad Schussenried 3,Bezirksliga,Ost 2,18,10,8,15.49,1542,1373,1712,86,8.07,0.06
10-Ball,Roland Sauter,PBC Bräunlingen 1,Landesliga,West,18,10,8,14.49,1542,1367,1717,89,7.68,0.06
14/1e,Sascha Sauer,BSV Filderstadt 1 | BSV Filderstadt 2 | BSV Filderstadt 3 | BSV Filderstadt 4,Bezirksliga | Landesliga,Ost | Ost 1,30,23,7,20.34,1542,1391,1693,77,11.44,0.06
14/1e,Sebastian Scherbinin,PBC Freudenstadt 2 | PBC Freudenstadt 3,Landesliga,West,9,4,5,4.98,1542,1263,1822,143,2.51,0.06
league:Bezirksliga,Simon Conrad,BSG Albstadt 1,Bezirksliga,West 1 | West 2,59,35,24,25.40,1542,1406,1678,69,13.77,0.06
league:Landesliga,Stefan Herms,PBC Bräunlingen 2,Landesliga,West,2,1,1,1.12,1542,1073,2012,239,0.58,0.06
league:Landesliga,Stefan Sock,BC Bad Schussenried 1,Landesliga,Ost,43,26,17,26.12,1542,1409,1675,68,14.63,0.06
league:Landesliga,Tom Mischner,PBC Langenargen 1,Landesliga,Ost,2,1,1,0.84,1542,1029,2054,261,0.53,0.06
14/1e,Alexander Baur,PBC Bad Saulgau 2 | PBC Bad Saulgau 4,Bezirksliga | Kreisliga A,Ost 2,15,9,6,9.16,1541,1326,1755,110,4.72,0.06
14/1e,Anastasios Kagelidis,PP Böblingen 2,Kreisliga A,West 2,1,1,0,1.00,1541,1051,2031,250,0.62,0.06
9-Ball,Bernd Dorenburg,BSV Pfullingen 2 | BSV Pfullingen 4,Bezirksliga,Ost 1,4,3,1,1.84,1541,1128,1954,211,1.06,0.06
8-Ball,Bruno Miletic,BC Dreiländereck 1,Landesliga,West,4,2,2,2.18,1541,1144,1939,203,1.20,0.06
8-Ball,Dennis Knoblauch,P&S Denzlingen 4,Bezirksliga,West 1,4,2,2,3.51,1541,1199,1884,175,2.28,0.06
8-Ball,Dieter Haberkorn,PBC Bad Saulgau 3,Kreisliga A,Ost 2,7,5,2,3.80,1541,1215,1868,167,2.20,0.06
league:Kreisliga A,Francesco Dragotta,Tübinger BC 3,Kreisliga A,Ost 1,24,16,8,20.67,1541,1391,1692,77,11.06,0.06
league:Kreisliga A,Franz Hochenegg,BC Weingarten 2,Kreisliga A,Ost 2,12,7,5,9.53,1541,1326,1756,110,5.27,0.06
10-Ball,Julian Schank,PBC Ochsenhausen 2,Kreisliga A,Ost 2,9,7,2,7.75,1541,1304,1777,121,4.68,0.06
14/1e,Kurt Kempf,PBC Offenburg 2 | PBC Offenburg 3 | PBC Offenburg 4 | PBC Offenburg 6,Bezirksliga | Landesliga,West | West 1,19,15,4,10.92,1541,1341,1741,102,5.88,0.06
9-Ball,Marcus Elfenthal,P&S Denzlingen 1 | P&S Denzlingen 2 | P&S Denzlingen 3,Bezirksliga | Landesliga,West | West 1 | West 2,9,6,3,4.98,1541,1259,1823,144,2.75,0.06
9-Ball,Markus Graml,PBC Langenargen 2,Bezirksliga,Ost 2,2,1,1,1.00,1541,1056,2026,247,0.55,0.06
8-Ball,Mathias Laskus,PBV Rottweil 2,Bezirksliga,West 2,5,4,1,1.73,1541,1108,1973,221,1.16,0.06
9-Ball,Michael Psarras,BC Dreiländereck 1 | BC Dreiländereck 2,Bezirksliga | Landesliga,West | West 1,14,4,10,8.14,1541,1310,1773,118,4.03,0.06
10-Ball,Patrick Bolduan,BC Weingarten 1,Bezirksliga,Ost 2,1,1,0,0.58,1541,995,2086,278,0.26,0.06
league:Kreisliga A,Robert Zivanovic,BBC Plochingen 2,Kreisliga A,Ost 1,17,10,7,8.21,1541,1311,1770,117,4.44,0.06
all,Sander Damrau,BSV Pfullingen 1 | BSV Pfullingen 2,Landesliga,Ost,27,10,17,12.98,1541,1357,1726,94,5.92,0.06
10-Ball,Thomas Drey,BF Bronnen 1 | PBC Ochsenhausen 3,Kreisliga A,Ost 2,34,20,14,17.75,1541,1377,1704,83,10.56,0.06
14/1e,Tuong Tran,BSV Pfullingen 1,Landesliga,Ost,8,4,4,3.39,1541,1212,1870,168,1.73,0.06
8-Ball,Yahya Bouchikhi,P&S Denzlingen 2,Landesliga,West,5,3,2,4.22,1541,1231,1850,158,2.36,0.06
14/1e,Yilmaz Aygün,P&S Denzlingen 1,Landesliga,West,26,12,14,13.79,1541,1363,1719,91,6.83,0.06
10-Ball,Andreas Tschinkel,BBC Plochingen 1 | BBC Plochingen 2,Bezirksliga | Kreisliga A | Landesliga,Ost | Ost 1,11,5,6,7.07,1540,1292,1787,126,3.52,0.06
league:Landesliga,Bruno Miletic,BC Dreiländereck 1,Landesliga,West,28,16,12,15.25,1540,1366,1714,89,8.56,0.06
10-Ball,Claudio Pontuti,BSV Filderstadt 4,Landesliga,Ost,2,1,1,0.83,1540,1031,2049,260,0.41,0.06
league:Bezirksliga,Daniel Zmalec,PBC Bietigheim-Bissingen 1,Bezirksliga,Ost 1,2,2,0,2.00,1540,1130,1949,209,1.28,0.06
10-Ball,David Party,PBC Offenburg 2 | PBC Offenburg 3 | PBC Offenburg 4,Bezirksliga | Landesliga,West | West 1,11,6,5,6.16,1540,1280,1800,133,3.00,0.06
8-Ball,Guido Ulmer,BSV Pfullingen 2 | PBC Reutlingen 2,Bezirksliga | Kreisliga A,Ost 1,9,7,2,4.87,1540,1245,1836,151,2.86,0.06
9-Ball,Jamil Dib,P&S Denzlingen 2,Landesliga,West,11,6,5,8.61,1540,1318,1761,113,4.27,0.06
14/1e,Kevin Albert,BSV Tiengen 3,Bezirksliga | Landesliga,West | West 1,2,1,1,1.44,1540,1093,1987,228,0.82,0.06
10-Ball,Luciano Galman,BSC Göppingen 3,Bezirksliga,Ost 1,4,2,2,3.51,1540,1213,1868,167,1.72,0.06
all,Markus Graml,PBC Langenargen 1 | PBC Langenargen 2,Bezirksliga | Landesliga,Ost | Ost 2,23,12,11,10.56,1540,1333,1748,106,4.94,0.06
league:Bezirksliga,Michael Psarras,BC Dreiländereck 1,Bezirksliga,West 1,13,9,4,11.38,1540,1334,1746,105,6.96,0.06
9-Ball,Ottmar Auzinger,PBC Ochsenhausen 1,Bezirksliga | Landesliga,Ost | Ost 2,34,17,17,19.88,1540,1390,1690,77,9.70,0.06
14/1e,Thomas Drey,BF Bronnen 1 | PBC Ochsenhausen 3,Kreisliga A,Ost 1 | Ost 2,34,25,9,21.14,1540,1393,1688,75,12.01,0.06
10-Ball,Tuong Tran,BSV Pfullingen 1,Landesliga,Ost,1,1,0,0.43,1540,967,2113,292,0.20,0.06
league:Bezirksliga,Andreas Greitmann,BC Unterteuringen 1,Bezirksliga,Ost 2,102,53,49,59.84,1539,1450,1628,45,32.15,0.06
league:Landesliga,Andreas Jeschka,PBC Reutlingen 1,Landesliga,West,2,2,0,2.00,1539,1137,1941,205,1.24,0.06
14/1e,Bernd Dorenburg,BSV Pfullingen 2 | BSV Pfullingen 3 | BSV Pfullingen 4 | BSV Pfullingen 5,Bezirksliga | Kreisliga A,Ost 1,17,11,6,9.51,1539,1325,1753,109,5.46,0.06
8-Ball,Besirat Fekadu,BSC Göppingen 2,Bezirksliga | Landesliga,Ost | Ost 1,19,9,10,10.14,1539,1328,1751,108,5.15,0.06
10-Ball,Harald Reutter,BC Blaustein 1,Landesliga,Ost,4,1,3,2.75,1539,1183,1894,181,1.17,0.06
14/1e,Jens Pfaff,BSC Lions Bietigheim 2,Kreisliga A,West 1,1,1,0,1.00,1539,1050,2028,250,0.61,0.06
9-Ball,Luka Fuchs,PP Böblingen 2,Kreisliga A,West 2,1,1,0,1.00,1539,1050,2028,250,0.61,0.06
all,Manfred Sieweke,PBC Ochsenhausen 1 | PBC Ochsenhausen 2 | PBC Ochsenhausen 3,Bezirksliga | Kreisliga A | Landesliga,Ost | Ost 2,28,15,13,15.66,1539,1368,1710,87,8.62,0.06
league:Kreisliga A,Marc Wagner,BC Blaustein 1,Kreisliga A,Ost 2,28,18,10,9.44,1539,1324,1754,110,5.11,0.06
8-Ball,Marco Giusa,TV Cannstatt 2,Landesliga,Ost,1,1,0,1.00,1539,1050,2028,250,0.61,0.06
10-Ball,Necmi Kolbasar,PP Böblingen 1,Landesliga,West,1,1,0,1.00,1539,1050,2028,250,0.61,0.06
9-Ball,Nicholas Hoeldtke,BC Stuttgart 1891 7,Kreisliga A,Ost 1,1,1,0,1.00,1539,1050,2028,250,0.61,0.06
9-Ball,Philip Kammnick,BC Bad Schussenried 2 | BC Bad Schussenried 3,Bezirksliga | Kreisliga A,Ost 2,19,14,5,12.79,1539,1352,1726,95,7.24,0.06
9-Ball,Seong-Jin Kim,BSV Tiengen 3,Bezirksliga | Landesliga,West | West 1,29,21,8,21.22,1539,1392,1687,75,11.81,0.06
league:Bezirksliga,Seong-Jin Kim,BSV Tiengen 3,Bezirksliga,West 1,36,27,9,22.75,1539,1396,1683,73,12.84,0.06
14/1e,Stephan Rau,P&S Denzlingen 2,Landesliga,West,5,2,3,3.38,1539,1210,1869,168,1.54,0.06
9-Ball,Tankred Volkmer,BV Backnang/Welzheim 1,Kreisliga A,Ost 2,1,1,0,1.00,1539,1050,2028,250,0.61,0.06
14/1e,Ali Cetin,BC Bad Schussenried 1 | BC Bad Schussenried 2 | BC Bad Schussenried 4,Bezirksliga | Kreisliga A | Landesliga,Ost | Ost 2,23,10,13,15.00,1538,1365,1710,88,7.80,0.05
14/1e,Andreas Tschinkel,BBC Plochingen 1 | BBC Plochingen 2,Bezirksliga | Kreisliga A | Landesliga,Ost | Ost 1,22,12,10,11.34,1538,1340,1737,101,6.11,0.05
14/1e,Dieter Haberkorn,PBC Bad Saulgau 3,Kreisliga A,Ost 2,10,7,3,5.46,1538,1267,1808,138,2.93,0.05
all,Frank Weiß,BBC Plochingen 1,Bezirksliga,Ost 1,6,4,2,2.11,1538,1147,1930,200,1.03,0.06
14/1e,Hans Heuschmid,PBC Ochsenhausen 2 | PBC Ochsenhausen 3,Bezirksliga | Kreisliga A,Ost 2,16,10,6,8.33,1538,1310,1765,116,4.67,0.05
league:Landesliga,Manfred Wußler,PBC Offenburg 2 | PBC Offenburg 3,Landesliga,West,20,8,12,11.97,1538,1345,1731,99,6.21,0.05
9-Ball,Marc Wagner,BC Blaustein 1,Bezirksliga | Kreisliga A | Landesliga,Ost | Ost 2,46,23,23,24.44,1538,1402,1674,69,12.41,0.05
league:Landesliga,Michael Kunz,BSV Konstanz 1,Landesliga,Ost,2,1,1,0.69,1538,1012,2064,268,0.33,0.05
10-Ball,Michael Matschewsky,PBC Freudenstadt 1,Landesliga,West,4,2,2,1.31,1538,1077,2000,235,0.54,0.05
league:Bezirksliga,Mike Siege,PBC Offenburg 5,Bezirksliga,West 1,18,12,6,9.53,1538,1324,1753,109,5.35,0.06
14/1e,Oliver Eisele,PBC Langenargen 1,Bezirksliga,Ost 2,1,1,0,0.94,1538,1047,2029,250,0.47,0.05
all,Rebeca Romero Ulloa,BC Stuttgart 1891 6,Kreisliga A,Ost 1,2,1,1,2.00,1538,1142,1934,202,1.11,0.05
league:Kreisliga A,Rebeca Romero Ulloa,BC Stuttgart 1891 6,Kreisliga A,Ost 1,2,1,1,2.00,1538,1142,1934,202,1.11,0.05
all,Sascha Werle,PBC Rastatt 2,Bezirksliga,West 1,2,2,0,2.00,1538,1138,1938,204,1.21,0.05
league:Bezirksliga,Sascha Werle,PBC Rastatt 2,Bezirksliga,West 1,2,2,0,2.00,1538,1138,1938,204,1.21,0.05
9-Ball,Sebastian Oswald,BSV Pfullingen 2 | BSV Pfullingen 3 | BSV Pfullingen 4,Bezirksliga | Kreisliga A,Ost 1,6,4,2,2.85,1538,1179,1898,183,1.64,0.06
league:Landesliga,Sebastian Scherbinin,PBC Freudenstadt 2 | PBC Freudenstadt 3,Landesliga,West,22,11,11,12.20,1538,1347,1730,97,6.54,0.06
14/1e,Andreas Greitmann,BC Unterteuringen 1,Bezirksliga,Ost 2,48,20,28,27.70,1537,1409,1665,65,13.91,0.05
8-Ball,Christoph Tropschuh,BBC Plochingen 2,Bezirksliga | Kreisliga A,Ost 1,32,15,17,19.75,1537,1381,1693,80,10.35,0.05
8-Ball,Cornelius Ryan,PBC Reutlingen 2 | Tübinger BC 3,Bezirksliga | Kreisliga A,Ost 1,33,19,14,17.57,1537,1371,1702,84,9.23,0.05
all,Erwin Thoma,BC Bad Schussenried 3 | BC Bad Schussenried 4 | PBC Ochsenhausen 1 | PBC Ochsenhausen 2,Bezirksliga | Kreisliga A | Landesliga,Ost | Ost 2,56,38,18,38.63,1537,1426,1648,57,21.43,0.05
league:Kreisliga A,Frank Flach,PBC Ochsenhausen 2,Kreisliga A,Ost 2,18,10,8,6.02,1537,1273,1801,135,3.17,0.05
10-Ball,Frederik Nyberg,PBC Langenargen 2,Bezirksliga,Ost 2,8,5,3,5.54,1537,1269,1805,137,2.76,0.05
all,Kevin Schieber,BV Leonberg 1,Bezirksliga,Ost 1,2,2,0,2.00,1537,1137,1937,204,1.21,0.05
league:Bezirksliga,Kevin Schieber,BV Leonberg 1,Bezirksliga,Ost 1,2,2,0,2.00,1537,1137,1937,204,1.21,0.05
league:Landesliga,Kurt Kempf,PBC Offenburg 2 | PBC Offenburg 3,Landesliga,West,34,24,10,17.12,1537,1372,1702,84,9.87,0.05
10-Ball,Marius-Daniel Grigore-Martini,PBC Reutlingen 2 | PBC Reutlingen 3,Kreisliga A,Ost 1 | West 2,2,2,0,1.50,1537,1092,1981,227,0.97,0.05
all,Markus Löscher,BSV Shooters Fellbach 2,Kreisliga A,Ost 1,2,2,0,2.00,1537,1127,1946,209,1.33,0.05
all,Martin Wistuba,BSV Pfullingen 2 | BSV Pfullingen 3 | BSV Pfullingen 4,Bezirksliga | Kreisliga A,Ost 1,41,24,17,18.00,1537,1375,1699,83,10.02,0.05
league:Kreisliga A,Peter Baur,Tübinger BC 3,Kreisliga A,Ost 1 | West 2,26,12,14,22.67,1537,1392,1683,74,10.89,0.05
league:Bezirksliga,Peter Schmidt,BSV Tiengen 3 | BSV Tiengen 4,Bezirksliga,West 1,55,32,23,42.97,1537,1430,1643,54,24.27,0.05
league:Landesliga,Sijon Joos,BSV Tiengen 2,Landesliga,West,8,4,4,2.77,1537,1181,1893,182,1.24,0.05
10-Ball,Tobias Jung,P&S Denzlingen 1,Landesliga,West,8,4,4,2.68,1537,1173,1901,186,1.20,0.05
9-Ball,Yusa Tutucu,BSC Göppingen 2 | BSC Göppingen 3,Bezirksliga | Landesliga,Ost | Ost 1,13,8,5,11.39,1537,1338,1736,101,6.49,0.05
8-Ball,Adham Mohamed,Tübinger BC 1 | Tübinger BC 3,Bezirksliga | Kreisliga A,Ost 1 | West 2,3,2,1,2.72,1536,1157,1915,193,1.64,0.05
14/1e,Andreas Dirlewanger,PBC Bad Saulgau 3,Kreisliga A,Ost 2,10,9,1,5.70,1536,1271,1800,135,3.11,0.05
9-Ball,Andreas Dirlewanger,PBC Bad Saulgau 3,Kreisliga A,Ost 2,1,1,0,0.54,1536,983,2088,282,0.31,0.05
14/1e,Fabian Thoma-Schuck,BC Weingarten 1 | BC Weingarten 2,Bezirksliga | Kreisliga A,Ost 2,24,15,9,14.26,1536,1358,1714,91,7.78,0.05
9-Ball,Horst Bendig,P&S Denzlingen 1 | P&S Denzlingen 2,Landesliga,West,11,8,3,5.59,1536,1268,1804,137,3.06,0.05
9-Ball,Jürgen Porzelt,BSV Tiengen 3 | BSV Tiengen 4,Bezirksliga,West 1,17,9,8,11.12,1536,1329,1744,106,6.94,0.05
14/1e,Manuel Wissen,PBC Offenburg 3 | PBC Offenburg 4,Landesliga,West,25,12,13,17.52,1536,1376,1696,82,8.52,0.05
10-Ball,Marc Wagner,BC Blaustein 1,Bezirksliga | Kreisliga A | Landesliga,Ost | Ost 2,50,24,26,26.03,1536,1404,1669,68,12.63,0.05
8-Ball,Martin Wistuba,BSV Pfullingen 2 | BSV Pfullingen 3 | BSV Pfullingen 4,Bezirksliga | Kreisliga A,Ost 1,16,10,6,6.97,1536,1280,1791,130,4.02,0.05
8-Ball,Matthias Maier,PBC Bräunlingen 1 | PBC Bräunlingen 2,Bezirksliga | Landesliga,West | West 1,14,7,7,9.77,1536,1321,1750,109,5.11,0.05
all,Michael Reiser,PF Calw 1,Bezirksliga,West 2,2,2,0,2.00,1536,1140,1933,202,1.12,0.05
league:Bezirksliga,Michael Reiser,PF Calw 1,Bezirksliga,West 2,2,2,0,2.00,1536,1140,1933,202,1.12,0.05
8-Ball,Mike Becker,PBC Offenburg 3 | PBC Offenburg 4,Bezirksliga | Landesliga,West | West 1,11,7,4,3.98,1536,1220,1851,161,2.04,0.05
9-Ball,Miodrag Adrian Caravila,BSV Pfullingen 2 | PBC Reutlingen 2,Bezirksliga | Landesliga,Ost | Ost 1,19,11,8,12.18,1536,1345,1726,97,6.59,0.05
14/1e,Peter Arndt Marroquin,BC Weingarten 2,Kreisliga A,Ost 2,12,7,5,8.24,1536,1308,1763,116,4.48,0.05
all,Robert Bogdan,TV Cannstatt 3,Bezirksliga,Ost 1,2,2,0,2.00,1536,1136,1935,204,1.20,0.05
league:Bezirksliga,Robert Bogdan,TV Cannstatt 3,Bezirksliga,Ost 1,2,2,0,2.00,1536,1136,1935,204,1.20,0.05
10-Ball,Silvestar Smokovic,BSC Göppingen 1 | BSC Göppingen 2,Bezirksliga | Landesliga,Ost | Ost 1,24,14,10,15.96,1536,1368,1703,86,7.80,0.05
9-Ball,Thomas Drey,BF Bronnen 1 | PBC Ochsenhausen 3,Kreisliga A,Ost 2,10,7,3,6.35,1536,1278,1794,131,3.76,0.05
all,Thomas Wochner,P&S Denzlingen 2,Landesliga,West,10,6,4,8.99,1536,1316,1755,112,4.89,0.05
all,Tobias Küderle,PBC Offenburg 3,Bezirksliga | Landesliga,West | West 1,50,21,29,32.45,1536,1416,1655,61,15.81,0.05
all,Uwe Barth,PBC Ochsenhausen 1 | PBC Ochsenhausen 2 | PBC Ochsenhausen 3,Kreisliga A | Landesliga,Ost | Ost 2,56,35,21,37.66,1536,1424,1649,57,21.91,0.05
league:Bezirksliga,Alexander Baur,PBC Bad Saulgau 2,Bezirksliga,Ost 2,20,11,9,13.79,1535,1356,1715,92,7.21,0.05
10-Ball,Fabian Durst,P&S Denzlingen 1 | PBC Offenburg 3 | PBC Offenburg 5,Bezirksliga | Landesliga,West | West 1,15,8,7,7.34,1535,1296,1774,122,3.84,0.05
league:Bezirksliga,Jens Butenschön,PBC Langenargen 2 | PBC Langenargen 3,Bezirksliga,Ost 2,32,18,14,21.64,1535,1389,1681,74,11.77,0.05
8-Ball,Marius Schrimpf,BBC Plochingen 1 | BBC Plochingen 2,Kreisliga A | Landesliga,Ost | Ost 1,3,2,1,1.18,1535,1044,2025,250,0.67,0.05
10-Ball,Martin Reinhardt,PBC Ochsenhausen 1 | PBC Ochsenhausen 2,Bezirksliga | Kreisliga A | Landesliga,Ost | Ost 2,33,16,17,19.03,1535,1381,1690,79,9.01,0.05
14/1e,Mathias Hehle,PBC Bad Saulgau 3,Kreisliga A,Ost 2,2,2,0,0.83,1535,1011,2059,267,0.52,0.05
league:Landesliga,Oliver Kruse,PBC Offenburg 2,Landesliga,West,14,10,4,12.20,1535,1343,1726,98,6.92,0.05
league:Bezirksliga,Phi Dang,P&S Denzlingen 2 | P&S Denzlingen 3,Bezirksliga,West 1 | West 2,6,3,3,3.06,1535,1194,1876,174,1.51,0.05
10-Ball,Ralf Grießhaber,BV Villingen-Schwenningen 1,Landesliga,West,2,1,1,0.67,1535,1006,2065,270,0.32,0.05
9-Ball,Roland Wacker,PBC Reutlingen 2 | Tübinger BC 1,Bezirksliga | Kreisliga A,Ost 1,9,5,4,6.14,1535,1274,1796,133,3.38,0.05
league:Landesliga,Samuel Schleitzer,P&S Denzlingen 2,Landesliga,West,8,6,2,6.81,1535,1284,1786,128,4.16,0.05
all,Sebastiano Ratto,BSC Göppingen 1 | BSC Göppingen 2,Bezirksliga | Landesliga,Ost | Ost 1,64,27,37,37.42,1535,1422,1648,58,16.83,0.05
14/1e,Stefan Weiß,BC Dreiländereck 2,Landesliga,West,1,0,1,0.44,1535,959,2112,294,0.16,0.05
all,Taner Susuz,BC Aalen 4,Bezirksliga,Ost 2,1,1,0,1.00,1535,1049,2020,248,0.58,0.05
league:Bezirksliga,Taner Susuz,BC Aalen 4,Bezirksliga,Ost 2,1,1,0,1.00,1535,1049,2020,248,0.58,0.05
all,Wilmer Rivera Bruno,BC Stuttgart 1891 6,Kreisliga A,Ost 1,2,1,1,2.00,1535,1109,1961,217,1.28,0.05
league:Kreisliga A,Wilmer Rivera Bruno,BC Stuttgart 1891 6,Kreisliga A,Ost 1,2,1,1,2.00,1535,1109,1961,217,1.28,0.05
14/1e,Ahmet Yazici,PBC Nagoldtal 1,Landesliga,West,1,1,0,1.00,1534,1051,2017,246,0.48,0.05
league:Landesliga,Ahmet Yazici,PBC Nagoldtal 1,Landesliga,West,2,2,0,2.00,1534,1140,1928,201,1.03,0.05
league:Bezirksliga,Alexander Fischer,Tübinger BC 1 | Tübinger BC 2,Bezirksliga,Ost 1,42,26,16,25.00,1534,1396,1671,70,13.90,0.05
league:Landesliga,Andreas Gut,BV Villingen-Schwenningen 1,Landesliga,West,10,7,3,3.38,1534,1201,1867,170,1.76,0.05
8-Ball,Christian Lorenz,BSV Tiengen 2,Landesliga,West,1,1,0,0.37,1534,949,2119,298,0.17,0.05
10-Ball,Eberhard Sauter,PBC Freudenstadt 2 | PBC Freudenstadt 3,Bezirksliga | Landesliga,West | West 1,16,10,6,11.39,1534,1338,1730,100,5.89,0.05
14/1e,Holger Mayer,BF Bronnen 1,Kreisliga A,Ost 2,5,4,1,4.19,1534,1233,1836,154,2.31,0.05
10-Ball,Johannes Mai,Tübinger BC 1 | Tübinger BC 2,Bezirksliga | Kreisliga A | Landesliga,Ost | Ost 1,7,4,3,4.30,1534,1234,1833,153,2.28,0.05
9-Ball,Kevin Albert,BSV Tiengen 3,Bezirksliga | Landesliga,West | West 1,15,12,3,11.93,1534,1341,1727,98,6.91,0.05
all,Lutz Denk,BBC Plochingen 1,Bezirksliga,Ost 1,8,2,6,2.58,1534,1168,1901,187,1.21,0.05
10-Ball,Martin Weber,PBC Offenburg 4 | PBC Rastatt 4,Bezirksliga | Kreisliga A,West 1,8,6,2,3.61,1534,1209,1858,165,2.15,0.05
14/1e,Mohammed Alhila,PBC Reutlingen 3,Kreisliga A,Ost 1,1,1,0,0.52,1534,977,2091,284,0.31,0.05
9-Ball,Mustafa Basaran,BSV Filderstadt 4,Landesliga,Ost,2,1,1,0.87,1534,1033,2035,255,0.41,0.05
all,Ottmar Auzinger,PBC Ochsenhausen 1,Bezirksliga | Landesliga,Ost | Ost 2,92,34,58,54.46,1534,1441,1627,48,23.47,0.05
8-Ball,Patrick Bolduan,BC Weingarten 1,Bezirksliga | Kreisliga A | Landesliga,Ost | Ost 2,30,13,17,19.71,1534,1381,1687,78,9.53,0.05
9-Ball,Rainer Heilmann,BSV Tiengen 3 | BSV Tiengen 4,Bezirksliga,West 1 | West 2,17,10,7,9.53,1534,1314,1753,112,5.78,0.05
10-Ball,Simon Koch,BSV Filderstadt 5,Kreisliga A,Ost 1,2,2,0,0.83,1534,1026,2041,259,0.47,0.05
14/1e,Woldai Wagner,BSV Konstanz 1,Landesliga,Ost,7,4,3,2.33,1534,1157,1910,192,1.08,0.05
10-Ball,Daniel Zmalec,PBC Bietigheim-Bissingen 1,Bezirksliga,Ost 1,1,1,0,1.00,1533,1051,2016,246,0.51,0.05
10-Ball,Dennis Rothaug,BV Villingen-Schwenningen 1 | BV Villingen-Schwenningen 2,Bezirksliga | Landesliga,West | West 1,4,4,0,3.01,1533,1167,1900,187,1.95,0.05
9-Ball,Dominik Netzhammer,BSV Tiengen 2 | BSV Tiengen 3,Bezirksliga | Landesliga,West | West 1,12,8,4,5.96,1533,1271,1795,133,3.24,0.05
9-Ball,Henrique Barbosa,BSV Pfullingen 3 | BSV Pfullingen 4,Bezirksliga | Kreisliga A,Ost 1,5,4,1,2.30,1533,1142,1924,199,1.51,0.05
league:Kreisliga A,Ingo Maier,PBC Langenargen 4,Kreisliga A,Ost 2,28,13,15,15.29,1533,1361,1704,88,8.01,0.05
league:Bezirksliga,Joachim Koepke,PBC Offenburg 5,Bezirksliga,West 1,18,13,5,9.59,1533,1320,1746,109,5.37,0.05
league:Bezirksliga,Lars Jäger,P&S Denzlingen 4,Bezirksliga,West 1,30,14,16,25.90,1533,1399,1667,68,13.13,0.05
league:Bezirksliga,Mathias Laskus,PBV Rottweil 2,Bezirksliga,West 2,20,11,9,6.81,1533,1283,1784,128,3.85,0.05
10-Ball,Oliver Kruse,PBC Offenburg 2,Landesliga,West,5,3,2,4.35,1533,1234,1833,153,2.27,0.05
14/1e,Pascal Sanna,PBC Freudenstadt 3,Bezirksliga | Landesliga,West | West 1,28,18,10,12.56,1533,1345,1721,96,6.89,0.05
14/1e,Sascha Werle,PBC Rastatt 2,Bezirksliga,West 1,1,1,0,1.00,1533,1046,2020,248,0.59,0.05
8-Ball,Ulrich Oswald,BSV Filderstadt 2 | BSV Filderstadt 3 | BSV Filderstadt 4 | BSV Filderstadt 5,Bezirksliga | Kreisliga A | Landesliga,Ost | Ost 1,12,6,6,7.79,1533,1299,1767,120,3.94,0.05
9-Ball,Uwe Cordes,Tübinger BC 1,Bezirksliga | Landesliga,Ost | Ost 1,4,3,1,1.42,1533,1092,1974,225,0.65,0.05
8-Ball,Wilfried Scheibel,BV Markdorf 3,Bezirksliga,Ost 2,2,1,1,1.54,1533,1098,1968,222,0.71,0.05
14/1e,Adhurim Tafa,BSC Göppingen 3,Bezirksliga,Ost 1,6,4,2,4.12,1532,1226,1838,156,2.38,0.05
8-Ball,Andreas Dittrich,BSC St. Georgen 1,Bezirksliga,West 1 | West 2,4,3,1,1.93,1532,1127,1937,207,1.05,0.05
league:Bezirksliga,Andreas Rapp,BSC Göppingen 1 | BSC Göppingen 3,Bezirksliga,Ost 1,17,11,6,11.15,1532,1332,1732,102,6.36,0.05
all,Bernd Schröder,PBC Bräunlingen 2,Bezirksliga | Landesliga,West | West 1 | West 2,59,33,26,39.31,1532,1421,1643,57,21.37,0.05
9-Ball,Christian Rossa,BSV Pfullingen 1,Landesliga,Ost,1,1,0,0.43,1532,959,2106,293,0.18,0.05
14/1e,Erwin Thoma,BC Bad Schussenried 3 | BC Bad Schussenried 4 | PBC Ochsenhausen 1 | PBC Ochsenhausen 2,Kreisliga A | Landesliga,Ost | Ost 2,16,12,4,12.84,1532,1346,1719,95,7.08,0.05
all,Fabian Thoma-Schuck,BC Weingarten 1 | BC Weingarten 2,Bezirksliga | Kreisliga A,Ost 2,72,38,34,41.53,1532,1424,1640,55,21.88,0.05
10-Ball,Hikmet Yüksel,BC Dreiländereck 2,Landesliga,West,2,1,1,0.64,1532,999,2065,272,0.31,0.05
all,Joao Rodrigues,BSV Pfullingen 2 | BSV Pfullingen 3 | BSV Pfullingen 4,Bezirksliga | Kreisliga A,Ost 1,90,47,43,57.15,1532,1441,1623,47,29.70,0.05
9-Ball,Kevin Schieber,BV Leonberg 1,Bezirksliga,Ost 1,1,1,0,1.00,1532,1045,2018,248,0.59,0.05
9-Ball,Kristijan Skokic,BULL Leonberg-Höfingen 2,Bezirksliga,Ost 1,1,1,0,1.00,1532,1045,2018,248,0.59,0.05
9-Ball,Lothar Enzenhöfer,BC Bad Schussenried 2,Landesliga,Ost,1,0,1,0.89,1532,1027,2038,258,0.32,0.05
league:Bezirksliga,Marc Allinger,PBC Freudenstadt 3,Bezirksliga,West 1,65,41,24,37.53,1532,1417,1646,58,21.31,0.05
14/1e,Matthias Maier,PBC Bräunlingen 2,Bezirksliga | Landesliga,West | West 1,2,2,0,1.42,1532,1086,1977,227,0.83,0.05
9-Ball,Mike Siege,PBC Offenburg 5,Bezirksliga,West 1,4,4,0,2.11,1532,1133,1931,203,1.32,0.05
9-Ball,Necmi Kolbasar,PP Böblingen 1,Landesliga,West,1,1,0,1.00,1532,1045,2018,248,0.59,0.05
league:Landesliga,Nikolaus Gündel,P&S Denzlingen 1 | P&S Denzlingen 2,Landesliga,West,26,14,12,16.47,1532,1366,1698,85,8.68,0.05
league:Kreisliga A,Pietro Calo,BV Markdorf 3,Kreisliga A,Ost 2,28,17,11,15.24,1532,1361,1703,87,8.08,0.05
league:Bezirksliga,Rainer Heilmann,BSV Tiengen 3 | BSV Tiengen 4,Bezirksliga,West 1 | West 2,107,61,46,64.63,1532,1443,1620,45,35.65,0.05
league:Landesliga,Rainer Schönfeld,PBC Reutlingen 1,Landesliga,West,1,1,0,1.00,1532,1042,2021,250,0.62,0.05
9-Ball,Robert Tiffert,BSV Tiengen 3,Landesliga,West,1,1,0,0.91,1532,1038,2027,252,0.48,0.05
league:Bezirksliga,Sebastian Bartsch,PBC Langenargen 1 | PBC Langenargen 2,Bezirksliga,Ost 2,8,6,2,6.20,1532,1276,1788,131,3.16,0.05
8-Ball,Stefanie Arndt,BSV Tiengen 3,Bezirksliga,West 2,1,1,0,0.42,1532,958,2107,293,0.19,0.05
9-Ball,Sukhbat Batjargal,BC Stuttgart 1891 4,Bezirksliga,Ost 2,1,1,0,1.00,1532,1045,2018,248,0.59,0.05
8-Ball,Alper Körpe,BF Bronnen 1 | PBC Ochsenhausen 2,Kreisliga A,Ost 1 | Ost 2,15,10,5,11.65,1531,1331,1731,102,6.90,0.04
9-Ball,Christoph Tropschuh,BBC Plochingen 2,Bezirksliga | Kreisliga A,Ost 1,18,13,5,9.10,1531,1311,1752,113,5.40,0.05
league:Bezirksliga,Dirk Dufner,P&S Denzlingen 3,Bezirksliga,West 1,4,3,1,2.76,1531,1161,1902,189,1.68,0.05
10-Ball,Francesco Dragotta,PBC Reutlingen 1 | Tübinger BC 3,Kreisliga A | Landesliga,Ost 1 | West,6,4,2,5.25,1531,1254,1807,141,2.99,0.04
9-Ball,Francesco Dragotta,Tübinger BC 3,Kreisliga A,Ost 1,12,9,3,10.33,1531,1322,1741,107,6.25,0.04
14/1e,Hakan Yaratici,PBC Bräunlingen 1 | PBC Bräunlingen 2,Bezirksliga | Landesliga,West | West 1,20,12,8,15.14,1531,1357,1706,89,8.39,0.05
9-Ball,Jens Butenschön,PBC Langenargen 2 | PBC Langenargen 3,Bezirksliga | Kreisliga A,Ost 2,4,1,3,2.50,1531,1165,1897,187,1.15,0.04
league:Bezirksliga,Jonathan Nestler,PBC Freudenstadt 2,Bezirksliga,West 1,2,1,1,0.70,1531,1004,2057,268,0.33,0.04
all,Lukas Marx,BC Sindelfingen 6,Bezirksliga,West 2,2,2,0,2.00,1531,1126,1936,207,1.28,0.04
league:Bezirksliga,Lukas Marx,BC Sindelfingen 6,Bezirksliga,West 2,2,2,0,2.00,1531,1126,1936,207,1.28,0.04
9-Ball,Matthias Adler,PBC Offenburg 4,Landesliga,West,9,4,5,7.92,1531,1302,1761,117,4.13,0.04
8-Ball,Oliver Kruse,PBC Offenburg 2,Landesliga,West,1,1,0,0.83,1531,1021,2041,260,0.51,0.05
league:Bezirksliga,Simon Theodoropoulos,Tübinger BC 1,Bezirksliga,Ost 1,39,25,14,25.10,1531,1395,1667,70,13.62,0.04
all,Yusa Tutucu,BSC Göppingen 2 | BSC Göppingen 3,Bezirksliga | Landesliga,Ost | Ost 1,26,15,11,22.78,1531,1386,1675,74,12.26,0.04
all,Alexander Hemmer,BBC Plochingen 1 | BBC Plochingen 2,Bezirksliga | Kreisliga A | Landesliga,Ost | Ost 1,35,17,18,26.19,1530,1397,1663,68,13.18,0.04
all,Andreas Gut,BV Villingen-Schwenningen 1 | BV Villingen-Schwenningen 2,Bezirksliga | Landesliga,West | West 1 | West 2,28,18,10,16.34,1530,1356,1704,89,9.82,0.04
14/1e,Christian Späthe,PBC Langenargen 1 | PBC Langenargen 2 | PBC Langenargen 3,Bezirksliga | Kreisliga A,Ost 2,9,4,5,5.65,1530,1264,1797,136,2.79,0.04
league:Landesliga,David Party,PBC Offenburg 2 | PBC Offenburg 3,Landesliga,West,58,36,22,35.48,1530,1415,1645,59,18.94,0.04
14/1e,Dominik Heinkele,BC Dätzingen 1,Bezirksliga,West 2,1,1,0,1.00,1530,1044,2017,248,0.59,0.04
8-Ball,Günther Bastian,PBC Langenargen 2 | PBC Langenargen 3,Kreisliga A,Ost 2,2,1,1,0.72,1530,998,2061,271,0.31,0.04
league:Landesliga,Hakan Yaratici,PBC Bräunlingen 1 | PBC Bräunlingen 2,Landesliga,West,15,8,7,8.71,1530,1308,1752,113,4.51,0.04
league:Kreisliga A,Jan Weber,PBC Bad Saulgau 2 | PBC Bad Saulgau 3,Kreisliga A,Ost 2,26,15,11,19.39,1530,1376,1683,78,10.52,0.04
8-Ball,Krischan Dostal,BV Markdorf 2,Bezirksliga,Ost 2,17,9,8,10.07,1530,1318,1742,108,5.16,0.04
league:Kreisliga A,Mathias Hehle,PBC Bad Saulgau 3,Kreisliga A,Ost 2,29,19,10,15.44,1530,1354,1705,89,9.34,0.04
14/1e,Michael Reiser,PF Calw 1,Bezirksliga,West 2,1,1,0,1.00,1530,1044,2017,248,0.59,0.04
all,Mike Becker,PBC Offenburg 3 | PBC Offenburg 4,Bezirksliga | Landesliga,West | West 1,28,14,14,10.19,1530,1323,1737,106,5.23,0.04
league:Bezirksliga,Norman Wagner,BC Weingarten 1,Bezirksliga,Ost 2,22,14,8,12.82,1530,1343,1717,95,7.23,0.04
10-Ball,Osman Büyük,BSV Filderstadt 3,Bezirksliga,Ost 1,1,0,1,0.81,1530,1017,2042,261,0.32,0.04
10-Ball,Peter Restle,BSV Pfullingen 2 | BSV Pfullingen 3 | BSV Pfullingen 4,Bezirksliga | Kreisliga A,Ost 1,22,16,6,14.02,1530,1351,1709,91,8.01,0.04
league:Bezirksliga,Stephan Moser,BV Villingen-Schwenningen 2,Bezirksliga,West 1,2,1,1,1.42,1530,1091,1969,224,0.66,0.04
8-Ball,Uwe Barth,PBC Ochsenhausen 1 | PBC Ochsenhausen 2 | PBC Ochsenhausen 3,Kreisliga A | Landesliga,Ost | Ost 2,26,16,10,17.78,1530,1367,1693,83,10.49,0.04
8-Ball,Alex Wei,PBC Rastatt 3,Kreisliga A,West 1,1,1,0,1.00,1529,1043,2015,248,0.58,0.04
league:Bezirksliga,Alexander Hemmer,BBC Plochingen 1,Bezirksliga,Ost 1,27,15,12,22.10,1529,1384,1673,74,11.45,0.04
10-Ball,Andreas Dittrich,BSC St. Georgen 1,Bezirksliga | Landesliga,West | West 1 | West 2,50,31,19,31.10,1529,1406,1653,63,17.06,0.04
10-Ball,Andreas Keilmann,BC Sindelfingen 5,Bezirksliga,West 1,1,1,0,1.00,1529,1043,2015,248,0.58,0.04
8-Ball,Antonio Pejic,PBC Rastatt 2,Bezirksliga,West 1,1,1,0,1.00,1529,1043,2015,248,0.58,0.04
8-Ball,Benjamin Ropertz,BV Leonberg 1,Bezirksliga,Ost 1,1,1,0,1.00,1529,1043,2015,248,0.58,0.04
8-Ball,Dennis Göricke,Tübinger BC 2,Kreisliga A,Ost 1,1,1,0,0.32,1529,923,2135,309,0.23,0.04
8-Ball,Fabian Cecotti,BC Dätzingen 1,Bezirksliga,West 2,1,1,0,1.00,1529,1043,2015,248,0.58,0.04
league:Bezirksliga,Frank Weiß,BBC Plochingen 1,Bezirksliga,Ost 1,6,4,2,2.11,1529,1138,1920,200,1.05,0.04
league:Landesliga,Franz Hochenegg,BC Weingarten 1,Landesliga,Ost,2,1,1,1.67,1529,1095,1963,221,0.70,0.04
8-Ball,Hans-Peter Benzinger,BC Sindelfingen 6,Bezirksliga,West 2,1,1,0,1.00,1529,1043,2015,248,0.58,0.04
8-Ball,Harry Augustin,BC Aalen 4,Bezirksliga,Ost 2,1,1,0,1.00,1529,1043,2015,248,0.58,0.04
10-Ball,Kevin Hähnel,BV Backnang/Welzheim 1,Kreisliga A,Ost 2,1,1,0,1.00,1529,1043,2015,248,0.58,0.04
10-Ball,Kevin Schieber,BV Leonberg 1,Bezirksliga,Ost 1,1,1,0,1.00,1529,1043,2015,248,0.58,0.04
10-Ball,Lothar Hirsch,PBC Bietigheim-Bissingen 2,Bezirksliga,Ost 2,1,1,0,1.00,1529,1043,2015,248,0.58,0.04
8-Ball,Lukas Marx,BC Sindelfingen 6,Bezirksliga,West 2,1,1,0,1.00,1529,1043,2015,248,0.58,0.04
8-Ball,Marc Allinger,PBC Freudenstadt 3,Bezirksliga | Landesliga,West | West 1,16,9,7,10.11,1529,1310,1747,112,5.49,0.04
10-Ball,Marcel Haab,BC Dätzingen 1,Bezirksliga,West 2,1,1,0,1.00,1529,1043,2015,248,0.58,0.04
10-Ball,Marco Conrad,PBC Langenargen 3,Kreisliga A,Ost 2,3,2,1,1.00,1529,1040,2018,249,0.53,0.04
9-Ball,Markus Schneider,BV Pforzheim 4,Kreisliga A,West 1,1,1,0,1.00,1529,1043,2015,248,0.58,0.04
all,Martin Weber,PBC Offenburg 3 | PBC Offenburg 4 | PBC Rastatt 4,Bezirksliga | Kreisliga A,West 1,43,28,15,17.84,1529,1368,1689,82,10.29,0.04
10-Ball,Mike Becker,PBC Offenburg 3 | PBC Offenburg 4,Bezirksliga | Landesliga,West | West 1,5,3,2,1.80,1529,1116,1943,211,1.00,0.04
all,Mustafa Basaran,BSV Filderstadt 4,Landesliga,Ost,5,1,4,2.17,1529,1135,1923,201,0.83,0.04
10-Ball,Oliver Marx,BC Sindelfingen 6,Bezirksliga,West 2,1,1,0,1.00,1529,1043,2015,248,0.58,0.04
8-Ball,Philip Gamerdinger,BC Aalen 4,Bezirksliga,Ost 2,1,1,0,1.00,1529,1043,2015,248,0.58,0.04
9-Ball,Roland Sauter,PBC Bräunlingen 1,Landesliga,West,19,12,7,15.07,1529,1357,1701,88,7.75,0.04
10-Ball,Sascha Werle,PBC Rastatt 2,Bezirksliga,West 1,1,1,0,1.00,1529,1043,2015,248,0.58,0.04
10-Ball,Sebastian Zinck,BC Stuttgart 1891 7,Kreisliga A,Ost 1,1,1,0,1.00,1529,1043,2015,248,0.58,0.04
10-Ball,Sebastiano Ratto,BSC Göppingen 1,Bezirksliga | Landesliga,Ost | Ost 1,14,7,7,8.49,1529,1303,1754,115,4.31,0.04
10-Ball,Taner Susuz,BC Aalen 4,Bezirksliga,Ost 2,1,1,0,1.00,1529,1043,2015,248,0.58,0.04
10-Ball,Yasar Mak,BV Backnang/Welzheim 1,Kreisliga A,Ost 2,1,1,0,1.00,1529,1043,2015,248,0.58,0.04
league:Landesliga,Yusa Tutucu,BSC Göppingen 2,Landesliga,Ost,2,2,0,2.00,1529,1132,1926,203,1.16,0.04
10-Ball,Alexandros Satrazanis,BSC Göppingen 1,Bezirksliga,Ost 1,1,1,0,0.54,1528,977,2079,281,0.30,0.04
league:Bezirksliga,Ali Cetin,BC Bad Schussenried 1 | BC Bad Schussenried 2 | BC Bad Schussenried 3,Bezirksliga,Ost 2,27,14,13,18.84,1528,1374,1683,79,9.65,0.04
10-Ball,Boris Golic,PBC Ochsenhausen 1,Bezirksliga | Landesliga,Ost | Ost 2,34,15,19,19.08,1528,1374,1682,79,9.03,0.04
all,Christian Lorenz,BSV Tiengen 2,Landesliga,West,16,5,11,5.36,1528,1248,1808,143,2.15,0.04
all,Jürgen Porzelt,BSV Tiengen 3 | BSV Tiengen 4,Bezirksliga,West 1,53,32,21,35.89,1528,1410,1646,60,21.25,0.04
10-Ball,Kevin Künstler,BSC Göppingen 3,Bezirksliga | Kreisliga A,Ost 1,9,5,4,5.41,1528,1253,1804,140,2.85,0.04
14/1e,Klaus Woehrlin,PBC Offenburg 3 | PBC Offenburg 5,Bezirksliga | Landesliga,West | West 1,31,17,14,13.67,1528,1349,1707,92,7.04,0.04
8-Ball,Lutz Denk,BBC Plochingen 1,Bezirksliga,Ost 1,3,2,1,0.97,1528,1036,2021,251,0.51,0.04
all,Marco Klotzer,BSV Filderstadt 4,Bezirksliga,Ost 1,12,5,7,3.88,1528,1213,1843,161,1.92,0.04
9-Ball,Mathias Hornbach,P&S Denzlingen 1,Landesliga,West,4,3,1,2.07,1528,1138,1918,199,1.11,0.04
14/1e,Matthias Bader,BSV Shooters Fellbach 2,Kreisliga A,Ost 1,1,1,0,1.00,1528,1028,2027,255,0.68,0.04
14/1e,Ottmar Auzinger,PBC Ochsenhausen 1,Bezirksliga | Landesliga,Ost | Ost 2,27,10,17,14.45,1528,1352,1704,90,6.43,0.04
league:Bezirksliga,Sebastian Oswald,BSV Pfullingen 2 | BSV Pfullingen 3,Bezirksliga,Ost 1,22,13,9,11.42,1528,1330,1726,101,6.36,0.04
14/1e,Tobias Reisner,PBC Aalen 1,Bezirksliga,Ost 2,1,1,0,1.00,1528,1042,2013,248,0.58,0.04
10-Ball,Ulrich Oswald,BSV Filderstadt 2 | BSV Filderstadt 3 | BSV Filderstadt 4 | BSV Filderstadt 5,Bezirksliga | Kreisliga A | Landesliga,Ost | Ost 1,36,17,19,22.44,1528,1386,1671,73,11.17,0.04
10-Ball,Wilfried Schön,BSC Göppingen 1 | BSC Göppingen 2,Bezirksliga | Landesliga,Ost | Ost 1,14,6,8,11.29,1528,1331,1725,100,5.80,0.04
10-Ball,Yusa Tutucu,BSC Göppingen 2 | BSC Göppingen 3,Bezirksliga | Landesliga,Ost | Ost 1,9,5,4,7.96,1528,1294,1762,119,4.20,0.04
9-Ball,Daniel Naumann,BSC St. Georgen 1,Bezirksliga,West 1 | West 2,2,2,0,1.34,1527,1081,1974,228,0.70,0.04
all,Dietmar Helfrich,BC Bad Schussenried 3 | BC Bad Schussenried 4,Bezirksliga | Kreisliga A,Ost 2,37,20,17,29.00,1527,1398,1656,66,17.20,0.04
9-Ball,Dimitrios Vafiadis,PBC Langenargen 3,Kreisliga A,Ost 2,1,1,0,0.43,1527,956,2098,291,0.22,0.04
14/1e,Ervin Lika,BSV Filderstadt 4 | BSV Filderstadt 5,Kreisliga A | Landesliga,Ost | Ost 1,11,6,5,4.65,1527,1238,1816,148,2.33,0.04
10-Ball,Eyvinh Polvito,BSC Göppingen 3,Bezirksliga,Ost 1 | Ost 2,11,6,5,9.57,1527,1314,1741,109,4.93,0.04
10-Ball,Florian Brugger,PBC Bräunlingen 2,Landesliga,West,2,1,1,1.06,1527,1042,2011,247,0.48,0.04
all,Franz Hochenegg,BC Weingarten 1 | BC Weingarten 2,Kreisliga A | Landesliga,Ost | Ost 2,14,8,6,11.20,1527,1325,1729,103,6.04,0.04
all,Günther Bastian,PBC Langenargen 2 | PBC Langenargen 3 | PBC Langenargen 4,Bezirksliga | Kreisliga A,Ost 2,35,19,16,14.47,1527,1349,1704,90,7.54,0.04
14/1e,Joachim Koepke,PBC Offenburg 3 | PBC Offenburg 4 | PBC Offenburg 5,Bezirksliga | Landesliga,West | West 1,31,17,14,21.93,1527,1382,1671,74,10.54,0.04
league:Kreisliga A,Jürgen Kieble,BC Bad Schussenried 2 | BC Bad Schussenried 3 | BC Bad Schussenried 4,Kreisliga A,Ost 2,35,19,16,22.18,1527,1382,1672,74,11.75,0.04
league:Landesliga,Manuel Wissen,PBC Offenburg 3 | PBC Offenburg 4,Landesliga,West,68,37,31,48.18,1527,1428,1627,51,25.03,0.04
10-Ball,Michael Schulz,BSV Konstanz 1,Landesliga,Ost,2,1,1,0.67,1527,995,2058,271,0.28,0.04
all,Oliver Eisele,PBC Langenargen 1 | PBC Langenargen 2,Bezirksliga | Landesliga,Ost | Ost 2,10,5,5,7.69,1527,1293,1762,120,3.29,0.04
league:Bezirksliga,Robin Kümmerle,BSV Filderstadt 4,Bezirksliga,Ost 1,2,1,1,1.14,1527,1061,1994,238,0.54,0.04
14/1e,Sebastian Bartsch,PBC Langenargen 1 | PBC Langenargen 2,Bezirksliga | Landesliga,Ost | Ost 2,16,6,10,8.46,1527,1303,1752,115,4.02,0.04
league:Landesliga,Simon Schaal,BC Weingarten 1,Landesliga,Ost,20,9,11,17.36,1527,1366,1688,82,8.87,0.04
8-Ball,Simon Theodoropoulos,Tübinger BC 1,Landesliga,Ost,1,1,0,0.35,1527,939,2115,300,0.15,0.04
league:Bezirksliga,Steven Thieltges,PBC Bietigheim-Bissingen 1,Bezirksliga,Ost 1,2,1,1,2.00,1527,1134,1921,201,1.04,0.04
10-Ball,Thomas Teufel,PBC Offenburg 4,Bezirksliga,West 1,1,1,0,0.32,1527,930,2123,304,0.19,0.04
all,Thomas Tischmann,BC Blaustein 1,Bezirksliga | Kreisliga A | Landesliga,Ost | Ost 2,54,21,33,36.67,1527,1413,1641,58,15.77,0.04
14/1e,Thomas Weniger,BSV Tiengen 3,Bezirksliga | Landesliga,West | West 1,6,4,2,4.36,1527,1230,1825,152,2.38,0.04
14/1e,Alexander Egger,BC Dätzingen 2,Kreisliga A,West 2,1,1,0,1.00,1526,1041,2011,247,0.57,0.04
league:Bezirksliga,Boris Golic,PBC Ochsenhausen 1,Bezirksliga,Ost 2,16,9,7,5.36,1526,1252,1799,140,2.85,0.04
all,Christoph Tropschuh,BBC Plochingen 2,Bezirksliga | Kreisliga A,Ost 1,98,47,51,59.25,1526,1436,1616,46,30.78,0.04
9-Ball,Fabian Müller,BV Markdorf 1,Landesliga,Ost,8,2,6,2.90,1526,1175,1877,179,1.28,0.04
10-Ball,Fabian Thoma-Schuck,BC Weingarten 1 | BC Weingarten 2,Bezirksliga | Kreisliga A,Ost 2,8,4,4,4.80,1526,1240,1813,146,2.52,0.04
all,Franz Miehle,BC Bad Schussenried 3,Bezirksliga | Kreisliga A,Ost 2,37,22,15,28.58,1526,1396,1655,66,14.36,0.04
all,Harry Augustin,BC Aalen 4,Bezirksliga,Ost 2,2,2,0,2.00,1526,1130,1921,202,1.13,0.04
league:Bezirksliga,Harry Augustin,BC Aalen 4,Bezirksliga,Ost 2,2,2,0,2.00,1526,1130,1921,202,1.13,0.04
10-Ball,Horst Bendig,P&S Denzlingen 1,Landesliga,West,8,3,5,3.51,1526,1202,1851,165,1.62,0.04
14/1e,Horst Hardtke,BC Aalen 3,Landesliga,Ost,1,1,0,1.00,1526,1044,2009,246,0.52,0.04
9-Ball,Martin Reinhardt,PBC Ochsenhausen 1 | PBC Ochsenhausen 2,Bezirksliga | Kreisliga A | Landesliga,Ost | Ost 2,29,14,15,15.94,1526,1358,1694,86,7.86,0.04
all,Peggy Eisele,BSV Filderstadt 3 | PBC Reutlingen 2,Kreisliga A,Ost 1,16,10,6,6.70,1526,1274,1777,128,4.01,0.04
all,Qayssar Al Saedi,BSV Konstanz 1,Landesliga,Ost,2,1,1,0.63,1526,990,2062,273,0.28,0.04
9-Ball,Roberto D`Elia,BC Unterteuringen 1,Bezirksliga,Ost 2,50,24,26,29.22,1526,1400,1652,64,14.29,0.04
all,Sebastian Oswald,BSV Pfullingen 2 | BSV Pfullingen 3 | BSV Pfullingen 4,Bezirksliga | Kreisliga A,Ost 1,33,20,13,16.04,1526,1357,1696,87,8.80,0.04
8-Ball,Siegbert Müller,BC Bad Schussenried 2,Kreisliga A | Landesliga,Ost | Ost 2,2,1,1,1.32,1526,1041,2011,247,0.53,0.04
all,Steven Thieltges,PBC Bietigheim-Bissingen 1,Bezirksliga,Ost 1,2,1,1,2.00,1526,1132,1919,201,1.04,0.04
league:Landesliga,Wadea Al Mahamid,Tübinger BC 1,Landesliga,Ost,14,6,8,4.64,1526,1237,1815,147,2.18,0.04
9-Ball,Antonio Nuzziello,BSC Göppingen 2,Bezirksliga | Kreisliga A | Landesliga,Ost | Ost 1,15,9,6,10.61,1525,1322,1728,104,5.53,0.04
10-Ball,Georg Winter,BV Markdorf 1,Landesliga,Ost,3,1,2,2.02,1525,1133,1918,200,0.97,0.04
10-Ball,Gero Fähnle,BSV Filderstadt 5 | BSV Filderstadt 6 | PBC Reutlingen 3,Kreisliga A,Ost 1,8,4,4,3.54,1525,1196,1854,168,1.99,0.04
league:Landesliga,Harald Reutter,BC Blaustein 1,Landesliga,Ost,46,23,23,30.75,1525,1402,1649,63,14.50,0.04
league:Landesliga,Jamil Dib,P&S Denzlingen 2,Landesliga,West,36,16,20,27.36,1525,1395,1655,66,14.11,0.04
all,Julian Tremmel,BSV Konstanz 1,Landesliga,Ost,6,1,5,2.04,1525,1129,1922,202,0.83,0.04
8-Ball,Machmut Turan,PBC Nagoldtal 1,Landesliga,West,1,1,0,1.00,1525,1041,2010,247,0.56,0.04
8-Ball,Mark Hast,Tübinger BC 1 | Tübinger BC 2,Bezirksliga | Kreisliga A,Ost 1,25,14,11,16.70,1525,1358,1692,85,9.08,0.04
9-Ball,Martin Wistuba,BSV Pfullingen 2 | BSV Pfullingen 3 | BSV Pfullingen 4,Bezirksliga | Kreisliga A,Ost 1,9,7,2,3.86,1525,1210,1840,161,2.28,0.04
8-Ball,Michael Psarras,BC Dreiländereck 1 | BC Dreiländereck 2,Bezirksliga | Landesliga,West | West 1,10,6,4,7.68,1525,1272,1777,129,4.62,0.04
14/1e,Miodrag Adrian Caravila,PBC Reutlingen 2,Bezirksliga | Landesliga,Ost 1 | West,13,7,6,11.19,1525,1324,1725,102,5.54,0.04
9-Ball,Peter Schmidt,BSV Tiengen 2 | BSV Tiengen 3 | BSV Tiengen 4,Bezirksliga | Landesliga,West | West 1,10,5,5,6.93,1525,1277,1774,127,3.91,0.04
9-Ball,Phi Dang,P&S Denzlingen 2 | P&S Denzlingen 3,Bezirksliga | Landesliga,West | West 1 | West 2,6,3,3,3.59,1525,1202,1847,164,1.71,0.04
all,Reaven Zhang,P&S Denzlingen 1 | P&S Denzlingen 2,Bezirksliga | Landesliga,West | West 2,6,2,4,2.31,1525,1148,1903,193,1.04,0.04
10-Ball,Seong-Jin Kim,BSV Tiengen 3,Bezirksliga | Landesliga,West | West 1,28,19,9,20.61,1525,1376,1674,76,11.23,0.04
all,Seong-Jin Kim,BSV Tiengen 3,Bezirksliga | Landesliga,West | West 1,64,41,23,46.86,1525,1424,1626,51,24.88,0.04
14/1e,Thorsten Rammer,PBC Freudenstadt 2,Bezirksliga,West 1,4,3,1,1.35,1525,1080,1970,227,0.72,0.04
all,Tom Mischner,PBC Langenargen 1 | PBC Langenargen 2 | PBC Langenargen 3,Bezirksliga | Kreisliga A | Landesliga,Ost | Ost 2,53,30,23,22.75,1525,1383,1668,73,11.89,0.04
9-Ball,Wilfried Scheibel,BV Markdorf 3,Bezirksliga | Kreisliga A,Ost 2,6,3,3,4.65,1525,1237,1813,147,2.22,0.04
8-Ball,Andreas Knauf,BSC Göppingen 2 | BSC Göppingen 3,Kreisliga A,Ost 1,13,7,6,6.28,1524,1255,1792,137,3.84,0.03
10-Ball,Bernhard Back,PBC Offenburg 3 | PBC Offenburg 4,Bezirksliga | Landesliga,West | West 1,8,6,2,3.85,1524,1206,1842,162,2.10,0.03
9-Ball,Celal Bulut,BV Markdorf 2,Bezirksliga,Ost 2,2,1,1,0.63,1524,990,2059,273,0.30,0.04
9-Ball,Eugen Spähn,PBC Ochsenhausen 1,Bezirksliga | Landesliga,Ost | Ost 2,4,2,2,1.73,1524,1111,1938,211,0.85,0.03
league:Landesliga,Fabian Müller,BV Markdorf 1,Landesliga,Ost,22,10,12,8.13,1524,1294,1754,117,4.08,0.04
league:Kreisliga A,Franjo Antunovic,BBC Plochingen 2,Kreisliga A,Ost 1,20,14,6,9.73,1524,1307,1740,110,5.63,0.03
14/1e,Frank Wagenmann,PBC Offenburg 2,Landesliga,West,1,1,0,0.80,1524,1016,2031,259,0.41,0.03
9-Ball,Franz Miehle,BC Bad Schussenried 3,Bezirksliga | Kreisliga A,Ost 2,6,4,2,4.81,1524,1238,1810,146,2.60,0.03
9-Ball,Heiko Heinrich,BSV Filderstadt 6,Kreisliga A,Ost 1,1,1,0,0.34,1524,934,2113,301,0.20,0.03
9-Ball,Herbert Schiele,PBC Langenargen 1,Landesliga,Ost,7,3,4,2.37,1524,1148,1899,191,1.03,0.03
10-Ball,Ingo Fehr,BC Unterteuringen 1,Bezirksliga,Ost 2,49,15,34,28.69,1524,1395,1653,66,13.65,0.04
8-Ball,Mario Kaiser,BSC St. Georgen 1,Bezirksliga | Landesliga,West | West 1 | West 2,37,24,13,24.46,1524,1383,1664,72,13.05,0.03
10-Ball,Mario Rosenkranz,PBC Bräunlingen 2,Bezirksliga,West 1 | West 2,6,3,3,3.47,1524,1190,1857,170,1.89,0.03
league:Bezirksliga,Martin Brandt,BV Markdorf 2,Bezirksliga,Ost 2,83,46,37,49.92,1524,1427,1621,50,26.19,0.04
10-Ball,Martin Wistuba,BSV Pfullingen 2 | BSV Pfullingen 3 | BSV Pfullingen 4,Bezirksliga | Kreisliga A,Ost 1,10,6,4,4.31,1524,1222,1825,154,2.35,0.03
league:Bezirksliga,Martin Wistuba,BSV Pfullingen 2 | BSV Pfullingen 3,Bezirksliga,Ost 1,28,13,15,12.52,1524,1333,1715,98,6.37,0.03
league:Bezirksliga,Mehmet Gürbüz,PBC Bräunlingen 2,Bezirksliga,West 2,2,2,0,0.71,1524,1001,2047,267,0.40,0.03
10-Ball,Michael Reichert,PBC Freudenstadt 1 | PBC Freudenstadt 2,Landesliga,West,3,1,2,1.26,1524,1062,1987,236,0.48,0.03
all,Nils Dannhauer,BC Feuersee 1,Kreisliga A,Ost 2,2,1,1,2.00,1524,1118,1929,207,1.12,0.03
league:Kreisliga A,Nils Dannhauer,BC Feuersee 1,Kreisliga A,Ost 2,2,1,1,2.00,1524,1118,1929,207,1.12,0.03
league:Landesliga,Oliver Schwertschlager,BC Stuttgart 1891 2,Landesliga,Ost,2,1,1,2.00,1524,1127,1921,203,1.02,0.03
14/1e,Philip Kammnick,BC Bad Schussenried 2 | BC Bad Schussenried 3,Bezirksliga | Kreisliga A,Ost 2,17,8,9,9.46,1524,1312,1736,108,4.67,0.03
10-Ball,Sascha Nyffeler,BC Weingarten 1 | PBC Langenargen 1 | PBC Langenargen 2,Bezirksliga | Landesliga,Ost | Ost 2,19,9,10,11.18,1524,1325,1723,101,5.10,0.03
14/1e,Sijon Joos,BSV Tiengen 2,Landesliga,West,4,2,2,1.39,1524,1081,1967,226,0.65,0.03
14/1e,Theo Georgoudious,PBC Ochsenhausen 2 | PBC Ochsenhausen 3,Kreisliga A,Ost 2,20,14,6,15.40,1524,1351,1697,88,8.82,0.03
14/1e,Andreas Pauling,BC Stuttgart 1891 2,Landesliga,Ost,1,0,1,1.00,1523,1036,2010,248,0.40,0.03
league:Landesliga,Armin Stauß,PBC Freudenstadt 1 | PBC Freudenstadt 2,Landesliga,West,77,40,37,45.65,1523,1422,1625,52,23.28,0.03
8-Ball,Benjamin Eiberger,BV Pforzheim 2,Landesliga,West,1,1,0,1.00,1523,1039,2007,247,0.57,0.03
14/1e,Fikret Tasdemir,P&S Denzlingen 1,Landesliga,West,3,1,2,1.15,1523,1052,1994,240,0.53,0.03
league:Landesliga,Joshua Armbruster,PBC Freudenstadt 2,Landesliga,West,42,25,17,28.95,1523,1397,1650,64,15.02,0.03
all,Kevin Künstler,BSC Göppingen 3,Bezirksliga | Kreisliga A,Ost 1 | Ost 2,66,34,32,46.65,1523,1421,1624,52,22.73,0.03
league:Bezirksliga,Lutz Denk,BBC Plochingen 1,Bezirksliga,Ost 1,8,2,6,2.58,1523,1157,1889,187,1.23,0.03
10-Ball,Marcus Elfenthal,P&S Denzlingen 2 | P&S Denzlingen 3,Bezirksliga | Landesliga,West | West 1 | West 2,7,5,2,4.09,1523,1220,1826,155,1.99,0.03
league:Kreisliga A,Massimo Gabriele,BC Bad Schussenried 2 | BC Bad Schussenried 3,Kreisliga A,Ost 2,6,3,3,2.87,1523,1174,1873,178,1.58,0.03
9-Ball,Matthias Maier,PBC Bräunlingen 1 | PBC Bräunlingen 2,Bezirksliga | Landesliga,West | West 1,11,6,5,7.47,1523,1279,1766,124,3.73,0.03
9-Ball,Maximilian Jentsch,PBC Aalen 2,Kreisliga A,Ost 2,1,1,0,1.00,1523,1039,2007,247,0.57,0.03
league:Bezirksliga,Peter Baur,BSG Albstadt 1,Bezirksliga,West 1 | West 2,58,31,27,24.83,1523,1388,1659,69,12.75,0.03
9-Ball,Peter Gerlach,PBC Aalen 2,Kreisliga A,Ost 2,1,1,0,1.00,1523,1039,2007,247,0.57,0.03
10-Ball,Qayssar Al Saedi,BSV Konstanz 1,Landesliga,Ost,1,1,0,0.31,1523,927,2118,304,0.14,0.03
9-Ball,Reaven Zhang,P&S Denzlingen 1 | P&S Denzlingen 2,Bezirksliga | Landesliga,West | West 2,3,1,2,1.15,1523,1058,1988,237,0.54,0.03
14/1e,Robert Tiffert,BSV Tiengen 3,Bezirksliga | Landesliga,West | West 1,11,5,6,9.35,1523,1311,1736,108,4.62,0.03
all,Thomas Drey,BF Bronnen 1 | PBC Ochsenhausen 3,Kreisliga A,Ost 1 | Ost 2,88,56,32,50.08,1523,1425,1622,50,28.54,0.03
9-Ball,Thomas Zaltenbach,BSC Lions Bietigheim 2,Kreisliga A,West 1,1,1,0,1.00,1523,1039,2007,247,0.57,0.03
14/1e,Uwe Barth,PBC Ochsenhausen 1 | PBC Ochsenhausen 2 | PBC Ochsenhausen 3,Kreisliga A | Landesliga,Ost | Ost 2,25,15,10,16.83,1523,1359,1686,83,9.36,0.03
9-Ball,Andreas Dittrich,BSC St. Georgen 1,Bezirksliga | Landesliga,West | West 1 | West 2,46,25,21,29.55,1522,1395,1650,65,14.58,0.03
league:Landesliga,Andreas Tschinkel,BBC Plochingen 1,Landesliga,Ost,24,7,17,14.01,1522,1343,1700,91,6.54,0.03
all,Antonio Nuzziello,BSC Göppingen 2,Bezirksliga | Kreisliga A | Landesliga,Ost | Ost 1,81,38,43,46.00,1522,1420,1624,52,22.11,0.03
all,Boris Golic,PBC Ochsenhausen 1,Bezirksliga | Landesliga,Ost | Ost 2,94,34,60,55.87,1522,1429,1615,47,23.73,0.03
league:Landesliga,Claudio Pontuti,BSV Filderstadt 4,Landesliga,Ost,6,2,4,2.52,1522,1156,1888,187,1.34,0.03
league:Bezirksliga,Dominik Weitzmann,PBC Bad Saulgau 2,Bezirksliga,Ost 2,6,1,5,3.11,1522,1181,1862,174,1.33,0.03
league:Landesliga,Eugen Spähn,PBC Ochsenhausen 1,Landesliga,Ost,84,40,44,54.28,1522,1430,1615,47,26.72,0.03
league:Landesliga,Florian Brugger,PBC Bräunlingen 2,Landesliga,West,4,2,2,2.11,1522,1122,1921,204,0.98,0.03
10-Ball,Kevin Minardi,PBC Reutlingen 2 | Tübinger BC 3,Kreisliga A | Landesliga,Ost 1 | West,11,5,6,9.73,1522,1310,1735,108,4.82,0.03
all,Marco Giusa,TV Cannstatt 2,Landesliga,Ost,2,1,1,2.00,1522,1121,1924,205,1.10,0.03
league:Landesliga,Marco Giusa,TV Cannstatt 2,Landesliga,Ost,2,1,1,2.00,1522,1121,1924,205,1.10,0.03
8-Ball,Martin Reinhardt,PBC Ochsenhausen 1 | PBC Ochsenhausen 2,Bezirksliga | Kreisliga A | Landesliga,Ost | Ost 2,26,12,14,13.91,1522,1338,1707,94,6.11,0.03
all,Uwe Machalett,PBC Freudenstadt 2 | PBC Freudenstadt 3,Bezirksliga | Landesliga,West | West 1,64,34,30,32.55,1522,1401,1643,62,16.41,0.03
league:Landesliga,Victor Rodriguez,BV Markdorf 1,Landesliga,Ost,12,4,8,6.32,1522,1267,1776,130,3.24,0.03
8-Ball,Zeki-Kaan Koyun,PBC Bräunlingen 2,Bezirksliga,West 1,3,2,1,2.04,1522,1124,1921,203,1.12,0.03
league:Bezirksliga,Alexander Gohlke,P&S Denzlingen 2,Bezirksliga,West 1 | West 2,6,3,3,2.68,1521,1160,1881,184,1.48,0.03
10-Ball,Andreas Greitmann,BC Unterteuringen 1,Bezirksliga,Ost 2,1,1,0,0.83,1521,1017,2024,257,0.43,0.03
9-Ball,Armin Stauß,PBC Freudenstadt 1 | PBC Freudenstadt 2,Landesliga,West,9,3,6,5.08,1521,1242,1799,142,2.27,0.03
all,Axel Klimmer,PBC Bräunlingen 1 | PBC Bräunlingen 2,Bezirksliga | Landesliga,West | West 2,68,37,31,45.27,1521,1419,1623,52,22.76,0.03
9-Ball,Bernhard Sutor,PBC Offenburg 2,Landesliga,West,30,15,15,18.35,1521,1365,1677,80,9.04,0.03
9-Ball,Bianca Duttlinger,BSV Tiengen 3,Bezirksliga,West 2,4,3,1,1.73,1521,1103,1939,213,0.92,0.03
14/1e,Daniel Montfort,P&S Denzlingen 3,Landesliga,West,1,1,0,0.83,1521,1017,2024,257,0.42,0.03
14/1e,Dario Dakovic,PBC Bad Saulgau 2 | PBC Bad Saulgau 3,Bezirksliga | Kreisliga A,Ost 2,18,8,10,9.78,1521,1311,1731,107,5.28,0.03
all,Francesco Dragotta,PBC Reutlingen 1 | Tübinger BC 3,Kreisliga A | Landesliga,Ost 1 | West,25,17,8,21.67,1521,1374,1668,75,11.95,0.03
14/1e,Frank Tatarkowski,PBC Offenburg 2,Landesliga,West,5,2,3,1.90,1521,1118,1923,205,1.00,0.03
league:Landesliga,Hakan Söyler,PBC Nagoldtal 1,Landesliga,West,2,1,1,2.00,1521,1127,1915,201,0.93,0.03
league:Bezirksliga,Jacco van de Streek,P&S Denzlingen 2,Bezirksliga,West 2,1,1,0,0.44,1521,951,2090,291,0.24,0.03
8-Ball,Jamil Dib,P&S Denzlingen 2,Landesliga,West,12,4,8,8.72,1521,1296,1746,115,4.06,0.03
league:Kreisliga A,Karsten Mieskes,BC Bad Schussenried 2 | BC Bad Schussenried 3,Kreisliga A,Ost 2,44,20,24,26.30,1521,1388,1654,68,12.77,0.03
14/1e,Lothar Enzenhöfer,BC Bad Schussenried 2,Landesliga,Ost,11,4,7,9.46,1521,1306,1737,110,3.94,0.03
league:Bezirksliga,Marc Wagner,BC Blaustein 1,Bezirksliga,Ost 2,22,12,10,9.43,1521,1309,1734,108,4.68,0.03
league:Landesliga,Markus Appenowitz,BSV Filderstadt 1 | BSV Filderstadt 3,Landesliga,Ost,19,8,11,7.65,1521,1287,1754,119,3.90,0.03
league:Bezirksliga,Markus Graml,PBC Langenargen 2,Bezirksliga,Ost 2,20,11,9,9.60,1521,1306,1736,110,4.63,0.03
14/1e,Marouen Marzouki,BC Stuttgart 1891 6,Kreisliga A,Ost 1,1,1,0,1.00,1521,1037,2004,247,0.56,0.03
9-Ball,Mathias Hehle,PBC Bad Saulgau 2 | PBC Bad Saulgau 3,Bezirksliga | Kreisliga A,Ost 2,14,9,5,6.97,1521,1276,1766,125,3.93,0.03
8-Ball,Mike Siege,PBC Offenburg 5,Bezirksliga,West 1,7,4,3,3.69,1521,1196,1847,166,2.02,0.03
all,Murat Dervisi,PBC Freudenstadt 2,Landesliga,West,22,12,10,12.04,1521,1328,1714,98,5.77,0.03
9-Ball,Nikolaus Blum,BC Bad Schussenried 4 | BC Bad Schussenried 5 | PBC Ochsenhausen 3,Kreisliga A,Ost 2,26,17,9,13.28,1521,1337,1705,94,7.24,0.03
10-Ball,Pascal Sanna,PBC Freudenstadt 3,Bezirksliga | Landesliga,West | West 1,3,2,1,1.48,1521,1081,1960,224,0.71,0.03
8-Ball,Rainer Heilmann,BSV Tiengen 3 | BSV Tiengen 4,Bezirksliga,West 1 | West 2,11,5,6,8.56,1521,1284,1758,121,4.64,0.03
9-Ball,Samuel Schleitzer,P&S Denzlingen 2,Landesliga,West,1,1,0,0.91,1521,1014,2028,259,0.60,0.03
14/1e,Seong-Jin Kim,BSV Tiengen 3,Landesliga,West,4,1,3,3.44,1521,1192,1850,168,1.44,0.03
9-Ball,Thomas Weniger,BSV Tiengen 3,Landesliga,West,6,4,2,4.95,1521,1240,1802,143,2.53,0.03
league:Bezirksliga,Yusa Tutucu,BSC Göppingen 3,Bezirksliga,Ost 1,24,13,11,20.78,1521,1370,1672,77,11.07,0.03
league:Bezirksliga,Arno Marotz,BSV Filderstadt 2 | BSV Filderstadt 4,Bezirksliga,Ost 1,52,31,21,36.32,1520,1405,1634,58,19.30,0.03
14/1e,Axel Klimmer,PBC Bräunlingen 2,Bezirksliga | Landesliga,West | West 2,2,1,1,0.81,1520,1014,2027,258,0.40,0.03
9-Ball,Benedikt Meschenmoser,PBC Bad Saulgau 2 | PBC Bad Saulgau 4,Bezirksliga | Kreisliga A,Ost 2,11,6,5,5.69,1520,1253,1786,136,3.01,0.03
league:Landesliga,Christian Joos,BC Dreiländereck 1 | BC Dreiländereck 2,Landesliga,West,10,5,5,4.58,1520,1227,1814,150,2.32,0.03
all,Fabian Rapp,BSV Pfullingen 2 | BSV Pfullingen 3 | BSV Pfullingen 4 | BSV Pfullingen 5,Bezirksliga | Kreisliga A,Ost 1,36,12,24,17.69,1520,1359,1681,82,8.32,0.03
9-Ball,Günther Götz,BSC St. Georgen 1,Bezirksliga,West 2,2,2,0,0.70,1520,996,2045,267,0.37,0.03
10-Ball,Jonathan Nestler,PBC Freudenstadt 2,Landesliga,West,2,1,1,1.27,1520,1061,1978,234,0.58,0.03
14/1e,Joshua Armbruster,PBC Freudenstadt 2,Bezirksliga | Landesliga,West | West 1,29,16,13,17.58,1520,1361,1679,81,8.62,0.03
league:Bezirksliga,Kevin Künstler,BSC Göppingen 3,Bezirksliga,Ost 1 | Ost 2,48,22,26,37.61,1520,1407,1633,58,17.81,0.03
14/1e,Marco Bunke,BSV Pfullingen 1 | BSV Pfullingen 3 | BSV Pfullingen 4,Bezirksliga | Kreisliga A | Landesliga,Ost | Ost 1,11,6,5,5.52,1520,1249,1790,138,2.79,0.03
9-Ball,Patrick Wilczek,BC Bad Schussenried 2 | BC Bad Schussenried 3 | BC Bad Schussenried 5,Kreisliga A,Ost 2,16,10,6,9.82,1520,1311,1730,107,5.19,0.03
all,Raimund Wanner,BC Bad Schussenried 1 | BC Bad Schussenried 2 | BC Bad Schussenried 3 | PBC Ochsenhausen 1,Bezirksliga | Kreisliga A | Landesliga,Ost | Ost 2,63,32,31,35.02,1520,1403,1637,60,16.76,0.03
14/1e,Simon Schaal,BC Weingarten 1,Bezirksliga,Ost 2,3,1,2,2.15,1520,1135,1905,196,1.03,0.03
10-Ball,Uwe Machalett,PBC Freudenstadt 2 | PBC Freudenstadt 3,Bezirksliga | Landesliga,West | West 1,11,7,4,5.62,1520,1253,1788,137,2.86,0.03
14/1e,Uwe Machalett,PBC Freudenstadt 2 | PBC Freudenstadt 3,Bezirksliga | Landesliga,West | West 1,23,10,13,11.67,1520,1324,1716,100,5.81,0.03
10-Ball,Volker Gutzeit,BBC Plochingen 1,Bezirksliga | Landesliga,Ost | Ost 1,18,9,9,10.22,1520,1314,1726,105,4.69,0.03
14/1e,Alexandar Stankovic,TV Cannstatt 2,Landesliga,Ost,1,1,0,1.00,1519,1035,2002,247,0.55,0.03
9-Ball,Arash Dayyani,BC Dätzingen 1,Bezirksliga,West 2,1,1,0,1.00,1519,1036,2003,247,0.56,0.03
9-Ball,Günther Bastian,PBC Langenargen 2 | PBC Langenargen 3,Bezirksliga | Kreisliga A,Ost 2,13,9,4,5.47,1519,1248,1791,139,2.77,0.03
9-Ball,Izet Nokic,BF Bronnen 1,Kreisliga A,Ost 1 | Ost 2,2,1,1,1.83,1519,1113,1926,207,1.02,0.03
9-Ball,Jürgen Reisner,PBC Aalen 1,Bezirksliga,Ost 2,1,1,0,1.00,1519,1036,2003,247,0.56,0.03
10-Ball,Jürgen Wilke,BSC Göppingen 1 | BSC Göppingen 2,Bezirksliga,Ost 1,8,4,4,3.46,1519,1192,1846,167,1.73,0.03
8-Ball,Marco Klotzer,BSV Filderstadt 4,Bezirksliga,Ost 1,5,3,2,1.62,1519,1085,1952,221,1.00,0.03
league:Bezirksliga,Marco Klotzer,BSV Filderstadt 4,Bezirksliga,Ost 1,12,5,7,3.88,1519,1205,1833,160,1.93,0.03
9-Ball,Marvin Zimmer,BSC Lions Bietigheim 1,Landesliga,West,1,1,0,1.00,1519,1036,2003,247,0.56,0.03
9-Ball,Michael Minnerop,PF Calw 2,Bezirksliga,West 1,1,1,0,1.00,1519,1036,2003,247,0.56,0.03
10-Ball,Nikolai Lupena,BSC Göppingen 3,Bezirksliga,Ost 1,3,2,1,2.51,1519,1150,1888,188,1.07,0.03
all,Peter Arndt Marroquin,BC Weingarten 2,Kreisliga A,Ost 2,24,14,10,16.47,1519,1353,1685,85,8.77,0.03
all,Pietro Calo,BV Markdorf 2 | BV Markdorf 3,Bezirksliga | Kreisliga A,Ost 2,91,38,53,56.47,1519,1428,1611,47,26.78,0.03
8-Ball,Raimund Wanner,BC Bad Schussenried 1 | BC Bad Schussenried 2 | BC Bad Schussenried 3 | PBC Ochsenhausen 1,Bezirksliga | Kreisliga A | Landesliga,Ost | Ost 2,21,11,10,10.49,1519,1306,1731,108,4.78,0.03
9-Ball,Simon Theodoropoulos,Tübinger BC 1 | Tübinger BC 2,Bezirksliga | Kreisliga A | Landesliga,Ost | Ost 1 | West,29,17,12,17.17,1519,1356,1683,83,9.27,0.03
8-Ball,Thomas Wochner,P&S Denzlingen 2,Landesliga,West,1,1,0,0.91,1519,1025,2013,252,0.47,0.03
9-Ball,Ulrich Märkle,Tübinger BC 2,Kreisliga A,Ost 1,8,5,3,2.80,1519,1159,1878,183,1.73,0.03
10-Ball,Yahya Bouchikhi,P&S Denzlingen 2,Landesliga,West,1,1,0,0.81,1519,1004,2033,263,0.51,0.03
all,Alexander Egger,BC Dätzingen 2,Kreisliga A,West 2,2,2,0,2.00,1518,1122,1915,202,1.14,0.03
league:Kreisliga A,Alexander Egger,BC Dätzingen 2,Kreisliga A,West 2,2,2,0,2.00,1518,1122,1915,202,1.14,0.03
league:Bezirksliga,Dennis Knoblauch,P&S Denzlingen 4,Bezirksliga,West 1,32,21,11,27.51,1518,1386,1650,67,15.60,0.03
9-Ball,Dieter Haberkorn,PBC Bad Saulgau 3,Kreisliga A,Ost 2,1,1,0,0.59,1518,972,2065,279,0.37,0.03
10-Ball,Frank Diedrich,PBC Sand 2,Bezirksliga,West 1,11,6,5,4.35,1518,1221,1815,151,2.37,0.03
all,Frank Flach,PBC Ochsenhausen 1 | PBC Ochsenhausen 2,Bezirksliga | Kreisliga A,Ost 2,20,11,9,6.68,1518,1266,1770,129,3.49,0.03
14/1e,Gerold Konnerth,BSC Göppingen 2,Bezirksliga,Ost 1,6,5,1,3.15,1518,1183,1853,171,1.65,0.03
10-Ball,Hakan Toprak,Tübinger BC 1 | Tübinger BC 2,Bezirksliga | Kreisliga A,Ost 1,11,7,4,5.53,1518,1245,1792,140,2.86,0.03
10-Ball,Jens Butenschön,PBC Langenargen 3,Bezirksliga | Kreisliga A,Ost 2,4,2,2,1.93,1518,1113,1922,206,1.02,0.03
league:Kreisliga A,Joachim Bruggesser,PBC Bad Saulgau 3 | PBC Bad Saulgau 4,Kreisliga A,Ost 2,33,18,15,13.25,1518,1331,1704,95,7.56,0.03
all,Joachim Luft,PBC Bietigheim-Bissingen 2,Bezirksliga,Ost 2,2,1,1,2.00,1518,1123,1913,201,1.10,0.03
league:Bezirksliga,Joachim Luft,PBC Bietigheim-Bissingen 2,Bezirksliga,Ost 2,2,1,1,2.00,1518,1123,1913,201,1.10,0.03
10-Ball,Mark Pfaffenrodt,BV Villingen-Schwenningen 2,Bezirksliga,West 1 | West 2,16,10,6,9.87,1518,1303,1732,109,5.86,0.03
10-Ball,Mathias Hehle,PBC Bad Saulgau 2 | PBC Bad Saulgau 3,Bezirksliga | Kreisliga A,Ost 2,6,4,2,3.66,1518,1189,1847,168,2.15,0.03
league:Bezirksliga,Matthias Maier,PBC Bräunlingen 2,Bezirksliga,West 1,12,7,5,10.30,1518,1307,1728,107,5.26,0.03
8-Ball,Michael Stegmaier,BSV Filderstadt 5,Kreisliga A,Ost 1,1,1,0,0.40,1518,935,2101,297,0.26,0.03
all,Oliver Marx,BC Sindelfingen 6,Bezirksliga,West 2,2,1,1,2.00,1518,1123,1914,202,1.06,0.03
league:Bezirksliga,Oliver Marx,BC Sindelfingen 6,Bezirksliga,West 2,2,1,1,2.00,1518,1123,1914,202,1.06,0.03
all,Patric Riedel,BULL Leonberg-Höfingen 2,Bezirksliga,Ost 1,2,2,0,2.00,1518,1123,1913,201,1.10,0.03
league:Bezirksliga,Patric Riedel,BULL Leonberg-Höfingen 2,Bezirksliga,Ost 1,2,2,0,2.00,1518,1123,1913,201,1.10,0.03
14/1e,Rolf Berkowitz,PBC Freudenstadt 3,Bezirksliga,West 1,1,1,0,0.40,1518,938,2097,296,0.23,0.03
9-Ball,Sander Damrau,BSV Pfullingen 1 | BSV Pfullingen 2,Landesliga,Ost,11,5,6,5.21,1518,1243,1793,141,2.43,0.03
all,Ulrich Oswald,BSV Filderstadt 2 | BSV Filderstadt 3 | BSV Filderstadt 4 | BSV Filderstadt 5,Bezirksliga | Kreisliga A | Landesliga,Ost | Ost 1,90,39,51,54.94,1518,1425,1611,48,26.76,0.03
14/1e,Önder Coskun,BSC Lions Bietigheim 1,Landesliga,West,1,1,0,1.00,1518,1034,2001,246,0.55,0.03
all,Andreas Dittrich,BSC St. Georgen 1,Bezirksliga | Landesliga,West | West 1 | West 2,110,65,45,66.61,1517,1431,1602,44,34.99,0.02
league:Bezirksliga,Christoph Tropschuh,BBC Plochingen 2,Bezirksliga,Ost 1,70,30,40,44.36,1517,1413,1621,53,22.38,0.03
league:Kreisliga A,Dennis Göricke,Tübinger BC 2,Kreisliga A,Ost 1,6,4,2,2.04,1517,1115,1919,205,1.05,0.02
league:Landesliga,Frank Wagenmann,PBC Offenburg 2,Landesliga,West,4,2,2,3.21,1517,1184,1850,170,1.60,0.02
8-Ball,Franz Hochenegg,BC Weingarten 1 | BC Weingarten 2,Kreisliga A | Landesliga,Ost | Ost 2,5,2,3,3.78,1517,1200,1835,162,1.95,0.02
all,Halil Seker,BSV Filderstadt 3,Landesliga,Ost,2,0,2,0.66,1517,980,2053,274,0.25,0.02
10-Ball,Holger Mayer,BF Bronnen 1,Kreisliga A,Ost 2,3,3,0,2.45,1517,1141,1893,192,1.52,0.03
league:Bezirksliga,Joao Rodrigues,BSV Pfullingen 2 | BSV Pfullingen 3 | BSV Pfullingen 4,Bezirksliga,Ost 1,68,33,35,38.18,1517,1406,1628,57,18.98,0.03
8-Ball,Julian Wolf,BSC Göppingen 2,Kreisliga A,Ost 1,1,1,0,0.31,1517,922,2112,304,0.17,0.02
league:Kreisliga A,Kevin Künstler,BSC Göppingen 3,Kreisliga A,Ost 1,18,12,6,9.04,1517,1299,1735,111,4.91,0.02
14/1e,Lars Jäger,P&S Denzlingen 4,Bezirksliga,West 1,13,6,7,11.19,1517,1320,1713,100,5.57,0.02
9-Ball,Marcel Biegler,BSV Pfullingen 3,Bezirksliga,Ost 1,1,1,0,0.32,1517,924,2110,302,0.16,0.02
9-Ball,Mathias Frey,PBC Offenburg 5,Bezirksliga,West 1,12,7,5,4.64,1517,1226,1807,148,2.55,0.02
all,Mathias Hehle,PBC Bad Saulgau 2 | PBC Bad Saulgau 3,Bezirksliga | Kreisliga A,Ost 2,33,22,11,17.43,1517,1351,1684,85,10.63,0.02
league:Bezirksliga,Oliver Eisele,PBC Langenargen 1 | PBC Langenargen 2,Bezirksliga,Ost 2,3,2,1,2.71,1517,1159,1874,182,1.19,0.02
14/1e,Orhan Cetin,BSV Pfullingen 1 | BSV Pfullingen 2,Bezirksliga | Landesliga,Ost | Ost 1,24,11,13,11.51,1517,1322,1712,100,5.44,0.02
14/1e,Patric Riedel,BULL Leonberg-Höfingen 2,Bezirksliga,Ost 1,1,1,0,1.00,1517,1034,2000,246,0.55,0.02
league:Kreisliga A,Patrick Coklica,Tübinger BC 2,Kreisliga A,Ost 1,27,13,14,22.14,1517,1371,1663,75,11.35,0.02
9-Ball,Pietro Calo,BV Markdorf 2 | BV Markdorf 3,Bezirksliga | Kreisliga A,Ost 2,6,3,3,3.46,1517,1191,1844,166,1.98,0.03
all,Pit Kleyersburg,BSV Shooters Fellbach 3,Kreisliga A,Ost 2,1,0,1,1.00,1517,1032,2001,247,0.43,0.02
league:Kreisliga A,Pit Kleyersburg,BSV Shooters Fellbach 3,Kreisliga A,Ost 2,1,0,1,1.00,1517,1032,2001,247,0.43,0.02
all,Roberto D`Elia,BC Unterteuringen 1,Bezirksliga,Ost 2,102,48,54,59.84,1517,1428,1606,45,28.84,0.02
8-Ball,Sebastian Scherbinin,PBC Freudenstadt 2 | PBC Freudenstadt 3,Landesliga,West,4,0,4,2.15,1517,1127,1906,199,0.86,0.02
league:Bezirksliga,Sebastiano Ratto,BSC Göppingen 1,Bezirksliga,Ost 1,25,13,12,13.68,1517,1334,1699,93,6.83,0.02
league:Kreisliga A,Tom Mischner,PBC Langenargen 3,Kreisliga A,Ost 2,18,12,6,6.16,1517,1258,1776,132,3.40,0.02
all,Zeki-Kaan Koyun,PBC Bräunlingen 2,Bezirksliga | Landesliga,West | West 1,8,4,4,5.05,1517,1233,1801,145,2.97,0.02
14/1e,Andreas Knauf,BSC Göppingen 2 | BSC Göppingen 3,Kreisliga A,Ost 1,23,13,10,9.98,1516,1308,1725,106,5.26,0.02
10-Ball,Asmir Sinanovic,PBC Freudenstadt 3 | PBC Freudenstadt 4,Bezirksliga,West 1,11,8,3,9.02,1516,1289,1744,116,5.34,0.02
all,Benjamin Eiberger,BV Pforzheim 2,Landesliga,West,2,2,0,2.00,1516,1121,1910,201,1.09,0.02
league:Landesliga,Benjamin Eiberger,BV Pforzheim 2,Landesliga,West,2,2,0,2.00,1516,1121,1910,201,1.09,0.02
all,Dario Dakovic,PBC Bad Saulgau 2 | PBC Bad Saulgau 3,Bezirksliga | Kreisliga A,Ost 2,58,27,31,29.66,1516,1391,1642,64,15.58,0.02
league:Kreisliga A,Ervin Lika,BSV Filderstadt 5,Kreisliga A,Ost 1,12,6,6,4.94,1516,1234,1797,143,2.40,0.02
10-Ball,Fabian Rapp,BSV Pfullingen 2 | BSV Pfullingen 3 | BSV Pfullingen 5,Bezirksliga | Kreisliga A,Ost 1,8,3,5,3.11,1516,1172,1860,175,1.34,0.02
9-Ball,Hakan Toprak,Tübinger BC 2,Bezirksliga | Kreisliga A,Ost 1,6,5,1,2.95,1516,1163,1868,180,1.77,0.02
9-Ball,Halil Seker,BSV Filderstadt 3,Landesliga,Ost,1,0,1,0.33,1516,918,2113,305,0.12,0.02
all,Hardi Engel,BV Markdorf 2,Bezirksliga,Ost 2,59,27,32,37.19,1516,1404,1629,58,17.48,0.02
league:Kreisliga A,Idris Abanuzoglu,BSC Göppingen 3,Kreisliga A,Ost 1,9,5,4,4.93,1516,1228,1804,147,2.87,0.02
9-Ball,Krischan Dostal,BV Markdorf 2,Bezirksliga,Ost 2,7,2,5,4.40,1516,1222,1811,150,2.15,0.02
10-Ball,Manuel Aschenbrenner,BC Bad Schussenried 5 | PBC Bad Saulgau 3,Kreisliga A,Ost 2,12,7,5,9.17,1516,1294,1738,113,5.63,0.02
league:Landesliga,Marc Wegenast,BC Weingarten 1,Landesliga,Ost,20,10,10,17.14,1516,1354,1679,83,8.05,0.02
all,Pascal Sanna,PBC Freudenstadt 3,Bezirksliga | Landesliga,West | West 1,64,36,28,29.36,1516,1389,1642,65,15.10,0.02
8-Ball,Peter Schmidt,BSV Tiengen 2 | BSV Tiengen 3 | BSV Tiengen 4,Bezirksliga | Landesliga,West | West 1,31,14,17,20.56,1516,1363,1669,78,11.28,0.02
10-Ball,Tom Mischner,PBC Langenargen 1 | PBC Langenargen 2 | PBC Langenargen 3,Bezirksliga | Kreisliga A | Landesliga,Ost | Ost 2,26,14,12,11.14,1516,1316,1715,102,5.52,0.02
14/1e,Uwe Lang,BC Dreiländereck 1 | BC Dreiländereck 2 | PBC Offenburg 2,Landesliga,West,18,10,8,9.24,1516,1300,1733,111,4.17,0.02
9-Ball,Alexander Fischer,Tübinger BC 1 | Tübinger BC 2,Bezirksliga | Kreisliga A,Ost 1,17,8,9,11.81,1515,1318,1712,100,6.49,0.02
14/1e,Andreas Dittrich,BSC St. Georgen 1,Bezirksliga | Landesliga,West | West 2,10,6,4,4.04,1515,1210,1820,156,2.18,0.02
all,Catalin Damian,BC Feuersee 1,Kreisliga A,Ost 2,2,1,1,2.00,1515,1110,1919,207,1.09,0.02
league:Kreisliga A,Catalin Damian,BC Feuersee 1,Kreisliga A,Ost 2,2,1,1,2.00,1515,1110,1919,207,1.09,0.02
league:Kreisliga A,David Nguyen,PBC Rastatt 3,Kreisliga A,West 1,1,0,1,1.00,1515,1022,2007,251,0.35,0.02
8-Ball,Dimitrios Vafiadis,PBC Langenargen 2 | PBC Langenargen 3,Bezirksliga | Kreisliga A,Ost 2,2,1,1,0.86,1515,1006,2024,260,0.46,0.02
14/1e,Florian Brugger,PBC Bräunlingen 2,Bezirksliga | Landesliga,West | West 2,3,2,1,1.37,1515,1064,1965,230,0.64,0.02
14/1e,Franz Miehle,BC Bad Schussenried 3,Bezirksliga | Kreisliga A,Ost 2,8,6,2,5.80,1515,1248,1782,136,3.06,0.02
10-Ball,Manfred Sieweke,PBC Ochsenhausen 3,Kreisliga A,Ost 2,2,1,1,1.30,1515,1060,1971,232,0.75,0.02
league:Kreisliga A,Marco Conrad,PBC Langenargen 3,Kreisliga A,Ost 2,12,5,7,4.12,1515,1206,1824,158,1.98,0.02
14/1e,Martin Weber,PBC Offenburg 3 | PBC Offenburg 4,Bezirksliga,West 1,15,9,6,5.92,1515,1255,1776,133,3.12,0.02
all,Max Miedzianowski,BC Stuttgart 1891 7,Kreisliga A,Ost 1,2,2,0,2.00,1515,1120,1910,201,1.04,0.02
league:Kreisliga A,Max Miedzianowski,BC Stuttgart 1891 7,Kreisliga A,Ost 1,2,2,0,2.00,1515,1120,1910,201,1.04,0.02
14/1e,Michael Reich,BC Sindelfingen 4,Landesliga,West,1,1,0,1.00,1515,1030,2001,248,0.59,0.02
league:Bezirksliga,Stefanie Arndt,BSV Tiengen 3,Bezirksliga,West 2,6,2,4,2.44,1515,1146,1885,188,1.13,0.02
all,Thomas Enge,PBC Reutlingen 2 | PBC Reutlingen 3,Bezirksliga | Kreisliga A,Ost 1,36,20,16,29.02,1515,1387,1643,65,15.44,0.02
league:Kreisliga A,Andreas Dirlewanger,PBC Bad Saulgau 3,Kreisliga A,Ost 2,23,14,9,13.55,1514,1333,1695,92,6.47,0.02
all,Andreas Knauf,BSC Göppingen 2 | BSC Göppingen 3,Kreisliga A,Ost 1,50,26,24,21.68,1514,1366,1662,76,11.91,0.02
9-Ball,Andreas Rapp,BSC Göppingen 1 | BSC Göppingen 3,Bezirksliga,Ost 1,8,5,3,5.26,1514,1237,1790,141,2.76,0.02
14/1e,Bernd Schröder,PBC Bräunlingen 2,Bezirksliga | Landesliga,West | West 1 | West 2,29,16,13,19.29,1514,1360,1667,78,9.58,0.02
14/1e,Bessim Bessim Oglou,BC Aalen 3,Landesliga,Ost,1,0,1,1.00,1514,1028,2000,248,0.40,0.02
league:Bezirksliga,Dirk Hafner,PBC Offenburg 4,Bezirksliga,West 1,52,31,21,26.05,1514,1380,1648,68,13.95,0.02
8-Ball,Fabian Durst,P&S Denzlingen 1 | PBC Offenburg 3 | PBC Offenburg 5,Bezirksliga | Landesliga,West | West 1,19,9,10,9.40,1514,1298,1730,110,4.51,0.02
league:Landesliga,Kadir Özturgut,BC Bad Schussenried 2,Landesliga,Ost,12,7,5,10.28,1514,1308,1719,105,5.23,0.02
14/1e,Markus Stehle,BV Villingen-Schwenningen 2,Bezirksliga,West 2,3,2,1,1.06,1514,1036,1992,244,0.60,0.02
8-Ball,Martin Weber,PBC Offenburg 4 | PBC Rastatt 4,Bezirksliga | Kreisliga A,West 1,9,4,5,4.12,1514,1201,1826,160,2.38,0.02
all,Michael Psarras,BC Dreiländereck 1 | BC Dreiländereck 2,Bezirksliga | Landesliga,West | West 1,36,12,24,21.91,1514,1365,1664,76,11.25,0.02
league:Landesliga,Phillip Woods,PBC Offenburg 3,Landesliga,West,10,6,4,7.15,1514,1266,1761,126,4.04,0.02
9-Ball,Rainer Braun,BSV Tiengen 3 | BSV Tiengen 4,Bezirksliga,West 1 | West 2,18,9,9,10.87,1514,1310,1718,104,6.28,0.02
9-Ball,Ramin Raeisi,BSV Pfullingen 2,Bezirksliga,Ost 1,3,2,1,1.25,1514,1056,1973,234,0.73,0.02
14/1e,Sebastiano Ratto,BSC Göppingen 1 | BSC Göppingen 2,Bezirksliga | Landesliga,Ost | Ost 1,23,10,13,13.25,1514,1330,1698,94,5.83,0.02
14/1e,Sven Dastig,PBC Bietigheim-Bissingen 1,Bezirksliga,Ost 1,1,1,0,1.00,1514,1020,2007,252,0.65,0.02
8-Ball,Alexander Egger,BC Dätzingen 2,Kreisliga A,West 2,1,1,0,1.00,1513,1031,1995,246,0.54,0.02
8-Ball,Alexander Gohlke,P&S Denzlingen 2,Bezirksliga,West 1 | West 2,3,1,2,1.34,1513,1055,1971,234,0.78,0.02
all,Andreas Wittmeier,BV Pforzheim 2,Landesliga,West,2,0,2,2.00,1513,1089,1936,216,0.55,0.02
14/1e,Andrej Stark,P&S Denzlingen 2,Bezirksliga,West 1,1,1,0,0.57,1513,953,2074,286,0.40,0.02
14/1e,Christian Lorenz,BSV Tiengen 2,Landesliga,West,3,1,2,1.00,1513,1025,2002,249,0.43,0.02
8-Ball,Frank Diedrich,PBC Sand 2,Bezirksliga,West 1,7,2,5,2.48,1513,1144,1882,188,1.27,0.02
10-Ball,Jeremy Eckert,PBC Offenburg 3 | PBC Offenburg 4 | PBC Offenburg 5,Bezirksliga | Landesliga,West | West 1,25,13,12,17.68,1513,1352,1674,82,8.81,0.02
14/1e,Jürgen Müller,PBC Rastatt 4,Kreisliga A,West 1,1,1,0,1.00,1513,1031,1995,246,0.54,0.02
league:Bezirksliga,Kadir Özturgut,BC Bad Schussenried 1 | BC Bad Schussenried 2,Bezirksliga,Ost 2,17,8,9,9.71,1513,1302,1724,108,5.05,0.02
9-Ball,Luka Antic,PBC Offenburg 3 | PBC Offenburg 4,Landesliga,West,6,2,4,4.65,1513,1216,1810,152,1.89,0.02
league:Kreisliga A,Lutz Jeschke,BC Weingarten 1,Kreisliga A,Ost 2,42,22,20,15.39,1513,1341,1685,88,7.75,0.02
14/1e,Matthias Orth,BC Dreiländereck 2,Landesliga,West,9,3,6,3.29,1513,1181,1844,169,1.47,0.02
all,Mehmet Gürbüz,PBC Bräunlingen 2,Bezirksliga | Landesliga,West | West 2,3,2,1,1.21,1513,1051,1975,236,0.62,0.02
10-Ball,Michael Metzger,BC Feuersee 1,Kreisliga A,Ost 2,1,1,0,1.00,1513,1031,1995,246,0.54,0.02
14/1e,Michael Reichert,PBC Freudenstadt 1,Landesliga,West,1,1,0,0.31,1513,919,2107,303,0.15,0.02
8-Ball,Muho Dizdarevic,BULL Leonberg-Höfingen 3,Kreisliga A,Ost 2,1,1,0,1.00,1513,1031,1995,246,0.54,0.02
8-Ball,Murat Dervisi,PBC Freudenstadt 2,Landesliga,West,6,4,2,3.21,1513,1173,1852,173,1.68,0.02
9-Ball,Nicole Hummel,BV Villingen-Schwenningen 2,Bezirksliga,West 2,1,1,0,0.35,1513,926,2100,299,0.18,0.02
10-Ball,Patric Riedel,BULL Leonberg-Höfingen 2,Bezirksliga,Ost 1,1,1,0,1.00,1513,1031,1995,246,0.54,0.02
10-Ball,Petar Krolo,BC Sindelfingen 5,Bezirksliga,West 1,1,1,0,1.00,1513,1031,1995,246,0.54,0.02
10-Ball,Robert Bogdan,TV Cannstatt 3,Bezirksliga,Ost 1,1,1,0,1.00,1513,1031,1995,246,0.54,0.02
8-Ball,Roman Holzhauser,PBC Sand 2,Bezirksliga,West 1,5,3,2,2.08,1513,1118,1909,202,1.23,0.02
league:Bezirksliga,Sascha Nyffeler,PBC Langenargen 2,Bezirksliga,Ost 2,23,13,10,11.14,1513,1314,1711,101,5.82,0.02
league:Bezirksliga,Thomas Tischmann,BC Blaustein 1,Bezirksliga,Ost 2,4,3,1,1.76,1513,1103,1924,210,0.87,0.02
10-Ball,Tobias Walz,PBC Nagoldtal 3,Bezirksliga,West 2,1,1,0,1.00,1513,1031,1995,246,0.54,0.02
all,Udo Gleich,BC Blaustein 1,Bezirksliga | Kreisliga A | Landesliga,Ost | Ost 2,54,27,27,21.25,1513,1364,1661,76,10.17,0.02
9-Ball,Volker Gutzeit,BBC Plochingen 1,Bezirksliga | Landesliga,Ost | Ost 1,10,6,4,5.28,1513,1235,1792,142,2.86,0.02
14/1e,Andreas Gut,BV Villingen-Schwenningen 1 | BV Villingen-Schwenningen 2,Bezirksliga | Landesliga,West | West 1 | West 2,4,2,2,2.10,1512,1116,1907,202,1.07,0.02
10-Ball,Dietmar Helfrich,BC Bad Schussenried 3 | BC Bad Schussenried 4,Kreisliga A,Ost 2,9,5,4,7.01,1512,1267,1757,125,3.83,0.02
14/1e,Frank Weiß,BBC Plochingen 1,Bezirksliga,Ost 1,1,1,0,0.32,1512,919,2105,303,0.15,0.02
14/1e,Günther Götz,BSC St. Georgen 1,Bezirksliga | Landesliga,West | West 1 | West 2,53,29,24,32.68,1512,1392,1631,61,16.83,0.02
10-Ball,Jan Weber,PBC Bad Saulgau 2 | PBC Bad Saulgau 3,Bezirksliga | Kreisliga A,Ost 2,18,12,6,11.94,1512,1318,1706,99,6.82,0.02
14/1e,Kevin Künstler,BSC Göppingen 3,Bezirksliga | Kreisliga A,Ost 1 | Ost 2,34,21,13,24.22,1512,1374,1650,70,12.05,0.02
all,Krischan Dostal,BV Markdorf 2,Bezirksliga,Ost 2,43,15,28,26.43,1512,1379,1645,68,12.34,0.02
all,Marcus Elfenthal,P&S Denzlingen 1 | P&S Denzlingen 2 | P&S Denzlingen 3,Bezirksliga | Landesliga,West | West 1 | West 2,91,47,44,58.50,1512,1421,1603,46,28.61,0.02
league:Bezirksliga,Mario Rosenkranz,PBC Bräunlingen 2,Bezirksliga,West 1 | West 2,13,8,5,8.23,1512,1277,1747,120,4.58,0.02
14/1e,Murat Dervisi,PBC Freudenstadt 2,Landesliga,West,3,1,2,1.68,1512,1091,1932,215,0.71,0.02
8-Ball,Peter Baur,Tübinger BC 3,Kreisliga A,Ost 1,10,4,6,8.73,1512,1275,1749,121,3.73,0.02
14/1e,Pietro Calo,BV Markdorf 2 | BV Markdorf 3,Bezirksliga | Kreisliga A,Ost 2,37,14,23,22.86,1512,1371,1653,72,10.73,0.02
9-Ball,Rico Horst,PBC Bad Saulgau 3,Kreisliga A,Ost 2,1,0,1,0.34,1512,922,2103,301,0.14,0.02
8-Ball,Robin Kümmerle,BSV Filderstadt 5,Kreisliga A,Ost 1,1,1,0,0.59,1512,967,2057,278,0.35,0.02
8-Ball,Roland Sauter,PBC Bräunlingen 1,Landesliga,West,2,0,2,1.72,1512,1088,1937,217,0.62,0.02
league:Landesliga,Sebastian Bartsch,PBC Langenargen 1,Landesliga,Ost,46,23,23,22.43,1512,1370,1655,73,11.31,0.02
league:Kreisliga A,Sebastian Oswald,BSV Pfullingen 4,Kreisliga A,Ost 1,11,7,4,4.61,1512,1216,1807,151,2.42,0.02
all,Stephan Moser,BV Villingen-Schwenningen 2,Bezirksliga,West 1,2,1,1,1.42,1512,1073,1950,224,0.69,0.02
all,Tobias Reisner,PBC Aalen 1,Bezirksliga,Ost 2,2,2,0,2.00,1512,1108,1915,206,1.14,0.02
league:Bezirksliga,Tobias Reisner,PBC Aalen 1,Bezirksliga,Ost 2,2,2,0,2.00,1512,1108,1915,206,1.14,0.02
14/1e,Yao Wang,BC Stuttgart 1891 5,Kreisliga A,Ost 2,1,1,0,1.00,1512,1029,1994,246,0.53,0.02
league:Landesliga,Bernhard Sutor,PBC Offenburg 2,Landesliga,West,84,47,37,49.10,1511,1413,1608,50,25.80,0.02
8-Ball,Christian Endres,BULL Leonberg-Höfingen 1,Landesliga,Ost,1,1,0,1.00,1511,1028,1993,246,0.53,0.02
14/1e,Dennis Göricke,Tübinger BC 2,Kreisliga A,Ost 1,3,2,1,1.02,1511,1024,1998,248,0.52,0.02
10-Ball,Dietmar Lübke,BSV Filderstadt 5 | PBC Reutlingen 2,Kreisliga A,Ost 1,6,5,1,2.51,1511,1136,1886,191,1.45,0.02
9-Ball,Flaviano Gabriele,BC Bad Schussenried 1 | BC Bad Schussenried 2,Bezirksliga | Landesliga,Ost | Ost 2,40,20,20,23.09,1511,1370,1652,72,10.47,0.02
league:Bezirksliga,Flaviano Gabriele,BC Bad Schussenried 1,Bezirksliga,Ost 2,30,19,11,12.08,1511,1320,1702,97,6.00,0.02
10-Ball,Florian Schwägler,PBC Freudenstadt 3,Bezirksliga | Landesliga,West | West 1,37,21,16,20.24,1511,1359,1662,77,10.38,0.02
8-Ball,Florian Schwägler,PBC Freudenstadt 3,Bezirksliga | Landesliga,West | West 1,32,12,20,21.19,1511,1360,1662,77,10.16,0.02
14/1e,Frank Schwenk,BSC Göppingen 1,Landesliga,Ost,7,2,5,5.48,1511,1238,1784,139,2.21,0.02
9-Ball,Genta Gunawan,BC Stuttgart 1891 5,Kreisliga A,Ost 2,1,1,0,1.00,1511,1028,1993,246,0.53,0.02
14/1e,Joachim Bruggesser,PBC Bad Saulgau 4,Kreisliga A,Ost 2,1,0,1,0.51,1511,956,2065,283,0.23,0.02
8-Ball,Mathias Hornbach,P&S Denzlingen 1,Landesliga,West,10,3,7,4.90,1511,1218,1803,149,1.96,0.02
league:Landesliga,Mathias Hornbach,P&S Denzlingen 1,Landesliga,West,26,14,12,12.62,1511,1323,1699,96,6.23,0.02
9-Ball,Max Miedzianowski,BC Stuttgart 1891 7,Kreisliga A,Ost 1,1,1,0,1.00,1511,1028,1993,246,0.53,0.02
14/1e,Mehmet Gürbüz,PBC Bräunlingen 2,Bezirksliga,West 2,1,1,0,0.35,1511,925,2097,299,0.20,0.02
10-Ball,Michael Funk,BSV Pfullingen 3,Bezirksliga,Ost 1,2,1,1,0.64,1511,971,2052,276,0.24,0.02
9-Ball,Mike Becker,PBC Offenburg 3,Landesliga,West,1,0,1,0.42,1511,937,2085,293,0.18,0.02
all,Mike Siege,PBC Offenburg 5,Bezirksliga,West 1,18,12,6,9.53,1511,1297,1725,109,5.39,0.02
8-Ball,Peter Arndt Marroquin,BC Weingarten 2,Kreisliga A,Ost 2,10,6,4,6.91,1511,1261,1761,127,3.61,0.02
10-Ball,Phillip Woods,PBC Offenburg 3,Landesliga,West,5,3,2,3.57,1511,1182,1840,168,2.00,0.02
10-Ball,Reaven Zhang,P&S Denzlingen 1,Landesliga,West,1,0,1,0.40,1511,929,2092,297,0.15,0.02
league:Landesliga,Roland Sauter,PBC Bräunlingen 1,Landesliga,West,47,26,21,36.88,1511,1399,1624,57,19.21,0.02
8-Ball,Selim Güzel,PP Böblingen 1,Landesliga,West,1,1,0,1.00,1511,1028,1993,246,0.53,0.02
league:Landesliga,Thomas Wochner,P&S Denzlingen 2,Landesliga,West,10,6,4,8.99,1511,1293,1730,111,4.92,0.02
8-Ball,Victor Rodriguez,BV Markdorf 1,Landesliga,Ost,1,0,1,0.54,1511,956,2066,283,0.20,0.02
all,Yves Jordan,BSC Göppingen 2 | BSC Göppingen 3,Kreisliga A,Ost 1,19,11,8,8.18,1511,1276,1746,120,4.92,0.02
8-Ball,Abdul Mecit Kul,BC Blaustein 1,Kreisliga A,Ost 2,4,2,2,1.33,1510,1059,1962,230,0.68,0.01
all,Alex Wei,PBC Rastatt 3,Kreisliga A,West 1,2,1,1,2.00,1510,1116,1903,201,1.06,0.01
league:Kreisliga A,Alex Wei,PBC Rastatt 3,Kreisliga A,West 1,2,1,1,2.00,1510,1116,1903,201,1.06,0.01
league:Landesliga,Andreas Pauling,BC Stuttgart 1891 2,Landesliga,Ost,2,1,1,2.00,1510,1116,1903,201,1.00,0.01
9-Ball,Arno Marotz,BSV Filderstadt 2 | BSV Filderstadt 3 | BSV Filderstadt 4,Bezirksliga | Landesliga,Ost | Ost 1,35,16,19,21.14,1510,1363,1658,75,10.54,0.02
9-Ball,Boris Golic,PBC Ochsenhausen 1,Landesliga,Ost,29,12,17,19.60,1510,1358,1663,78,8.66,0.01
league:Kreisliga A,Dietmar Lübke,BSV Filderstadt 5 | PBC Reutlingen 2,Kreisliga A,Ost 1,13,9,4,5.10,1510,1225,1795,146,2.89,0.01
10-Ball,Frank Schwenk,BSC Göppingen 1,Landesliga,Ost,10,2,8,7.94,1510,1275,1744,120,3.09,0.01
league:Kreisliga A,Henrique Barbosa,BSV Pfullingen 4,Kreisliga A,Ost 1,6,3,3,2.46,1510,1139,1881,189,1.42,0.01
10-Ball,Idris Abanuzoglu,BSC Göppingen 3,Bezirksliga | Kreisliga A,Ost 1,5,3,2,2.78,1510,1145,1875,186,1.75,0.01
all,Ingo Fehr,BC Unterteuringen 1,Bezirksliga,Ost 2,100,32,68,58.17,1510,1420,1601,46,27.60,0.02
8-Ball,Klaus Maier,BSC St. Georgen 1,Bezirksliga,West 2,1,1,0,0.31,1510,915,2104,303,0.16,0.01
league:Bezirksliga,Marcus Wolf,PBC Bräunlingen 2,Bezirksliga,West 1 | West 2,20,8,12,8.49,1510,1284,1736,115,4.05,0.01
all,Mathias Laskus,PBV Rottweil 2,Bezirksliga,West 2,20,11,9,6.81,1510,1259,1761,128,3.89,0.01
all,Matthias Maier,PBC Bräunlingen 1 | PBC Bräunlingen 2,Bezirksliga | Landesliga,West | West 1,28,15,13,19.54,1510,1355,1666,79,9.92,0.01
8-Ball,Mehmet Gürbüz,PBC Bräunlingen 2,Bezirksliga | Landesliga,West | West 2,2,1,1,0.86,1510,1008,2011,256,0.41,0.01
10-Ball,Patrick Coklica,Tübinger BC 2,Kreisliga A,Ost 1,7,4,3,5.57,1510,1239,1782,139,2.94,0.02
all,Philip Gamerdinger,BC Aalen 4,Bezirksliga,Ost 2,2,1,1,2.00,1510,1114,1906,202,0.97,0.01
league:Bezirksliga,Philip Gamerdinger,BC Aalen 4,Bezirksliga,Ost 2,2,1,1,2.00,1510,1114,1906,202,0.97,0.01
10-Ball,Rainer Heilmann,BSV Tiengen 3 | BSV Tiengen 4,Bezirksliga,West 1 | West 2,39,25,14,20.75,1510,1357,1663,78,12.00,0.01
14/1e,Silke Brand,BC Stuttgart 1891 4,Bezirksliga,Ost 2,1,1,0,1.00,1510,1028,1992,246,0.53,0.01
all,Simon Conrad,BSG Albstadt 1,Bezirksliga,West 1 | West 2,59,35,24,25.40,1510,1374,1645,69,13.82,0.01
9-Ball,Steffen Feuerbacher,PBC Freudenstadt 2,Bezirksliga | Landesliga,West | West 1,18,10,8,11.74,1510,1317,1703,98,5.95,0.01
14/1e,Sven Schulz,PBC Nagoldtal 3,Bezirksliga,West 2,1,1,0,1.00,1510,1028,1992,246,0.53,0.01
league:Bezirksliga,Uwe Cordes,Tübinger BC 1,Bezirksliga,Ost 1,4,2,2,1.69,1510,1091,1929,214,0.85,0.01
8-Ball,Yusa Tutucu,BSC Göppingen 3,Bezirksliga,Ost 1,3,1,2,2.50,1510,1130,1891,194,0.94,0.01
9-Ball,Bayartsetseg Tsogoo,BC Stuttgart 1891 4,Bezirksliga,Ost 2,1,1,0,1.00,1509,1027,1991,246,0.53,0.01
9-Ball,Cesare Caccavelli,PBC Langenargen 2 | PBC Langenargen 3 | PBC Langenargen 4,Bezirksliga | Kreisliga A,Ost 2,14,9,5,9.64,1509,1298,1719,107,4.77,0.01
9-Ball,Draoui El Mokhtar,BV Pforzheim 3,Bezirksliga,West 1,1,1,0,1.00,1509,1027,1991,246,0.53,0.01
9-Ball,Edin Porcic,BULL Leonberg-Höfingen 1,Landesliga,Ost,1,1,0,1.00,1509,1027,1991,246,0.53,0.01
league:Landesliga,Fabian Durst,P&S Denzlingen 1 | PBC Offenburg 3,Landesliga,West,44,20,24,26.61,1509,1377,1641,67,13.40,0.01
league:Landesliga,Günther Götz,BSC St. Georgen 1,Landesliga,West,22,9,13,14.95,1509,1334,1683,89,6.73,0.01
league:Kreisliga A,Hans-Henning Schmid,PBC Langenargen 3,Kreisliga A,Ost 2,24,10,14,8.17,1509,1277,1742,119,3.63,0.01
14/1e,Harry Augustin,BC Aalen 4,Bezirksliga,Ost 2,1,1,0,1.00,1509,1027,1991,246,0.53,0.01
9-Ball,Jozsef Zvorinji,TV Cannstatt 2,Landesliga,Ost,1,1,0,1.00,1509,1027,1991,246,0.53,0.01
league:Bezirksliga,Lynn Kohl,PBC Offenburg 4 | PBC Offenburg 5,Bezirksliga,West 1,4,2,2,1.40,1509,1068,1950,225,0.67,0.01
9-Ball,Marcel Haab,BC Dätzingen 1,Bezirksliga,West 2,1,1,0,1.00,1509,1027,1991,246,0.53,0.01
all,Marcel Haab,BC Dätzingen 1,Bezirksliga,West 2,2,2,0,2.00,1509,1112,1905,202,1.15,0.01
league:Bezirksliga,Marcel Haab,BC Dätzingen 1,Bezirksliga,West 2,2,2,0,2.00,1509,1112,1905,202,1.15,0.01
league:Bezirksliga,Mark Pfaffenrodt,BV Villingen-Schwenningen 2,Bezirksliga,West 1 | West 2,51,27,24,32.40,1509,1387,1631,62,17.62,0.01
9-Ball,Michael Reiser,PF Calw 1,Bezirksliga,West 2,1,1,0,1.00,1509,1027,1991,246,0.53,0.01
all,Michael Schulz,BSV Konstanz 1,Landesliga,Ost,4,1,3,1.35,1509,1055,1964,232,0.50,0.01
league:Kreisliga A,Nikolaus Blum,BC Bad Schussenried 4 | BC Bad Schussenried 5 | PBC Ochsenhausen 3,Kreisliga A,Ost 2,75,35,40,41.17,1509,1402,1617,55,19.70,0.01
10-Ball,Oleg Kuhn,BSC Göppingen 2,Kreisliga A,Ost 1,2,1,1,0.67,1509,975,2044,273,0.32,0.01
9-Ball,Raphael Müller,BC Sindelfingen 5,Bezirksliga,West 1,1,1,0,1.00,1509,1027,1991,246,0.53,0.01
10-Ball,Roberto D`Elia,BC Unterteuringen 1,Bezirksliga,Ost 2,48,22,26,28.26,1509,1382,1637,65,13.35,0.01
9-Ball,Tobias Reisner,PBC Aalen 1,Bezirksliga,Ost 2,1,1,0,1.00,1509,1027,1991,246,0.53,0.01
league:Bezirksliga,Ulrich Oswald,BSV Filderstadt 2 | BSV Filderstadt 3,Bezirksliga,Ost 1,42,22,20,32.66,1509,1390,1628,61,16.75,0.01
10-Ball,Abdul Mecit Kul,BC Blaustein 1,Kreisliga A,Ost 2,4,2,2,1.29,1508,1056,1960,231,0.72,0.01
league:Kreisliga A,Adham Mohamed,Tübinger BC 2 | Tübinger BC 3,Kreisliga A,Ost 1 | West 2,4,2,2,3.62,1508,1167,1849,174,2.30,0.01
league:Kreisliga A,Andreas Geigle,BBC Plochingen 2,Kreisliga A,Ost 1,11,5,6,5.52,1508,1231,1785,141,2.55,0.01
league:Kreisliga A,Cesare Caccavelli,PBC Langenargen 3 | PBC Langenargen 4,Kreisliga A,Ost 2,51,27,24,31.23,1508,1386,1630,62,15.51,0.01
10-Ball,Erwin Thoma,BC Bad Schussenried 4 | PBC Ochsenhausen 1 | PBC Ochsenhausen 2,Bezirksliga | Kreisliga A | Landesliga,Ost | Ost 2,15,10,5,9.16,1508,1290,1727,111,4.71,0.01
all,Fabian Cecotti,BC Dätzingen 1,Bezirksliga,West 2,2,1,1,2.00,1508,1113,1902,201,1.06,0.01
league:Bezirksliga,Fabian Cecotti,BC Dätzingen 1,Bezirksliga,West 2,2,1,1,2.00,1508,1113,1902,201,1.06,0.01
8-Ball,Gerd Friedl,BSC Göppingen 3,Bezirksliga,Ost 1,3,2,1,2.50,1508,1119,1897,199,1.27,0.01
league:Landesliga,Horst Bendig,P&S Denzlingen 1 | P&S Denzlingen 2,Landesliga,West,53,23,30,24.62,1508,1371,1646,70,12.30,0.01
10-Ball,Joachim Koepke,PBC Offenburg 4 | PBC Offenburg 5,Bezirksliga | Landesliga,West | West 1,2,1,1,1.43,1508,1069,1947,224,0.68,0.01
league:Kreisliga A,Julian Schank,PBC Ochsenhausen 2 | PBC Ochsenhausen 3,Kreisliga A,Ost 2,24,15,9,20.31,1508,1359,1657,76,11.00,0.01
9-Ball,Jörg Schwager,BSC Göppingen 1,Bezirksliga | Landesliga,Ost | Ost 1,23,10,13,15.27,1508,1336,1680,88,6.94,0.01
10-Ball,Krischan Dostal,BV Markdorf 2,Bezirksliga,Ost 2,5,2,3,3.40,1508,1180,1837,168,1.61,0.01
8-Ball,Marcus Elfenthal,P&S Denzlingen 1 | P&S Denzlingen 2 | P&S Denzlingen 3,Bezirksliga | Landesliga,West | West 1 | West 2,34,18,16,23.21,1508,1364,1653,74,11.53,0.01
14/1e,Patrik Meyer,PBC Offenburg 2,Landesliga,West,1,0,1,0.52,1508,947,2069,286,0.18,0.01
10-Ball,Thomas Tischmann,BC Blaustein 1,Bezirksliga | Kreisliga A | Landesliga,Ost | Ost 2,20,9,11,12.32,1508,1319,1697,96,5.59,0.01
10-Ball,Udo Gleich,BC Blaustein 1,Bezirksliga | Kreisliga A | Landesliga,Ost | Ost 2,17,9,8,7.12,1508,1265,1751,124,3.40,0.01
league:Bezirksliga,Yavuz Güleryüz,P&S Denzlingen 2,Bezirksliga,West 1 | West 2,37,16,21,17.83,1508,1349,1668,81,8.46,0.01
9-Ball,Besirat Fekadu,BSC Göppingen 2,Bezirksliga | Landesliga,Ost | Ost 1,23,13,10,13.72,1507,1326,1689,93,7.40,0.01
14/1e,Christin Jentsch,PBC Aalen 2,Kreisliga A,Ost 2,1,1,0,1.00,1507,1025,1989,246,0.52,0.01
league:Landesliga,Daniel Lehmann,PBC Bräunlingen 2,Landesliga,West,2,0,2,1.06,1507,1024,1990,246,0.48,0.01
9-Ball,Dennis Knoblauch,P&S Denzlingen 4,Bezirksliga,West 1,15,10,5,12.93,1507,1318,1696,96,7.40,0.01
14/1e,Erdem Dikici,BSV Filderstadt 4,Kreisliga A,Ost 1,3,1,2,2.56,1507,1145,1868,184,1.27,0.01
league:Landesliga,Fiorenzo De Nuzzo,BV Pforzheim 2,Landesliga,West,2,1,1,2.00,1507,1114,1900,201,1.01,0.01
league:Bezirksliga,Hans Heuschmid,PBC Ochsenhausen 2,Bezirksliga,Ost 2,18,9,9,7.70,1507,1274,1739,119,3.85,0.01
14/1e,Kadir Özturgut,BC Bad Schussenried 1 | BC Bad Schussenried 2 | BC Bad Schussenried 3,Bezirksliga | Kreisliga A,Ost 2,13,7,6,6.25,1507,1250,1764,131,3.21,0.01
league:Landesliga,Kevin Albert,BSV Tiengen 3,Landesliga,West,25,16,9,21.70,1507,1361,1654,75,11.15,0.01
10-Ball,Klaus Dietrich,BV Markdorf 2,Bezirksliga,Ost 2,20,8,12,12.00,1507,1314,1699,98,6.03,0.01
10-Ball,Lutz Jeschke,BC Weingarten 1,Bezirksliga | Kreisliga A | Landesliga,Ost | Ost 2,40,21,19,22.40,1507,1362,1651,74,10.18,0.01
14/1e,Mark Pfaffenrodt,BV Villingen-Schwenningen 2,Bezirksliga,West 1,12,7,5,7.82,1507,1275,1739,118,4.12,0.01
9-Ball,Matthias Orth,BC Dreiländereck 2,Landesliga,West,4,1,3,1.42,1507,1066,1949,225,0.62,0.01
10-Ball,Nikolaos Seristatidis,Tübinger BC 1 | Tübinger BC 2,Bezirksliga | Kreisliga A,Ost 1,20,12,8,8.46,1507,1282,1732,115,4.50,0.01
league:Bezirksliga,Norbert Scheinpflug,BSV Tiengen 3 | BSV Tiengen 4,Bezirksliga,West 1 | West 2,45,21,24,22.70,1507,1364,1649,73,11.28,0.01
league:Landesliga,Orhan Cetin,BSV Pfullingen 1 | BSV Pfullingen 2,Landesliga,Ost | West,41,20,21,25.36,1507,1372,1641,69,13.20,0.01
8-Ball,Patrick Coklica,Tübinger BC 2,Kreisliga A,Ost 1,4,3,1,3.43,1507,1175,1839,169,1.82,0.01
14/1e,Ramin Raeisi,BSV Pfullingen 2,Bezirksliga,Ost 1,6,2,4,2.48,1507,1137,1876,188,1.35,0.01
all,Sascha Nyffeler,BC Weingarten 1 | PBC Langenargen 1 | PBC Langenargen 2,Bezirksliga | Landesliga,Ost | Ost 2,42,18,24,26.24,1507,1373,1641,68,11.31,0.01
14/1e,Simon Conrad,BSG Albstadt 1,Bezirksliga,West 1 | West 2,26,18,8,11.08,1507,1308,1705,101,6.05,0.01
league:Landesliga,Steffen Graf,BV Villingen-Schwenningen 1,Landesliga,West,4,3,1,1.35,1507,1061,1954,228,0.66,0.01
9-Ball,Thorsten Kappus,BSV Pfullingen 1 | BSV Pfullingen 2,Landesliga,Ost | West,13,9,4,8.54,1507,1284,1730,114,3.92,0.01
all,Tobias Walz,PBC Nagoldtal 3,Bezirksliga,West 2,2,1,1,2.00,1507,1112,1902,202,0.92,0.01
league:Bezirksliga,Tobias Walz,PBC Nagoldtal 3,Bezirksliga,West 2,2,1,1,2.00,1507,1112,1902,202,0.92,0.01
10-Ball,Ulrich Schäfer,BSV Pfullingen 1 | BSV Pfullingen 2,Kreisliga A | Landesliga,Ost | Ost 1,4,2,2,2.89,1507,1153,1862,181,1.36,0.01
all,Uwe Cordes,Tübinger BC 1,Bezirksliga | Landesliga,Ost | Ost 1,12,4,8,4.36,1507,1204,1809,155,1.77,0.01
9-Ball,Ahmet Bumin,PBC Bad Saulgau 2 | PBC Bad Saulgau 3,Kreisliga A,Ost 2,12,6,6,7.21,1506,1263,1749,124,3.61,0.01
9-Ball,Andreas Einsiedler,PBC Langenargen 1 | PBC Langenargen 2,Bezirksliga | Landesliga,Ost | Ost 2,13,6,7,7.43,1506,1269,1744,121,3.39,0.01
all,Arash Dayyani,BC Dätzingen 1,Bezirksliga,West 2,2,1,1,2.00,1506,1112,1899,201,1.03,0.01
league:Bezirksliga,Arash Dayyani,BC Dätzingen 1,Bezirksliga,West 2,2,1,1,2.00,1506,1112,1899,201,1.03,0.01
9-Ball,Christian Lorenz,BSV Tiengen 2,Landesliga,West,7,2,5,2.34,1506,1129,1883,192,1.00,0.01
league:Landesliga,Christian Späthe,PBC Langenargen 1,Landesliga,Ost,14,7,7,5.95,1506,1245,1768,133,2.81,0.01
9-Ball,Dennis Rothaug,BV Villingen-Schwenningen 1,Landesliga,West,1,0,1,0.33,1506,912,2099,303,0.13,0.01
all,Ingo Maier,PBC Langenargen 4,Kreisliga A,Ost 2,28,13,15,15.29,1506,1334,1678,88,8.05,0.01
all,Jozsef Zvorinji,TV Cannstatt 2,Landesliga,Ost,2,1,1,2.00,1506,1111,1902,202,0.98,0.01
league:Landesliga,Jozsef Zvorinji,TV Cannstatt 2,Landesliga,Ost,2,1,1,2.00,1506,1111,1902,202,0.98,0.01
14/1e,Kai Kiss,BSV Tiengen 2,Landesliga,West,3,2,1,1.31,1506,1056,1956,229,0.68,0.01
8-Ball,Kevin Künstler,BSC Göppingen 3,Bezirksliga | Kreisliga A,Ost 1 | Ost 2,18,8,10,13.49,1506,1319,1694,96,6.51,0.01
league:Bezirksliga,Marcel Biegler,BSV Pfullingen 3,Bezirksliga,Ost 1,4,1,3,1.28,1506,1043,1969,236,0.46,0.01
14/1e,Mathias Laskus,PBV Rottweil 2,Bezirksliga,West 2,10,5,5,3.41,1506,1178,1834,167,1.78,0.01
8-Ball,Max Schmidtke,BSC Göppingen 3,Bezirksliga,Ost 1,2,0,2,1.45,1506,1055,1958,230,0.52,0.01
8-Ball,Mustafa Basaran,BSV Filderstadt 4,Landesliga,Ost,1,0,1,0.41,1506,920,2091,299,0.13,0.01
10-Ball,Sebastian Oswald,BSV Pfullingen 3 | BSV Pfullingen 4,Bezirksliga | Kreisliga A,Ost 1,8,4,4,4.01,1506,1199,1812,156,2.01,0.01
10-Ball,Siegbert Müller,BC Bad Schussenried 1 | BC Bad Schussenried 2 | BC Bad Schussenried 3,Bezirksliga | Kreisliga A | Landesliga,Ost | Ost 2,25,10,15,15.07,1506,1333,1679,88,6.98,0.01
10-Ball,Steffen Röschinger,BBC Plochingen 2,Bezirksliga,Ost 1,2,1,1,0.84,1506,998,2014,259,0.42,0.01
10-Ball,Thomas Enge,PBC Reutlingen 2 | PBC Reutlingen 3,Bezirksliga | Kreisliga A,Ost 1,18,9,9,14.60,1506,1330,1682,90,7.40,0.01
10-Ball,Thomas Wochner,P&S Denzlingen 2,Landesliga,West,4,2,2,3.59,1506,1182,1829,165,1.72,0.01
9-Ball,Zeeshan Khan,PBC Ochsenhausen 2,Kreisliga A,Ost 2,2,1,1,1.07,1506,1031,1981,242,0.60,0.01
all,Arno Marotz,BSV Filderstadt 2 | BSV Filderstadt 3 | BSV Filderstadt 4,Bezirksliga | Landesliga,Ost | Ost 1,91,39,52,55.34,1505,1412,1598,47,25.66,0.01
league:Landesliga,Daniel Montfort,P&S Denzlingen 2 | P&S Denzlingen 3,Landesliga,West,4,3,1,3.40,1505,1177,1833,167,1.91,0.01
10-Ball,Dennis Knoblauch,P&S Denzlingen 4,Bezirksliga,West 1,5,5,0,4.20,1505,1198,1812,157,2.58,0.01
league:Landesliga,Florian Stubert,BSV Filderstadt 1 | BSV Filderstadt 3 | BSV Filderstadt 4,Landesliga,Ost,33,14,19,17.28,1505,1344,1665,82,8.45,0.01
14/1e,Francesco Dragotta,Tübinger BC 3,Kreisliga A,Ost 1,5,4,1,4.48,1505,1211,1799,150,2.28,0.01
all,Johannes Mai,Tübinger BC 1 | Tübinger BC 2,Bezirksliga | Kreisliga A | Landesliga,Ost | Ost 1,27,13,14,17.19,1505,1342,1668,83,8.84,0.01
league:Kreisliga A,Jonas Entenmann,Tübinger BC 2,Kreisliga A,Ost 1,8,4,4,2.74,1505,1151,1859,181,1.35,0.01
league:Kreisliga A,Manuel Aschenbrenner,BC Bad Schussenried 5 | PBC Bad Saulgau 3,Kreisliga A,Ost 2,50,22,28,28.35,1505,1375,1634,66,14.46,0.01
9-Ball,Manuel Wissen,PBC Offenburg 3 | PBC Offenburg 4,Landesliga,West,11,4,7,7.43,1505,1267,1743,122,3.47,0.01
14/1e,Martin Wistuba,BSV Pfullingen 2 | BSV Pfullingen 3 | BSV Pfullingen 4,Bezirksliga | Kreisliga A,Ost 1,6,1,5,2.86,1505,1156,1855,178,1.29,0.01
all,Massimo Gabriele,BC Bad Schussenried 2 | BC Bad Schussenried 3,Kreisliga A,Ost 2,6,3,3,2.87,1505,1155,1855,178,1.61,0.01
9-Ball,Nikolai Lupena,BSC Göppingen 3,Bezirksliga,Ost 1,1,0,1,0.80,1505,988,2022,264,0.28,0.01
10-Ball,Olaf Schwarz,BC Sindelfingen 4,Landesliga,West,1,1,0,1.00,1505,1019,1990,248,0.59,0.01
all,Olaf Schwarz,BC Sindelfingen 4,Landesliga,West,2,1,1,2.00,1505,1108,1902,203,0.93,0.01
league:Kreisliga A,Peter Restle,BSV Pfullingen 2,Kreisliga A,Ost 1,18,11,7,15.14,1505,1329,1680,90,7.73,0.01
all,Peter Schmidt,BSV Tiengen 2 | BSV Tiengen 3 | BSV Tiengen 4,Bezirksliga | Landesliga,West | West 1,79,37,42,51.50,1505,1408,1603,50,27.78,0.01
9-Ball,Timur Susuz,BC Aalen 3,Landesliga,Ost,1,0,1,1.00,1505,1023,1988,246,0.45,0.01
10-Ball,Tobias Küderle,PBC Offenburg 3,Bezirksliga | Landesliga,West | West 1,18,10,8,10.69,1505,1303,1707,103,5.11,0.01
league:Landesliga,Ulrich Schäfer,BSV Pfullingen 1,Landesliga,Ost,6,3,3,4.13,1505,1202,1807,154,2.05,0.01
league:Landesliga,Volker Gutzeit,BBC Plochingen 1,Landesliga,Ost,22,12,10,12.86,1505,1319,1690,95,6.55,0.01
all,Adham Mohamed,Tübinger BC 1 | Tübinger BC 2 | Tübinger BC 3,Bezirksliga | Kreisliga A,Ost 1 | West 2,14,7,7,12.36,1504,1309,1698,99,6.81,0.01
8-Ball,Andrej Stark,P&S Denzlingen 2,Bezirksliga,West 1,1,0,1,0.57,1504,958,2049,278,0.25,0.01
league:Kreisliga A,Andrew Steinhauer,PBC Bad Saulgau 2 | PBC Bad Saulgau 3,Kreisliga A,Ost 2,19,6,13,14.69,1504,1329,1679,89,6.71,0.01
10-Ball,Dieter Krause,BBC Plochingen 2,Bezirksliga | Kreisliga A,Ost 1,14,7,7,11.26,1504,1305,1704,102,5.56,0.01
all,Frank Diedrich,PBC Sand 2,Bezirksliga,West 1,36,17,19,13.66,1504,1325,1683,91,7.07,0.01
all,Joachim Koepke,PBC Offenburg 3 | PBC Offenburg 4 | PBC Offenburg 5,Bezirksliga | Landesliga,West | West 1,59,27,32,41.81,1504,1396,1611,55,18.96,0.01
9-Ball,Klaus Woehrlin,PBC Offenburg 3 | PBC Offenburg 5,Bezirksliga | Landesliga,West | West 1,6,3,3,3.01,1504,1157,1850,177,1.53,0.01
14/1e,Lutz Denk,BBC Plochingen 1,Bezirksliga,Ost 1,3,0,3,0.96,1504,1015,1993,250,0.41,0.01
all,Marcel Biegler,BSV Pfullingen 3,Bezirksliga,Ost 1,4,1,3,1.28,1504,1042,1966,236,0.46,0.01
league:Landesliga,Marco Bunke,BSV Pfullingen 1,Landesliga,Ost,2,1,1,1.38,1504,1062,1945,225,0.73,0.01
all,Mark Hast,Tübinger BC 1 | Tübinger BC 2,Bezirksliga | Kreisliga A,Ost 1,52,24,28,34.57,1504,1387,1621,60,17.87,0.01
10-Ball,Markus Graml,PBC Langenargen 1 | PBC Langenargen 2,Bezirksliga | Landesliga,Ost | Ost 2,2,1,1,0.76,1504,980,2028,267,0.41,0.01
9-Ball,Martin Frei,PBC Offenburg 2,Landesliga,West,5,2,3,2.14,1504,1114,1894,199,0.93,0.01
league:Bezirksliga,Mathias Frey,PBC Offenburg 5,Bezirksliga,West 1,28,14,14,10.72,1504,1303,1705,102,5.37,0.01
9-Ball,Mathias Laskus,PBV Rottweil 2,Bezirksliga,West 2,3,1,2,1.00,1504,1019,1989,247,0.52,0.01
14/1e,Mike Becker,PBC Offenburg 3 | PBC Offenburg 4,Bezirksliga | Landesliga,West | West 1,11,4,7,4.00,1504,1198,1810,156,1.94,0.01
10-Ball,Mustafa Basaran,BSV Filderstadt 4,Landesliga,Ost,1,0,1,0.46,1504,935,2072,290,0.18,0.01
14/1e,Partha Ghosh,Tübinger BC 1 | Tübinger BC 2,Bezirksliga | Kreisliga A,Ost 1,9,5,4,7.32,1504,1266,1742,121,3.69,0.01
9-Ball,Patrick Bolduan,BC Weingarten 1,Bezirksliga | Landesliga,Ost | Ost 2,2,1,1,1.42,1504,1058,1951,228,0.59,0.01
14/1e,Peter Schmidt,BSV Tiengen 2 | BSV Tiengen 3 | BSV Tiengen 4,Bezirksliga | Landesliga,West | West 1,24,13,11,15.89,1504,1336,1673,86,8.47,0.01
14/1e,Qayssar Al Saedi,BSV Konstanz 1,Landesliga,Ost,1,0,1,0.31,1504,909,2099,304,0.14,0.01
14/1e,Rainer Heilmann,BSV Tiengen 3 | BSV Tiengen 4,Bezirksliga,West 1 | West 2,40,21,19,25.79,1504,1371,1638,68,13.17,0.01
9-Ball,Thomas Hetzel,PBC Sand 2,Bezirksliga,West 1,4,2,2,1.61,1504,1078,1929,217,0.92,0.01
league:Landesliga,Thorsten Kappus,BSV Pfullingen 1 | BSV Pfullingen 2,Landesliga,Ost | West,35,20,15,22.36,1504,1362,1647,73,11.30,0.01
8-Ball,Udo Gleich,BC Blaustein 1,Bezirksliga | Kreisliga A | Landesliga,Ost | Ost 2,14,4,10,5.99,1504,1239,1768,135,2.49,0.01
9-Ball,Ulrich Oswald,BSV Filderstadt 2 | BSV Filderstadt 3 | BSV Filderstadt 5,Bezirksliga | Kreisliga A,Ost 1,12,7,5,8.45,1504,1280,1728,114,4.26,0.01
9-Ball,Wilfried Schön,BSC Göppingen 1 | BSC Göppingen 2,Bezirksliga | Landesliga,Ost | Ost 1,5,3,2,3.22,1504,1166,1843,173,1.47,0.01
8-Ball,Yavuz Güleryüz,P&S Denzlingen 1 | P&S Denzlingen 2,Bezirksliga | Landesliga,West | West 1 | West 2,20,10,10,9.09,1504,1284,1725,112,4.32,0.01
all,Önder Coskun,BSC Lions Bietigheim 1,Landesliga,West,2,1,1,2.00,1504,1111,1897,201,1.02,0.01
league:Landesliga,Önder Coskun,BSC Lions Bietigheim 1,Landesliga,West,2,1,1,2.00,1504,1111,1897,201,1.02,0.01
10-Ball,Ali El Ajouz,BC Dreiländereck 1 | BC Dreiländereck 2,Landesliga,West,2,1,1,0.96,1503,1014,1993,250,0.55,0.00
14/1e,Benjamin Eiberger,BV Pforzheim 2,Landesliga,West,1,1,0,1.00,1503,1021,1985,246,0.51,0.00
league:Kreisliga A,Cornelius Ryan,PBC Reutlingen 2 | Tübinger BC 3,Kreisliga A,Ost 1,52,24,28,23.55,1503,1361,1645,72,11.46,0.00
10-Ball,Daniel La Cognata,BC Sindelfingen 4,Landesliga,West,1,0,1,1.00,1503,1016,1990,248,0.40,0.00
8-Ball,Fabian Schaber,PBC Langenargen 3,Bezirksliga,Ost 2,1,0,1,0.59,1503,955,2052,280,0.21,0.00
8-Ball,Franjo Antunovic,BBC Plochingen 1 | BBC Plochingen 2,Bezirksliga | Kreisliga A | Landesliga,Ost | Ost 1,7,3,4,3.84,1503,1171,1835,169,1.74,0.00
10-Ball,Frank Flach,PBC Ochsenhausen 2,Kreisliga A,Ost 2,3,2,1,1.02,1503,1023,1984,245,0.55,0.00
league:Bezirksliga,Frank Flach,PBC Ochsenhausen 1,Bezirksliga,Ost 2,2,1,1,0.66,1503,970,2037,272,0.29,0.00
9-Ball,Gero Fähnle,BSV Filderstadt 6,Kreisliga A,Ost 1,2,1,1,0.86,1503,994,2013,260,0.49,0.00
9-Ball,Glen Corcoran,PBC Ochsenhausen 3,Kreisliga A,Ost 2,2,2,0,0.71,1503,980,2026,267,0.40,0.00
9-Ball,Heiko Schmeil,BSC Göppingen 2,Kreisliga A,Ost 1,1,1,0,0.31,1503,907,2099,304,0.18,0.00
league:Bezirksliga,Klaus Friedrich,P&S Denzlingen 2 | P&S Denzlingen 3,Bezirksliga,West 1 | West 2,7,4,3,3.61,1503,1176,1830,167,2.00,0.00
14/1e,Max Miedzianowski,BC Stuttgart 1891 7,Kreisliga A,Ost 1,1,1,0,1.00,1503,1021,1985,246,0.51,0.00
all,Michael Metzger,BC Feuersee 1,Kreisliga A,Ost 2,2,1,1,2.00,1503,1110,1897,201,1.02,0.00
league:Kreisliga A,Michael Metzger,BC Feuersee 1,Kreisliga A,Ost 2,2,1,1,2.00,1503,1110,1897,201,1.02,0.00
all,Mustafa Benk,TV Cannstatt 2,Landesliga,Ost,2,1,1,2.00,1503,1103,1902,204,1.05,0.00
league:Landesliga,Mustafa Benk,TV Cannstatt 2,Landesliga,Ost,2,1,1,2.00,1503,1103,1902,204,1.05,0.00
8-Ball,Peter Lotterer,PBC Reutlingen 1,Landesliga,West,1,1,0,1.00,1503,1009,1998,252,0.66,0.00
all,Phi Dang,P&S Denzlingen 2 | P&S Denzlingen 3,Bezirksliga | Landesliga,West | West 1 | West 2,12,5,7,7.17,1503,1259,1748,125,3.22,0.00
league:Landesliga,Robert Tiffert,BSV Tiengen 3,Landesliga,West,19,11,8,16.62,1503,1338,1667,84,8.70,0.00
14/1e,Siegbert Müller,BC Bad Schussenried 1 | BC Bad Schussenried 2 | BC Bad Schussenried 3,Bezirksliga | Kreisliga A,Ost 2,13,5,8,7.33,1503,1265,1741,122,3.65,0.00
league:Landesliga,Simon Theodoropoulos,Tübinger BC 1,Landesliga,Ost | West,14,6,8,6.05,1503,1244,1762,132,3.07,0.00
all,Steffen Röschinger,BBC Plochingen 2,Bezirksliga | Kreisliga A,Ost 1,12,4,8,4.78,1503,1212,1794,148,1.97,0.00
9-Ball,Stephan Rech-Linker,BC Sindelfingen 4,Landesliga,West,1,0,1,1.00,1503,1011,1994,251,0.36,0.00
league:Landesliga,Thomas Weniger,BSV Tiengen 3,Landesliga,West,14,9,5,11.64,1503,1310,1697,99,6.03,0.00
league:Bezirksliga,Tom Mischner,PBC Langenargen 2,Bezirksliga,Ost 2,33,17,16,15.76,1503,1333,1672,86,7.91,0.00
league:Kreisliga A,Abdul Mecit Kul,BC Blaustein 1,Kreisliga A,Ost 2,12,5,7,3.95,1502,1190,1814,159,1.99,0.00
league:Bezirksliga,Adham Mohamed,Tübinger BC 1,Bezirksliga,Ost 1,10,5,5,8.73,1502,1278,1726,114,4.50,0.00
9-Ball,Aristidis Michailidis,BSV Filderstadt 2 | BSV Filderstadt 3,Bezirksliga,Ost 1,3,2,1,2.39,1502,1127,1876,191,1.30,0.00
league:Bezirksliga,Bernd Messing,PBC Offenburg 3 | PBC Offenburg 4,Bezirksliga,West 1,35,16,19,13.35,1502,1319,1684,93,6.39,0.00
all,Besirat Fekadu,BSC Göppingen 2,Bezirksliga | Landesliga,Ost | Ost 1,64,29,35,36.25,1502,1388,1616,58,17.79,0.00
8-Ball,Björn Welte,PBC Bräunlingen 1 | PBC Bräunlingen 2,Bezirksliga | Landesliga,West | West 2,4,1,3,2.30,1502,1117,1886,196,1.04,0.00
all,Eyvinh Polvito,BSC Göppingen 3,Bezirksliga,Ost 1 | Ost 2,26,16,10,22.70,1502,1358,1645,73,11.37,0.00
14/1e,Kathrin Karwath,PBC Reutlingen 2 | PBC Reutlingen 3,Kreisliga A,Ost 1 | West 2,5,3,2,2.54,1502,1131,1874,189,1.52,0.00
10-Ball,Marc Allinger,PBC Freudenstadt 3,Bezirksliga | Landesliga,West | West 1,40,20,20,24.41,1502,1364,1640,71,12.19,0.00
14/1e,Marco Conrad,PBC Langenargen 3,Kreisliga A,Ost 2,3,2,1,1.07,1502,1028,1976,242,0.56,0.00
14/1e,Marcus Elfenthal,P&S Denzlingen 1 | P&S Denzlingen 2 | P&S Denzlingen 3,Bezirksliga | Landesliga,West | West 1 | West 2,41,18,23,26.22,1502,1369,1635,68,12.24,0.00
10-Ball,Mark Hast,Tübinger BC 1 | Tübinger BC 2,Bezirksliga | Kreisliga A,Ost 1,13,3,10,8.95,1502,1282,1722,112,4.17,0.00
8-Ball,Phi Dang,P&S Denzlingen 2,Landesliga,West,2,1,1,1.42,1502,1052,1952,229,0.67,0.00
8-Ball,Philip Kammnick,BC Bad Schussenried 2 | BC Bad Schussenried 3,Bezirksliga | Kreisliga A,Ost 2,13,4,9,7.36,1502,1258,1747,125,3.52,0.00
14/1e,Sebastian Oswald,BSV Pfullingen 2 | BSV Pfullingen 3 | BSV Pfullingen 4,Bezirksliga | Kreisliga A,Ost 1,9,4,5,4.14,1502,1198,1805,155,1.91,0.00
all,Siegbert Müller,BC Bad Schussenried 1 | BC Bad Schussenried 2 | BC Bad Schussenried 3,Bezirksliga | Kreisliga A | Landesliga,Ost | Ost 2,60,26,34,35.81,1502,1387,1617,59,16.81,0.00
league:Kreisliga A,Siegbert Müller,BC Bad Schussenried 2 | BC Bad Schussenried 3,Kreisliga A,Ost 2,28,12,16,14.24,1502,1324,1679,90,6.93,0.00
league:Landesliga,Silvestar Smokovic,BSC Göppingen 1 | BSC Göppingen 2,Landesliga,Ost,55,30,25,37.11,1502,1390,1614,57,18.08,0.00
league:Landesliga,Simon Kemmerling,PBC Bräunlingen 1 | PBC Bräunlingen 2,Landesliga,West,28,14,14,16.15,1502,1335,1669,85,8.09,0.00
9-Ball,Stefanie Arndt,BSV Tiengen 3,Bezirksliga,West 2,1,0,1,0.42,1502,927,2076,293,0.17,0.00
8-Ball,Sven Wezstein,PBC Bietigheim-Bissingen 1,Bezirksliga,Ost 1,1,1,0,1.00,1502,1013,1991,249,0.62,0.00
all,Timo Heim,PBC Offenburg 3 | PBC Offenburg 4,Bezirksliga | Landesliga,West | West 1,83,37,46,50.69,1502,1405,1600,50,25.48,0.00
14/1e,Alexander Gohlke,P&S Denzlingen 2,Bezirksliga,West 1 | West 2,3,2,1,1.34,1501,1054,1948,228,0.71,0.00
10-Ball,Cesare Caccavelli,PBC Langenargen 2 | PBC Langenargen 3,Bezirksliga | Kreisliga A,Ost 2,13,9,4,9.40,1501,1287,1716,109,4.75,0.00
league:Landesliga,Daniel Schmid,BC Bad Schussenried 1,Landesliga,Ost,8,4,4,4.75,1501,1216,1786,145,2.44,0.00
10-Ball,Dirk Dufner,P&S Denzlingen 3,Bezirksliga | Landesliga,West | West 1,5,1,4,4.01,1501,1178,1824,165,1.71,0.00
9-Ball,Erwin Thoma,BC Bad Schussenried 3 | PBC Ochsenhausen 1 | PBC Ochsenhausen 2,Bezirksliga | Kreisliga A | Landesliga,Ost | Ost 2,12,6,6,6.53,1501,1248,1754,129,3.19,0.00
9-Ball,Eyvinh Polvito,BSC Göppingen 3,Bezirksliga,Ost 1 | Ost 2,9,6,3,7.80,1501,1267,1736,120,3.87,0.00
all,Lars Jäger,P&S Denzlingen 4,Bezirksliga,West 1,30,14,16,25.90,1501,1368,1635,68,13.17,0.00
14/1e,Luciano Abruzzese,BV Markdorf 2 | BV Markdorf 3,Bezirksliga | Kreisliga A,Ost 2,12,4,8,6.02,1501,1242,1761,132,2.65,0.00
8-Ball,Norbert Scheinpflug,BSV Tiengen 3 | BSV Tiengen 4,Bezirksliga,West 1 | West 2,23,12,11,11.66,1501,1306,1696,100,6.09,0.00
10-Ball,Roland Scheinpflug,BSV Tiengen 3,Bezirksliga,West 2,1,0,1,0.34,1501,908,2094,302,0.13,0.00
league:Bezirksliga,Roman Holzhauser,PBC Sand 2,Bezirksliga,West 1,18,7,11,7.53,1501,1265,1736,120,3.66,0.00
10-Ball,Rudi Fölker,PBC Bad Saulgau 2 | PBC Bad Saulgau 3,Bezirksliga | Kreisliga A,Ost 2,22,11,11,9.87,1501,1291,1710,107,4.94,0.00
8-Ball,Stefan Avrancsev,BSC Göppingen 2,Bezirksliga,Ost 1,14,7,7,8.51,1501,1271,1730,117,4.22,0.00
14/1e,Udo Gleich,BC Blaustein 1,Bezirksliga | Kreisliga A,Ost 2,11,6,5,3.78,1501,1181,1821,163,1.78,0.00
league:Kreisliga A,Ulrich Märkle,Tübinger BC 2,Kreisliga A,Ost 1,21,10,11,7.55,1501,1263,1740,122,4.06,0.00
all,Yahya Bouchikhi,P&S Denzlingen 2,Landesliga,West,12,6,6,10.06,1501,1291,1712,107,4.82,0.00
league:Bezirksliga,Antonio Nuzziello,BSC Göppingen 2,Bezirksliga,Ost 1,60,26,34,33.43,1500,1382,1619,61,15.90,0.00
league:Landesliga,Christian Lorenz,BSV Tiengen 2,Landesliga,West,16,5,11,5.36,1500,1221,1780,143,2.19,0.00
all,Horst Hardtke,BC Aalen 3,Landesliga,Ost,2,1,1,2.00,1500,1105,1894,201,0.89,-0.00
league:Kreisliga A,Jens Stintz,BSV Filderstadt 5 | BSV Filderstadt 6,Kreisliga A,Ost 1,21,10,11,8.35,1500,1273,1727,116,3.86,0.00
14/1e,Klaus Dietrich,BV Markdorf 2,Bezirksliga,Ost 2,5,2,3,3.83,1500,1188,1813,159,1.70,0.00
9-Ball,Markus Löscher,BSV Shooters Fellbach 2,Kreisliga A,Ost 1,1,1,0,1.00,1500,1005,1996,253,0.67,0.00
10-Ball,Mathias Laskus,PBV Rottweil 2,Bezirksliga,West 2,2,1,1,0.67,1500,972,2029,270,0.37,0.00
14/1e,Oliver Schwertschlager,BC Stuttgart 1891 2,Landesliga,Ost,1,0,1,1.00,1500,1012,1989,249,0.38,0.00
8-Ball,Pascal Sanna,PBC Freudenstadt 3,Bezirksliga | Landesliga,West | West 1,26,13,13,11.98,1500,1303,1697,101,5.99,0.00
all,Peter Baur,BSG Albstadt 1 | Tübinger BC 3,Bezirksliga | Kreisliga A,Ost 1 | West 1 | West 2,84,43,41,47.50,1500,1400,1600,51,23.73,0.00
8-Ball,Reaven Zhang,P&S Denzlingen 1 | P&S Denzlingen 2,Bezirksliga | Landesliga,West | West 2,2,1,1,0.75,1500,985,2016,263,0.34,0.00
league:Bezirksliga,Steffen Röschinger,BBC Plochingen 2,Bezirksliga,Ost 1,10,4,6,4.15,1500,1195,1805,156,1.84,0.00
10-Ball,Thomas Stöckel,PBC Offenburg 2,Landesliga,West,2,1,1,1.83,1500,1094,1906,207,0.96,-0.00
14/1e,Andre Schwenzfeier,BSV Pfullingen 3,Bezirksliga,Ost 1,1,0,1,0.40,1499,924,2075,294,0.20,-0.00
10-Ball,Dirk Hafner,PBC Offenburg 2 | PBC Offenburg 3 | PBC Offenburg 4,Bezirksliga | Landesliga,West | West 1,34,16,18,19.01,1499,1343,1655,79,9.46,-0.00
league:Kreisliga A,Eckart Grabe,BSV Filderstadt 3 | BSV Filderstadt 4 | BSV Filderstadt 5 | BSV Filderstadt 6,Kreisliga A,Ost 1,57,19,38,35.20,1499,1383,1614,59,16.23,-0.00
all,Ewald Bausch,PBC Langenargen 1 | PBC Langenargen 2,Bezirksliga,Ost 2,31,9,22,22.26,1499,1353,1645,75,8.94,-0.00
10-Ball,Goran Antunovic,Tübinger BC 1 | Tübinger BC 2,Kreisliga A | Landesliga,Ost | Ost 1,3,1,2,0.98,1499,1014,1985,248,0.49,-0.00
league:Kreisliga A,Julian Wolf,BSC Göppingen 2,Kreisliga A,Ost 1,2,1,1,0.63,1499,964,2035,273,0.32,-0.00
8-Ball,Jürgen Kieble,BC Bad Schussenried 1 | BC Bad Schussenried 2 | BC Bad Schussenried 3 | BC Bad Schussenried 4,Bezirksliga | Kreisliga A,Ost 2,10,6,4,6.39,1499,1242,1756,131,3.36,-0.00
14/1e,Jürgen Wilke,BSC Göppingen 2,Bezirksliga,Ost 1,3,2,1,1.26,1499,1042,1956,233,0.71,-0.00
9-Ball,Lutz Jeschke,BC Weingarten 1,Bezirksliga | Kreisliga A | Landesliga,Ost | Ost 2,41,18,23,21.89,1499,1355,1643,74,10.78,-0.00
9-Ball,Mark Hast,Tübinger BC 1 | Tübinger BC 2,Bezirksliga,Ost 1,4,2,2,2.65,1499,1140,1858,183,1.36,-0.00
9-Ball,Mark Pfaffenrodt,BV Villingen-Schwenningen 2,Bezirksliga,West 1 | West 2,18,9,9,11.95,1499,1305,1692,99,6.66,-0.00
all,Matthias Adler,PBC Offenburg 4,Landesliga,West,20,7,13,17.43,1499,1339,1660,82,7.79,-0.00
all,Nikolai Lupena,BSC Göppingen 3,Bezirksliga,Ost 1,6,2,4,5.14,1499,1217,1781,144,1.99,-0.00
14/1e,Peter Baur,BSG Albstadt 1 | Tübinger BC 3,Bezirksliga | Kreisliga A,Ost 1 | West 1 | West 2,42,23,19,23.75,1499,1361,1637,71,12.42,-0.00
league:Bezirksliga,Pietro Calo,BV Markdorf 2 | BV Markdorf 3,Bezirksliga,Ost 2,63,21,42,41.22,1499,1392,1606,55,18.68,-0.00
league:Landesliga,Ryan Grabowski,P&S Denzlingen 3,Landesliga,West,4,2,2,3.69,1499,1184,1815,161,1.87,-0.00
10-Ball,Ulrich Märkle,Tübinger BC 2,Kreisliga A,Ost 1,8,3,5,2.91,1499,1149,1850,179,1.47,-0.00
14/1e,Yves Jordan,BSC Göppingen 2 | BSC Göppingen 3,Kreisliga A,Ost 1,5,2,3,2.07,1499,1108,1890,200,1.08,-0.00
all,Alexander Gohlke,P&S Denzlingen 2,Bezirksliga,West 1 | West 2,6,3,3,2.68,1498,1137,1859,184,1.51,-0.00
9-Ball,Claudio Pontuti,BSV Filderstadt 4,Landesliga,Ost,1,0,1,0.43,1498,927,2069,291,0.18,-0.00
all,Ervin Lika,BSV Filderstadt 4 | BSV Filderstadt 5,Kreisliga A | Landesliga,Ost | Ost 1,21,9,12,8.87,1498,1276,1720,113,3.84,-0.00
14/1e,Frank Diedrich,PBC Sand 2,Bezirksliga,West 1,16,8,8,6.12,1498,1242,1754,131,3.00,-0.00
14/1e,Horst Bendig,P&S Denzlingen 1 | P&S Denzlingen 2,Landesliga,West,22,6,16,9.60,1498,1285,1710,108,4.28,-0.00
9-Ball,Jonas Entenmann,Tübinger BC 2,Kreisliga A,Ost 1,1,1,0,0.35,1498,909,2087,301,0.22,-0.00
10-Ball,Ludwig Sandrik,PBV Rottweil 2,Bezirksliga,West 2,1,0,1,0.35,1498,911,2084,299,0.16,-0.00
8-Ball,Lynn Kohl,PBC Offenburg 4 | PBC Offenburg 5,Bezirksliga,West 1,2,1,1,0.70,1498,976,2020,267,0.34,-0.00
league:Landesliga,Matthias Maier,PBC Bräunlingen 1 | PBC Bräunlingen 2,Landesliga,West,16,8,8,9.24,1498,1280,1716,111,4.65,-0.00
14/1e,Mirjan Hidri,PBC Freudenstadt 3,Bezirksliga,West 1,7,4,3,5.87,1498,1234,1763,135,3.14,-0.00
14/1e,Nicole Hummel,BV Villingen-Schwenningen 2,Bezirksliga,West 2,2,0,2,0.84,1498,993,2003,257,0.38,-0.00
14/1e,Peggy Eisele,PBC Reutlingen 2,Kreisliga A,Ost 1,5,3,2,1.71,1498,1080,1915,213,0.96,-0.00
league:Landesliga,Qayssar Al Saedi,BSV Konstanz 1,Landesliga,Ost,2,1,1,0.63,1498,964,2033,273,0.32,-0.00
14/1e,Raimund Wanner,BC Bad Schussenried 1 | BC Bad Schussenried 3,Kreisliga A | Landesliga,Ost | Ost 2,9,5,4,4.99,1498,1218,1777,143,2.42,-0.00
all,Rainer Heilmann,BSV Tiengen 3 | BSV Tiengen 4,Bezirksliga,West 1 | West 2,107,61,46,64.63,1498,1410,1586,45,35.70,-0.00
all,Stefanie Arndt,BSV Tiengen 3,Bezirksliga,West 2,6,2,4,2.44,1498,1129,1867,188,1.16,-0.00
14/1e,Steffen Röschinger,BBC Plochingen 2,Bezirksliga | Kreisliga A,Ost 1,4,1,3,1.55,1498,1062,1935,223,0.60,-0.00
8-Ball,Steffen Röschinger,BBC Plochingen 2,Bezirksliga,Ost 1,5,2,3,2.07,1498,1103,1893,202,0.86,-0.00
10-Ball,Thorsten Mohr,BSV Konstanz 1,Landesliga,Ost,1,0,1,0.32,1498,903,2093,304,0.13,-0.00
14/1e,Tobias Küderle,PBC Offenburg 3,Landesliga,West,4,0,4,3.40,1498,1171,1825,167,1.49,-0.00
8-Ball,Umut Akinci,PBC Bad Saulgau 2 | PBC Bad Saulgau 3,Bezirksliga | Kreisliga A,Ost 2,6,1,5,2.29,1498,1112,1883,197,0.87,-0.00
8-Ball,Alexander Hemmer,BBC Plochingen 1 | BBC Plochingen 2,Bezirksliga | Kreisliga A | Landesliga,Ost | Ost 1,12,4,8,9.00,1497,1274,1720,114,3.78,-0.00
8-Ball,Attila Remete,PBV Rottweil 2,Bezirksliga,West 2,4,2,2,1.38,1497,1053,1940,226,0.76,-0.00
all,Christin Jentsch,PBC Aalen 2,Kreisliga A,Ost 2,2,1,1,2.00,1497,1103,1890,201,0.98,-0.00
league:Kreisliga A,Christin Jentsch,PBC Aalen 2,Kreisliga A,Ost 2,2,1,1,2.00,1497,1103,1890,201,0.98,-0.00
14/1e,Guido Ulmer,PBC Reutlingen 2,Bezirksliga,Ost 1,4,1,3,2.76,1497,1145,1850,180,1.35,-0.00
14/1e,Hamza Benslimane,BSV Pfullingen 1,Landesliga,West,1,0,1,1.00,1497,1015,1979,246,0.49,-0.00
all,Jan Weber,PBC Bad Saulgau 2 | PBC Bad Saulgau 3,Bezirksliga | Kreisliga A,Ost 2,46,25,21,30.41,1497,1373,1621,63,15.73,-0.00
14/1e,Jürgen Porzelt,BSV Tiengen 3,Bezirksliga,West 1,2,1,1,1.12,1497,1022,1972,242,0.63,-0.00
8-Ball,Kai Kiss,BSV Tiengen 2,Landesliga,West,1,0,1,0.73,1497,979,2015,264,0.34,-0.00
10-Ball,Kevin Patrick Fischer,BSV Pfullingen 2,Kreisliga A,Ost 1,3,1,2,2.59,1497,1130,1864,187,1.25,-0.00
9-Ball,Marco Conrad,PBC Langenargen 3,Kreisliga A,Ost 2,3,1,2,0.99,1497,1012,1983,248,0.45,-0.00
14/1e,Marius-Ionut Baniceru,BC Stuttgart 1891 6,Kreisliga A,Ost 1,1,0,1,1.00,1497,1015,1979,246,0.49,-0.00
league:Bezirksliga,Besirat Fekadu,BSC Göppingen 2,Bezirksliga,Ost 1,62,29,33,34.64,1496,1380,1613,60,17.23,-0.01
league:Kreisliga A,Gero Fähnle,BSV Filderstadt 5 | BSV Filderstadt 6 | PBC Reutlingen 3,Kreisliga A,Ost 1,28,12,16,13.64,1496,1312,1680,94,6.99,-0.01
all,Habib Karadal,BV Pforzheim 2,Landesliga,West,2,1,1,2.00,1496,1095,1898,205,0.76,-0.01
8-Ball,Halil Seker,BSV Filderstadt 3,Landesliga,Ost,1,0,1,0.33,1496,904,2088,302,0.14,-0.01
9-Ball,Hardi Engel,BV Markdorf 2,Bezirksliga,Ost 2,14,8,6,9.60,1496,1285,1707,108,4.77,-0.01
league:Kreisliga A,Heiko Heinrich,BSV Filderstadt 6,Kreisliga A,Ost 1,4,2,2,1.39,1496,1051,1941,227,0.63,-0.01
8-Ball,Heiko Schmeil,BSC Göppingen 2,Kreisliga A,Ost 1,5,3,2,1.68,1496,1070,1922,217,0.91,-0.01
10-Ball,Homayoun Nikzat,BSV Konstanz 1,Landesliga,Ost,2,0,2,0.69,1496,956,2036,276,0.21,-0.01
14/1e,Jamil Dib,P&S Denzlingen 2,Landesliga,West,1,0,1,0.80,1496,981,2011,263,0.30,-0.01
14/1e,Klaus Mutenzer,BC Blaustein 1,Kreisliga A,Ost 2,1,0,1,0.36,1496,907,2085,300,0.13,-0.01
9-Ball,Michael Martini,BSV Pfullingen 3,Bezirksliga,Ost 1,1,1,0,0.33,1496,902,2091,303,0.20,-0.01
14/1e,Samuel Schleitzer,P&S Denzlingen 2,Landesliga,West,1,0,1,0.79,1496,987,2005,260,0.37,-0.01
9-Ball,Sasa Kikic,BF Bronnen 1,Kreisliga A,Ost 2,6,3,3,5.24,1496,1222,1770,140,2.73,-0.01
all,Selim Güzel,PP Böblingen 1,Landesliga,West,2,1,1,2.00,1496,1103,1889,201,0.98,-0.01
league:Landesliga,Selim Güzel,PP Böblingen 1,Landesliga,West,2,1,1,2.00,1496,1103,1889,201,0.98,-0.01
league:Landesliga,Seong-Jin Kim,BSV Tiengen 3,Landesliga,West,28,14,14,24.11,1496,1358,1634,71,12.03,-0.01
9-Ball,Siegbert Müller,BC Bad Schussenried 1 | BC Bad Schussenried 2 | BC Bad Schussenried 3,Bezirksliga | Kreisliga A | Landesliga,Ost | Ost 2,20,10,10,12.09,1496,1305,1687,98,5.61,-0.01
10-Ball,Timo Heim,PBC Offenburg 3 | PBC Offenburg 4,Bezirksliga | Landesliga,West | West 1,26,11,15,18.02,1496,1337,1655,81,9.14,-0.01
14/1e,Ulrich Oswald,BSV Filderstadt 2 | BSV Filderstadt 3 | BSV Filderstadt 4 | BSV Filderstadt 5,Bezirksliga | Kreisliga A | Landesliga,Ost | Ost 1,30,9,21,16.27,1496,1330,1663,85,7.34,-0.01
league:Landesliga,Andreas Einsiedler,PBC Langenargen 1,Landesliga,Ost,47,21,26,22.74,1495,1353,1637,72,10.78,-0.01
all,Florian Schwägler,PBC Freudenstadt 3,Bezirksliga | Landesliga,West | West 1,106,50,56,62.47,1495,1407,1584,45,30.95,-0.01
14/1e,Hans-Henning Schmid,PBC Langenargen 1 | PBC Langenargen 2 | PBC Langenargen 3,Bezirksliga | Kreisliga A | Landesliga,Ost | Ost 2,24,8,16,11.45,1495,1298,1692,101,5.10,-0.01
9-Ball,Ingo Fehr,BC Unterteuringen 1,Bezirksliga,Ost 2,49,17,32,28.40,1495,1367,1622,65,13.48,-0.01
all,Joachim Bruggesser,PBC Bad Saulgau 3 | PBC Bad Saulgau 4,Kreisliga A,Ost 2,33,18,15,13.25,1495,1308,1681,95,7.59,-0.01
9-Ball,Joao Rodrigues,BSV Pfullingen 2 | BSV Pfullingen 3 | BSV Pfullingen 4,Bezirksliga | Kreisliga A,Ost 1,16,8,8,10.24,1495,1288,1702,106,4.92,-0.01
league:Bezirksliga,Johannes Mai,Tübinger BC 1,Bezirksliga,Ost 1,21,12,9,14.52,1495,1319,1671,90,7.77,-0.01
9-Ball,Julian Schank,PBC Ochsenhausen 2 | PBC Ochsenhausen 3,Kreisliga A,Ost 2,9,6,3,7.66,1495,1263,1727,118,3.97,-0.01
league:Bezirksliga,Karl-Heinz Krause,PBC Offenburg 5,Bezirksliga,West 1,41,19,22,15.87,1495,1328,1663,86,7.61,-0.01
all,Lutz Jeschke,BC Weingarten 1,Bezirksliga | Kreisliga A | Landesliga,Ost | Ost 2,97,40,57,54.99,1495,1400,1590,48,23.96,-0.01
9-Ball,Marc Allinger,PBC Freudenstadt 3,Bezirksliga | Landesliga,West | West 1,32,15,17,18.10,1495,1335,1655,82,9.08,-0.01
9-Ball,Massimo Gabriele,BC Bad Schussenried 2 | BC Bad Schussenried 3,Kreisliga A,Ost 2,3,1,2,1.43,1495,1058,1932,223,0.71,-0.01
14/1e,Philipp Vosseler,PBC Ochsenhausen 2,Kreisliga A,Ost 2,1,0,1,0.35,1495,903,2086,302,0.13,-0.01
league:Kreisliga A,Rudi Fölker,PBC Bad Saulgau 3,Kreisliga A,Ost 2,26,11,15,10.15,1495,1284,1706,108,4.86,-0.01
9-Ball,Thomas Durst,BC Stuttgart 1891 2,Landesliga,Ost,1,0,1,1.00,1495,994,1995,255,0.31,-0.01
league:Kreisliga A,Thomas Mänz,BSV Filderstadt 5 | BSV Filderstadt 6,Kreisliga A,Ost 1,34,15,19,12.64,1495,1306,1683,96,5.86,-0.01
8-Ball,Uwe Cordes,Tübinger BC 1,Bezirksliga | Landesliga,Ost | Ost 1,5,1,4,1.83,1495,1079,1911,212,0.72,-0.01
14/1e,Daniel Lehmann,PBC Bräunlingen 2,Landesliga,West,1,0,1,0.53,1494,944,2045,281,0.26,-0.01
all,Dimitrios Vafiadis,PBC Langenargen 2 | PBC Langenargen 3,Bezirksliga | Kreisliga A,Ost 2,4,2,2,1.71,1494,1072,1915,215,0.82,-0.01
9-Ball,Dirk Hafner,PBC Offenburg 2 | PBC Offenburg 3 | PBC Offenburg 4,Bezirksliga | Landesliga,West | West 1,32,17,15,18.11,1494,1336,1652,80,9.20,-0.01
9-Ball,Dominik Mogel,PBC Bräunlingen 2,Bezirksliga,West 1,9,5,4,6.94,1494,1249,1740,125,3.57,-0.01
league:Bezirksliga,Eyvinh Polvito,BSC Göppingen 3,Bezirksliga,Ost 1 | Ost 2,26,16,10,22.70,1494,1350,1639,74,11.38,-0.01
league:Bezirksliga,Fabian Thoma-Schuck,BC Weingarten 1,Bezirksliga,Ost 2,26,11,15,16.94,1494,1329,1658,84,7.72,-0.01
14/1e,Frank Flach,PBC Ochsenhausen 2,Kreisliga A,Ost 2,4,0,4,1.33,1494,1043,1944,230,0.57,-0.01
9-Ball,Jacco van de Streek,P&S Denzlingen 1,Landesliga,West,4,2,2,1.78,1494,1083,1905,210,0.79,-0.01
14/1e,Johannes Mai,Tübinger BC 1,Bezirksliga | Landesliga,Ost | Ost 1,6,3,3,4.04,1494,1188,1800,156,1.94,-0.01
8-Ball,Julian Schank,PBC Ochsenhausen 2 | PBC Ochsenhausen 3,Kreisliga A,Ost 2,5,2,3,4.11,1494,1187,1801,157,1.97,-0.01
10-Ball,Julian Wolf,BSC Göppingen 2,Kreisliga A,Ost 1,1,0,1,0.31,1494,897,2091,304,0.13,-0.01
14/1e,Jürgen Kieble,BC Bad Schussenried 2 | BC Bad Schussenried 3 | BC Bad Schussenried 4,Kreisliga A,Ost 2,6,1,5,3.26,1494,1161,1827,170,1.53,-0.01
8-Ball,Jürgen Wilke,BSC Göppingen 2,Bezirksliga,Ost 1,3,2,1,1.29,1494,1037,1950,233,0.51,-0.01
all,Marc Witt,BULL Leonberg-Höfingen 3,Kreisliga A,Ost 2,2,1,1,2.00,1494,1075,1913,214,0.76,-0.01
league:Kreisliga A,Marc Witt,BULL Leonberg-Höfingen 3,Kreisliga A,Ost 2,2,1,1,2.00,1494,1075,1913,214,0.76,-0.01
9-Ball,Mario Rosenkranz,PBC Bräunlingen 2,Bezirksliga,West 1 | West 2,2,2,0,1.23,1494,1034,1954,235,0.73,-0.01
14/1e,Matthias Stolz,BSV Shooters Fellbach 2,Kreisliga A,Ost 1,1,1,0,1.00,1494,1012,1976,246,0.52,-0.01
10-Ball,Melanie Henschel,PBC Offenburg 3 | PBC Offenburg 4 | PBC Offenburg 6,Bezirksliga | Landesliga,West | West 1,28,13,15,16.17,1494,1325,1664,86,8.84,-0.01
league:Landesliga,Olaf Schwarz,BC Sindelfingen 4,Landesliga,West,2,1,1,2.00,1494,1098,1890,202,0.94,-0.01
14/1e,Pavlos Korezelidis,BBC Plochingen 1,Bezirksliga | Landesliga,Ost | Ost 1,2,0,2,1.39,1494,1041,1946,231,0.49,-0.01
9-Ball,Peter Baur,BSG Albstadt 1 | Tübinger BC 3,Bezirksliga | Kreisliga A,West 1 | West 2,27,13,14,12.29,1494,1306,1682,96,5.94,-0.01
8-Ball,Pietro Calo,BV Markdorf 2 | BV Markdorf 3,Bezirksliga | Kreisliga A,Ost 2,40,17,23,24.76,1494,1356,1633,71,11.24,-0.01
10-Ball,Robert Zivanovic,BBC Plochingen 2,Bezirksliga,Ost 1,3,0,3,1.77,1494,1078,1910,212,0.73,-0.01
league:Bezirksliga,Roberto D`Elia,BC Unterteuringen 1,Bezirksliga,Ost 2,102,48,54,59.84,1494,1405,1582,45,28.87,-0.01
10-Ball,Stefanie Arndt,BSV Tiengen 3,Bezirksliga,West 2,2,1,1,0.80,1494,985,2003,260,0.41,-0.01
all,Sven Schulz,PBC Nagoldtal 3,Bezirksliga,West 2,2,1,1,2.00,1494,1101,1888,201,0.97,-0.01
league:Bezirksliga,Sven Schulz,PBC Nagoldtal 3,Bezirksliga,West 2,2,1,1,2.00,1494,1101,1888,201,0.97,-0.01
14/1e,Wolfgang Ehni,BC Dreiländereck 2,Landesliga,West,1,0,1,0.31,1494,893,2096,307,0.11,-0.01
10-Ball,Andre Schwenzfeier,BSV Pfullingen 2 | BSV Pfullingen 3 | BSV Pfullingen 4,Bezirksliga | Kreisliga A,Ost 1,28,10,18,17.66,1493,1332,1653,82,8.46,-0.01
8-Ball,Andreas Dirlewanger,PBC Bad Saulgau 3,Kreisliga A,Ost 2,7,3,4,4.12,1493,1188,1798,156,2.03,-0.01
9-Ball,Andrew Steinhauer,PBC Bad Saulgau 2 | PBC Bad Saulgau 3,Bezirksliga | Kreisliga A,Ost 2,10,4,6,5.61,1493,1226,1760,136,2.75,-0.01
league:Bezirksliga,Erwin Thoma,PBC Ochsenhausen 2,Bezirksliga,Ost 2,8,4,4,3.40,1493,1165,1821,167,1.49,-0.01
9-Ball,Fabian Rapp,BSV Pfullingen 2 | BSV Pfullingen 3 | BSV Pfullingen 4,Bezirksliga,Ost 1,5,1,4,2.41,1493,1119,1867,191,1.28,-0.01
league:Bezirksliga,Fabian Rapp,BSV Pfullingen 2 | BSV Pfullingen 3 | BSV Pfullingen 4,Bezirksliga,Ost 1,26,6,20,11.51,1493,1295,1690,101,4.87,-0.01
8-Ball,Idris Abanuzoglu,BSC Göppingen 3,Bezirksliga | Kreisliga A,Ost 1,5,2,3,2.86,1493,1133,1853,184,1.34,-0.01
14/1e,Ingo Fehr,BC Unterteuringen 1,Bezirksliga,Ost 2,1,0,1,0.69,1493,966,2021,269,0.29,-0.01
all,Jürgen Kieble,BC Bad Schussenried 1 | BC Bad Schussenried 2 | BC Bad Schussenried 3 | BC Bad Schussenried 4,Bezirksliga | Kreisliga A,Ost 2,43,21,22,26.66,1493,1360,1625,68,13.48,-0.01
league:Landesliga,Marc Wagner,BC Blaustein 1,Landesliga,Ost,49,17,32,32.61,1493,1374,1611,60,15.56,-0.01
9-Ball,Martin Brandt,BV Markdorf 2,Bezirksliga,Ost 2,34,16,18,19.49,1493,1341,1645,78,8.87,-0.01
14/1e,Michael Metzger,BC Feuersee 1,Kreisliga A,Ost 2,1,0,1,1.00,1493,1011,1975,246,0.48,-0.01
league:Landesliga,Pascal Sanna,PBC Freudenstadt 3,Landesliga,West,28,14,14,15.24,1493,1319,1666,88,7.37,-0.01
14/1e,Patrick Coklica,Tübinger BC 2,Kreisliga A,Ost 1,6,2,4,4.69,1493,1202,1783,148,2.57,-0.01
14/1e,Rudi Fölker,PBC Bad Saulgau 2,Bezirksliga,Ost 2,1,1,0,0.55,1493,945,2040,279,0.29,-0.01
9-Ball,Sait Pelit,BSC Göppingen 1,Landesliga,Ost,1,0,1,0.66,1493,964,2022,270,0.31,-0.01
8-Ball,Sebastian Bartsch,PBC Langenargen 1 | PBC Langenargen 2,Bezirksliga | Landesliga,Ost | Ost 2,8,5,3,5.14,1493,1211,1775,144,2.14,-0.01
14/1e,Wilfried Schön,BSC Göppingen 2 | BSC Göppingen 3,Bezirksliga | Landesliga,Ost | Ost 1 | Ost 2,20,6,14,15.17,1493,1319,1667,89,6.37,-0.01
10-Ball,Artur Maximow,BF Bronnen 1,Kreisliga A,Ost 2,1,1,0,0.91,1492,997,1988,253,0.52,-0.01
league:Kreisliga A,Bernhard Gneiting,PBC Reutlingen 2,Kreisliga A,Ost 1,16,9,7,7.06,1492,1250,1734,123,3.50,-0.01
all,Dennis Göricke,Tübinger BC 2,Kreisliga A,Ost 1,6,4,2,2.04,1492,1091,1893,205,1.09,-0.01
8-Ball,Fabian Thoma-Schuck,BC Weingarten 1 | BC Weingarten 2,Bezirksliga | Kreisliga A,Ost 2,33,14,19,18.37,1492,1330,1654,83,8.87,-0.01
8-Ball,Frank Flach,PBC Ochsenhausen 1 | PBC Ochsenhausen 2,Bezirksliga | Kreisliga A,Ost 2,7,3,4,2.35,1492,1112,1872,194,1.00,-0.01
10-Ball,Franz Hochenegg,BC Weingarten 2,Kreisliga A,Ost 2,2,1,1,1.82,1492,1086,1899,207,0.91,-0.01
league:Landesliga,Halil Seker,BSV Filderstadt 3,Landesliga,Ost,2,0,2,0.66,1492,960,2024,271,0.28,-0.01
14/1e,Ingo Maier,PBC Langenargen 4,Kreisliga A,Ost 2,13,3,10,7.13,1492,1250,1733,123,3.34,-0.01
14/1e,Jacco van de Streek,P&S Denzlingen 1,Landesliga,West,1,0,1,0.31,1492,887,2098,309,0.09,-0.01
all,Julian Wolf,BSC Göppingen 2,Kreisliga A,Ost 1,2,1,1,0.63,1492,956,2027,273,0.33,-0.01
all,Jürgen Wilke,BSC Göppingen 1 | BSC Göppingen 2,Bezirksliga,Ost 1,19,10,9,8.15,1492,1262,1722,117,3.87,-0.01
10-Ball,Marcus Wolf,PBC Bräunlingen 2,Bezirksliga | Landesliga,West | West 2,5,2,3,2.51,1492,1125,1859,187,1.09,-0.01
league:Landesliga,Mario Kaiser,BSC St. Georgen 1,Landesliga,West,20,9,11,13.69,1492,1311,1674,93,6.28,-0.01
10-Ball,Michael Schreiber,BC Dreiländereck 2,Landesliga,West,1,0,1,0.43,1492,921,2063,291,0.18,-0.01
9-Ball,Mustafa Ilkaya,BF Bronnen 1,Kreisliga A,Ost 1 | Ost 2,5,3,2,4.52,1492,1202,1782,148,2.30,-0.01
8-Ball,Nikolai Lupena,BSC Göppingen 3,Bezirksliga,Ost 1,2,0,2,1.83,1492,1071,1913,215,0.62,-0.01
league:Bezirksliga,Nikolai Lupena,BSC Göppingen 3,Bezirksliga,Ost 1,6,2,4,5.14,1492,1210,1774,144,2.00,-0.01
league:Landesliga,Pavlos Korezelidis,BBC Plochingen 1,Landesliga,Ost,24,12,12,13.00,1492,1307,1677,94,5.81,-0.01
league:Kreisliga A,Rudolf Weiß,PBC Bad Saulgau 4,Kreisliga A,Ost 2,36,19,17,17.22,1492,1330,1654,83,8.36,-0.01
8-Ball,Sascha Nyffeler,PBC Langenargen 1,Landesliga,Ost,1,0,1,0.65,1492,952,2032,276,0.23,-0.01
all,Stefan Herms,PBC Bräunlingen 2,Bezirksliga | Landesliga,West | West 1 | West 2,10,6,4,5.89,1492,1219,1765,139,3.07,-0.01
9-Ball,Alfred Hellrigl,BC Weingarten 1 | BC Weingarten 2,Bezirksliga | Kreisliga A,Ost 2,14,8,6,7.24,1491,1252,1730,122,3.66,-0.01
league:Kreisliga A,Alper Körpe,BF Bronnen 1 | PBC Ochsenhausen 2,Kreisliga A,Ost 1 | Ost 2,63,28,35,44.79,1491,1388,1594,53,22.49,-0.01
league:Kreisliga A,Dietmar Karoli,Tübinger BC 2,Kreisliga A,Ost 1,6,4,2,4.11,1491,1185,1796,156,2.05,-0.01
10-Ball,Ewald Bausch,PBC Langenargen 1 | PBC Langenargen 2,Bezirksliga,Ost 2,4,1,3,2.84,1491,1124,1858,187,1.02,-0.01
9-Ball,Fabienne Weiß,BBC Plochingen 2,Bezirksliga,Ost 1,1,1,0,0.45,1491,920,2061,291,0.28,-0.01
all,Frederik Nyberg,PBC Langenargen 2,Bezirksliga,Ost 2,20,7,13,13.73,1491,1310,1671,92,5.72,-0.01
9-Ball,Hayk Hovhannisyan,BC Aalen 4,Bezirksliga,Ost 2,1,0,1,1.00,1491,1009,1973,246,0.47,-0.01
14/1e,Joachim Lechenbauer,BC Stuttgart 1891 4,Bezirksliga,Ost 2,1,0,1,1.00,1491,1009,1973,246,0.47,-0.01
league:Kreisliga A,Kevin Minardi,Tübinger BC 3,Kreisliga A,Ost 1,23,9,14,19.85,1491,1336,1645,79,8.93,-0.01
10-Ball,Klaus Woehrlin,PBC Offenburg 3 | PBC Offenburg 5,Bezirksliga | Landesliga,West | West 1,3,2,1,1.45,1491,1054,1927,223,0.66,-0.01
league:Landesliga,Klaus Woehrlin,PBC Offenburg 3,Landesliga,West,28,11,17,15.26,1491,1319,1663,88,6.98,-0.01
9-Ball,Kurt Saller,BC Sindelfingen 5,Bezirksliga,West 1,1,0,1,1.00,1491,1009,1973,246,0.47,-0.01
9-Ball,Lothar Hirsch,PBC Bietigheim-Bissingen 2,Bezirksliga,Ost 2,1,0,1,1.00,1491,1009,1973,246,0.47,-0.01
9-Ball,Marco Giusa,TV Cannstatt 2,Landesliga,Ost,1,0,1,1.00,1491,1009,1973,246,0.47,-0.01
9-Ball,Marco Huber,BV Pforzheim 3,Bezirksliga,West 1,1,0,1,1.00,1491,1009,1973,246,0.47,-0.01
9-Ball,Max Piepke,PBC Reutlingen 3,Bezirksliga,Ost 1,1,0,1,0.80,1491,982,2000,260,0.35,-0.01
league:Landesliga,Mehmet Gürbüz,PBC Bräunlingen 2,Landesliga,West,1,0,1,0.50,1491,933,2049,285,0.21,-0.01
9-Ball,Michael Röhrle,BULL Leonberg-Höfingen 1,Landesliga,Ost,1,0,1,1.00,1491,1009,1973,246,0.47,-0.01
all,Mirjan Hidri,PBC Freudenstadt 2 | PBC Freudenstadt 3,Bezirksliga | Landesliga,West | West 1,20,11,9,16.71,1491,1324,1658,85,8.14,-0.01
9-Ball,Norbert Ritschel,PBC Nagoldtal 3,Bezirksliga,West 2,1,0,1,1.00,1491,1009,1973,246,0.47,-0.01
9-Ball,Oliver Marx,BC Sindelfingen 6,Bezirksliga,West 2,1,0,1,1.00,1491,1009,1973,246,0.47,-0.01
10-Ball,Peter Schmidt,BSV Tiengen 2 | BSV Tiengen 4,Bezirksliga | Landesliga,West | West 1,14,5,9,8.12,1491,1258,1724,119,4.07,-0.01
league:Bezirksliga,Stefan Herms,PBC Bräunlingen 2,Bezirksliga,West 1 | West 2,8,5,3,4.77,1491,1192,1791,153,2.43,-0.01
league:Kreisliga A,Thomas Tischmann,BC Blaustein 1,Kreisliga A,Ost 2,8,3,5,2.68,1491,1125,1856,186,1.21,-0.01
14/1e,Arash Dayyani,BC Dätzingen 1,Bezirksliga,West 2,1,0,1,1.00,1490,1008,1972,246,0.47,-0.01
10-Ball,Attila Remete,PBV Rottweil 2,Bezirksliga,West 2,6,2,4,2.06,1490,1096,1885,201,1.03,-0.01
10-Ball,Axel Klimmer,PBC Bräunlingen 1 | PBC Bräunlingen 2,Bezirksliga | Landesliga,West | West 2,28,15,13,18.69,1490,1334,1646,80,8.53,-0.01
8-Ball,Christian Späthe,PBC Langenargen 1 | PBC Langenargen 2 | PBC Langenargen 3,Bezirksliga | Kreisliga A | Landesliga,Ost | Ost 2,4,2,2,1.79,1490,1065,1915,217,0.62,-0.01
9-Ball,Daniel Fahrner,PBC Freudenstadt 3,Landesliga,West,4,1,3,2.07,1490,1093,1887,203,0.84,-0.01
10-Ball,Dejvid Skender,BC Weingarten 2,Kreisliga A,Ost 2,8,5,3,6.12,1490,1229,1751,133,3.37,-0.01
all,Dominik Krenzer,PP Böblingen 2,Kreisliga A,West 2,1,0,1,1.00,1490,1007,1972,246,0.46,-0.01
league:Kreisliga A,Dominik Krenzer,PP Böblingen 2,Kreisliga A,West 2,1,0,1,1.00,1490,1007,1972,246,0.46,-0.01
9-Ball,Hannes Reißner,Tübinger BC 1 | Tübinger BC 2,Bezirksliga | Kreisliga A,Ost 1,5,4,1,3.73,1490,1173,1807,162,2.03,-0.01
14/1e,Hans Müller,BC Aalen 4,Bezirksliga,Ost 2,1,0,1,1.00,1490,1008,1972,246,0.47,-0.01
league:Bezirksliga,Hardi Engel,BV Markdorf 2,Bezirksliga,Ost 2,59,27,32,37.19,1490,1377,1603,58,17.52,-0.01
14/1e,Herbert Schiele,PBC Langenargen 1,Landesliga,Ost,1,0,1,0.32,1490,896,2084,303,0.14,-0.01
8-Ball,Johannes Mai,Tübinger BC 1 | Tübinger BC 2,Bezirksliga | Kreisliga A,Ost 1,3,2,1,1.98,1490,1091,1888,203,1.03,-0.02
9-Ball,Johannes Mai,Tübinger BC 1,Bezirksliga | Landesliga,Ost | Ost 1,11,4,7,6.87,1490,1244,1736,125,3.58,-0.01
all,Jürgen Müller,PBC Rastatt 4,Kreisliga A,West 1,2,1,1,2.00,1490,1097,1884,201,0.94,-0.01
league:Kreisliga A,Jürgen Müller,PBC Rastatt 4,Kreisliga A,West 1,2,1,1,2.00,1490,1097,1884,201,0.94,-0.01
league:Bezirksliga,Krischan Dostal,BV Markdorf 2,Bezirksliga,Ost 2,43,15,28,26.43,1490,1356,1623,68,12.37,-0.01
14/1e,Manfred Sieweke,PBC Ochsenhausen 1 | PBC Ochsenhausen 2 | PBC Ochsenhausen 3,Kreisliga A | Landesliga,Ost | Ost 2,6,1,5,3.13,1490,1151,1829,173,1.44,-0.01
all,Marc Allinger,PBC Freudenstadt 3,Bezirksliga | Landesliga,West | West 1,99,47,52,58.28,1490,1398,1582,47,29.36,-0.01
league:Bezirksliga,Martin Reinhardt,PBC Ochsenhausen 2,Bezirksliga,Ost 2,24,9,15,10.34,1490,1283,1696,105,4.67,-0.01
league:Bezirksliga,Marvin Diedrich,PBC Sand 2,Bezirksliga,West 1,20,4,16,7.13,1490,1245,1734,125,2.95,-0.01
10-Ball,Nikolaus Blum,BC Bad Schussenried 4 | PBC Ochsenhausen 3,Kreisliga A,Ost 2,5,2,3,2.87,1490,1137,1843,180,1.51,-0.01
league:Bezirksliga,Rainer Braun,BSV Tiengen 3 | BSV Tiengen 4,Bezirksliga,West 1 | West 2,84,31,53,47.51,1490,1390,1591,51,22.40,-0.01
league:Landesliga,Uwe Machalett,PBC Freudenstadt 2 | PBC Freudenstadt 3,Landesliga,West,28,13,15,17.78,1490,1327,1653,83,8.74,-0.01
9-Ball,Abdulhussain Nad Ali,P&S Denzlingen 2,Landesliga,West,1,0,1,0.80,1489,976,2003,262,0.31,-0.02
8-Ball,Carlo Hartmann,BSG Albstadt 1,Bezirksliga,West 1 | West 2,23,11,12,10.59,1489,1286,1692,104,5.12,-0.02
all,Dietmar Lübke,BSV Filderstadt 5 | PBC Reutlingen 2,Kreisliga A,Ost 1,13,9,4,5.10,1489,1202,1776,147,2.92,-0.02
9-Ball,Emilio Caracciolo,BSV Shooters Fellbach 3,Kreisliga A,Ost 2,1,0,1,1.00,1489,1007,1972,246,0.47,-0.02
9-Ball,Frank Diedrich,PBC Sand 2,Bezirksliga,West 1,2,1,1,0.71,1489,966,2012,267,0.40,-0.02
14/1e,Goran Antunovic,Tübinger BC 2,Kreisliga A,Ost 1,1,0,1,0.31,1489,891,2088,305,0.12,-0.02
all,Jacco van de Streek,P&S Denzlingen 1 | P&S Denzlingen 2,Bezirksliga | Landesliga,West | West 2,11,4,7,4.63,1489,1196,1782,150,2.03,-0.02
8-Ball,Jozsef Zvorinji,TV Cannstatt 2,Landesliga,Ost,1,0,1,1.00,1489,1007,1972,246,0.47,-0.02
9-Ball,Kurt Ljokaj,PBC Ochsenhausen 2,Kreisliga A,Ost 2,30,17,13,20.62,1489,1341,1637,75,10.69,-0.02
14/1e,Marcel Biegler,BSV Pfullingen 3,Bezirksliga,Ost 1,1,0,1,0.32,1489,892,2087,305,0.12,-0.02
9-Ball,Marco Klotzer,BSV Filderstadt 4,Bezirksliga,Ost 1,1,0,1,0.31,1489,893,2086,304,0.13,-0.02
9-Ball,Mohammad Jiroudi,PBC Bräunlingen 2,Bezirksliga | Landesliga,West | West 1,3,1,2,1.83,1489,1080,1897,209,0.93,-0.02
10-Ball,Peter Arndt Marroquin,BC Weingarten 2,Kreisliga A,Ost 2,1,1,0,0.65,1489,949,2029,276,0.42,-0.02
14/1e,Peter Restle,BSV Pfullingen 2 | BSV Pfullingen 3 | BSV Pfullingen 4,Bezirksliga | Kreisliga A,Ost 1,32,14,18,19.46,1489,1335,1642,78,9.24,-0.02
10-Ball,Rainer Braun,BSV Tiengen 3 | BSV Tiengen 4,Bezirksliga,West 1 | West 2,30,12,18,17.31,1489,1327,1652,83,8.57,-0.02
9-Ball,Rebeca Romero Ulloa,BC Stuttgart 1891 6,Kreisliga A,Ost 1,1,0,1,1.00,1489,1007,1972,246,0.47,-0.02
9-Ball,Rudolf Weiß,PBC Bad Saulgau 2 | PBC Bad Saulgau 4,Bezirksliga | Kreisliga A,Ost 2,18,10,8,10.65,1489,1288,1690,103,5.10,-0.02
8-Ball,Önder Coskun,BSC Lions Bietigheim 1,Landesliga,West,1,0,1,1.00,1489,1007,1972,246,0.47,-0.02
all,Andreas Dirlewanger,PBC Bad Saulgau 3,Kreisliga A,Ost 2,23,14,9,13.55,1488,1308,1669,92,6.51,-0.02
8-Ball,Andreas Kiefer,BV Markdorf 1 | BV Markdorf 2,Bezirksliga | Landesliga,Ost | Ost 2,24,11,13,13.15,1488,1301,1676,96,5.90,-0.02
14/1e,Andreas Wittmeier,BV Pforzheim 2,Landesliga,West,1,0,1,1.00,1488,982,1994,258,0.28,-0.02
league:Landesliga,Andreas Witzigmann,PBC Langenargen 1,Landesliga,Ost,17,7,10,11.61,1488,1293,1683,100,4.99,-0.02
14/1e,Benjamin Heck,PBC Bad Saulgau 2,Kreisliga A,Ost 2,1,0,1,0.91,1488,995,1981,251,0.46,-0.02
10-Ball,Dario Dakovic,PBC Bad Saulgau 2 | PBC Bad Saulgau 3,Bezirksliga | Kreisliga A,Ost 2,11,6,5,5.14,1488,1205,1770,144,2.68,-0.02
14/1e,Jonas Entenmann,Tübinger BC 2,Kreisliga A,Ost 1,3,1,2,1.02,1488,1007,1969,245,0.50,-0.02
14/1e,Marc Allinger,PBC Freudenstadt 3,Bezirksliga | Landesliga,West | West 1,11,3,8,5.66,1488,1218,1758,138,2.56,-0.02
all,Marco Conrad,PBC Langenargen 3,Kreisliga A,Ost 2,12,5,7,4.12,1488,1180,1796,157,2.02,-0.02
all,Max Piepke,PBC Reutlingen 3,Bezirksliga,Ost 1,1,0,1,0.80,1488,979,1996,260,0.35,-0.02
league:Bezirksliga,Melanie Henschel,PBC Offenburg 3 | PBC Offenburg 4 | PBC Offenburg 6,Bezirksliga,West 1,60,23,37,34.62,1488,1370,1606,60,16.73,-0.02
league:Landesliga,Murat Dervisi,PBC Freudenstadt 2,Landesliga,West,22,12,10,12.04,1488,1295,1681,98,5.82,-0.02
8-Ball,Olaf Schwarz,BC Sindelfingen 4,Landesliga,West,1,0,1,1.00,1488,995,1981,251,0.35,-0.02
9-Ball,Peggy Eisele,BSV Filderstadt 3 | PBC Reutlingen 2,Kreisliga A,Ost 1,4,2,2,2.01,1488,1093,1882,201,1.02,-0.02
10-Ball,Phi Dang,P&S Denzlingen 2 | P&S Denzlingen 3,Bezirksliga | Landesliga,West | West 1 | West 2,4,1,3,2.17,1488,1095,1881,201,0.83,-0.02
14/1e,Pit Kleyersburg,BSV Shooters Fellbach 3,Kreisliga A,Ost 2,1,0,1,1.00,1488,1006,1971,246,0.47,-0.02
10-Ball,Raimund Wanner,BC Bad Schussenried 2 | BC Bad Schussenried 3 | PBC Ochsenhausen 1,Bezirksliga | Kreisliga A | Landesliga,Ost | Ost 2,18,7,11,11.05,1488,1287,1689,103,4.89,-0.02
14/1e,Rudolf Weiß,PBC Bad Saulgau 4,Kreisliga A,Ost 2,2,1,1,0.98,1488,1005,1972,247,0.48,-0.02
8-Ball,Tom Mischner,PBC Langenargen 1 | PBC Langenargen 2 | PBC Langenargen 3,Bezirksliga | Kreisliga A | Landesliga,Ost | Ost 2,3,1,2,1.32,1488,1039,1937,229,0.65,-0.02
14/1e,Alex Wei,PBC Rastatt 3,Kreisliga A,West 1,1,0,1,1.00,1487,1005,1969,246,0.46,-0.02
14/1e,Anton Schubert,PBC Ochsenhausen 1 | PBC Ochsenhausen 2 | PBC Ochsenhausen 3,Kreisliga A | Landesliga,Ost | Ost 2,34,14,20,21.62,1487,1342,1632,74,10.76,-0.02
league:Kreisliga A,Benedikt Meschenmoser,PBC Bad Saulgau 3 | PBC Bad Saulgau 4,Kreisliga A,Ost 2,30,14,16,14.21,1487,1305,1669,93,6.97,-0.02
8-Ball,Boris Golic,PBC Ochsenhausen 1,Bezirksliga | Landesliga,Ost | Ost 2,25,6,19,14.12,1487,1303,1672,94,5.11,-0.02
9-Ball,Carlo Hartmann,BSG Albstadt 1,Bezirksliga,West 1 | West 2,10,4,6,4.11,1487,1181,1793,156,2.09,-0.02
8-Ball,Cesare Caccavelli,PBC Langenargen 2 | PBC Langenargen 3 | PBC Langenargen 4,Bezirksliga | Kreisliga A,Ost 2,24,10,14,15.84,1487,1317,1657,87,7.56,-0.02
10-Ball,Christin Jentsch,PBC Aalen 2,Kreisliga A,Ost 2,1,0,1,1.00,1487,1005,1969,246,0.46,-0.02
all,Dennis Knoblauch,P&S Denzlingen 4,Bezirksliga,West 1,32,21,11,27.51,1487,1355,1619,67,15.64,-0.02
8-Ball,Dominik Krenzer,PP Böblingen 2,Kreisliga A,West 2,1,0,1,1.00,1487,1005,1969,246,0.46,-0.02
14/1e,Ewald Bausch,PBC Langenargen 1 | PBC Langenargen 2,Bezirksliga,Ost 2,10,2,8,7.05,1487,1243,1732,125,3.04,-0.02
9-Ball,Ewald Bausch,PBC Langenargen 1 | PBC Langenargen 2,Bezirksliga,Ost 2,3,0,3,2.29,1487,1106,1868,194,0.94,-0.02
10-Ball,Fabian Cecotti,BC Dätzingen 1,Bezirksliga,West 2,1,0,1,1.00,1487,1005,1969,246,0.46,-0.02
9-Ball,Florian Bühler,Tübinger BC 1,Landesliga,Ost,1,0,1,0.32,1487,889,2085,305,0.12,-0.02
10-Ball,Franjo Antunovic,BBC Plochingen 2,Bezirksliga | Kreisliga A,Ost 1,36,16,20,20.36,1487,1337,1637,76,9.43,-0.02
8-Ball,Ingo Fehr,BC Unterteuringen 1,Bezirksliga,Ost 2,1,0,1,0.40,1487,911,2064,294,0.19,-0.02
10-Ball,Jürgen Klatt,BV Leonberg 1,Bezirksliga,Ost 1,1,0,1,1.00,1487,1005,1969,246,0.46,-0.02
league:Landesliga,Konrad Bau,Tübinger BC 1,Landesliga,Ost | West,12,4,8,5.34,1487,1214,1760,139,2.48,-0.02
10-Ball,Marco Huber,BV Pforzheim 3,Bezirksliga,West 1,1,0,1,1.00,1487,1005,1969,246,0.46,-0.02
8-Ball,Marcus Trumpp,BSV Pfullingen 2,Bezirksliga | Landesliga,Ost | Ost 1,2,0,2,0.84,1487,975,1999,261,0.34,-0.02
8-Ball,Markus Graml,PBC Langenargen 1 | PBC Langenargen 2,Bezirksliga | Landesliga,Ost | Ost 2,9,4,5,4.23,1487,1178,1796,158,1.78,-0.02
8-Ball,Nikolaos Seristatidis,Tübinger BC 1 | Tübinger BC 2,Bezirksliga | Kreisliga A,Ost 1,12,4,8,6.33,1487,1224,1751,135,2.95,-0.02
8-Ball,Stefan Herms,PBC Bräunlingen 2,Bezirksliga | Landesliga,West | West 1 | West 2,5,3,2,2.95,1487,1119,1856,188,1.60,-0.02
9-Ball,Steffen Röschinger,BBC Plochingen 2,Kreisliga A,Ost 1,1,0,1,0.32,1487,883,2092,308,0.10,-0.02
league:Kreisliga A,Steffen Röschinger,BBC Plochingen 2,Kreisliga A,Ost 1,2,0,2,0.64,1487,923,2051,288,0.15,-0.02
8-Ball,Tankred Volkmer,BV Backnang/Welzheim 1,Kreisliga A,Ost 2,1,0,1,1.00,1487,1005,1969,246,0.46,-0.02
10-Ball,Thomas Höger,TV Cannstatt 4,Bezirksliga,Ost 1,1,0,1,1.00,1487,1005,1969,246,0.46,-0.02
9-Ball,Thomas Mänz,BSV Filderstadt 3 | BSV Filderstadt 4 | BSV Filderstadt 5 | BSV Filderstadt 6,Bezirksliga | Kreisliga A,Ost 1,35,19,16,17.49,1487,1326,1648,82,8.77,-0.02
14/1e,Dirk Dufner,P&S Denzlingen 3,Landesliga,West,2,1,1,1.73,1486,1071,1901,212,0.74,-0.02
league:Bezirksliga,Franz Miehle,BC Bad Schussenried 3,Bezirksliga,Ost 2,19,7,12,16.48,1486,1318,1653,85,6.84,-0.02
14/1e,Gero Fähnle,PBC Reutlingen 2 | PBC Reutlingen 3,Bezirksliga | Kreisliga A,Ost 1,27,10,17,19.08,1486,1332,1640,79,8.81,-0.02
9-Ball,Hans Heuschmid,PBC Ochsenhausen 2 | PBC Ochsenhausen 3,Bezirksliga | Kreisliga A,Ost 2,7,3,4,3.67,1486,1168,1805,163,1.80,-0.02
league:Bezirksliga,Ingo Fehr,BC Unterteuringen 1,Bezirksliga,Ost 2,100,32,68,58.17,1486,1396,1577,46,27.63,-0.02
14/1e,Jens Stintz,BSV Filderstadt 3 | BSV Filderstadt 4 | BSV Filderstadt 5 | BSV Filderstadt 6,Bezirksliga | Kreisliga A,Ost 1,24,9,15,12.45,1486,1299,1674,96,5.92,-0.02
league:Bezirksliga,Lutz Jeschke,BC Weingarten 1,Bezirksliga,Ost 2,33,14,19,20.63,1486,1336,1636,77,10.16,-0.02
all,Lynn Kohl,PBC Offenburg 4 | PBC Offenburg 5,Bezirksliga,West 1,4,2,2,1.40,1486,1045,1927,225,0.70,-0.02
10-Ball,Marco Weise,BSV Konstanz 1,Landesliga,Ost,2,0,2,0.66,1486,935,2037,281,0.18,-0.02
9-Ball,Michael Funk,BSV Pfullingen 3,Bezirksliga,Ost 1,2,0,2,0.65,1486,952,2020,272,0.27,-0.02
8-Ball,Michael Schreiber,BC Dreiländereck 2,Landesliga,West,2,0,2,0.84,1486,967,2006,265,0.26,-0.02
all,Patrick Coklica,Tübinger BC 2,Kreisliga A,Ost 1,27,13,14,22.14,1486,1340,1633,75,11.39,-0.02
14/1e,Simon Theodoropoulos,Tübinger BC 1 | Tübinger BC 2,Bezirksliga | Kreisliga A | Landesliga,Ost | Ost 1,6,2,4,3.36,1486,1152,1819,170,1.60,-0.02
9-Ball,Stefan Avrancsev,BSC Göppingen 2,Bezirksliga,Ost 1,2,1,1,1.13,1486,1016,1956,240,0.65,-0.02
all,Steffen Feuerbacher,PBC Freudenstadt 2,Bezirksliga | Landesliga,West | West 1,58,28,30,33.33,1486,1367,1605,61,14.96,-0.02
14/1e,Thomas Mänz,BSV Filderstadt 3 | BSV Filderstadt 4 | BSV Filderstadt 5 | BSV Filderstadt 6,Bezirksliga | Kreisliga A,Ost 1,19,8,11,8.97,1486,1268,1705,112,4.19,-0.02
14/1e,Abdul Mecit Kul,BC Blaustein 1,Kreisliga A,Ost 2,3,1,2,1.01,1485,1000,1970,247,0.49,-0.02
all,Ali El Ajouz,BC Dreiländereck 1 | BC Dreiländereck 2,Landesliga,West,14,6,8,6.89,1485,1237,1733,127,3.22,-0.02
9-Ball,Andreas Wagner,BC Bad Schussenried 2 | BC Bad Schussenried 3 | BC Bad Schussenried 4 | BC Bad Schussenried 5,Kreisliga A,Ost 2,15,7,8,9.08,1485,1267,1703,111,4.41,-0.02
all,Daniel Lehmann,PBC Bräunlingen 2,Bezirksliga | Landesliga,West | West 1,4,1,3,2.73,1485,1126,1844,183,1.28,-0.02
league:Bezirksliga,Daniel Naumann,BSC St. Georgen 1,Bezirksliga,West 1 | West 2,10,5,5,5.79,1485,1219,1751,136,2.80,-0.02
10-Ball,David Hackenberg,P&S Denzlingen 4,Bezirksliga,West 1,12,6,6,10.36,1485,1279,1692,105,5.49,-0.02
9-Ball,Dejvid Skender,BC Weingarten 2,Kreisliga A,Ost 2,14,9,5,11.15,1485,1289,1681,100,5.51,-0.02
14/1e,Donald Oreskovic,PBC Bad Saulgau 2,Bezirksliga,Ost 2,24,3,21,11.12,1485,1284,1685,102,4.50,-0.02
8-Ball,Florian Bühler,Tübinger BC 1,Landesliga,Ost,1,0,1,0.33,1485,867,2102,315,0.07,-0.02
9-Ball,Ingo Maier,PBC Langenargen 4,Kreisliga A,Ost 2,3,1,2,1.59,1485,1060,1909,217,0.73,-0.02
all,Jeremy Eckert,PBC Offenburg 3 | PBC Offenburg 4 | PBC Offenburg 5,Bezirksliga | Landesliga,West | West 1,61,24,37,42.87,1485,1379,1591,54,19.52,-0.02
league:Landesliga,Mustafa Basaran,BSV Filderstadt 4,Landesliga,Ost,5,1,4,2.17,1485,1094,1875,199,0.90,-0.02
14/1e,Norbert Scheinpflug,BSV Tiengen 3 | BSV Tiengen 4,Bezirksliga,West 1 | West 2,6,2,4,2.67,1485,1128,1843,182,1.29,-0.02
10-Ball,Oliver Eisele,PBC Langenargen 1,Landesliga,Ost,1,0,1,0.73,1485,959,2011,268,0.27,-0.02
9-Ball,Patrick Coklica,Tübinger BC 2,Kreisliga A,Ost 1,10,4,6,8.45,1485,1257,1713,116,4.05,-0.02
8-Ball,Robert Zivanovic,BBC Plochingen 2,Bezirksliga | Kreisliga A,Ost 1,20,9,11,10.20,1485,1275,1695,107,4.71,-0.02
all,Robert Zivanovic,BBC Plochingen 2,Bezirksliga | Kreisliga A,Ost 1,48,18,30,26.14,1485,1351,1619,68,12.37,-0.02
9-Ball,Sascha Nyffeler,BC Weingarten 1 | PBC Langenargen 1 | PBC Langenargen 2,Bezirksliga | Landesliga,Ost | Ost 2,21,9,12,13.50,1485,1303,1667,93,5.79,-0.02
14/1e,Stefan Herms,PBC Bräunlingen 2,Bezirksliga | Landesliga,West | West 1 | West 2,5,3,2,2.95,1485,1131,1840,181,1.50,-0.02
9-Ball,Timo Heim,PBC Offenburg 3 | PBC Offenburg 4,Bezirksliga | Landesliga,West | West 1,23,10,13,14.48,1485,1308,1661,90,6.84,-0.02
league:Landesliga,Tobias Küderle,PBC Offenburg 3,Landesliga,West,40,13,27,29.12,1485,1359,1611,64,13.65,-0.02
14/1e,Ulrich Märkle,Tübinger BC 2,Kreisliga A,Ost 1,2,1,1,0.64,1485,951,2019,272,0.33,-0.02
8-Ball,Vincenzo Murano,BSC Göppingen 1,Landesliga,Ost,2,0,2,0.65,1485,934,2037,281,0.18,-0.02
14/1e,Yusa Tutucu,BSC Göppingen 3,Bezirksliga,Ost 1,1,1,0,0.94,1485,987,1982,254,0.59,-0.02
8-Ball,Andreas Kunellis,PBC Reutlingen 2,Kreisliga A,Ost 1,2,1,1,0.77,1484,960,2009,268,0.46,-0.02
8-Ball,Andreas Merkle,BC Dreiländereck 1 | BC Dreiländereck 2,Bezirksliga | Landesliga,West | West 1,13,4,9,7.31,1484,1240,1727,124,2.99,-0.02
14/1e,Antonio Nuzziello,BSC Göppingen 2,Bezirksliga | Kreisliga A,Ost 1,16,6,10,7.50,1484,1248,1721,121,3.46,-0.02
league:Bezirksliga,Attila Remete,PBV Rottweil 2,Bezirksliga,West 2,16,5,11,5.53,1484,1214,1754,138,2.70,-0.02
10-Ball,Besirat Fekadu,BSC Göppingen 2,Bezirksliga,Ost 1,17,7,10,9.84,1484,1271,1696,108,4.30,-0.02
10-Ball,Eckart Grabe,BSV Filderstadt 3 | BSV Filderstadt 4 | BSV Filderstadt 5 | BSV Filderstadt 6,Kreisliga A,Ost 1,16,8,8,9.69,1484,1273,1695,108,4.86,-0.02
8-Ball,Ewald Bausch,PBC Langenargen 1 | PBC Langenargen 2,Bezirksliga,Ost 2,14,6,8,10.08,1484,1272,1697,108,4.02,-0.02
14/1e,Franjo Antunovic,BBC Plochingen 2,Bezirksliga,Ost 1,2,0,2,1.62,1484,1058,1910,217,0.75,-0.02
all,Gerd Friedl,BSC Göppingen 3,Bezirksliga,Ost 1,7,3,4,5.84,1484,1211,1757,139,2.79,-0.02
9-Ball,Hakan Söyler,PBC Nagoldtal 1,Landesliga,West,1,0,1,1.00,1484,996,1972,249,0.39,-0.02
all,Hamza Benslimane,BSV Pfullingen 1,Landesliga,West,2,0,2,2.00,1484,1090,1879,201,0.91,-0.02
league:Landesliga,Hamza Benslimane,BSV Pfullingen 1,Landesliga,West,2,0,2,2.00,1484,1090,1879,201,0.91,-0.02
all,Hans-Henning Schmid,PBC Langenargen 1 | PBC Langenargen 2 | PBC Langenargen 3,Bezirksliga | Kreisliga A | Landesliga,Ost | Ost 2,73,26,47,38.30,1484,1372,1597,57,16.07,-0.02
league:Kreisliga A,Norbert Hell,BSV Filderstadt 5 | BSV Filderstadt 6 | PBC Reutlingen 2 | PBC Reutlingen 3,Kreisliga A,Ost 1,39,17,22,16.31,1484,1314,1654,87,7.68,-0.02
14/1e,Stefan Avrancsev,BSC Göppingen 2,Bezirksliga,Ost 1,11,7,4,7.04,1484,1241,1727,124,3.35,-0.02
14/1e,Stefanie Arndt,BSV Tiengen 3,Bezirksliga,West 2,2,0,2,0.80,1484,975,1992,259,0.37,-0.02
14/1e,Zeeshan Khan,PBC Ochsenhausen 2,Kreisliga A,Ost 2,4,0,4,2.14,1484,1097,1872,198,0.92,-0.02
all,Abdul Mecit Kul,BC Blaustein 1,Kreisliga A,Ost 2,12,5,7,3.95,1483,1171,1794,159,2.02,-0.02
league:Kreisliga A,Alexander Hemmer,BBC Plochingen 2,Kreisliga A,Ost 1,6,2,4,2.09,1483,1089,1877,201,0.95,-0.02
league:Landesliga,Andreas Dittrich,BSC St. Georgen 1,Landesliga,West,22,6,16,14.95,1483,1306,1659,90,6.52,-0.03
9-Ball,Anton Schubert,PBC Ochsenhausen 1 | PBC Ochsenhausen 2 | PBC Ochsenhausen 3,Bezirksliga | Kreisliga A | Landesliga,Ost | Ost 2,48,20,28,27.67,1483,1354,1611,65,13.48,-0.02
8-Ball,Benedikt Meschenmoser,PBC Bad Saulgau 2 | PBC Bad Saulgau 3 | PBC Bad Saulgau 4,Bezirksliga | Kreisliga A,Ost 2,6,1,5,3.18,1483,1138,1827,176,1.26,-0.02
league:Kreisliga A,Dejvid Skender,BC Weingarten 2,Kreisliga A,Ost 2,40,22,18,31.18,1483,1361,1605,62,15.37,-0.02
all,Dirk Hafner,PBC Offenburg 2 | PBC Offenburg 3 | PBC Offenburg 4,Bezirksliga | Landesliga,West | West 1,92,41,51,53.71,1483,1388,1578,49,25.09,-0.02
league:Kreisliga A,Dusan Livaja,PBC Ochsenhausen 3,Kreisliga A,Ost 2,5,2,3,4.45,1483,1188,1778,150,2.07,-0.02
league:Bezirksliga,Gerd Friedl,BSC Göppingen 3,Bezirksliga,Ost 1,7,3,4,5.84,1483,1211,1756,139,2.79,-0.02
all,Guido Ulmer,BSV Pfullingen 2 | BSV Pfullingen 3 | PBC Reutlingen 2,Bezirksliga | Kreisliga A | Landesliga,Ost | Ost 1,41,19,22,22.48,1483,1339,1627,73,10.55,-0.02
9-Ball,Ismail Hileh,PBC Reutlingen 3,Kreisliga A,Ost 1,6,5,1,3.32,1483,1145,1821,172,1.91,-0.02
8-Ball,Joachim Bruggesser,PBC Bad Saulgau 3 | PBC Bad Saulgau 4,Kreisliga A,Ost 2,3,2,1,1.08,1483,999,1966,247,0.65,-0.03
all,Jonas Entenmann,Tübinger BC 2,Kreisliga A,Ost 1,8,4,4,2.74,1483,1129,1838,181,1.38,-0.02
10-Ball,Jörg Wolf,BC Dreiländereck 2 | PBC Offenburg 4 | PBC Offenburg 6,Bezirksliga | Landesliga,West | West 1,22,10,12,15.82,1483,1311,1654,87,7.33,-0.03
league:Bezirksliga,Jörg Wolf,PBC Offenburg 3 | PBC Offenburg 6,Bezirksliga,West 1,36,14,22,28.29,1483,1354,1613,66,13.36,-0.02
14/1e,Jürgen Klatt,BV Leonberg 1,Bezirksliga,Ost 1,1,0,1,1.00,1483,1000,1966,246,0.45,-0.02
league:Bezirksliga,Jürgen Wilke,BSC Göppingen 1 | BSC Göppingen 2,Bezirksliga,Ost 1,19,10,9,8.15,1483,1253,1713,117,3.88,-0.02
9-Ball,Lutz Denk,BBC Plochingen 1,Bezirksliga,Ost 1,2,0,2,0.65,1483,950,2016,272,0.32,-0.02
14/1e,Marco Klotzer,BSV Filderstadt 4,Bezirksliga,Ost 1,6,2,4,1.94,1483,1080,1886,206,0.84,-0.02
league:Landesliga,Martin Reinhardt,PBC Ochsenhausen 1,Landesliga,Ost,56,24,32,41.27,1483,1377,1590,54,18.86,-0.02
league:Bezirksliga,Max Piepke,PBC Reutlingen 3,Bezirksliga,Ost 1,1,0,1,0.80,1483,975,1992,259,0.36,-0.02
league:Landesliga,Michael Psarras,BC Dreiländereck 1 | BC Dreiländereck 2,Landesliga,West,23,3,20,10.53,1483,1277,1690,105,4.28,-0.02
league:Landesliga,Reaven Zhang,P&S Denzlingen 1,Landesliga,West,4,1,3,1.52,1483,1049,1916,221,0.65,-0.02
9-Ball,Roland Kirchmaier,BC Weingarten 1 | BC Weingarten 2,Bezirksliga | Kreisliga A,Ost 2,12,6,6,8.76,1483,1264,1702,112,4.35,-0.02
league:Bezirksliga,Thomas Enge,PBC Reutlingen 2,Bezirksliga,Ost 1,25,11,14,21.52,1483,1335,1630,75,10.26,-0.02
league:Kreisliga A,Ahmet Bumin,PBC Bad Saulgau 2 | PBC Bad Saulgau 3,Kreisliga A,Ost 2,26,12,14,15.91,1482,1312,1651,87,7.53,-0.03
all,Cesare Caccavelli,PBC Langenargen 2 | PBC Langenargen 3 | PBC Langenargen 4,Bezirksliga | Kreisliga A,Ost 2,71,34,37,48.44,1482,1383,1580,50,22.74,-0.03
all,Donald Oreskovic,PBC Bad Saulgau 2,Bezirksliga,Ost 2,53,12,41,24.13,1482,1341,1623,72,9.51,-0.03
14/1e,Fabian Rapp,BSV Pfullingen 2 | BSV Pfullingen 3 | BSV Pfullingen 4 | BSV Pfullingen 5,Bezirksliga | Kreisliga A,Ost 1,15,4,11,7.20,1482,1240,1725,124,3.12,-0.03
9-Ball,Florian Schwägler,PBC Freudenstadt 3,Bezirksliga | Landesliga,West | West 1,33,15,18,18.45,1482,1324,1639,80,9.10,-0.03
8-Ball,Hans-Henning Schmid,PBC Langenargen 1 | PBC Langenargen 2 | PBC Langenargen 3,Bezirksliga | Kreisliga A | Landesliga,Ost | Ost 2,30,10,20,16.05,1482,1310,1653,88,6.73,-0.03
all,Joachim Lechenbauer,BC Stuttgart 1891 4,Bezirksliga,Ost 2,2,0,2,2.00,1482,1086,1878,202,0.86,-0.03
league:Bezirksliga,Joachim Lechenbauer,BC Stuttgart 1891 4,Bezirksliga,Ost 2,2,0,2,2.00,1482,1086,1878,202,0.86,-0.03
all,Julian Schank,PBC Ochsenhausen 2 | PBC Ochsenhausen 3,Kreisliga A,Ost 2,24,15,9,20.31,1482,1333,1632,76,11.04,-0.03
all,Jürgen Klatt,BV Leonberg 1,Bezirksliga,Ost 1,2,0,2,2.00,1482,1087,1877,201,0.90,-0.03
league:Bezirksliga,Jürgen Klatt,BV Leonberg 1,Bezirksliga,Ost 1,2,0,2,2.00,1482,1087,1877,201,0.90,-0.03
all,Jürgen Reisner,PBC Aalen 1,Bezirksliga,Ost 2,2,1,1,2.00,1482,1087,1877,201,0.90,-0.03
league:Bezirksliga,Jürgen Reisner,PBC Aalen 1,Bezirksliga,Ost 2,2,1,1,2.00,1482,1087,1877,201,0.90,-0.03
league:Landesliga,Lothar Enzenhöfer,BC Bad Schussenried 2,Landesliga,Ost,24,10,14,20.52,1482,1332,1632,77,9.00,-0.03
all,Mario Rosenkranz,PBC Bräunlingen 2,Bezirksliga,West 1 | West 2,13,8,5,8.23,1482,1247,1717,120,4.62,-0.03
all,Nikolaus Blum,BC Bad Schussenried 4 | BC Bad Schussenried 5 | PBC Ochsenhausen 3,Kreisliga A,Ost 2,75,35,40,41.17,1482,1375,1590,55,19.74,-0.02
8-Ball,Norman Wagner,BC Weingarten 1,Bezirksliga,Ost 2,1,0,1,0.55,1482,935,2028,279,0.27,-0.03
8-Ball,Patrick Haudek,PBV Rottweil 2,Bezirksliga,West 2,1,0,1,0.33,1482,884,2079,305,0.12,-0.03
10-Ball,Rainer Hops,BV Markdorf 2 | BV Markdorf 3 | PBC Bad Saulgau 2,Bezirksliga,Ost 2,14,6,8,7.31,1482,1242,1722,122,3.31,-0.03
8-Ball,Roland Scheinpflug,BSV Tiengen 3,Bezirksliga,West 2,15,7,8,5.60,1482,1211,1753,138,2.66,-0.03
14/1e,Selim Güzel,PP Böblingen 1,Landesliga,West,1,0,1,1.00,1482,999,1966,246,0.45,-0.03
10-Ball,Stefan Avrancsev,BSC Göppingen 2,Bezirksliga,Ost 1,23,11,12,13.81,1482,1301,1662,92,6.52,-0.03
14/1e,Steffen Feuerbacher,PBC Freudenstadt 2,Landesliga,West,2,0,2,0.86,1482,978,1985,257,0.35,-0.03
all,Thomas Durst,BC Stuttgart 1891 2,Landesliga,Ost,2,0,2,2.00,1482,1076,1889,208,0.73,-0.03
all,Thomas Mänz,BSV Filderstadt 3 | BSV Filderstadt 4 | BSV Filderstadt 5 | BSV Filderstadt 6,Bezirksliga | Kreisliga A,Ost 1,82,38,44,41.68,1482,1375,1588,54,19.07,-0.03
10-Ball,Uwe Cordes,Tübinger BC 1,Bezirksliga | Landesliga,Ost | Ost 1,3,0,3,1.11,1482,999,1965,247,0.39,-0.03
9-Ball,Alfred Rutkowski,PBC Rastatt 2,Bezirksliga,West 1,1,0,1,1.00,1481,997,1964,247,0.44,-0.03
league:Kreisliga A,Anton Schubert,PBC Ochsenhausen 2 | PBC Ochsenhausen 3,Kreisliga A,Ost 2,100,36,64,59.30,1481,1392,1570,46,27.86,-0.03
all,Bayartsetseg Tsogoo,BC Stuttgart 1891 4,Bezirksliga,Ost 2,2,1,1,2.00,1481,1086,1875,201,0.94,-0.03
league:Bezirksliga,Bayartsetseg Tsogoo,BC Stuttgart 1891 4,Bezirksliga,Ost 2,2,1,1,2.00,1481,1086,1875,201,0.94,-0.03
league:Bezirksliga,Carlo Hartmann,BSG Albstadt 1,Bezirksliga,West 1 | West 2,48,19,29,21.61,1481,1335,1627,74,10.01,-0.03
14/1e,Florian Schwägler,PBC Freudenstadt 3,Bezirksliga,West 1,4,2,2,2.59,1481,1120,1842,184,1.32,-0.03
8-Ball,Frank Weiß,BBC Plochingen 1,Bezirksliga,Ost 1,3,1,2,1.06,1481,996,1966,248,0.46,-0.03
9-Ball,Hans-Henning Schmid,PBC Langenargen 1 | PBC Langenargen 2 | PBC Langenargen 3,Bezirksliga | Kreisliga A | Landesliga,Ost | Ost 2,9,4,5,4.36,1481,1182,1780,153,1.91,-0.03
9-Ball,Joachim Luft,PBC Bietigheim-Bissingen 2,Bezirksliga,Ost 2,1,0,1,1.00,1481,997,1964,247,0.44,-0.03
10-Ball,Michael Kunz,BSV Konstanz 1,Landesliga,Ost,1,0,1,0.34,1481,891,2071,301,0.14,-0.03
14/1e,Michael Röhrle,BULL Leonberg-Höfingen 1,Landesliga,Ost,1,0,1,1.00,1481,998,1965,247,0.45,-0.03
9-Ball,Pascal Sanna,PBC Freudenstadt 3,Bezirksliga | Landesliga,West | West 1,7,3,4,3.33,1481,1150,1812,169,1.48,-0.03
league:Bezirksliga,Raimund Wanner,BC Bad Schussenried 2 | PBC Ochsenhausen 1,Bezirksliga,Ost 2,23,11,12,11.59,1481,1285,1676,100,5.67,-0.03
league:Bezirksliga,Roland Scheinpflug,BSV Tiengen 3,Bezirksliga,West 2,28,10,18,10.49,1481,1275,1686,105,4.67,-0.03
14/1e,Roman Holzhauser,PBC Sand 2,Bezirksliga,West 1,8,3,5,3.37,1481,1153,1808,167,1.60,-0.03
all,Sebastian Zinck,BC Stuttgart 1891 7,Kreisliga A,Ost 1,2,1,1,2.00,1481,1085,1876,202,0.94,-0.03
league:Kreisliga A,Sebastian Zinck,BC Stuttgart 1891 7,Kreisliga A,Ost 1,2,1,1,2.00,1481,1085,1876,202,0.94,-0.03
9-Ball,Sercan Özdemir,PP Böblingen 1,Landesliga,West,1,0,1,1.00,1481,997,1964,247,0.44,-0.03
8-Ball,Steffen Feuerbacher,PBC Freudenstadt 2,Bezirksliga | Landesliga,West | West 1,20,10,10,12.17,1481,1286,1676,100,5.33,-0.03
9-Ball,Sven Schulz,PBC Nagoldtal 3,Bezirksliga,West 2,1,0,1,1.00,1481,997,1964,247,0.44,-0.03
all,Tankred Volkmer,BV Backnang/Welzheim 1,Kreisliga A,Ost 2,2,1,1,2.00,1481,1084,1878,203,1.14,-0.03
league:Kreisliga A,Tankred Volkmer,BV Backnang/Welzheim 1,Kreisliga A,Ost 2,2,1,1,2.00,1481,1084,1878,203,1.14,-0.03
14/1e,Thomas Dieckmann,Tübinger BC 1,Bezirksliga,Ost 1,1,0,1,0.40,1481,903,2059,295,0.17,-0.03
league:Bezirksliga,Thomas Mänz,BSV Filderstadt 3 | BSV Filderstadt 4,Bezirksliga,Ost 1,48,23,25,29.04,1481,1355,1608,65,13.21,-0.03
14/1e,Christoph Tropschuh,BBC Plochingen 2,Bezirksliga | Kreisliga A,Ost 1,30,10,20,18.69,1480,1323,1636,80,8.46,-0.03
9-Ball,Manuel Aschenbrenner,BC Bad Schussenried 5 | PBC Bad Saulgau 3,Kreisliga A,Ost 2,10,5,5,6.01,1480,1221,1739,132,3.00,-0.03
10-Ball,Ottmar Auzinger,PBC Ochsenhausen 1,Bezirksliga | Landesliga,Ost | Ost 2,19,7,12,12.43,1480,1290,1671,97,4.98,-0.03
14/1e,Rainer Beck,PBC Langenargen 2,Bezirksliga | Kreisliga A,Ost 2,2,0,2,0.74,1480,960,2000,266,0.31,-0.03
9-Ball,Rainer Glück,BSV Filderstadt 3,Kreisliga A,Ost 1,1,0,1,1.00,1480,998,1962,246,0.48,-0.03
14/1e,Robert Zivanovic,BBC Plochingen 2,Bezirksliga | Kreisliga A,Ost 1,21,7,14,11.47,1480,1284,1675,100,5.46,-0.03
league:Bezirksliga,Siegbert Müller,BC Bad Schussenried 1 | BC Bad Schussenried 2,Bezirksliga,Ost 2,22,10,12,12.94,1480,1294,1667,95,6.26,-0.03
9-Ball,Sijon Joos,BSV Tiengen 2,Landesliga,West,2,1,1,0.70,1480,942,2018,274,0.22,-0.03
9-Ball,Thomas Tischmann,BC Blaustein 1,Bezirksliga | Kreisliga A | Landesliga,Ost | Ost 2,13,6,7,9.27,1480,1261,1699,112,3.76,-0.03
9-Ball,Yannik Weber,BSV Filderstadt 3 | BSV Filderstadt 4,Bezirksliga | Kreisliga A,Ost 1,8,3,5,6.54,1480,1228,1732,129,3.06,-0.03
9-Ball,Andreas Greitmann,BC Unterteuringen 1,Bezirksliga,Ost 2,2,0,2,1.39,1479,1035,1923,226,0.60,-0.03
10-Ball,Benjamin Heck,BSG Albstadt 1 | PBC Bad Saulgau 2,Bezirksliga | Kreisliga A,Ost 2 | West 1 | West 2,23,10,13,13.16,1479,1295,1663,94,6.69,-0.03
league:Kreisliga A,Goran Antunovic,Tübinger BC 2,Kreisliga A,Ost 1,8,2,6,2.64,1479,1119,1838,183,1.23,-0.03
league:Landesliga,Julian Tremmel,BSV Konstanz 1,Landesliga,Ost,6,1,5,2.04,1479,1085,1872,201,0.90,-0.03
10-Ball,Markus Stehle,BV Villingen-Schwenningen 2,Bezirksliga,West 2,3,2,1,1.07,1479,1000,1959,245,0.45,-0.03
14/1e,Nicholas Hoeldtke,BC Stuttgart 1891 7,Kreisliga A,Ost 1,1,0,1,1.00,1479,996,1963,247,0.44,-0.03
14/1e,Nikolaus Blum,BC Bad Schussenried 4 | BC Bad Schussenried 5 | PBC Ochsenhausen 3,Kreisliga A,Ost 2,36,14,22,19.55,1479,1326,1631,78,8.60,-0.03
9-Ball,Ronny Frank,BSV Tiengen 2,Landesliga,West,10,4,6,3.94,1479,1166,1793,160,1.71,-0.03
14/1e,Siegfried Brockmann,BC Bad Schussenried 2 | BC Bad Schussenried 3 | BC Bad Schussenried 4,Kreisliga A,Ost 2,9,2,7,6.40,1479,1225,1734,130,3.22,-0.03
10-Ball,Simon Conrad,BSG Albstadt 1,Bezirksliga,West 1 | West 2,10,3,7,4.43,1479,1180,1779,153,2.06,-0.03
league:Landesliga,Stefan Weiner,BV Villingen-Schwenningen 1,Landesliga,West,6,0,6,2.11,1479,1083,1876,202,0.77,-0.03
league:Landesliga,Wilfried Schön,BSC Göppingen 2,Landesliga,Ost,23,6,17,19.74,1479,1327,1630,77,9.01,-0.03
league:Bezirksliga,Daniel Lehmann,PBC Bräunlingen 2,Bezirksliga,West 1,2,1,1,1.67,1478,1060,1895,213,0.80,-0.03
9-Ball,Dominik Weitzmann,PBC Bad Saulgau 2 | PBC Bad Saulgau 3,Bezirksliga | Kreisliga A,Ost 2,30,10,20,17.35,1478,1318,1639,82,8.19,-0.03
8-Ball,Eyvinh Polvito,BSC Göppingen 3,Bezirksliga,Ost 1,1,1,0,0.89,1478,978,1978,255,0.52,-0.03
league:Bezirksliga,Guido Ulmer,BSV Pfullingen 2 | BSV Pfullingen 3 | PBC Reutlingen 2,Bezirksliga,Ost 1,32,15,17,17.70,1478,1317,1638,82,8.78,-0.03
14/1e,Hardi Engel,BV Markdorf 2,Bezirksliga,Ost 2,16,5,11,8.78,1478,1256,1700,113,3.86,-0.03
8-Ball,Jacco van de Streek,P&S Denzlingen 1 | P&S Denzlingen 2,Bezirksliga | Landesliga,West | West 2,5,1,4,2.01,1478,1076,1880,205,0.85,-0.03
all,Klaus Dietrich,BV Markdorf 2,Bezirksliga,Ost 2,56,21,35,35.05,1478,1361,1595,60,15.40,-0.03
10-Ball,Mark Szinger,BV Villingen-Schwenningen 2,Bezirksliga,West 1,17,8,9,13.30,1478,1295,1661,93,6.35,-0.03
14/1e,Michael Schreiber,BC Dreiländereck 2,Landesliga,West,1,0,1,0.40,1478,901,2056,295,0.18,-0.03
9-Ball,Norbert Hell,BSV Filderstadt 5 | BSV Filderstadt 6 | PBC Reutlingen 2 | PBC Reutlingen 3,Kreisliga A,Ost 1,16,9,7,6.83,1478,1230,1726,127,3.56,-0.03
all,Pascal Cecotti,BC Dätzingen 2,Kreisliga A,West 2,2,0,2,2.00,1478,1071,1885,208,0.69,-0.03
league:Kreisliga A,Pascal Cecotti,BC Dätzingen 2,Kreisliga A,West 2,2,0,2,2.00,1478,1071,1885,208,0.69,-0.03
9-Ball,Ryan Grabowski,P&S Denzlingen 2 | P&S Denzlingen 3,Bezirksliga | Landesliga,West | West 1 | West 2,13,5,8,8.09,1478,1251,1706,116,3.68,-0.03
league:Kreisliga A,Samir Javor,BC Bad Schussenried 2 | BC Bad Schussenried 3,Kreisliga A,Ost 2,10,3,7,5.74,1478,1213,1743,135,2.95,-0.03
league:Kreisliga A,Andre Schwenzfeier,BSV Pfullingen 2,Kreisliga A,Ost 1,24,9,15,20.57,1477,1326,1628,77,9.50,-0.03
league:Landesliga,Antonio Nuzziello,BSC Göppingen 2,Landesliga,Ost,10,4,6,8.79,1477,1255,1698,113,3.83,-0.03
9-Ball,Catalin Damian,BC Feuersee 1,Kreisliga A,Ost 2,1,0,1,1.00,1477,993,1961,247,0.43,-0.03
league:Bezirksliga,Cornelius Ryan,PBC Reutlingen 2,Bezirksliga,Ost 1,22,9,13,15.11,1477,1303,1651,89,6.83,-0.03
league:Landesliga,Erwin Thoma,PBC Ochsenhausen 1,Landesliga,Ost,12,6,6,6.97,1477,1232,1722,125,3.16,-0.03
14/1e,Florian Bühler,Tübinger BC 1,Landesliga,Ost,2,0,2,0.65,1477,936,2018,276,0.24,-0.03
8-Ball,Hamza Benslimane,BSV Pfullingen 1,Landesliga,West,1,0,1,1.00,1477,993,1961,247,0.43,-0.03
all,Hayk Hovhannisyan,BC Aalen 4,Bezirksliga,Ost 2,1,0,1,1.00,1477,995,1959,246,0.49,-0.03
league:Bezirksliga,Hayk Hovhannisyan,BC Aalen 4,Bezirksliga,Ost 2,1,0,1,1.00,1477,995,1959,246,0.49,-0.03
league:Landesliga,Jörg Schwager,BSC Göppingen 1,Landesliga,Ost,26,13,13,19.71,1477,1326,1629,77,9.27,-0.03
all,Luciano Galman,BSC Göppingen 3,Bezirksliga,Ost 1,15,3,12,12.86,1477,1287,1667,97,5.01,-0.03
all,Manuel Aschenbrenner,BC Bad Schussenried 5 | PBC Bad Saulgau 3,Kreisliga A,Ost 2,50,22,28,28.35,1477,1348,1606,66,14.49,-0.03
9-Ball,Marvin Szymiczek,BV Pforzheim 4,Kreisliga A,West 1,1,0,1,1.00,1477,993,1961,247,0.43,-0.03
9-Ball,Ralf Hohlfeld,BC Feuersee 1,Kreisliga A,Ost 2,1,0,1,1.00,1477,993,1961,247,0.43,-0.03
league:Landesliga,Siegbert Müller,BC Bad Schussenried 2,Landesliga,Ost,10,4,6,8.63,1477,1252,1702,115,3.69,-0.03
14/1e,Timo Heim,PBC Offenburg 3 | PBC Offenburg 4,Bezirksliga | Landesliga,West | West 1,11,4,7,5.41,1477,1200,1754,141,2.31,-0.03
14/1e,Tom Mischner,PBC Langenargen 2 | PBC Langenargen 3,Bezirksliga | Kreisliga A,Ost 2,5,2,3,1.99,1477,1081,1873,202,0.95,-0.03
9-Ball,Alper Körpe,BF Bronnen 1 | PBC Ochsenhausen 2,Kreisliga A,Ost 2,12,5,7,8.00,1476,1247,1704,117,3.88,-0.04
8-Ball,Celal Bulut,BV Markdorf 2,Bezirksliga,Ost 2,2,0,2,0.65,1476,941,2010,273,0.27,-0.04
all,Cornelius Ryan,PBC Reutlingen 2 | Tübinger BC 1 | Tübinger BC 3,Bezirksliga | Kreisliga A | Landesliga,Ost 1 | West,76,33,43,40.65,1476,1367,1585,56,19.08,-0.03
all,Daniel La Cognata,BC Sindelfingen 4,Landesliga,West,2,0,2,2.00,1476,1077,1875,204,0.80,-0.03
14/1e,Dietmar Helfrich,BC Bad Schussenried 4,Kreisliga A,Ost 2,8,3,5,6.73,1476,1226,1726,128,3.33,-0.03
14/1e,Dietmar Karoli,Tübinger BC 1 | Tübinger BC 2,Bezirksliga | Kreisliga A,Ost 1,8,3,5,4.69,1476,1186,1766,148,2.14,-0.03
all,Florian Bühler,Tübinger BC 1,Landesliga,Ost,4,0,4,1.30,1476,1000,1952,243,0.38,-0.03
league:Kreisliga A,Glen Corcoran,PBC Ochsenhausen 3,Kreisliga A,Ost 2,12,4,8,4.18,1476,1173,1780,155,1.85,-0.03
9-Ball,Goran Antunovic,Tübinger BC 2,Kreisliga A,Ost 1,1,0,1,0.34,1476,887,2066,301,0.15,-0.03
14/1e,Julian Schank,PBC Ochsenhausen 2,Kreisliga A,Ost 2,1,0,1,0.79,1476,966,1985,260,0.38,-0.04
all,Karsten Mieskes,BC Bad Schussenried 1 | BC Bad Schussenried 2 | BC Bad Schussenried 3,Bezirksliga | Kreisliga A,Ost 2,58,21,37,37.99,1476,1364,1587,57,16.96,-0.03
10-Ball,Lynn Kohl,PBC Offenburg 4 | PBC Offenburg 5,Bezirksliga,West 1,2,1,1,0.70,1476,949,2003,269,0.38,-0.03
8-Ball,Marcel Biegler,BSV Pfullingen 3,Bezirksliga,Ost 1,2,0,2,0.64,1476,930,2022,278,0.21,-0.03
14/1e,Marco Paletta,P&S Denzlingen 2 | P&S Denzlingen 3,Bezirksliga | Landesliga,West | West 2,4,0,4,3.03,1476,1130,1822,177,1.18,-0.03
all,Mark Pfaffenrodt,BV Villingen-Schwenningen 2,Bezirksliga,West 1 | West 2,51,27,24,32.40,1476,1354,1598,62,17.67,-0.03
10-Ball,Michael Psarras,BC Dreiländereck 1 | BC Dreiländereck 2,Landesliga,West,8,1,7,3.50,1476,1142,1809,170,1.25,-0.03
14/1e,Mustafa Basaran,BSV Filderstadt 4,Landesliga,Ost,1,0,1,0.44,1476,892,2060,298,0.13,-0.03
all,Norbert Scheinpflug,BSV Tiengen 3 | BSV Tiengen 4,Bezirksliga,West 1 | West 2,45,21,24,22.70,1476,1334,1619,73,11.32,-0.03
14/1e,Roland Scheinpflug,BSV Tiengen 3,Bezirksliga,West 2,10,3,7,3.71,1476,1158,1794,162,1.66,-0.03
all,Stephan Rech-Linker,BC Sindelfingen 4,Landesliga,West,2,0,2,2.00,1476,1070,1882,207,0.70,-0.03
9-Ball,Steven Thieltges,PBC Bietigheim-Bissingen 1,Bezirksliga,Ost 1,1,0,1,1.00,1476,993,1959,247,0.45,-0.03
10-Ball,Werner Schmidberger,PBC Ochsenhausen 3,Kreisliga A,Ost 2,25,12,13,14.68,1476,1301,1650,89,7.25,-0.03
9-Ball,Andreas Jörg,BBC Plochingen 1,Bezirksliga,Ost 1,1,0,1,0.44,1475,906,2044,290,0.20,-0.04
9-Ball,Andrej Stark,P&S Denzlingen 2 | P&S Denzlingen 3,Bezirksliga,West 1 | West 2,13,4,9,6.34,1475,1220,1729,130,2.81,-0.04
league:Landesliga,Dennis Rothaug,BV Villingen-Schwenningen 1,Landesliga,West,4,1,3,1.32,1475,1020,1930,232,0.55,-0.04
8-Ball,Eckart Grabe,BSV Filderstadt 3 | BSV Filderstadt 4 | BSV Filderstadt 5 | BSV Filderstadt 6,Kreisliga A | Landesliga,Ost | Ost 1,18,4,14,10.02,1475,1259,1691,110,3.78,-0.04
9-Ball,Fiorenzo De Nuzzo,BV Pforzheim 2,Landesliga,West,1,0,1,1.00,1475,991,1958,247,0.45,-0.04
league:Landesliga,Guido Ulmer,BSV Pfullingen 2,Landesliga,Ost,6,3,3,3.03,1475,1132,1817,175,1.39,-0.04
all,Heiko Heinrich,BSV Filderstadt 6,Kreisliga A,Ost 1,4,2,2,1.39,1475,1030,1920,227,0.66,-0.04
all,Hikmet Yüksel,BC Dreiländereck 2,Landesliga,West,16,3,13,5.98,1475,1206,1745,137,2.22,-0.04
14/1e,Joao Rodrigues,BSV Pfullingen 2 | BSV Pfullingen 3 | BSV Pfullingen 4,Bezirksliga | Kreisliga A,Ost 1,35,14,21,22.26,1475,1332,1619,73,9.89,-0.04
10-Ball,Klaus Friedrich,P&S Denzlingen 1 | P&S Denzlingen 2,Bezirksliga | Landesliga,West | West 1 | West 2,6,2,4,2.54,1475,1106,1844,188,1.15,-0.04
8-Ball,Lucia Birsner,BSV Tiengen 3 | BSV Tiengen 4,Bezirksliga,West 1 | West 2,7,3,4,3.42,1475,1139,1811,172,1.51,-0.04
8-Ball,Luciano Galman,BSC Göppingen 3,Bezirksliga,Ost 1,5,1,4,4.25,1475,1162,1787,160,1.51,-0.04
14/1e,Melanie Henschel,PBC Offenburg 3 | PBC Offenburg 4 | PBC Offenburg 6,Bezirksliga | Landesliga,West | West 1,10,2,8,6.63,1475,1225,1724,127,3.04,-0.04
14/1e,Norbert Hell,BSV Filderstadt 6 | PBC Reutlingen 3,Kreisliga A,Ost 1,6,2,4,3.10,1475,1132,1817,175,1.34,-0.04
8-Ball,Oliver Eisele,PBC Langenargen 1 | PBC Langenargen 2,Bezirksliga | Landesliga,Ost | Ost 2,5,2,3,3.69,1475,1143,1807,169,1.22,-0.04
all,Peter Restle,BSV Pfullingen 2 | BSV Pfullingen 3 | BSV Pfullingen 4,Bezirksliga | Kreisliga A,Ost 1,79,39,40,48.08,1475,1374,1576,51,22.48,-0.04
14/1e,Roberto D`Elia,BC Unterteuringen 1,Bezirksliga,Ost 2,1,0,1,0.70,1475,948,2003,269,0.28,-0.04
league:Landesliga,Sebastiano Ratto,BSC Göppingen 1 | BSC Göppingen 2,Landesliga,Ost,39,14,25,23.73,1475,1335,1616,72,10.06,-0.04
10-Ball,Serkan Candir,BSV Filderstadt 3 | BSV Filderstadt 4 | BSV Filderstadt 5 | BSV Filderstadt 6,Bezirksliga | Kreisliga A,Ost 1,20,9,11,9.72,1475,1263,1686,108,4.62,-0.04
14/1e,Simon Kemmerling,PBC Bräunlingen 2,Bezirksliga | Landesliga,West | West 1 | West 2,4,0,4,2.25,1475,1090,1861,196,0.87,-0.04
all,Stefan Avrancsev,BSC Göppingen 2,Bezirksliga,Ost 1,50,26,24,30.49,1475,1351,1600,63,14.71,-0.04
10-Ball,Wolfgang Ehni,BC Dreiländereck 2,Landesliga,West,2,0,2,0.66,1475,938,2011,274,0.28,-0.04
14/1e,Alen Mulaosmanovic,PBC Offenburg 4 | PBC Offenburg 5,Bezirksliga | Landesliga,West | West 1,4,1,3,2.46,1474,1107,1841,187,1.22,-0.04
14/1e,Alexander Hemmer,BBC Plochingen 1 | BBC Plochingen 2,Kreisliga A | Landesliga,Ost | Ost 1,2,0,2,1.35,1474,1024,1924,230,0.54,-0.04
league:Bezirksliga,Andreas Horn,BSG Albstadt 1,Bezirksliga,West 1 | West 2,16,8,8,6.20,1474,1216,1731,131,2.97,-0.04
league:Landesliga,Andreas Wittmeier,BV Pforzheim 2,Landesliga,West,2,0,2,2.00,1474,1058,1890,212,0.60,-0.04
league:Bezirksliga,Ewald Bausch,PBC Langenargen 1 | PBC Langenargen 2,Bezirksliga,Ost 2,31,9,22,22.26,1474,1327,1620,75,8.97,-0.04
league:Landesliga,Flaviano Gabriele,BC Bad Schussenried 1 | BC Bad Schussenried 2,Landesliga,Ost,51,20,31,34.68,1474,1358,1590,59,15.79,-0.04
8-Ball,Glen Corcoran,PBC Ochsenhausen 1 | PBC Ochsenhausen 3,Kreisliga A | Landesliga,Ost | Ost 2,6,2,4,2.31,1474,1090,1858,196,0.98,-0.04
14/1e,Jeremy Eckert,PBC Offenburg 3 | PBC Offenburg 4 | PBC Offenburg 5,Bezirksliga | Landesliga,West | West 1,12,2,10,8.69,1474,1250,1697,114,3.75,-0.04
14/1e,Johanna Indlekofer,BC Dreiländereck 2,Landesliga,West,5,1,4,2.13,1474,1087,1862,198,0.94,-0.04
8-Ball,Marco Conrad,PBC Langenargen 3,Kreisliga A,Ost 2,3,0,3,1.06,1474,986,1963,249,0.46,-0.04
league:Landesliga,Peter Schmidt,BSV Tiengen 2,Landesliga,West,24,5,19,8.53,1474,1246,1702,116,3.51,-0.04
league:Landesliga,Sander Damrau,BSV Pfullingen 1 | BSV Pfullingen 2,Landesliga,Ost,27,10,17,12.98,1474,1288,1660,95,6.01,-0.04
league:Kreisliga A,Sebastian Mayer,BSV Filderstadt 4,Kreisliga A,Ost 1,7,2,5,4.79,1474,1179,1769,150,2.03,-0.04
9-Ball,Stephan Moser,BV Villingen-Schwenningen 2,Bezirksliga,West 1,1,0,1,0.71,1474,950,1999,268,0.30,-0.04
14/1e,Thomas Mooshammer,PP Böblingen 2,Kreisliga A,West 2,1,0,1,1.00,1474,989,1959,247,0.43,-0.04
9-Ball,Tobias Küderle,PBC Offenburg 3,Landesliga,West,7,1,6,4.77,1474,1185,1762,147,2.02,-0.04
all,Ulrich Märkle,Tübinger BC 2,Kreisliga A,Ost 1,21,10,11,7.55,1474,1235,1713,122,4.10,-0.04
all,Yavuz Güleryüz,P&S Denzlingen 1 | P&S Denzlingen 2,Bezirksliga | Landesliga,West | West 1 | West 2,47,17,30,21.10,1474,1326,1622,76,9.54,-0.04
14/1e,Alexandros Satrazanis,BSC Göppingen 1,Bezirksliga,Ost 1,2,0,2,1.00,1473,976,1971,254,0.33,-0.04
league:Bezirksliga,Andreas Merkle,BC Dreiländereck 1,Bezirksliga,West 1,17,4,13,14.34,1473,1295,1652,91,5.78,-0.04
8-Ball,Angelika Müller,BSC Göppingen 3,Kreisliga A,Ost 1,1,0,1,0.44,1473,899,2046,293,0.17,-0.04
league:Landesliga,Axel Klimmer,PBC Bräunlingen 1 | PBC Bräunlingen 2,Landesliga,West,48,20,28,37.00,1473,1361,1585,57,17.39,-0.04
10-Ball,David Nguyen,PBC Rastatt 3,Kreisliga A,West 1,1,0,1,1.00,1473,987,1959,248,0.41,-0.04
10-Ball,Ingo Maier,PBC Langenargen 4,Kreisliga A,Ost 2,3,2,1,1.59,1473,1046,1900,218,0.91,-0.04
8-Ball,Jan Weber,PBC Bad Saulgau 2 | PBC Bad Saulgau 3,Bezirksliga | Kreisliga A,Ost 2,10,4,6,6.76,1473,1220,1725,129,2.91,-0.04
league:Bezirksliga,Jeremy Eckert,PBC Offenburg 5,Bezirksliga,West 1,18,11,7,9.59,1473,1261,1685,108,4.88,-0.04
10-Ball,Joachim Bruggesser,PBC Bad Saulgau 4,Kreisliga A,Ost 2,13,7,6,5.07,1473,1189,1756,145,2.56,-0.04
8-Ball,Manuel Aschenbrenner,BC Bad Schussenried 5 | PBC Bad Saulgau 3,Kreisliga A,Ost 2,16,7,9,8.58,1473,1246,1700,116,3.99,-0.04
14/1e,Marcus Wolf,PBC Bräunlingen 2,Bezirksliga | Landesliga,West | West 1 | West 2,17,4,13,8.31,1473,1245,1701,116,3.53,-0.04
14/1e,Max Schmidtke,BSC Göppingen 3,Bezirksliga,Ost 1,2,0,2,1.44,1473,1029,1918,227,0.55,-0.04
all,Michael Martini,BSV Pfullingen 3,Bezirksliga,Ost 1,2,1,1,0.65,1473,942,2004,271,0.34,-0.04
league:Kreisliga A,Michael Sdrzallek,BSV Filderstadt 4,Kreisliga A,Ost 1,11,4,7,9.41,1473,1256,1691,111,3.77,-0.04
10-Ball,Mirjan Hidri,PBC Freudenstadt 2 | PBC Freudenstadt 3,Bezirksliga | Landesliga,West | West 1,3,1,2,2.49,1473,1100,1845,190,0.97,-0.04
league:Landesliga,Phi Dang,P&S Denzlingen 2,Landesliga,West,6,2,4,4.12,1473,1161,1785,159,1.70,-0.04
9-Ball,Richard Hartmann,PBC Sand 2,Bezirksliga,West 1,14,6,8,5.31,1473,1199,1747,140,2.74,-0.04
9-Ball,Stefan Vater,PBC Freudenstadt 2 | PBC Freudenstadt 3,Bezirksliga | Landesliga,West | West 1,37,18,19,22.27,1473,1327,1618,74,10.67,-0.04
all,Timur Susuz,BC Aalen 3,Landesliga,Ost,2,0,2,2.00,1473,1075,1870,203,0.83,-0.04
league:Kreisliga A,Ali Deyhimi,Tübinger BC 2,Kreisliga A,Ost 1,5,2,3,3.30,1472,1139,1805,170,1.40,-0.04
8-Ball,Arno Marotz,BSV Filderstadt 2 | BSV Filderstadt 3 | BSV Filderstadt 4,Bezirksliga | Landesliga,Ost | Ost 1,18,5,13,10.94,1472,1261,1682,108,3.82,-0.04
all,Daniel Klapper,BC Sindelfingen 6,Bezirksliga,West 2,1,0,1,1.00,1472,986,1959,248,0.41,-0.04
league:Bezirksliga,Daniel Klapper,BC Sindelfingen 6,Bezirksliga,West 2,1,0,1,1.00,1472,986,1959,248,0.41,-0.04
league:Kreisliga A,Dominik Weitzmann,PBC Bad Saulgau 2 | PBC Bad Saulgau 3,Kreisliga A,Ost 2,82,27,55,45.72,1472,1370,1575,52,20.67,-0.04
9-Ball,Frank Schwenk,BSC Göppingen 1 | BSC Göppingen 2,Landesliga,Ost,6,1,5,4.77,1472,1179,1764,149,1.80,-0.04
league:Landesliga,Frank Schwenk,BSC Göppingen 1 | BSC Göppingen 2,Landesliga,Ost,46,14,32,36.38,1472,1358,1586,58,15.63,-0.04
all,Gero Fähnle,BSV Filderstadt 5 | BSV Filderstadt 6 | PBC Reutlingen 2 | PBC Reutlingen 3,Bezirksliga | Kreisliga A,Ost 1,66,25,41,43.05,1472,1366,1579,54,19.13,-0.04
8-Ball,Joachim Koepke,PBC Offenburg 3 | PBC Offenburg 4 | PBC Offenburg 5,Bezirksliga | Landesliga,West | West 1,14,4,10,11.14,1472,1268,1675,104,4.52,-0.04
10-Ball,Julian Tremmel,BSV Konstanz 1,Landesliga,Ost,3,0,3,1.02,1472,988,1957,247,0.41,-0.04
10-Ball,Lars Jäger,P&S Denzlingen 4,Bezirksliga,West 1,5,2,3,4.37,1472,1171,1773,153,2.04,-0.04
9-Ball,Luciano Galman,BSC Göppingen 3,Bezirksliga,Ost 1,4,0,4,3.48,1472,1142,1802,168,1.33,-0.04
league:Bezirksliga,Luciano Galman,BSC Göppingen 3,Bezirksliga,Ost 1,15,3,12,12.86,1472,1283,1662,97,5.02,-0.04
league:Kreisliga A,Nikolaos Seristatidis,Tübinger BC 2,Kreisliga A,Ost 1,35,16,19,13.18,1472,1286,1658,95,6.32,-0.04
8-Ball,Ottmar Auzinger,PBC Ochsenhausen 1,Bezirksliga | Landesliga,Ost | Ost 2,12,0,12,7.69,1472,1222,1722,128,2.37,-0.04
8-Ball,Peter Kleinhans,PBC Langenargen 2,Kreisliga A,Ost 2,12,6,6,4.08,1472,1162,1782,158,2.19,-0.04
14/1e,Ralf Bachert,PBC Bietigheim-Bissingen 2,Bezirksliga,Ost 2,1,0,1,1.00,1472,987,1958,248,0.42,-0.04
14/1e,Sander Damrau,BSV Pfullingen 1 | BSV Pfullingen 2,Landesliga,Ost,3,0,3,1.59,1472,1029,1914,226,0.51,-0.04
league:Kreisliga A,Sylvia Gurnig,BV Markdorf 3,Kreisliga A,Ost 2,21,11,10,11.60,1472,1277,1667,99,5.60,-0.04
all,Umut Akinci,PBC Bad Saulgau 2 | PBC Bad Saulgau 3,Bezirksliga | Kreisliga A,Ost 2,13,4,9,4.89,1472,1186,1758,146,2.09,-0.04
league:Landesliga,Yahya Bouchikhi,P&S Denzlingen 2,Landesliga,West,12,6,6,10.06,1472,1262,1682,107,4.86,-0.04
8-Ball,Bayartsetseg Tsogoo,BC Stuttgart 1891 4,Bezirksliga,Ost 2,1,0,1,1.00,1471,985,1957,248,0.42,-0.04
league:Bezirksliga,Benjamin Heck,BSG Albstadt 1,Bezirksliga,West 1 | West 2,37,15,22,16.82,1471,1305,1637,85,7.33,-0.04
9-Ball,Bernd Messing,PBC Offenburg 3 | PBC Offenburg 4,Bezirksliga | Landesliga,West | West 1,25,11,14,10.76,1471,1269,1674,103,4.90,-0.04
14/1e,Carlo Hartmann,BSG Albstadt 1,Bezirksliga,West 1,1,0,1,0.51,1471,913,2029,285,0.21,-0.04
14/1e,Daniel Fahrner,PBC Freudenstadt 3,Landesliga,West,5,0,5,2.65,1471,1103,1838,187,0.99,-0.04
all,David Nguyen,PBC Rastatt 3,Kreisliga A,West 1,1,0,1,1.00,1471,985,1956,248,0.42,-0.04
8-Ball,Donald Oreskovic,PBC Bad Saulgau 2,Bezirksliga,Ost 2,4,1,3,1.78,1471,1040,1902,220,0.58,-0.04
9-Ball,Fabian Wieser,BSC Lions Bietigheim 2,Kreisliga A,West 1,1,0,1,1.00,1471,985,1957,248,0.42,-0.04
10-Ball,Florian Pasch,PF Calw 2,Bezirksliga,West 1,1,0,1,1.00,1471,985,1957,248,0.42,-0.04
league:Kreisliga A,Frederik Binder,BSV Filderstadt 3 | BSV Filderstadt 4 | BSV Filderstadt 5 | BSV Filderstadt 6,Kreisliga A,Ost 1,47,19,28,26.44,1471,1337,1606,69,11.50,-0.04
10-Ball,Joachim Lechenbauer,BC Stuttgart 1891 4,Bezirksliga,Ost 2,1,0,1,1.00,1471,985,1957,248,0.42,-0.04
10-Ball,Joshua Bartsch,PBC Aalen 1,Bezirksliga,Ost 2,1,0,1,1.00,1471,985,1957,248,0.42,-0.04
8-Ball,Jürgen Müller,PBC Rastatt 4,Kreisliga A,West 1,1,0,1,1.00,1471,985,1957,248,0.42,-0.04
8-Ball,Karsten Mieskes,BC Bad Schussenried 1 | BC Bad Schussenried 2 | BC Bad Schussenried 3,Bezirksliga | Kreisliga A,Ost 2,23,8,15,15.21,1471,1296,1646,89,6.82,-0.04
8-Ball,Manfred Kalliehs,PF Calw 1,Bezirksliga,West 2,1,0,1,1.00,1471,985,1957,248,0.42,-0.04
9-Ball,Marcus Reber,PBC Freudenstadt 2 | PBC Freudenstadt 3,Bezirksliga | Landesliga,West | West 1,2,0,2,0.72,1471,948,1993,267,0.31,-0.04
league:Bezirksliga,Marcus Reber,PBC Freudenstadt 3,Bezirksliga,West 1,2,0,2,0.65,1471,934,2008,274,0.25,-0.04
14/1e,Mario Rosenkranz,PBC Bräunlingen 2,Bezirksliga,West 1,3,1,2,2.49,1471,1095,1846,192,1.14,-0.04
10-Ball,Marius-Ionut Baniceru,BC Stuttgart 1891 6,Kreisliga A,Ost 1,1,0,1,1.00,1471,985,1957,248,0.42,-0.04
league:Bezirksliga,Michael Martini,BSV Pfullingen 3,Bezirksliga,Ost 1,2,1,1,0.65,1471,939,2002,271,0.34,-0.04
8-Ball,Michael Minnerop,PF Calw 2,Bezirksliga,West 1,1,0,1,1.00,1471,985,1957,248,0.42,-0.04
10-Ball,Michael Müller,PF Calw 1,Bezirksliga,West 2,1,0,1,1.00,1471,985,1957,248,0.42,-0.04
8-Ball,Michael Müller,PF Calw 1,Bezirksliga,West 2,1,0,1,1.00,1471,985,1957,248,0.42,-0.04
10-Ball,Muho Dizdarevic,BULL Leonberg-Höfingen 3,Kreisliga A,Ost 2,1,0,1,1.00,1471,985,1957,248,0.42,-0.04
8-Ball,Norbert Ritschel,PBC Nagoldtal 3,Bezirksliga,West 2,1,0,1,1.00,1471,985,1957,248,0.42,-0.04
9-Ball,Norbert Scheinpflug,BSV Tiengen 3 | BSV Tiengen 4,Bezirksliga,West 1 | West 2,16,7,9,8.37,1471,1246,1697,115,3.97,-0.04
10-Ball,Otto Stefan Witt,BULL Leonberg-Höfingen 3,Kreisliga A,Ost 2,1,0,1,1.00,1471,985,1957,248,0.42,-0.04
10-Ball,Pascal Habiger,BV Pforzheim 3,Bezirksliga,West 1,1,0,1,1.00,1471,985,1957,248,0.42,-0.04
14/1e,Peter Kleinhans,PBC Langenargen 2,Kreisliga A,Ost 2,2,1,1,0.68,1471,936,2005,273,0.37,-0.04
8-Ball,Silke Brand,BC Stuttgart 1891 4,Bezirksliga,Ost 2,1,0,1,1.00,1471,985,1957,248,0.42,-0.04
10-Ball,Stefanie Brakopp,PBC Nagoldtal 3,Bezirksliga,West 2,1,0,1,1.00,1471,985,1957,248,0.42,-0.04
league:Landesliga,Theo Georgoudious,PBC Ochsenhausen 1,Landesliga,Ost,2,1,1,1.82,1471,1058,1884,211,0.76,-0.04
10-Ball,Thomas Graner,BULL Leonberg-Höfingen 2,Bezirksliga,Ost 1,1,0,1,1.00,1471,985,1957,248,0.42,-0.04
8-Ball,Thomas Krüger,BULL Leonberg-Höfingen 2,Bezirksliga,Ost 1,1,0,1,1.00,1471,985,1957,248,0.42,-0.04
league:Landesliga,Timur Susuz,BC Aalen 3,Landesliga,Ost,2,0,2,2.00,1471,1074,1868,203,0.84,-0.04
10-Ball,Umut Akinci,PBC Bad Saulgau 2 | PBC Bad Saulgau 3,Bezirksliga | Kreisliga A,Ost 2,7,3,4,2.61,1471,1109,1833,185,1.23,-0.04
league:Landesliga,Zeki-Kaan Koyun,PBC Bräunlingen 2,Landesliga,West,3,1,2,1.67,1471,1047,1894,216,0.95,-0.04
all,Alexandar Stankovic,TV Cannstatt 2,Landesliga,Ost,2,1,1,2.00,1470,1071,1868,203,0.87,-0.04
league:Landesliga,Alexandar Stankovic,TV Cannstatt 2,Landesliga,Ost,2,1,1,2.00,1470,1071,1868,203,0.87,-0.04
14/1e,Daniel Klapper,BC Sindelfingen 6,Bezirksliga,West 2,1,0,1,1.00,1470,983,1956,248,0.41,-0.04
8-Ball,Dusan Livaja,PBC Ochsenhausen 3,Kreisliga A,Ost 2,3,1,2,2.68,1470,1108,1833,185,1.27,-0.04
league:Landesliga,Franjo Antunovic,BBC Plochingen 1,Landesliga,Ost,2,0,2,1.00,1470,983,1958,249,0.40,-0.04
10-Ball,Ilyas Fölker,PBC Bad Saulgau 3,Kreisliga A,Ost 2,1,1,0,0.63,1470,919,2021,281,0.44,-0.04
9-Ball,Jürgen Kieble,BC Bad Schussenried 2 | BC Bad Schussenried 3 | BC Bad Schussenried 4,Bezirksliga | Kreisliga A,Ost 2,13,5,8,8.75,1470,1248,1692,113,3.87,-0.04
9-Ball,Klaus Dietrich,BV Markdorf 2,Bezirksliga,Ost 2,13,6,7,8.40,1470,1243,1698,116,3.59,-0.04
9-Ball,Melanie Henschel,PBC Offenburg 3 | PBC Offenburg 4 | PBC Offenburg 6,Bezirksliga | Landesliga,West | West 1,14,5,9,7.04,1470,1223,1716,126,3.12,-0.04
league:Bezirksliga,Richard Hartmann,PBC Sand 2,Bezirksliga,West 1,29,9,20,10.96,1470,1269,1671,102,4.66,-0.04
league:Bezirksliga,Stefan Avrancsev,BSC Göppingen 2,Bezirksliga,Ost 1,50,26,24,30.49,1470,1345,1594,64,14.72,-0.04
14/1e,Tobias Walz,PBC Nagoldtal 3,Bezirksliga,West 2,1,0,1,1.00,1470,983,1956,248,0.41,-0.04
14/1e,Adham Mohamed,Tübinger BC 1,Bezirksliga,Ost 1,2,0,2,1.75,1469,1051,1887,213,0.73,-0.04
9-Ball,Ahad Suleimanjar,BV Markdorf 2,Bezirksliga,Ost 2,2,0,2,0.91,1469,968,1970,256,0.37,-0.04
9-Ball,Benjamin Heck,BSG Albstadt 1 | PBC Bad Saulgau 2,Bezirksliga | Kreisliga A,Ost 2 | West 1 | West 2,17,10,7,11.33,1469,1274,1664,99,5.55,-0.04
9-Ball,Christian Orosz,BSV Pfullingen 3,Bezirksliga,Ost 1,2,1,1,0.64,1469,933,2005,273,0.31,-0.04
14/1e,Dennis Knoblauch,P&S Denzlingen 4,Bezirksliga,West 1,8,4,4,6.87,1469,1225,1713,125,3.33,-0.04
8-Ball,Hikmet Yüksel,BC Dreiländereck 2,Landesliga,West,7,2,5,2.67,1469,1099,1840,189,1.04,-0.04
14/1e,Jan Weber,PBC Bad Saulgau 2 | PBC Bad Saulgau 3,Bezirksliga | Kreisliga A,Ost 2,8,2,6,5.18,1469,1190,1748,143,2.17,-0.04
10-Ball,Jens Stintz,BSV Filderstadt 4,Bezirksliga,Ost 1,2,1,1,1.11,1469,989,1950,245,0.43,-0.04
10-Ball,Karl-Heinz Krause,PBC Offenburg 3 | PBC Offenburg 5,Bezirksliga | Landesliga,West | West 1,21,8,13,9.82,1469,1258,1680,108,4.34,-0.04
league:Landesliga,Kevin Minardi,PBC Reutlingen 2,Landesliga,West,2,0,2,2.00,1469,1069,1869,204,0.78,-0.04
all,Marcus Wolf,PBC Bräunlingen 2,Bezirksliga | Landesliga,West | West 1 | West 2,36,11,25,17.31,1469,1305,1633,84,7.33,-0.04
league:Landesliga,Markus Graml,PBC Langenargen 1,Landesliga,Ost,3,1,2,0.96,1469,972,1965,254,0.38,-0.05
14/1e,Michael Martini,BSV Pfullingen 3,Bezirksliga,Ost 1,1,0,1,0.33,1469,875,2062,303,0.15,-0.04
10-Ball,Norbert Hell,BSV Filderstadt 5 | BSV Filderstadt 6,Kreisliga A,Ost 1,11,3,8,3.99,1469,1158,1781,159,1.70,-0.04
league:Landesliga,Patrick Bolduan,BC Weingarten 1,Landesliga,Ost,20,7,13,17.21,1469,1306,1632,83,7.35,-0.04
10-Ball,Thomas Durst,BC Stuttgart 1891 2,Landesliga,Ost,1,0,1,1.00,1469,985,1953,247,0.44,-0.04
10-Ball,Thomas Mänz,BSV Filderstadt 3 | BSV Filderstadt 4 | BSV Filderstadt 5 | BSV Filderstadt 6,Bezirksliga | Kreisliga A,Ost 1,24,11,13,13.09,1469,1283,1655,95,5.66,-0.04
9-Ball,Tommaso Parisi,BC Bad Schussenried 2 | BC Bad Schussenried 3 | BC Bad Schussenried 4,Kreisliga A,Ost 2,17,7,10,11.75,1469,1276,1661,98,5.80,-0.04
league:Bezirksliga,Umut Akinci,PBC Bad Saulgau 2,Bezirksliga,Ost 2,10,3,7,3.89,1469,1155,1783,160,1.72,-0.04
league:Kreisliga A,Zeeshan Khan,PBC Ochsenhausen 2,Kreisliga A,Ost 2,10,2,8,5.30,1469,1189,1749,143,2.12,-0.04
9-Ball,Abdul Mecit Kul,BC Blaustein 1,Kreisliga A,Ost 2,1,0,1,0.32,1468,873,2062,303,0.15,-0.05
14/1e,Ali El Ajouz,BC Dreiländereck 2,Landesliga,West,2,0,2,0.87,1468,963,1974,258,0.33,-0.05
8-Ball,Andreas Jörg,BBC Plochingen 1,Bezirksliga | Landesliga,Ost | Ost 1,4,2,2,1.48,1468,1028,1908,225,0.59,-0.05
14/1e,Andreas Wolf,PBC Freudenstadt 3 | PBC Freudenstadt 4,Bezirksliga,West 1,2,0,2,1.03,1468,990,1947,244,0.53,-0.05
league:Bezirksliga,Asmir Sinanovic,PBC Freudenstadt 3 | PBC Freudenstadt 4,Bezirksliga,West 1,51,22,29,39.57,1468,1356,1581,57,18.72,-0.05
9-Ball,Bruno Steinbach,Tübinger BC 1,Bezirksliga,Ost 1,9,5,4,4.28,1468,1167,1769,153,2.01,-0.05
10-Ball,Dominik Weitzmann,PBC Bad Saulgau 2 | PBC Bad Saulgau 3,Bezirksliga | Kreisliga A,Ost 2,34,15,19,19.38,1468,1313,1623,79,9.29,-0.05
9-Ball,Donald Oreskovic,PBC Bad Saulgau 2,Bezirksliga,Ost 2,15,6,9,7.17,1468,1226,1709,123,3.07,-0.05
10-Ball,Emir Musinovic,BSV Konstanz 1,Landesliga,Ost,1,0,1,0.32,1468,870,2066,305,0.13,-0.05
all,Fabian Wieser,BSC Lions Bietigheim 2,Kreisliga A,West 1,2,1,1,2.00,1468,1072,1864,202,1.14,-0.05
league:Kreisliga A,Fabian Wieser,BSC Lions Bietigheim 2,Kreisliga A,West 1,2,1,1,2.00,1468,1072,1864,202,1.14,-0.05
8-Ball,Hannes Reißner,Tübinger BC 2,Kreisliga A,Ost 1,1,1,0,0.86,1468,963,1974,258,0.53,-0.05
10-Ball,Hans Heuschmid,PBC Ochsenhausen 2,Kreisliga A,Ost 2,5,2,3,2.18,1468,1077,1858,199,1.20,-0.05
14/1e,Heiko Heinrich,BSV Filderstadt 6,Kreisliga A,Ost 1,1,0,1,0.35,1468,877,2059,302,0.14,-0.05
9-Ball,Jeremy Eckert,PBC Offenburg 3 | PBC Offenburg 4 | PBC Offenburg 5,Bezirksliga | Landesliga,West | West 1,22,9,13,15.29,1468,1296,1639,87,6.82,-0.05
8-Ball,Jonas Entenmann,Tübinger BC 2,Kreisliga A,Ost 1,4,2,2,1.37,1468,1020,1916,229,0.70,-0.05
14/1e,Krischan Dostal,BV Markdorf 2,Bezirksliga,Ost 2,14,2,12,8.57,1468,1241,1695,116,3.40,-0.05
9-Ball,Louise Wong,BV Leonberg 1,Bezirksliga,Ost 1,1,0,1,1.00,1468,982,1955,248,0.41,-0.05
9-Ball,Marcus Wittner,BSC Lions Bietigheim 1,Landesliga,West,1,0,1,1.00,1468,982,1955,248,0.41,-0.05
all,Mathias Frey,PBC Offenburg 5,Bezirksliga,West 1,28,14,14,10.72,1468,1267,1669,102,5.42,-0.05
9-Ball,Mirjan Hidri,PBC Freudenstadt 2 | PBC Freudenstadt 3,Bezirksliga | Landesliga,West | West 1,3,1,2,2.50,1468,1076,1861,200,0.97,-0.05
league:Kreisliga A,Oleg Kuhn,BSC Göppingen 2,Kreisliga A,Ost 1,4,1,3,1.35,1468,1015,1922,231,0.64,-0.05
9-Ball,Philip Gamerdinger,BC Aalen 4,Bezirksliga,Ost 2,1,0,1,1.00,1468,982,1955,248,0.41,-0.05
9-Ball,Reshawn Spann,P&S Denzlingen 3,Bezirksliga,West 1,2,1,1,1.33,1468,1021,1914,228,0.67,-0.05
10-Ball,Roman Holzhauser,PBC Sand 2,Bezirksliga,West 1,2,0,2,0.88,1468,970,1966,254,0.41,-0.05
14/1e,Sascha Nyffeler,BC Weingarten 1,Landesliga,Ost,1,0,1,0.92,1468,951,1986,264,0.26,-0.05
all,Silke Brand,BC Stuttgart 1891 4,Bezirksliga,Ost 2,2,1,1,2.00,1468,1073,1863,201,0.96,-0.05
league:Bezirksliga,Silke Brand,BC Stuttgart 1891 4,Bezirksliga,Ost 2,2,1,1,2.00,1468,1073,1863,201,0.96,-0.05
9-Ball,Thomas Graner,BULL Leonberg-Höfingen 2,Bezirksliga,Ost 1,1,0,1,1.00,1468,982,1955,248,0.41,-0.05
all,Alper Körpe,BF Bronnen 1 | PBC Ochsenhausen 2,Kreisliga A,Ost 1 | Ost 2,63,28,35,44.79,1467,1364,1570,53,22.52,-0.05
league:Landesliga,Andreas Kiefer,BV Markdorf 1,Landesliga,Ost,32,13,19,13.14,1467,1283,1651,94,6.01,-0.05
10-Ball,Bernd Schröder,PBC Bräunlingen 2,Bezirksliga,West 1 | West 2,3,2,1,2.13,1467,1062,1871,206,1.40,-0.05
14/1e,Florian Pasch,PF Calw 2,Bezirksliga,West 1,1,0,1,1.00,1467,980,1954,248,0.41,-0.05
league:Bezirksliga,Gero Fähnle,PBC Reutlingen 2 | PBC Reutlingen 3,Bezirksliga,Ost 1,38,13,25,29.41,1467,1339,1596,65,12.16,-0.05
league:Kreisliga A,Heiko Schmeil,BSC Göppingen 2,Kreisliga A,Ost 1,10,5,5,3.35,1467,1136,1797,169,1.63,-0.05
league:Bezirksliga,Jan Weber,PBC Bad Saulgau 2,Bezirksliga,Ost 2,20,10,10,11.02,1467,1266,1668,103,5.21,-0.05
league:Landesliga,Joachim Koepke,PBC Offenburg 3 | PBC Offenburg 4,Landesliga,West,41,14,27,32.22,1467,1344,1589,62,13.60,-0.05
9-Ball,Jörg Lingl,PBC Ochsenhausen 3,Kreisliga A,Ost 2,5,2,3,2.94,1467,1123,1811,175,1.41,-0.05
9-Ball,Kevin Künstler,BSC Göppingen 3,Bezirksliga | Kreisliga A,Ost 1,5,0,5,3.52,1467,1136,1798,169,1.33,-0.05
league:Bezirksliga,Klaus Maier,BSC St. Georgen 1,Bezirksliga,West 2,2,1,1,0.63,1467,931,2004,274,0.28,-0.05
14/1e,Manuel Aschenbrenner,BC Bad Schussenried 5 | PBC Bad Saulgau 3,Kreisliga A,Ost 2,12,3,9,4.59,1467,1171,1764,151,1.93,-0.05
all,Michael Schreiber,BC Dreiländereck 2,Landesliga,West,6,0,6,2.54,1467,1086,1848,194,0.83,-0.05
10-Ball,Minh Tien Vo,Tübinger BC 1,Bezirksliga,Ost 1,4,2,2,2.13,1467,1080,1853,197,0.99,-0.05
all,Norbert Ritschel,PBC Nagoldtal 3,Bezirksliga,West 2,2,0,2,2.00,1467,1072,1863,202,0.88,-0.05
league:Bezirksliga,Norbert Ritschel,PBC Nagoldtal 3,Bezirksliga,West 2,2,0,2,2.00,1467,1072,1863,202,0.88,-0.05
league:Bezirksliga,Peter Restle,BSV Pfullingen 2 | BSV Pfullingen 3 | BSV Pfullingen 4,Bezirksliga,Ost 1,61,28,33,32.94,1467,1346,1589,62,14.76,-0.05
10-Ball,Ryan Grabowski,P&S Denzlingen 2 | P&S Denzlingen 3,Bezirksliga | Landesliga,West | West 1 | West 2,12,3,9,7.20,1467,1226,1709,123,3.10,-0.05
9-Ball,Simon Conrad,BSG Albstadt 1,Bezirksliga,West 1 | West 2,4,2,2,1.63,1467,1043,1890,216,0.75,-0.05
8-Ball,Heiko Heinrich,BSV Filderstadt 6,Kreisliga A,Ost 1,2,1,1,0.69,1466,940,1991,268,0.35,-0.05
8-Ball,Horst Hardtke,BC Aalen 3,Landesliga,Ost,1,0,1,1.00,1466,976,1955,250,0.38,-0.05
9-Ball,Klaus Friedrich,P&S Denzlingen 1 | P&S Denzlingen 2,Bezirksliga | Landesliga,West | West 1 | West 2,12,5,7,5.48,1466,1190,1741,140,2.40,-0.05
10-Ball,Marco Paletta,P&S Denzlingen 2,Landesliga,West,1,0,1,0.80,1466,953,1980,262,0.32,-0.05
14/1e,Mario Kraus,BSV Pfullingen 5,Kreisliga A,Ost 1,1,0,1,0.52,1466,909,2023,284,0.21,-0.05
all,Marius-Ionut Baniceru,BC Stuttgart 1891 6,Kreisliga A,Ost 1,2,0,2,2.00,1466,1071,1862,202,0.91,-0.05
league:Kreisliga A,Marius-Ionut Baniceru,BC Stuttgart 1891 6,Kreisliga A,Ost 1,2,0,2,2.00,1466,1071,1862,202,0.91,-0.05
14/1e,Mark Hast,Tübinger BC 2,Bezirksliga | Kreisliga A,Ost 1,10,5,5,6.26,1466,1208,1725,132,3.28,-0.05
10-Ball,Murat Dervisi,PBC Freudenstadt 2,Landesliga,West,9,3,6,4.87,1466,1172,1759,150,1.97,-0.05
league:Bezirksliga,Robert Zivanovic,BBC Plochingen 2,Bezirksliga,Ost 1,31,8,23,17.93,1466,1304,1627,82,7.90,-0.05
all,Roman Holzhauser,PBC Sand 2,Bezirksliga,West 1,18,7,11,7.53,1466,1230,1702,120,3.71,-0.05
9-Ball,Sebastian  Dettling,PBC Bad Saulgau 2 | PBC Bad Saulgau 3,Bezirksliga | Kreisliga A,Ost 2,12,4,8,7.92,1466,1235,1698,118,3.43,-0.05
10-Ball,Tobias Lesniak,BSC St. Georgen 1,Bezirksliga,West 1,1,0,1,0.92,1466,970,1962,253,0.39,-0.05
10-Ball,Andrew Steinhauer,PBC Bad Saulgau 2 | PBC Bad Saulgau 3,Bezirksliga | Kreisliga A,Ost 2,5,2,3,2.70,1465,1104,1825,184,1.25,-0.05
league:Bezirksliga,Cesare Caccavelli,PBC Langenargen 2,Bezirksliga,Ost 2,20,7,13,17.21,1465,1302,1628,83,7.24,-0.05
league:Landesliga,Cornelius Ryan,Tübinger BC 1,Landesliga,West,2,0,2,2.00,1465,1067,1863,203,0.84,-0.05
9-Ball,Dirk Dufner,P&S Denzlingen 3,Bezirksliga | Landesliga,West | West 1,7,2,5,5.62,1465,1187,1743,142,2.28,-0.05
9-Ball,Frederik Binder,BSV Filderstadt 3 | BSV Filderstadt 5,Bezirksliga | Kreisliga A,Ost 1,4,1,3,2.41,1465,1094,1836,189,1.18,-0.05
all,Jens Stintz,BSV Filderstadt 3 | BSV Filderstadt 4 | BSV Filderstadt 5 | BSV Filderstadt 6,Bezirksliga | Kreisliga A,Ost 1,70,25,45,38.28,1465,1353,1577,57,16.62,-0.05
10-Ball,Johannes Müller,P&S Denzlingen 3,Landesliga,West,7,1,6,6.04,1465,1202,1729,135,2.42,-0.05
league:Kreisliga A,Klaus Mutenzer,BC Blaustein 1,Kreisliga A,Ost 2,4,2,2,1.41,1465,1006,1924,234,0.69,-0.05
10-Ball,Mark Mende,BSV Pfullingen 2 | BSV Pfullingen 3 | BSV Pfullingen 4,Bezirksliga | Kreisliga A,Ost 1,7,3,4,4.09,1465,1157,1773,157,1.77,-0.05
14/1e,Melanie Kiefer,PBC Offenburg 3 | PBC Offenburg 5,Bezirksliga | Landesliga,West | West 1,2,0,2,0.96,1465,973,1956,251,0.40,-0.05
14/1e,Michael Psarras,BC Dreiländereck 1 | BC Dreiländereck 2,Bezirksliga | Landesliga,West | West 1,4,1,3,2.59,1465,1096,1833,188,1.36,-0.05
league:Landesliga,Michael Schulz,BSV Konstanz 1,Landesliga,Ost,4,1,3,1.35,1465,1015,1915,230,0.56,-0.05
league:Bezirksliga,Nikolaos Seristatidis,Tübinger BC 1 | Tübinger BC 2,Bezirksliga,Ost 1,24,7,17,13.13,1465,1277,1652,96,5.59,-0.05
14/1e,Stephan Reber,PBC Freudenstadt 3,Bezirksliga,West 1,2,0,2,0.66,1465,927,2002,274,0.25,-0.05
all,Benedikt Meschenmoser,PBC Bad Saulgau 2 | PBC Bad Saulgau 3 | PBC Bad Saulgau 4,Bezirksliga | Kreisliga A,Ost 2,38,16,22,19.60,1464,1307,1621,80,8.88,-0.05
14/1e,Eyvinh Polvito,BSC Göppingen 3,Bezirksliga,Ost 1,5,3,2,4.44,1464,1165,1762,152,2.09,-0.05
all,Henrique Barbosa,BSV Pfullingen 3 | BSV Pfullingen 4,Bezirksliga | Kreisliga A,Ost 1,10,5,5,4.64,1464,1175,1753,148,2.58,-0.05
14/1e,Johannes Müller,P&S Denzlingen 3,Landesliga,West,2,0,2,1.79,1464,1045,1884,214,0.64,-0.05
14/1e,Jörg Hechler,BSG Albstadt 1,Bezirksliga,West 2,1,0,1,0.33,1464,870,2058,303,0.16,-0.05
14/1e,Karsten Mieskes,BC Bad Schussenried 2 | BC Bad Schussenried 3,Bezirksliga | Kreisliga A,Ost 2,27,9,18,17.87,1464,1304,1624,82,7.53,-0.05
league:Kreisliga A,Kathrin Karwath,PBC Reutlingen 2 | PBC Reutlingen 3,Kreisliga A,Ost 1 | West 2,47,24,23,21.19,1464,1317,1612,75,11.03,-0.05
10-Ball,Lulzim Ramliku,P&S Denzlingen 3 | P&S Denzlingen 4,Bezirksliga,West 1,8,2,6,5.53,1464,1188,1739,141,2.18,-0.05
all,Manfred Kalliehs,PF Calw 1,Bezirksliga,West 2,2,0,2,2.00,1464,1060,1867,206,0.73,-0.05
league:Bezirksliga,Manfred Kalliehs,PF Calw 1,Bezirksliga,West 2,2,0,2,2.00,1464,1060,1867,206,0.73,-0.05
14/1e,Martin Trippel,PBC Langenargen 2 | PBC Langenargen 3 | PBC Langenargen 4,Kreisliga A,Ost 2,12,2,10,4.54,1464,1166,1762,152,1.88,-0.05
10-Ball,Marvin Diedrich,PBC Sand 2,Bezirksliga,West 1,2,1,1,0.70,1464,937,1990,268,0.32,-0.05
all,Michael Röhrle,BULL Leonberg-Höfingen 1,Landesliga,Ost,2,0,2,2.00,1464,1070,1859,201,0.93,-0.05
league:Landesliga,Michael Röhrle,BULL Leonberg-Höfingen 1,Landesliga,Ost,2,0,2,2.00,1464,1070,1859,201,0.93,-0.05
league:Kreisliga A,Michele Campagna,BBC Plochingen 2,Kreisliga A,Ost 1,16,4,12,8.66,1464,1238,1690,115,3.66,-0.05
league:Landesliga,Oliver Eisele,PBC Langenargen 1,Landesliga,Ost,7,3,4,4.98,1464,1181,1746,144,2.16,-0.05
league:Kreisliga A,Patrick Wilczek,BC Bad Schussenried 2 | BC Bad Schussenried 3 | BC Bad Schussenried 5,Kreisliga A,Ost 2,69,24,45,46.65,1464,1363,1566,52,20.90,-0.05
all,Susi Harbrecht-Berndt,PP Böblingen 2,Kreisliga A,West 2,1,0,1,1.00,1464,968,1961,253,0.34,-0.05
league:Kreisliga A,Susi Harbrecht-Berndt,PP Böblingen 2,Kreisliga A,West 2,1,0,1,1.00,1464,968,1961,253,0.34,-0.05
9-Ball,Theo Georgoudious,PBC Ochsenhausen 1 | PBC Ochsenhausen 2,Kreisliga A | Landesliga,Ost | Ost 2,2,1,1,1.80,1464,1055,1873,209,0.84,-0.05
all,Thomas Höger,TV Cannstatt 4,Bezirksliga,Ost 1,2,0,2,2.00,1464,1065,1864,204,0.80,-0.05
league:Bezirksliga,Thomas Höger,TV Cannstatt 4,Bezirksliga,Ost 1,2,0,2,2.00,1464,1065,1864,204,0.80,-0.05
9-Ball,Tobias Abt,BC Bad Schussenried 2 | BC Bad Schussenried 3 | BC Bad Schussenried 4 | BC Bad Schussenried 5 | PBC Bad Saulgau 2 | PBC Bad Saulgau 3,Bezirksliga | Kreisliga A,Ost 2,46,14,32,23.90,1464,1325,1603,71,10.75,-0.05
10-Ball,Yves Jordan,BSC Göppingen 2 | BSC Göppingen 3,Kreisliga A,Ost 1,3,1,2,1.25,1464,1005,1923,234,0.67,-0.05
9-Ball,Alexandros Satrazanis,BSC Göppingen 1,Bezirksliga,Ost 1,2,1,1,1.08,1463,986,1939,243,0.62,-0.05
league:Bezirksliga,Bianca Duttlinger,BSV Tiengen 3,Bezirksliga,West 2,8,3,5,3.47,1463,1133,1794,169,1.38,-0.05
14/1e,Boris Golic,PBC Ochsenhausen 1,Bezirksliga | Landesliga,Ost | Ost 2,6,1,5,3.06,1463,1103,1823,184,0.99,-0.05
14/1e,Dominik Weitzmann,PBC Bad Saulgau 2 | PBC Bad Saulgau 3,Bezirksliga | Kreisliga A,Ost 2,20,3,17,10.72,1463,1258,1667,104,4.55,-0.05
all,Glen Corcoran,PBC Ochsenhausen 1 | PBC Ochsenhausen 3,Kreisliga A | Landesliga,Ost | Ost 2,14,4,10,5.33,1463,1184,1742,142,2.20,-0.05
9-Ball,Guido Ulmer,BSV Pfullingen 2 | BSV Pfullingen 3 | PBC Reutlingen 2,Bezirksliga | Landesliga,Ost | Ost 1,15,6,9,7.55,1463,1227,1700,121,3.37,-0.05
10-Ball,Kadir Özturgut,BC Bad Schussenried 2,Bezirksliga | Kreisliga A,Ost 2,4,2,2,2.43,1463,1087,1840,192,0.93,-0.05
9-Ball,Klaus Mutenzer,BC Blaustein 1,Kreisliga A,Ost 2,1,1,0,0.34,1463,860,2067,308,0.24,-0.05
8-Ball,Lothar Enzenhöfer,BC Bad Schussenried 2,Landesliga,Ost,3,1,2,2.49,1463,1089,1838,191,0.91,-0.05
league:Landesliga,Mike Becker,PBC Offenburg 3,Landesliga,West,10,1,9,4.15,1463,1154,1771,157,1.68,-0.05
all,Muho Dizdarevic,BULL Leonberg-Höfingen 3,Kreisliga A,Ost 2,2,1,1,2.00,1463,1069,1857,201,0.98,-0.05
league:Kreisliga A,Muho Dizdarevic,BULL Leonberg-Höfingen 3,Kreisliga A,Ost 2,2,1,1,2.00,1463,1069,1857,201,0.98,-0.05
league:Kreisliga A,Philipp Vosseler,PBC Ochsenhausen 2,Kreisliga A,Ost 2,2,0,2,0.71,1463,921,2004,276,0.23,-0.05
9-Ball,Sebastiano Ratto,BSC Göppingen 1,Bezirksliga | Landesliga,Ost | Ost 1,18,4,14,10.31,1463,1251,1674,108,3.79,-0.05
14/1e,Stephan Rech-Linker,BC Sindelfingen 4,Landesliga,West,1,0,1,1.00,1463,969,1957,252,0.35,-0.05
all,Thomas Graner,BULL Leonberg-Höfingen 2,Bezirksliga,Ost 1,2,0,2,2.00,1463,1063,1863,204,0.79,-0.05
league:Bezirksliga,Thomas Graner,BULL Leonberg-Höfingen 2,Bezirksliga,Ost 1,2,0,2,2.00,1463,1063,1863,204,0.79,-0.05
9-Ball,Anan Zaity,BV Villingen-Schwenningen 2,Bezirksliga,West 2,5,1,4,1.82,1462,1054,1870,208,0.82,-0.05
8-Ball,Andre Schwenzfeier,BSV Pfullingen 2 | BSV Pfullingen 3 | BSV Pfullingen 4,Bezirksliga | Kreisliga A,Ost 1,33,11,22,19.54,1462,1307,1617,79,8.49,-0.05
10-Ball,Andreas Gut,BV Villingen-Schwenningen 1 | BV Villingen-Schwenningen 2,Bezirksliga | Landesliga,West | West 1,6,1,5,3.75,1462,1144,1779,162,1.59,-0.05
14/1e,Andreas Merkle,BC Dreiländereck 1,Bezirksliga,West 1,4,1,3,3.23,1462,1128,1797,171,1.45,-0.05
9-Ball,Daniel La Cognata,BC Sindelfingen 4,Landesliga,West,1,0,1,1.00,1462,976,1948,248,0.42,-0.05
14/1e,Daniel Naumann,BSC St. Georgen 1,Bezirksliga,West 1 | West 2,2,0,2,0.96,1462,973,1951,250,0.42,-0.05
8-Ball,Dietmar Lübke,BSV Filderstadt 5,Kreisliga A,Ost 1,6,3,3,2.05,1462,1064,1860,203,1.02,-0.05
14/1e,Dirk Hafner,PBC Offenburg 3 | PBC Offenburg 4,Bezirksliga | Landesliga,West | West 1,13,3,10,8.86,1462,1236,1688,115,3.38,-0.05
all,Florian Pasch,PF Calw 2,Bezirksliga,West 1,2,0,2,2.00,1462,1062,1862,204,0.79,-0.05
league:Bezirksliga,Florian Pasch,PF Calw 2,Bezirksliga,West 1,2,0,2,2.00,1462,1062,1862,204,0.79,-0.05
14/1e,Gerd Friedl,BSC Göppingen 3,Bezirksliga,Ost 1,4,1,3,3.34,1462,1129,1796,170,1.54,-0.05
league:Bezirksliga,Henrique Barbosa,BSV Pfullingen 3,Bezirksliga,Ost 1,4,2,2,2.19,1462,1078,1845,196,1.14,-0.05
8-Ball,Homayoun Nikzat,BSV Konstanz 1,Landesliga,Ost,2,0,2,0.69,1462,909,2015,282,0.19,-0.05
league:Landesliga,Jeremy Eckert,PBC Offenburg 3 | PBC Offenburg 4,Landesliga,West,43,13,30,33.28,1462,1342,1581,61,14.71,-0.05
8-Ball,Marcus Wolf,PBC Bräunlingen 2,Bezirksliga | Landesliga,West | West 1 | West 2,13,5,8,5.97,1462,1192,1731,138,2.58,-0.05
14/1e,Rainer Braun,BSV Tiengen 3 | BSV Tiengen 4,Bezirksliga,West 1 | West 2,26,8,18,13.30,1462,1278,1646,94,5.69,-0.05
league:Landesliga,Svenja Schwarzkopf,BV Villingen-Schwenningen 1,Landesliga,West,2,0,2,0.64,1462,907,2016,283,0.18,-0.05
9-Ball,Thomas Dieckmann,Tübinger BC 1,Bezirksliga,Ost 1,1,0,1,0.40,1462,882,2043,296,0.17,-0.05
league:Bezirksliga,Tobias Abt,PBC Bad Saulgau 2,Bezirksliga,Ost 2,6,1,5,2.46,1462,1073,1851,198,0.76,-0.05
8-Ball,Abdulhussain Nad Ali,P&S Denzlingen 2,Landesliga,West,1,0,1,0.80,1461,910,2013,281,0.17,-0.06
league:Landesliga,Alexander Hemmer,BBC Plochingen 1,Landesliga,Ost,2,0,2,2.00,1461,1065,1858,202,0.85,-0.06
8-Ball,Asim Ramakic,BULL Leonberg-Höfingen 1,Landesliga,Ost,1,0,1,1.00,1461,972,1950,250,0.39,-0.06
9-Ball,Charalampos Antonogiorgakis,BULL Leonberg-Höfingen 3,Kreisliga A,Ost 2,1,0,1,1.00,1461,972,1950,250,0.39,-0.06
10-Ball,Christian Lorenz,BSV Tiengen 2,Landesliga,West,5,1,4,1.66,1461,1025,1897,222,0.58,-0.06
league:Bezirksliga,Dieter Krause,BBC Plochingen 2,Bezirksliga,Ost 1,24,8,16,19.40,1461,1306,1616,79,8.78,-0.06
all,Dusan Livaja,PBC Ochsenhausen 3,Kreisliga A,Ost 2,5,2,3,4.45,1461,1165,1756,151,2.11,-0.06
all,Eckart Grabe,BSV Filderstadt 3 | BSV Filderstadt 4 | BSV Filderstadt 5 | BSV Filderstadt 6,Kreisliga A | Landesliga,Ost | Ost 1,76,20,56,45.12,1461,1358,1565,53,19.07,-0.06
all,Franjo Antunovic,BBC Plochingen 1 | BBC Plochingen 2,Bezirksliga | Kreisliga A | Landesliga,Ost | Ost 1,87,34,53,50.52,1461,1363,1559,50,22.44,-0.06
9-Ball,Frederik Nyberg,PBC Langenargen 2,Bezirksliga,Ost 2,6,2,4,4.09,1461,1154,1768,157,1.70,-0.06
8-Ball,Jens Stintz,BSV Filderstadt 3 | BSV Filderstadt 4 | BSV Filderstadt 5 | BSV Filderstadt 6,Bezirksliga | Kreisliga A,Ost 1,35,14,21,19.18,1461,1303,1619,81,8.41,-0.06
10-Ball,Jörg Hechler,BSG Albstadt 1,Bezirksliga,West 2,1,0,1,0.33,1461,866,2055,303,0.15,-0.06
10-Ball,Marcus Wittner,BSC Lions Bietigheim 1,Landesliga,West,1,0,1,1.00,1461,972,1950,250,0.39,-0.06
14/1e,Markus Schneider,BV Pforzheim 4,Kreisliga A,West 1,1,0,1,1.00,1461,972,1950,250,0.39,-0.06
10-Ball,Mathias Frey,PBC Offenburg 5,Bezirksliga,West 1,11,6,5,4.18,1461,1157,1765,155,2.11,-0.06
league:Landesliga,Matthias Adler,PBC Offenburg 4,Landesliga,West,20,7,13,17.43,1461,1300,1622,82,7.85,-0.06
league:Bezirksliga,Mohammad Jiroudi,PBC Bräunlingen 2,Bezirksliga,West 1,6,2,4,4.01,1461,1147,1775,160,1.60,-0.06
league:Landesliga,Ottmar Auzinger,PBC Ochsenhausen 1,Landesliga,Ost,76,23,53,49.10,1461,1362,1559,50,20.61,-0.06
9-Ball,Pascal Cecotti,BC Dätzingen 2,Kreisliga A,West 2,1,0,1,1.00,1461,972,1950,250,0.39,-0.06
9-Ball,Peter Arndt Marroquin,BC Weingarten 2,Kreisliga A,Ost 2,1,0,1,0.68,1461,931,1991,270,0.28,-0.06
league:Landesliga,Thomas Tischmann,BC Blaustein 1,Landesliga,Ost,42,15,27,32.23,1461,1340,1582,62,13.78,-0.06
9-Ball,Wilmer Rivera Bruno,BC Stuttgart 1891 6,Kreisliga A,Ost 1,1,0,1,1.00,1461,972,1950,250,0.39,-0.06
8-Ball,Andreas Geigle,BBC Plochingen 2,Bezirksliga | Kreisliga A,Ost 1,19,7,12,11.42,1460,1259,1661,103,4.73,-0.06
league:Bezirksliga,Andrej Stark,P&S Denzlingen 2 | P&S Denzlingen 3,Bezirksliga,West 1 | West 2,28,8,20,13.82,1460,1279,1641,92,6.06,-0.06
all,Andrew Steinhauer,PBC Bad Saulgau 2 | PBC Bad Saulgau 3,Bezirksliga | Kreisliga A,Ost 2,60,14,46,32.61,1460,1337,1582,63,12.59,-0.06
9-Ball,Asmir Sinanovic,PBC Freudenstadt 2 | PBC Freudenstadt 3 | PBC Freudenstadt 4,Bezirksliga | Landesliga,West | West 1,10,4,6,8.24,1460,1226,1694,119,4.06,-0.06
league:Bezirksliga,David Hackenberg,P&S Denzlingen 4,Bezirksliga,West 1,30,11,19,25.67,1460,1323,1597,70,12.09,-0.06
league:Kreisliga A,David Hermann,BSV Filderstadt 4,Kreisliga A,Ost 1,4,2,2,3.65,1460,1138,1783,164,1.71,-0.06
14/1e,Erich Wohllaib,PBC Ochsenhausen 2 | PBC Ochsenhausen 3,Bezirksliga | Kreisliga A,Ost 2,21,3,18,10.97,1460,1259,1662,103,4.45,-0.06
8-Ball,Ervin Lika,BSV Filderstadt 4 | BSV Filderstadt 5,Kreisliga A | Landesliga,Ost | Ost 1,8,3,5,3.41,1460,1122,1799,173,1.35,-0.06
league:Bezirksliga,Frederik Nyberg,PBC Langenargen 2,Bezirksliga,Ost 2,20,7,13,13.73,1460,1279,1641,92,5.76,-0.06
8-Ball,Lars Jäger,P&S Denzlingen 4,Bezirksliga,West 1,7,3,4,6.04,1460,1193,1727,136,2.91,-0.06
9-Ball,Markus König,BSV Filderstadt 2 | PBC Bad Saulgau 2,Bezirksliga,Ost 1 | Ost 2,4,2,2,3.07,1460,1116,1803,175,1.54,-0.06
8-Ball,Matthias Adler,PBC Offenburg 4,Landesliga,West,10,2,8,8.72,1460,1229,1692,118,2.99,-0.06
10-Ball,Maximilian Theis,PBC Reutlingen 2,Kreisliga A,Ost 1,1,0,1,0.32,1460,865,2056,304,0.15,-0.06
league:Kreisliga A,Peter Kleinhans,PBC Langenargen 2,Kreisliga A,Ost 2,28,13,15,9.45,1460,1244,1676,110,4.66,-0.06
10-Ball,Rudolf Weiß,PBC Bad Saulgau 2 | PBC Bad Saulgau 4,Bezirksliga | Kreisliga A,Ost 2,19,9,10,11.09,1460,1260,1660,102,5.12,-0.06
10-Ball,Samir Javor,BC Bad Schussenried 2 | BC Bad Schussenried 3,Bezirksliga | Kreisliga A,Ost 2,6,3,3,3.78,1460,1141,1778,163,1.78,-0.06
14/1e,Tobias Banzhaf,BSC Göppingen 2,Bezirksliga,Ost 1,1,0,1,0.44,1460,879,2040,296,0.15,-0.06
9-Ball,Wolfgang Ehni,BC Dreiländereck 2,Landesliga,West,2,0,2,0.67,1460,925,1995,273,0.26,-0.06
all,Kevin Minardi,PBC Reutlingen 2 | Tübinger BC 3,Kreisliga A | Landesliga,Ost 1 | West,25,9,16,21.85,1459,1311,1606,75,9.71,-0.06
10-Ball,Matthias Höfler,PBC Bräunlingen 2,Bezirksliga | Landesliga,West | West 2,5,1,4,2.08,1459,1066,1852,200,1.01,-0.06
9-Ball,Matthias Höfler,PBC Bräunlingen 2,Bezirksliga | Landesliga,West | West 2,3,1,2,1.32,1459,1010,1908,229,0.63,-0.06
8-Ball,Michael Schulz,BSV Konstanz 1,Landesliga,Ost,2,0,2,0.67,1459,921,1996,274,0.26,-0.06
14/1e,Mike Siege,PBC Offenburg 5,Bezirksliga,West 1,3,0,3,1.59,1459,1032,1885,218,0.70,-0.06
8-Ball,Norbert Hell,BSV Filderstadt 5 | PBC Reutlingen 2 | PBC Reutlingen 3,Kreisliga A,Ost 1,6,3,3,2.38,1459,1069,1850,199,1.23,-0.06
14/1e,Pascal Cecotti,BC Dätzingen 2,Kreisliga A,West 2,1,0,1,1.00,1459,969,1949,250,0.38,-0.06
all,Rainer Braun,BSV Tiengen 3 | BSV Tiengen 4,Bezirksliga,West 1 | West 2,84,31,53,47.51,1459,1359,1560,51,22.44,-0.06
league:Bezirksliga,Stefan Vater,PBC Freudenstadt 2 | PBC Freudenstadt 3,Bezirksliga,West 1,42,19,23,27.63,1459,1327,1591,67,13.13,-0.06
league:Bezirksliga,Alen Mulaosmanovic,PBC Offenburg 5,Bezirksliga,West 1,19,7,12,10.09,1458,1250,1667,106,4.48,-0.06
8-Ball,Alexandros Satrazanis,BSC Göppingen 1,Bezirksliga,Ost 1,3,1,2,1.54,1458,1022,1894,222,0.62,-0.06
10-Ball,Alper Körpe,BF Bronnen 1 | PBC Ochsenhausen 2,Kreisliga A,Ost 1 | Ost 2,29,13,16,20.93,1458,1310,1607,76,10.37,-0.06
8-Ball,Andreas Horn,BSG Albstadt 1 | Tübinger BC 2 | Tübinger BC 3,Bezirksliga | Kreisliga A,Ost 1 | West 2,14,7,7,7.90,1458,1224,1691,119,3.52,-0.06
10-Ball,Benedikt Meschenmoser,PBC Bad Saulgau 2 | PBC Bad Saulgau 3 | PBC Bad Saulgau 4,Bezirksliga | Kreisliga A,Ost 2,14,6,8,7.31,1458,1212,1704,125,3.23,-0.06
league:Kreisliga A,Benjamin Heck,PBC Bad Saulgau 2,Kreisliga A,Ost 2,16,7,9,14.16,1458,1282,1634,90,7.12,-0.06
all,Daniel Naumann,BSC St. Georgen 1,Bezirksliga,West 1 | West 2,10,5,5,5.79,1458,1192,1724,136,2.84,-0.06
league:Bezirksliga,Donald Oreskovic,PBC Bad Saulgau 2,Bezirksliga,Ost 2,53,12,41,24.13,1458,1317,1599,72,9.54,-0.06
14/1e,Günther Bastian,PBC Langenargen 2 | PBC Langenargen 3 | PBC Langenargen 4,Kreisliga A,Ost 2,5,0,5,1.96,1458,1057,1859,205,0.88,-0.06
all,Homayoun Nikzat,BSV Konstanz 1,Landesliga,Ost,4,0,4,1.38,1458,989,1927,239,0.40,-0.06
10-Ball,Jürgen Porzelt,BSV Tiengen 3 | BSV Tiengen 4,Bezirksliga,West 1,8,2,6,6.25,1458,1200,1717,132,2.67,-0.06
8-Ball,Marvin Diedrich,PBC Sand 2,Bezirksliga,West 1,4,0,4,1.55,1458,1022,1893,222,0.60,-0.06
all,Michael Müller,PF Calw 1,Bezirksliga,West 2,2,0,2,2.00,1458,1059,1857,204,0.81,-0.06
league:Bezirksliga,Michael Müller,PF Calw 1,Bezirksliga,West 2,2,0,2,2.00,1458,1059,1857,204,0.81,-0.06
10-Ball,Stephan Reber,PBC Freudenstadt 3,Bezirksliga,West 1,2,0,2,0.64,1458,925,1992,272,0.32,-0.06
league:Landesliga,Ulrich Oswald,BSV Filderstadt 3 | BSV Filderstadt 4,Landesliga,Ost,25,5,20,13.24,1458,1273,1643,95,5.28,-0.06
8-Ball,Ahmet Bumin,PBC Bad Saulgau 2 | PBC Bad Saulgau 3,Bezirksliga | Kreisliga A,Ost 2,9,3,6,5.75,1457,1185,1729,139,2.63,-0.06
9-Ball,Attila Remete,PBV Rottweil 2,Bezirksliga,West 2,6,1,5,2.09,1457,1065,1849,200,0.97,-0.06
14/1e,Bernd Messing,PBC Offenburg 3 | PBC Offenburg 4,Bezirksliga | Landesliga,West | West 1,20,5,15,8.04,1457,1226,1688,118,3.34,-0.06
all,Bernhard Back,PBC Offenburg 3 | PBC Offenburg 4,Bezirksliga | Landesliga,West | West 1,20,9,11,10.24,1457,1248,1666,107,4.49,-0.06
all,Dejvid Skender,BC Weingarten 2,Kreisliga A,Ost 2,40,22,18,31.18,1457,1335,1578,62,15.41,-0.06
all,Kevin Hähnel,BV Backnang/Welzheim 1,Kreisliga A,Ost 2,2,1,1,2.00,1457,1062,1852,202,0.94,-0.06
league:Kreisliga A,Kevin Hähnel,BV Backnang/Welzheim 1,Kreisliga A,Ost 2,2,1,1,2.00,1457,1062,1852,202,0.94,-0.06
league:Landesliga,Marcus Elfenthal,P&S Denzlingen 1 | P&S Denzlingen 2 | P&S Denzlingen 3,Landesliga,West,36,10,26,28.22,1457,1327,1588,67,11.34,-0.06
all,Marcus Wittner,BSC Lions Bietigheim 1,Landesliga,West,2,0,2,2.00,1457,1055,1859,205,0.76,-0.06
league:Landesliga,Marcus Wittner,BSC Lions Bietigheim 1,Landesliga,West,2,0,2,2.00,1457,1055,1859,205,0.76,-0.06
14/1e,Nils Dannhauer,BC Feuersee 1,Kreisliga A,Ost 2,1,0,1,1.00,1457,967,1948,250,0.38,-0.06
all,Norbert Hell,BSV Filderstadt 5 | BSV Filderstadt 6 | PBC Reutlingen 2 | PBC Reutlingen 3,Kreisliga A,Ost 1,39,17,22,16.31,1457,1287,1627,87,7.72,-0.06
10-Ball,Patrick Haudek,PBV Rottweil 2,Bezirksliga,West 2,2,0,2,0.64,1457,920,1993,274,0.30,-0.06
9-Ball,Patrick Haudek,PBV Rottweil 2,Bezirksliga,West 2,1,0,1,0.31,1457,859,2055,305,0.18,-0.06
all,Roland Scheinpflug,BSV Tiengen 3,Bezirksliga,West 2,28,10,18,10.49,1457,1251,1662,105,4.71,-0.06
9-Ball,Uwe Machalett,PBC Freudenstadt 2 | PBC Freudenstadt 3,Bezirksliga | Landesliga,West | West 1,8,4,4,4.69,1457,1169,1745,147,2.21,-0.06
10-Ball,Bernd Messing,PBC Offenburg 4,Bezirksliga | Landesliga,West | West 1,4,2,2,2.04,1456,1052,1859,206,0.79,-0.06
all,Dietmar Karoli,Tübinger BC 1 | Tübinger BC 2,Bezirksliga | Kreisliga A,Ost 1,26,10,16,15.46,1456,1284,1629,88,6.76,-0.06
9-Ball,Domenik Dreibach,PBC Bräunlingen 2,Bezirksliga,West 1,8,3,5,6.14,1456,1192,1719,135,2.82,-0.06
league:Bezirksliga,Günther Bastian,PBC Langenargen 3,Bezirksliga,Ost 2,6,2,4,3.26,1456,1121,1791,171,1.47,-0.06
league:Landesliga,Horst Hardtke,BC Aalen 3,Landesliga,Ost,2,1,1,2.00,1456,1062,1851,201,0.95,-0.06
league:Landesliga,Jacco van de Streek,P&S Denzlingen 1,Landesliga,West,10,3,7,4.19,1456,1150,1762,156,1.80,-0.06
league:Bezirksliga,Klaus Dietrich,BV Markdorf 2,Bezirksliga,Ost 2,56,21,35,35.05,1456,1339,1572,60,15.43,-0.06
all,Klaus Maier,BSC St. Georgen 1,Bezirksliga,West 2,2,1,1,0.63,1456,919,1992,274,0.30,-0.06
9-Ball,Markus Stehle,BV Villingen-Schwenningen 2,Bezirksliga,West 2,2,0,2,0.73,1456,929,1983,269,0.28,-0.06
14/1e,Mathias Frey,PBC Offenburg 5,Bezirksliga,West 1,5,1,4,1.89,1456,1051,1861,207,0.82,-0.06
all,Ralf Hohlfeld,BC Feuersee 1,Kreisliga A,Ost 2,2,0,2,2.00,1456,1053,1858,206,0.75,-0.06
league:Kreisliga A,Ralf Hohlfeld,BC Feuersee 1,Kreisliga A,Ost 2,2,0,2,2.00,1456,1053,1858,206,0.75,-0.06
9-Ball,Alen Mulaosmanovic,PBC Offenburg 3 | PBC Offenburg 4 | PBC Offenburg 5,Bezirksliga | Landesliga,West | West 1,3,1,2,1.97,1455,1026,1884,219,0.60,-0.06
all,Anton Schubert,PBC Ochsenhausen 1 | PBC Ochsenhausen 2 | PBC Ochsenhausen 3,Bezirksliga | Kreisliga A | Landesliga,Ost | Ost 2,108,39,69,62.72,1455,1368,1542,44,28.97,-0.06
14/1e,Aurel Casagrande,BSV Shooters Fellbach 3,Kreisliga A,Ost 2,1,0,1,1.00,1455,964,1947,251,0.37,-0.06
10-Ball,Daniel Fahrner,PBC Freudenstadt 3,Landesliga,West,3,0,3,1.64,1455,1028,1882,218,0.65,-0.06
10-Ball,Daniela Majer,BSC Göppingen 2 | BSC Göppingen 3,Bezirksliga | Kreisliga A,Ost 1 | Ost 2,17,7,10,10.88,1455,1253,1658,103,4.74,-0.06
all,Dominik Weitzmann,PBC Bad Saulgau 2 | PBC Bad Saulgau 3,Bezirksliga | Kreisliga A,Ost 2,88,28,60,48.83,1455,1355,1554,51,22.06,-0.06
league:Bezirksliga,Florian Martin,PBC Bräunlingen 2,Bezirksliga,West 2,1,0,1,0.34,1455,863,2047,302,0.16,-0.06
8-Ball,Gero Fähnle,BSV Filderstadt 5 | BSV Filderstadt 6 | PBC Reutlingen 2 | PBC Reutlingen 3,Bezirksliga | Kreisliga A,Ost 1,29,10,19,19.57,1455,1296,1615,81,7.84,-0.06
8-Ball,Klaus Dietrich,BV Markdorf 2,Bezirksliga,Ost 2,18,5,13,10.82,1455,1246,1665,107,4.15,-0.06
14/1e,Manfred Kalliehs,PF Calw 1,Bezirksliga,West 2,1,0,1,1.00,1455,963,1946,251,0.37,-0.07
all,Sait Pelit,BSC Göppingen 1,Landesliga,Ost,2,0,2,1.32,1455,1001,1908,231,0.53,-0.06
all,Sercan Özdemir,PP Böblingen 1,Landesliga,West,2,0,2,2.00,1455,1052,1858,206,0.75,-0.06
league:Landesliga,Sercan Özdemir,PP Böblingen 1,Landesliga,West,2,0,2,2.00,1455,1052,1858,206,0.75,-0.06
14/1e,Thomas Hetzel,PBC Sand 2,Bezirksliga,West 1,6,1,5,2.37,1455,1078,1831,192,0.99,-0.06
10-Ball,Timur Susuz,BC Aalen 3,Landesliga,Ost,1,0,1,1.00,1455,967,1944,249,0.40,-0.06
league:Kreisliga A,Tobias Abt,BC Bad Schussenried 2 | BC Bad Schussenried 3 | BC Bad Schussenried 4 | BC Bad Schussenried 5 | PBC Bad Saulgau 3,Kreisliga A,Ost 2,111,31,80,61.97,1455,1366,1543,45,26.39,-0.06
league:Kreisliga A,Umut Akinci,PBC Bad Saulgau 3,Kreisliga A,Ost 2,3,1,2,1.01,1455,970,1940,247,0.44,-0.06
league:Landesliga,Uwe Cordes,Tübinger BC 1,Landesliga,Ost,8,2,6,2.67,1455,1088,1822,187,0.98,-0.06
league:Landesliga,Ali El Ajouz,BC Dreiländereck 1 | BC Dreiländereck 2,Landesliga,West,14,6,8,6.89,1454,1205,1703,127,3.26,-0.07
14/1e,Andreas Horn,BSG Albstadt 1 | Tübinger BC 3,Bezirksliga | Kreisliga A,Ost 1 | West 1,4,1,3,3.09,1454,1116,1793,173,1.44,-0.07
8-Ball,Andrew Steinhauer,PBC Bad Saulgau 2,Bezirksliga | Kreisliga A,Ost 2,18,4,14,9.50,1454,1233,1676,113,3.37,-0.07
all,Attila Remete,PBV Rottweil 2,Bezirksliga,West 2,16,5,11,5.53,1454,1184,1725,138,2.74,-0.07
league:Landesliga,Boris Golic,PBC Ochsenhausen 1,Landesliga,Ost,78,25,53,50.51,1454,1357,1552,50,20.94,-0.06
10-Ball,Bruno Steinbach,Tübinger BC 1 | Tübinger BC 2,Bezirksliga | Kreisliga A | Landesliga,Ost | Ost 1,14,4,10,6.35,1454,1195,1714,132,2.43,-0.07
all,Carlo Hartmann,BSG Albstadt 1,Bezirksliga,West 1 | West 2,48,19,29,21.61,1454,1308,1600,74,10.04,-0.07
8-Ball,Dieter Krause,BBC Plochingen 2,Bezirksliga | Kreisliga A,Ost 1,12,3,9,9.78,1454,1237,1670,110,3.90,-0.07
league:Landesliga,Ervin Lika,BSV Filderstadt 4,Landesliga,Ost,9,3,6,3.93,1454,1135,1772,163,1.48,-0.07
8-Ball,Franz Frauenhoffer,PBC Bad Saulgau 3,Kreisliga A,Ost 2,1,0,1,0.35,1454,863,2045,302,0.16,-0.07
all,Melanie Henschel,PBC Offenburg 3 | PBC Offenburg 4 | PBC Offenburg 6,Bezirksliga | Landesliga,West | West 1,80,30,50,45.67,1454,1351,1557,53,21.25,-0.07
14/1e,Mustafa Benk,TV Cannstatt 2,Landesliga,Ost,1,0,1,1.00,1454,962,1946,251,0.37,-0.07
8-Ball,Mustafa Ilkaya,BF Bronnen 1,Kreisliga A,Ost 2,1,0,1,0.91,1454,959,1949,253,0.47,-0.07
all,Nikolaos Seristatidis,Tübinger BC 1 | Tübinger BC 2,Bezirksliga | Kreisliga A,Ost 1,59,23,36,26.31,1454,1319,1590,69,11.89,-0.07
9-Ball,Roman Holzhauser,PBC Sand 2,Bezirksliga,West 1,3,1,2,1.20,1454,991,1918,236,0.55,-0.07
all,Thomas Krüger,BULL Leonberg-Höfingen 2,Bezirksliga,Ost 1,2,0,2,2.00,1454,1050,1857,206,0.74,-0.07
league:Bezirksliga,Thomas Krüger,BULL Leonberg-Höfingen 2,Bezirksliga,Ost 1,2,0,2,2.00,1454,1050,1857,206,0.74,-0.07
9-Ball,Thomas Stöckel,PBC Offenburg 2,Landesliga,West,12,2,10,10.33,1454,1243,1664,107,4.06,-0.07
9-Ball,Alexander Gaffal,TV Cannstatt 4,Bezirksliga,Ost 1,1,0,1,1.00,1453,960,1945,251,0.37,-0.07
10-Ball,Alexander Rommel,BSC Göppingen 2 | BSC Göppingen 3,Bezirksliga | Kreisliga A,Ost 1,5,2,3,2.74,1453,1088,1819,186,1.18,-0.07
all,Alexandros Satrazanis,BSC Göppingen 1,Bezirksliga,Ost 1,8,3,5,4.16,1453,1145,1762,157,1.82,-0.07
14/1e,Andreas Geigle,BBC Plochingen 2,Bezirksliga,Ost 1,1,0,1,0.45,1453,883,2023,291,0.24,-0.07
9-Ball,Andreas Wittmeier,BV Pforzheim 2,Landesliga,West,1,0,1,1.00,1453,961,1946,251,0.37,-0.07
league:Bezirksliga,Benedikt Meschenmoser,PBC Bad Saulgau 2,Bezirksliga,Ost 2,8,2,6,5.39,1453,1173,1734,143,1.94,-0.07
league:Landesliga,Besirat Fekadu,BSC Göppingen 2,Landesliga,Ost,2,0,2,1.61,1453,1021,1886,221,0.63,-0.07
14/1e,Cesare Caccavelli,PBC Langenargen 2 | PBC Langenargen 3 | PBC Langenargen 4,Bezirksliga | Kreisliga A,Ost 2,20,6,14,13.56,1453,1271,1635,93,5.70,-0.07
14/1e,Cornelius Ryan,PBC Reutlingen 2 | Tübinger BC 1,Bezirksliga | Kreisliga A | Landesliga,Ost 1 | West,28,7,21,14.62,1453,1277,1629,90,6.10,-0.07
all,Daniel Fahrner,PBC Freudenstadt 3,Landesliga,West,16,1,15,8.46,1453,1219,1688,120,2.94,-0.07
14/1e,Dieter Krause,BBC Plochingen 2,Bezirksliga,Ost 1,3,0,3,2.43,1453,1074,1831,193,0.97,-0.07
14/1e,Domenik Dreibach,PBC Bräunlingen 2,Bezirksliga,West 1,1,0,1,0.65,1453,916,1990,274,0.38,-0.07
league:Bezirksliga,Jens Stintz,BSV Filderstadt 3 | BSV Filderstadt 4,Bezirksliga,Ost 1,49,15,34,29.93,1453,1327,1580,64,12.78,-0.07
9-Ball,Joachim Koepke,PBC Offenburg 3 | PBC Offenburg 4 | PBC Offenburg 5,Bezirksliga | Landesliga,West | West 1,12,5,7,7.31,1453,1210,1696,124,3.28,-0.07
14/1e,Klaus Friedrich,P&S Denzlingen 2 | P&S Denzlingen 3,Bezirksliga | Landesliga,West | West 1,2,0,2,1.35,1453,999,1906,231,0.52,-0.07
all,Marvin Diedrich,PBC Sand 2,Bezirksliga,West 1,20,4,16,7.13,1453,1209,1698,125,3.00,-0.07
9-Ball,Osman Büyük,BSV Filderstadt 2,Bezirksliga,Ost 1,2,1,1,1.36,1453,1001,1905,231,0.52,-0.07
10-Ball,Peter Link,BSV Shooters Fellbach 2,Kreisliga A,Ost 1,1,0,1,1.00,1453,969,1937,247,0.51,-0.07
9-Ball,Thomas Höger,TV Cannstatt 4,Bezirksliga,Ost 1,1,0,1,1.00,1453,960,1945,251,0.37,-0.07
14/1e,Thomas Krüger,BULL Leonberg-Höfingen 2,Bezirksliga,Ost 1,1,0,1,1.00,1453,960,1945,251,0.37,-0.07
9-Ball,Wolfgang Krüger,PF Calw 1,Bezirksliga,West 2,1,0,1,1.00,1453,960,1945,251,0.37,-0.07
league:Kreisliga A,Daniela Majer,BSC Göppingen 2 | BSC Göppingen 3,Kreisliga A,Ost 1,34,13,21,15.20,1452,1278,1627,89,7.16,-0.07
league:Bezirksliga,Dario Dakovic,PBC Bad Saulgau 2,Bezirksliga,Ost 2,16,2,14,7.22,1452,1205,1699,126,2.70,-0.07
8-Ball,Dirk Hafner,PBC Offenburg 3 | PBC Offenburg 4,Bezirksliga | Landesliga,West | West 1,13,5,8,7.73,1452,1208,1696,125,3.15,-0.07
14/1e,Eckart Grabe,BSV Filderstadt 3 | BSV Filderstadt 4 | BSV Filderstadt 5 | BSV Filderstadt 6,Kreisliga A | Landesliga,Ost | Ost 1,33,6,27,19.90,1452,1299,1605,78,8.21,-0.07
8-Ball,Frederik Nyberg,PBC Langenargen 2,Bezirksliga,Ost 2,4,0,4,2.70,1452,1076,1829,192,0.87,-0.07
all,Hans Müller,BC Aalen 4,Bezirksliga,Ost 2,2,0,2,2.00,1452,1050,1854,205,0.81,-0.07
league:Bezirksliga,Hans Müller,BC Aalen 4,Bezirksliga,Ost 2,2,0,2,2.00,1452,1050,1854,205,0.81,-0.07
league:Bezirksliga,Hans-Henning Schmid,PBC Langenargen 1 | PBC Langenargen 2,Bezirksliga,Ost 2,38,15,23,22.71,1452,1309,1595,73,9.99,-0.07
14/1e,Lutz Jeschke,BC Weingarten 1,Bezirksliga | Kreisliga A | Landesliga,Ost | Ost 2,9,0,9,5.75,1452,1171,1733,143,1.85,-0.07
league:Bezirksliga,Partha Ghosh,Tübinger BC 1,Bezirksliga,Ost 1,4,1,3,2.66,1452,1078,1827,191,0.88,-0.07
all,Rudi Fölker,PBC Bad Saulgau 2 | PBC Bad Saulgau 3,Bezirksliga | Kreisliga A,Ost 2,48,17,31,21.83,1452,1304,1599,75,9.29,-0.07
league:Bezirksliga,Alexandros Satrazanis,BSC Göppingen 1,Bezirksliga,Ost 1,8,3,5,4.16,1451,1143,1759,157,1.82,-0.07
league:Kreisliga A,Bruno Schuon,BSV Pfullingen 2,Kreisliga A,Ost 1,12,3,9,10.36,1451,1242,1660,107,3.96,-0.07
8-Ball,Dejvid Skender,BC Weingarten 2,Kreisliga A,Ost 2,13,7,6,10.38,1451,1240,1662,108,5.11,-0.07
10-Ball,Dimitrios Vafiadis,PBC Langenargen 2,Bezirksliga,Ost 2,1,0,1,0.43,1451,866,2035,298,0.14,-0.07
10-Ball,Dusan Livaja,PBC Ochsenhausen 3,Kreisliga A,Ost 2,2,1,1,1.77,1451,1036,1867,212,0.89,-0.07
8-Ball,Florian Martin,PBC Bräunlingen 2,Bezirksliga,West 2,1,0,1,0.34,1451,859,2043,302,0.17,-0.07
14/1e,Frederik Nyberg,PBC Langenargen 2,Bezirksliga,Ost 2,2,0,2,1.41,1451,1000,1901,230,0.51,-0.07
league:Landesliga,Glen Corcoran,PBC Ochsenhausen 1,Landesliga,Ost,2,0,2,1.15,1451,973,1929,244,0.41,-0.07
league:Kreisliga A,Izet Nokic,BF Bronnen 1,Kreisliga A,Ost 1 | Ost 2,11,3,8,9.64,1451,1237,1665,109,4.18,-0.07
league:Kreisliga A,Mustafa Ilkaya,BF Bronnen 1,Kreisliga A,Ost 1 | Ost 2,14,4,10,12.65,1451,1264,1637,95,5.88,-0.07
all,Oleg Kuhn,BSC Göppingen 2,Kreisliga A,Ost 1,4,1,3,1.35,1451,994,1908,233,0.67,-0.07
10-Ball,Partha Ghosh,Tübinger BC 1 | Tübinger BC 2,Bezirksliga | Kreisliga A,Ost 1,3,1,2,2.40,1451,1071,1831,194,0.92,-0.07
league:Kreisliga A,Peter Link,BSV Shooters Fellbach 2,Kreisliga A,Ost 1,2,0,2,2.00,1451,1048,1853,205,0.77,-0.07
8-Ball,Rudi Fölker,PBC Bad Saulgau 2 | PBC Bad Saulgau 3,Bezirksliga | Kreisliga A,Ost 2,19,5,14,8.42,1451,1217,1685,119,3.46,-0.07
league:Kreisliga A,Simon Kaincz,BSV Filderstadt 4 | BSV Filderstadt 5,Kreisliga A,Ost 1,28,8,20,17.04,1451,1285,1618,85,7.23,-0.07
8-Ball,Ulrich Märkle,Tübinger BC 2,Kreisliga A,Ost 1,3,1,2,1.20,1451,984,1918,238,0.60,-0.07
league:Kreisliga A,Andreas Kunellis,PBC Reutlingen 2,Kreisliga A,Ost 1,4,1,3,1.53,1450,1003,1897,228,0.58,-0.07
10-Ball,Daniel Naumann,BSC St. Georgen 1,Bezirksliga,West 1 | West 2,4,1,3,2.49,1450,1076,1823,191,1.06,-0.07
league:Landesliga,Dirk Hafner,PBC Offenburg 2 | PBC Offenburg 3,Landesliga,West,40,10,30,27.66,1450,1317,1582,67,11.16,-0.07
9-Ball,Franjo Antunovic,BBC Plochingen 1 | BBC Plochingen 2,Bezirksliga | Kreisliga A | Landesliga,Ost | Ost 1,42,15,27,24.71,1450,1312,1589,71,10.57,-0.07
10-Ball,Franz Miehle,BC Bad Schussenried 3,Bezirksliga | Kreisliga A,Ost 2,8,3,5,6.63,1450,1186,1714,135,2.61,-0.07
10-Ball,Jan Simon,BV Villingen-Schwenningen 2,Bezirksliga,West 1 | West 2,2,0,2,0.94,1450,948,1952,256,0.33,-0.07
all,Louise Wong,BV Leonberg 1,Bezirksliga,Ost 1,2,0,2,2.00,1450,1045,1855,207,0.72,-0.07
league:Bezirksliga,Louise Wong,BV Leonberg 1,Bezirksliga,Ost 1,2,0,2,2.00,1450,1045,1855,207,0.72,-0.07
14/1e,Lulzim Ramliku,P&S Denzlingen 3,Bezirksliga,West 1,7,3,4,4.75,1450,1157,1743,150,1.98,-0.07
all,Max Schmidtke,BSC Göppingen 3,Bezirksliga,Ost 1,5,0,5,3.62,1450,1113,1788,172,1.20,-0.07
8-Ball,Mohammad Jiroudi,PBC Bräunlingen 2,Bezirksliga | Landesliga,West | West 1,5,1,4,3.14,1450,1100,1799,178,1.11,-0.07
all,Philipp Vosseler,PBC Ochsenhausen 2,Kreisliga A,Ost 2,2,0,2,0.71,1450,912,1987,274,0.25,-0.07
league:Landesliga,Raimund Wanner,BC Bad Schussenried 1 | BC Bad Schussenried 2 | PBC Ochsenhausen 1,Landesliga,Ost,20,4,16,12.51,1450,1256,1645,99,4.54,-0.07
league:Bezirksliga,Reshawn Spann,P&S Denzlingen 3,Bezirksliga,West 1,4,1,3,2.67,1450,1087,1813,185,1.29,-0.07
9-Ball,Rüdiger Theis,Tübinger BC 1 | Tübinger BC 2 | Tübinger BC 3,Bezirksliga | Kreisliga A,Ost 1 | West 2,7,3,4,4.76,1450,1158,1741,149,2.22,-0.07
league:Kreisliga A,Sebastian Müller,PBC Reutlingen 2 | PBC Reutlingen 3,Kreisliga A,Ost 1,32,12,20,17.03,1450,1283,1618,85,8.35,-0.07
14/1e,Bernd Feierabend,P&S Denzlingen 1 | P&S Denzlingen 2 | P&S Denzlingen 3,Landesliga,West,13,1,12,10.17,1449,1235,1663,109,3.59,-0.07
10-Ball,Daniel Montfort,P&S Denzlingen 2 | P&S Denzlingen 3,Landesliga,West,2,1,1,1.70,1449,1031,1866,213,0.79,-0.07
league:Bezirksliga,Dietmar Karoli,Tübinger BC 1,Bezirksliga,Ost 1,20,6,14,11.35,1449,1249,1649,102,4.73,-0.07
8-Ball,Frederik Binder,BSV Filderstadt 3 | BSV Filderstadt 4 | BSV Filderstadt 5 | BSV Filderstadt 6,Bezirksliga | Kreisliga A,Ost 1,32,14,18,19.33,1449,1291,1607,81,8.39,-0.07
10-Ball,Hans Müller,BC Aalen 4,Bezirksliga,Ost 2,1,0,1,1.00,1449,955,1944,252,0.36,-0.07
10-Ball,Jürgen Reisner,PBC Aalen 1,Bezirksliga,Ost 2,1,0,1,1.00,1449,955,1944,252,0.36,-0.07
14/1e,Karl-Heinz Krause,PBC Offenburg 3,Landesliga,West,1,0,1,0.57,1449,894,2003,283,0.21,-0.07
8-Ball,Louise Wong,BV Leonberg 1,Bezirksliga,Ost 1,1,0,1,1.00,1449,955,1944,252,0.36,-0.07
8-Ball,Lukas Bruchmann,PBC Aalen 2,Kreisliga A,Ost 2,1,0,1,1.00,1449,955,1944,252,0.36,-0.07
all,Marco Paletta,P&S Denzlingen 2 | P&S Denzlingen 3,Bezirksliga | Landesliga,West | West 2,10,2,8,7.64,1449,1207,1691,124,2.73,-0.07
10-Ball,Markus Schneider,BV Pforzheim 4,Kreisliga A,West 1,1,0,1,1.00,1449,955,1944,252,0.36,-0.07
league:Bezirksliga,Markus Stehle,BV Villingen-Schwenningen 2,Bezirksliga,West 2,14,6,8,4.91,1449,1162,1736,146,2.09,-0.07
10-Ball,Peter Kleinhans,PBC Langenargen 2,Kreisliga A,Ost 2,12,6,6,4.04,1449,1140,1759,158,2.04,-0.07
8-Ball,Ralf Hohlfeld,BC Feuersee 1,Kreisliga A,Ost 2,1,0,1,1.00,1449,955,1944,252,0.36,-0.07
8-Ball,Sebastian Zinck,BC Stuttgart 1891 7,Kreisliga A,Ost 1,1,0,1,1.00,1449,955,1944,252,0.36,-0.07
8-Ball,Stefanie Brakopp,PBC Nagoldtal 3,Bezirksliga,West 2,1,0,1,1.00,1449,955,1944,252,0.36,-0.07
10-Ball,Steffen Feuerbacher,PBC Freudenstadt 2,Bezirksliga | Landesliga,West | West 1,18,8,10,8.58,1449,1221,1677,116,3.42,-0.07
10-Ball,Susi Harbrecht-Berndt,PP Böblingen 2,Kreisliga A,West 2,1,0,1,1.00,1449,955,1944,252,0.36,-0.07
8-Ball,Thomas Drey,BF Bronnen 1 | PBC Ochsenhausen 3,Kreisliga A,Ost 2,10,4,6,4.84,1449,1161,1738,147,2.15,-0.07
league:Bezirksliga,Tommaso Parisi,BC Bad Schussenried 1,Bezirksliga,Ost 2,2,0,2,0.66,1449,910,1988,275,0.25,-0.07
9-Ball,Werner Schmidberger,PBC Ochsenhausen 3,Kreisliga A,Ost 2,7,2,5,4.65,1449,1153,1744,151,1.91,-0.07
14/1e,Yahya Bouchikhi,P&S Denzlingen 2,Landesliga,West,3,1,2,2.52,1449,1070,1829,194,0.91,-0.07
all,Ali Deyhimi,Tübinger BC 2,Kreisliga A,Ost 1,5,2,3,3.30,1448,1115,1781,170,1.43,-0.07
all,Andreas Merkle,BC Dreiländereck 1 | BC Dreiländereck 2,Bezirksliga | Landesliga,West | West 1,34,7,27,20.28,1448,1294,1602,79,7.72,-0.07
10-Ball,Bernd Feierabend,P&S Denzlingen 1 | P&S Denzlingen 2 | P&S Denzlingen 3,Bezirksliga | Landesliga,West | West 1 | West 2,18,6,12,12.72,1448,1257,1639,98,4.87,-0.07
league:Kreisliga A,Erich Wohllaib,PBC Ochsenhausen 2 | PBC Ochsenhausen 3,Kreisliga A,Ost 2,79,24,55,48.08,1448,1348,1549,51,19.72,-0.07
10-Ball,Franz Frauenhoffer,PBC Bad Saulgau 3,Kreisliga A,Ost 2,1,0,1,0.35,1448,857,2040,302,0.17,-0.07
all,Goran Antunovic,Tübinger BC 1 | Tübinger BC 2,Kreisliga A | Landesliga,Ost | Ost 1,10,2,8,3.28,1448,1109,1787,173,1.38,-0.07
all,Idris Abanuzoglu,BSC Göppingen 3,Bezirksliga | Kreisliga A,Ost 1,13,5,8,7.51,1448,1207,1688,123,3.59,-0.07
9-Ball,Ludwig Sandrik,PBV Rottweil 2,Bezirksliga,West 2,5,2,3,1.66,1448,1026,1871,216,0.83,-0.07
14/1e,Luka Antic,PBC Offenburg 5,Bezirksliga,West 1,8,2,6,6.74,1448,1197,1699,128,2.97,-0.07
all,Michael Minnerop,PF Calw 2,Bezirksliga,West 1,2,1,1,2.00,1448,1054,1843,201,1.03,-0.07
league:Bezirksliga,Michael Minnerop,PF Calw 2,Bezirksliga,West 1,2,1,1,2.00,1448,1054,1843,201,1.03,-0.07
14/1e,Mirsad Coric,P&S Denzlingen 3,Bezirksliga | Landesliga,West | West 1,5,0,5,3.95,1448,1119,1777,168,1.19,-0.07
14/1e,Stefan Vater,PBC Freudenstadt 2 | PBC Freudenstadt 3,Bezirksliga | Landesliga,West | West 1,16,6,10,11.75,1448,1251,1645,100,4.74,-0.07
all,Andre Schwenzfeier,BSV Pfullingen 2 | BSV Pfullingen 3 | BSV Pfullingen 4,Bezirksliga | Kreisliga A,Ost 1,104,36,68,62.45,1447,1359,1534,45,27.35,-0.08
9-Ball,Andreas Geigle,BBC Plochingen 2,Bezirksliga | Kreisliga A,Ost 1,11,5,6,6.12,1447,1184,1710,134,2.71,-0.08
14/1e,Andrew Steinhauer,PBC Bad Saulgau 2 | PBC Bad Saulgau 3,Bezirksliga | Kreisliga A,Ost 2,27,4,23,14.81,1447,1269,1626,91,5.36,-0.08
all,Bernd Messing,PBC Offenburg 3 | PBC Offenburg 4,Bezirksliga | Landesliga,West | West 1,60,21,39,26.71,1447,1313,1581,68,11.01,-0.08
league:Landesliga,Daniel La Cognata,BC Sindelfingen 4,Landesliga,West,2,0,2,2.00,1447,1049,1845,203,0.84,-0.08
10-Ball,Hardi Engel,BV Markdorf 2,Bezirksliga,Ost 2,9,3,6,7.28,1447,1199,1695,127,2.84,-0.08
9-Ball,Marco Paletta,P&S Denzlingen 3,Landesliga,West,1,0,1,0.79,1447,930,1964,264,0.31,-0.08
14/1e,Patrick Wilczek,BC Bad Schussenried 3 | BC Bad Schussenried 5,Kreisliga A,Ost 2,15,2,13,11.81,1447,1253,1640,99,5.11,-0.08
9-Ball,Roland Scheinpflug,BSV Tiengen 3,Bezirksliga,West 2,2,0,2,0.83,1447,934,1960,262,0.33,-0.08
14/1e,Sasa Kikic,BF Bronnen 1,Kreisliga A,Ost 1 | Ost 2,6,2,4,5.49,1447,1174,1720,139,2.49,-0.08
all,Thomas Mooshammer,PP Böblingen 2,Kreisliga A,West 2,2,0,2,2.00,1447,1040,1854,208,0.71,-0.08
league:Kreisliga A,Thomas Mooshammer,PP Böblingen 2,Kreisliga A,West 2,2,0,2,2.00,1447,1040,1854,208,0.71,-0.08
14/1e,Thomas Schöpfer,Tübinger BC 1 | Tübinger BC 2,Bezirksliga | Kreisliga A | Landesliga,Ost | Ost 1,7,1,6,2.82,1447,1078,1817,189,0.96,-0.08
all,Zeeshan Khan,PBC Ochsenhausen 2,Kreisliga A,Ost 2,10,2,8,5.30,1447,1168,1726,142,2.15,-0.08
9-Ball,Bernhard Back,PBC Offenburg 4,Bezirksliga | Landesliga,West | West 1,5,2,3,2.28,1446,1063,1829,195,0.96,-0.08
all,Emilio Caracciolo,BSV Shooters Fellbach 3,Kreisliga A,Ost 2,2,0,2,2.00,1446,1039,1853,208,0.70,-0.08
league:Kreisliga A,Emilio Caracciolo,BSV Shooters Fellbach 3,Kreisliga A,Ost 2,2,0,2,2.00,1446,1039,1853,208,0.70,-0.08
league:Bezirksliga,Franjo Antunovic,BBC Plochingen 2,Bezirksliga,Ost 1,65,20,45,39.80,1446,1336,1557,56,16.43,-0.08
league:Landesliga,Habib Karadal,BV Pforzheim 2,Landesliga,West,2,1,1,2.00,1446,1047,1845,203,0.83,-0.08
league:Kreisliga A,Ismail Hileh,PBC Reutlingen 3,Kreisliga A,Ost 1,11,6,5,6.03,1446,1172,1719,140,2.64,-0.08
14/1e,Levend Bas,BC Weingarten 1 | BC Weingarten 2,Kreisliga A | Landesliga,Ost | Ost 2,2,1,1,1.79,1446,1018,1873,218,0.67,-0.08
9-Ball,Marcus Wolf,PBC Bräunlingen 2,Landesliga,West,1,0,1,0.51,1446,888,2003,285,0.26,-0.08
league:Kreisliga A,Torsten Herold,BSV Filderstadt 6,Kreisliga A,Ost 1,13,2,11,4.34,1446,1134,1759,159,1.55,-0.08
14/1e,Yavuz Güleryüz,P&S Denzlingen 1 | P&S Denzlingen 2,Bezirksliga | Landesliga,West | West 1 | West 2,22,5,17,9.87,1446,1235,1658,108,4.05,-0.08
8-Ball,Zeeshan Khan,PBC Ochsenhausen 2,Kreisliga A,Ost 2,1,0,1,0.56,1446,881,2011,288,0.17,-0.08
all,Ahmet Bumin,PBC Bad Saulgau 2 | PBC Bad Saulgau 3,Bezirksliga | Kreisliga A,Ost 2,28,12,16,17.01,1445,1280,1610,84,7.82,-0.08
9-Ball,Andreas Merkle,BC Dreiländereck 1 | BC Dreiländereck 2,Bezirksliga | Landesliga,West | West 1,8,1,7,4.94,1445,1152,1738,149,1.72,-0.08
14/1e,Benedikt Meschenmoser,PBC Bad Saulgau 2 | PBC Bad Saulgau 3 | PBC Bad Saulgau 4,Bezirksliga | Kreisliga A,Ost 2,7,3,4,3.42,1445,1109,1781,172,1.46,-0.08
10-Ball,Bernhard Gneiting,PBC Reutlingen 2 | PBC Reutlingen 3,Bezirksliga | Kreisliga A,Ost 1,6,3,3,3.21,1445,1103,1788,175,1.24,-0.08
14/1e,Bruno Steinbach,Tübinger BC 1,Bezirksliga,Ost 1,5,1,4,2.54,1445,1068,1823,192,0.93,-0.08
10-Ball,Carlo Hartmann,BSG Albstadt 1,Bezirksliga,West 1 | West 2,14,4,10,6.39,1445,1188,1702,131,2.72,-0.08
9-Ball,Erich Wohllaib,PBC Ochsenhausen 1 | PBC Ochsenhausen 2 | PBC Ochsenhausen 3,Bezirksliga | Kreisliga A,Ost 2,27,7,20,15.65,1445,1273,1616,88,6.30,-0.08
all,Fabienne Weiß,BBC Plochingen 2,Bezirksliga,Ost 1,2,1,1,0.90,1445,946,1945,255,0.51,-0.08
league:Bezirksliga,Fabienne Weiß,BBC Plochingen 2,Bezirksliga,Ost 1,2,1,1,0.90,1445,946,1945,255,0.51,-0.08
league:Landesliga,Florian Bühler,Tübinger BC 1,Landesliga,Ost,4,0,4,1.30,1445,974,1916,241,0.42,-0.08
league:Bezirksliga,Jörg Hechler,BSG Albstadt 1,Bezirksliga,West 2,2,0,2,0.65,1445,910,1981,273,0.28,-0.08
league:Bezirksliga,Lucia Birsner,BSV Tiengen 3 | BSV Tiengen 4,Bezirksliga,West 1 | West 2,64,21,43,42.53,1445,1336,1553,55,17.83,-0.08
9-Ball,Michael Schreiber,BC Dreiländereck 2,Landesliga,West,2,0,2,0.87,1445,927,1963,264,0.29,-0.08
league:Landesliga,Miodrag Adrian Caravila,BSV Pfullingen 2 | PBC Reutlingen 2,Landesliga,Ost | West,15,4,11,8.88,1445,1221,1670,115,3.35,-0.08
10-Ball,Ronny Gabriel,BC Dreiländereck 1,Bezirksliga,West 1,6,2,4,5.07,1445,1156,1733,147,2.14,-0.08
all,Thomas Stöckel,PBC Offenburg 2,Landesliga,West,26,7,19,22.48,1445,1299,1591,74,8.91,-0.08
10-Ball,Tobias Abt,BC Bad Schussenried 2 | BC Bad Schussenried 3 | BC Bad Schussenried 4 | BC Bad Schussenried 5 | PBC Bad Saulgau 2 | PBC Bad Saulgau 3,Bezirksliga | Kreisliga A,Ost 2,34,11,23,20.84,1445,1295,1595,76,9.23,-0.08
league:Kreisliga A,Alfred Hellrigl,BC Weingarten 1 | BC Weingarten 2,Kreisliga A,Ost 2,53,25,28,30.85,1444,1320,1569,64,12.88,-0.08
10-Ball,Andreas Geigle,BBC Plochingen 2,Bezirksliga | Kreisliga A,Ost 1,19,6,13,11.11,1444,1239,1650,105,4.40,-0.08
league:Landesliga,Andreas Merkle,BC Dreiländereck 2,Landesliga,West,17,3,14,5.95,1444,1170,1719,140,1.98,-0.08
8-Ball,Axel Isenmann,PBC Offenburg 3 | PBC Offenburg 4 | PBC Offenburg 5,Bezirksliga | Landesliga,West | West 1,10,2,8,7.37,1444,1192,1696,129,2.77,-0.08
league:Bezirksliga,Bernd Feierabend,P&S Denzlingen 2,Bezirksliga,West 1 | West 2,11,2,9,5.34,1444,1163,1725,143,2.16,-0.08
14/1e,Dejvid Skender,BC Weingarten 2,Kreisliga A,Ost 2,5,1,4,3.53,1444,1120,1768,165,1.54,-0.08
8-Ball,Emir Musinovic,BSV Konstanz 1,Landesliga,Ost,1,0,1,0.32,1444,826,2062,315,0.08,-0.08
10-Ball,Glen Corcoran,PBC Ochsenhausen 1 | PBC Ochsenhausen 3,Kreisliga A | Landesliga,Ost | Ost 2,6,0,6,2.30,1444,1057,1831,197,0.88,-0.08
10-Ball,Klaus Hirthe,PBC Ochsenhausen 2 | PBC Ochsenhausen 3,Kreisliga A,Ost 2,3,0,3,1.24,1444,982,1906,236,0.58,-0.08
8-Ball,Marcin Rossa,BSV Pfullingen 5,Kreisliga A,Ost 1,2,0,2,1.11,1444,971,1918,242,0.50,-0.08
league:Bezirksliga,Mark Szinger,BV Villingen-Schwenningen 2,Bezirksliga,West 1,57,17,40,42.57,1444,1336,1551,55,17.55,-0.08
all,Marvin Szymiczek,BV Pforzheim 4,Kreisliga A,West 1,2,0,2,2.00,1444,1036,1853,208,0.69,-0.08
league:Kreisliga A,Marvin Szymiczek,BV Pforzheim 4,Kreisliga A,West 1,2,0,2,2.00,1444,1036,1853,208,0.69,-0.08
all,Otto Stefan Witt,BULL Leonberg-Höfingen 3,Kreisliga A,Ost 2,2,0,2,2.00,1444,1035,1852,208,0.69,-0.08
league:Kreisliga A,Otto Stefan Witt,BULL Leonberg-Höfingen 3,Kreisliga A,Ost 2,2,0,2,2.00,1444,1035,1852,208,0.69,-0.08
all,Rudolf Weiß,PBC Bad Saulgau 2 | PBC Bad Saulgau 4,Bezirksliga | Kreisliga A,Ost 2,60,26,34,33.67,1444,1325,1563,61,14.60,-0.08
league:Bezirksliga,Ryan Grabowski,P&S Denzlingen 2 | P&S Denzlingen 3,Bezirksliga,West 1 | West 2,27,6,21,15.42,1444,1269,1619,89,5.72,-0.08
14/1e,Sebastian Müller,PBC Reutlingen 3,Bezirksliga | Kreisliga A,Ost 1,12,3,9,9.32,1444,1226,1662,111,3.85,-0.08
14/1e,Sercan Özdemir,PP Böblingen 1,Landesliga,West,1,0,1,1.00,1444,948,1941,253,0.35,-0.08
all,Stefanie Brakopp,PBC Nagoldtal 3,Bezirksliga,West 2,2,0,2,2.00,1444,1039,1849,207,0.74,-0.08
league:Bezirksliga,Stefanie Brakopp,PBC Nagoldtal 3,Bezirksliga,West 2,2,0,2,2.00,1444,1039,1849,207,0.74,-0.08
league:Kreisliga A,Tamara Grad,BSV Pfullingen 4,Kreisliga A,Ost 1,13,6,7,5.55,1444,1174,1715,138,2.53,-0.08
9-Ball,Torsten Herold,BSV Filderstadt 6,Kreisliga A,Ost 1,7,2,5,2.35,1444,1061,1827,195,1.00,-0.08
league:Kreisliga A,Werner Schmidberger,PBC Ochsenhausen 3,Kreisliga A,Ost 2,59,20,39,35.24,1444,1327,1562,60,14.33,-0.08
9-Ball,Adham Mohamed,Tübinger BC 1 | Tübinger BC 2,Bezirksliga | Kreisliga A,Ost 1,4,2,2,3.43,1443,1114,1773,168,1.64,-0.08
league:Landesliga,Florian Schwägler,PBC Freudenstadt 3,Landesliga,West,41,13,28,25.32,1443,1305,1582,71,10.40,-0.08
9-Ball,Frank Reichert,PBC Freudenstadt 4,Bezirksliga,West 1,7,3,4,4.80,1443,1156,1731,147,2.13,-0.08
14/1e,Hikmet Yüksel,BC Dreiländereck 2,Landesliga,West,7,0,7,2.66,1443,1070,1816,190,0.91,-0.08
9-Ball,Kathrin Karwath,PBC Reutlingen 2 | PBC Reutlingen 3,Bezirksliga | Kreisliga A,Ost 1 | West 2,40,16,24,23.91,1443,1302,1584,72,10.22,-0.08
14/1e,Klaus Maier,BSC St. Georgen 1,Bezirksliga,West 2,1,0,1,0.31,1443,843,2044,307,0.14,-0.08
10-Ball,Lucia Birsner,BSV Tiengen 3 | BSV Tiengen 4,Bezirksliga,West 1 | West 2,21,9,12,14.44,1443,1263,1623,92,6.56,-0.08
league:Landesliga,Michael Schreiber,BC Dreiländereck 2,Landesliga,West,6,0,6,2.54,1443,1064,1822,193,0.86,-0.08
10-Ball,Mustafa Ilkaya,BF Bronnen 1,Kreisliga A,Ost 1 | Ost 2,7,1,6,6.37,1443,1188,1698,130,3.03,-0.08
8-Ball,Tommaso Parisi,BC Bad Schussenried 1 | BC Bad Schussenried 2 | BC Bad Schussenried 3 | BC Bad Schussenried 4,Bezirksliga | Kreisliga A,Ost 2,20,9,11,12.29,1443,1250,1636,98,5.46,-0.08
league:Kreisliga A,Tommaso Parisi,BC Bad Schussenried 2 | BC Bad Schussenried 3 | BC Bad Schussenried 4,Kreisliga A,Ost 2,46,18,28,30.82,1443,1319,1567,63,14.00,-0.08
9-Ball,Walter Riebeling,PBC Sand 2,Bezirksliga,West 1,8,2,6,3.22,1443,1104,1782,173,1.32,-0.08
9-Ball,Yahya Bouchikhi,P&S Denzlingen 2,Landesliga,West,3,1,2,2.51,1443,1073,1814,189,1.11,-0.08
10-Ball,Alen Mulaosmanovic,PBC Offenburg 3 | PBC Offenburg 4 | PBC Offenburg 5,Bezirksliga | Landesliga,West | West 1,13,3,10,7.97,1442,1207,1677,120,3.20,-0.08
league:Bezirksliga,Andre Schwenzfeier,BSV Pfullingen 2 | BSV Pfullingen 3 | BSV Pfullingen 4,Bezirksliga,Ost 1,80,27,53,41.88,1442,1335,1548,54,17.89,-0.08
10-Ball,Anita Massow,BSV Tiengen 3,Bezirksliga,West 2,2,0,2,0.64,1442,894,1989,279,0.23,-0.08
14/1e,Besirat Fekadu,BSC Göppingen 2,Bezirksliga,Ost 1,5,0,5,2.55,1442,1069,1815,190,0.97,-0.08
10-Ball,Claudio Severino,Tübinger BC 3,Kreisliga A,West 2,1,0,1,1.00,1442,949,1936,252,0.37,-0.08
9-Ball,Daniel Lehmann,PBC Bräunlingen 2,Bezirksliga,West 1,1,0,1,0.83,1442,931,1954,261,0.33,-0.08
all,Heiko Schmeil,BSC Göppingen 2,Kreisliga A,Ost 1,10,5,5,3.35,1442,1111,1773,169,1.67,-0.08
10-Ball,Klaus Mutenzer,BC Blaustein 1,Landesliga,Ost,1,0,1,0.69,1442,907,1978,273,0.25,-0.08
all,Michael Sdrzallek,BSV Filderstadt 4,Kreisliga A,Ost 1,11,4,7,9.41,1442,1225,1659,111,3.82,-0.08
league:Kreisliga A,Mohammed Alhila,PBC Reutlingen 3,Kreisliga A,Ost 1,13,7,6,7.05,1442,1196,1688,126,3.32,-0.08
9-Ball,Oleg Kuhn,BSC Göppingen 2,Kreisliga A,Ost 1,2,0,2,0.67,1442,911,1973,271,0.35,-0.08
9-Ball,Peter Restle,BSV Pfullingen 2 | BSV Pfullingen 4,Bezirksliga | Kreisliga A,Ost 1,5,3,2,2.69,1442,1082,1802,184,1.33,-0.08
league:Landesliga,Timo Heim,PBC Offenburg 3,Landesliga,West,42,11,31,29.08,1442,1314,1570,65,12.28,-0.08
8-Ball,Tobias Banzhaf,BSC Göppingen 2,Bezirksliga,Ost 1,4,2,2,2.06,1442,1045,1838,202,0.99,-0.08
10-Ball,Yavuz Güleryüz,P&S Denzlingen 1 | P&S Denzlingen 2,Bezirksliga | Landesliga,West | West 1,2,0,2,0.90,1442,940,1943,256,0.39,-0.08
8-Ball,Ahad Suleimanjar,BV Markdorf 2,Bezirksliga,Ost 2,1,0,1,0.40,1441,829,2053,312,0.08,-0.08
all,Bianca Duttlinger,BSV Tiengen 3,Bezirksliga,West 2,8,3,5,3.47,1441,1111,1771,168,1.42,-0.08
10-Ball,Henrique Barbosa,BSV Pfullingen 3 | BSV Pfullingen 4,Bezirksliga | Kreisliga A,Ost 1,5,1,4,2.35,1441,1063,1818,193,1.05,-0.08
all,Jörg Wolf,BC Dreiländereck 2 | PBC Offenburg 3 | PBC Offenburg 4 | PBC Offenburg 6,Bezirksliga | Landesliga,West | West 1,75,20,55,47.24,1441,1338,1543,52,19.46,-0.08
all,Karl-Heinz Krause,PBC Offenburg 3 | PBC Offenburg 5,Bezirksliga | Landesliga,West | West 1,69,22,47,31.14,1441,1317,1565,63,12.70,-0.08
14/1e,Kurt Ljokaj,PBC Ochsenhausen 2,Kreisliga A,Ost 2,1,0,1,0.88,1441,932,1950,260,0.32,-0.08
league:Landesliga,Marc Allinger,PBC Freudenstadt 3,Landesliga,West,34,6,28,20.75,1441,1289,1593,78,8.07,-0.08
14/1e,Maximilian Theis,PBC Reutlingen 2,Kreisliga A,Ost 1,1,0,1,0.33,1441,825,2057,314,0.08,-0.08
10-Ball,Sait Pelit,BSC Göppingen 1,Landesliga,Ost,1,0,1,0.66,1441,901,1981,275,0.25,-0.08
league:Kreisliga A,Sasa Kikic,BF Bronnen 1,Kreisliga A,Ost 1 | Ost 2,17,5,12,14.96,1441,1265,1616,90,6.38,-0.08
8-Ball,Simon Kaincz,BSV Filderstadt 4 | BSV Filderstadt 5,Kreisliga A,Ost 1,10,4,6,6.33,1441,1182,1700,132,3.15,-0.08
9-Ball,Tobias Lesniak,BSC St. Georgen 1,Bezirksliga,West 1,1,0,1,0.92,1441,945,1938,253,0.42,-0.08
10-Ball,Yannik Weber,BSV Filderstadt 2 | BSV Filderstadt 3 | BSV Filderstadt 4,Bezirksliga | Kreisliga A,Ost 1,14,4,10,11.25,1441,1237,1645,104,4.14,-0.08
9-Ball,Zeki-Kaan Koyun,PBC Bräunlingen 2,Landesliga,West,1,0,1,0.55,1441,888,1994,282,0.25,-0.08
all,Abdulhussain Nad Ali,P&S Denzlingen 2,Landesliga,West,2,0,2,1.61,1440,991,1889,229,0.49,-0.09
10-Ball,Alexandar Stankovic,TV Cannstatt 2,Landesliga,Ost,1,0,1,1.00,1440,941,1939,255,0.33,-0.08
9-Ball,Alexander Rommel,BSC Göppingen 3,Bezirksliga | Kreisliga A,Ost 1,4,2,2,2.25,1440,1058,1823,195,1.19,-0.08
8-Ball,Anan Zaity,BV Villingen-Schwenningen 2,Bezirksliga,West 2,7,3,4,2.56,1440,1070,1810,189,1.06,-0.09
league:Landesliga,Anton Schubert,PBC Ochsenhausen 1,Landesliga,Ost,6,3,3,2.53,1440,1065,1814,191,1.05,-0.09
10-Ball,Asim Ramakic,BULL Leonberg-Höfingen 1,Landesliga,Ost,1,0,1,1.00,1440,941,1939,255,0.33,-0.08
14/1e,Bernhard Gneiting,PBC Reutlingen 2 | PBC Reutlingen 3,Bezirksliga | Kreisliga A,Ost 1,8,1,7,5.23,1440,1158,1722,144,1.98,-0.08
9-Ball,Fabian Schaber,PBC Langenargen 3,Bezirksliga,Ost 2,6,1,5,3.29,1440,1102,1778,173,1.41,-0.09
14/1e,Finn Schmitz,TV Cannstatt 4,Bezirksliga,Ost 1,1,0,1,1.00,1440,940,1939,255,0.33,-0.09
all,Frederik Binder,BSV Filderstadt 3 | BSV Filderstadt 4 | BSV Filderstadt 5 | BSV Filderstadt 6,Bezirksliga | Kreisliga A,Ost 1,67,23,44,39.80,1440,1330,1551,57,16.59,-0.08
league:Landesliga,Hikmet Yüksel,BC Dreiländereck 2,Landesliga,West,16,3,13,5.98,1440,1171,1709,137,2.27,-0.09
9-Ball,Johannes Genter,PBC Rastatt 3,Kreisliga A,West 1,1,0,1,1.00,1440,941,1939,255,0.33,-0.08
9-Ball,Kevin Hähnel,BV Backnang/Welzheim 1,Kreisliga A,Ost 2,1,0,1,1.00,1440,941,1939,255,0.33,-0.08
10-Ball,Philipp Vosseler,PBC Ochsenhausen 2,Kreisliga A,Ost 2,1,0,1,0.35,1440,846,2035,303,0.14,-0.08
8-Ball,Rainer Glück,BSV Filderstadt 3,Kreisliga A,Ost 1,1,0,1,1.00,1440,946,1933,252,0.37,-0.09
all,Ryan Grabowski,P&S Denzlingen 2 | P&S Denzlingen 3,Bezirksliga | Landesliga,West | West 1 | West 2,31,8,23,19.11,1440,1284,1596,80,7.59,-0.09
10-Ball,Sebastian Buccheri,BSC Lions Bietigheim 1,Landesliga,West,1,0,1,1.00,1440,941,1939,255,0.33,-0.08
8-Ball,Sebastian Buccheri,BSC Lions Bietigheim 1,Landesliga,West,1,0,1,1.00,1440,941,1939,255,0.33,-0.08
league:Landesliga,Thomas Durst,BC Stuttgart 1891 2,Landesliga,Ost,2,0,2,2.00,1440,1035,1845,206,0.79,-0.09
9-Ball,Thomas Mooshammer,PP Böblingen 2,Kreisliga A,West 2,1,0,1,1.00,1440,941,1939,255,0.33,-0.08
all,Andreas Geigle,BBC Plochingen 2,Bezirksliga | Kreisliga A,Ost 1,50,18,32,29.11,1439,1310,1569,66,11.89,-0.09
10-Ball,Andreas Merkle,BC Dreiländereck 1 | BC Dreiländereck 2,Bezirksliga | Landesliga,West | West 1,9,1,8,4.79,1439,1142,1735,151,1.73,-0.09
10-Ball,Cornelius Ryan,PBC Reutlingen 2 | Tübinger BC 1 | Tübinger BC 3,Bezirksliga | Kreisliga A | Landesliga,Ost 1 | West,10,5,5,5.78,1439,1173,1705,136,2.67,-0.09
all,Dirk Dufner,P&S Denzlingen 3,Bezirksliga | Landesliga,West | West 1,20,4,16,16.52,1439,1265,1613,89,6.15,-0.09
all,Florian Martin,PBC Bräunlingen 2,Bezirksliga,West 2,1,0,1,0.34,1439,844,2034,304,0.18,-0.09
9-Ball,Florian Weber,PBC Ochsenhausen 2 | PBC Ochsenhausen 3,Kreisliga A,Ost 2,2,0,2,1.42,1439,990,1887,229,0.56,-0.09
14/1e,Jörg Wolf,BC Dreiländereck 2 | PBC Offenburg 3 | PBC Offenburg 4 | PBC Offenburg 6,Bezirksliga | Landesliga,West | West 1,20,4,16,14.03,1439,1258,1621,92,5.96,-0.09
league:Bezirksliga,Lulzim Ramliku,P&S Denzlingen 3 | P&S Denzlingen 4,Bezirksliga,West 1,26,8,18,17.75,1439,1271,1607,86,6.49,-0.09
league:Bezirksliga,Mark Hast,Tübinger BC 1 | Tübinger BC 2,Bezirksliga,Ost 1,26,7,19,16.04,1439,1269,1608,86,7.00,-0.09
all,Minh Tien Vo,Tübinger BC 1,Bezirksliga,Ost 1,9,3,6,4.76,1439,1147,1731,149,2.17,-0.09
10-Ball,Patrick Wilczek,BC Bad Schussenried 2 | BC Bad Schussenried 3,Kreisliga A,Ost 2,20,6,14,11.94,1439,1245,1633,99,5.47,-0.09
all,Peter Kleinhans,PBC Langenargen 2,Kreisliga A,Ost 2,28,13,15,9.45,1439,1222,1655,110,4.69,-0.09
10-Ball,Rainer Beck,PBC Langenargen 2 | PBC Langenargen 3,Bezirksliga | Kreisliga A,Ost 2,26,14,12,14.89,1439,1264,1614,89,6.49,-0.09
14/1e,Ryan Grabowski,P&S Denzlingen 2 | P&S Denzlingen 3,Bezirksliga,West 1,2,0,2,1.21,1439,972,1905,238,0.49,-0.09
league:Bezirksliga,Sonja Bieser,PBC Offenburg 4 | PBC Offenburg 5,Bezirksliga,West 1,14,2,12,5.50,1439,1164,1713,140,2.17,-0.09
9-Ball,Tajana Dürr-Smokovic,BSC Göppingen 3,Bezirksliga,Ost 1,1,0,1,0.73,1439,913,1964,268,0.31,-0.09
9-Ball,Virginia Eisen,PBC Reutlingen 2,Kreisliga A,Ost 1,1,0,1,0.36,1439,843,2034,304,0.14,-0.09
all,Yannik Weber,BSV Filderstadt 2 | BSV Filderstadt 3 | BSV Filderstadt 4,Bezirksliga | Kreisliga A,Ost 1,31,10,21,24.95,1439,1298,1580,72,9.35,-0.09
14/1e,Artur Maximow,BF Bronnen 1,Kreisliga A,Ost 2,3,1,2,2.74,1438,1078,1798,184,1.17,-0.09
all,Celal Bulut,BV Markdorf 2,Bezirksliga,Ost 2,8,1,7,2.57,1438,1065,1812,191,0.94,-0.09
9-Ball,Dario Dakovic,PBC Bad Saulgau 2 | PBC Bad Saulgau 3,Bezirksliga | Kreisliga A,Ost 2,6,1,5,2.50,1438,1060,1815,193,0.97,-0.09
all,David Hermann,BSV Filderstadt 4,Kreisliga A,Ost 1,4,2,2,3.65,1438,1115,1761,165,1.74,-0.09
league:Bezirksliga,Frederik Binder,BSV Filderstadt 3 | BSV Filderstadt 4,Bezirksliga,Ost 1,20,4,16,13.35,1438,1250,1627,96,5.13,-0.09
all,Johannes Müller,P&S Denzlingen 3,Landesliga,West,20,1,19,17.27,1438,1270,1606,86,6.09,-0.09
8-Ball,Marco Weise,BSV Konstanz 1,Landesliga,Ost,3,0,3,0.95,1438,911,1964,269,0.26,-0.09
14/1e,Marko Stapel,BV Villingen-Schwenningen 2,Bezirksliga,West 1 | West 2,18,4,14,8.93,1438,1219,1657,112,4.01,-0.09
8-Ball,Nikolaus Blum,BC Bad Schussenried 5 | PBC Ochsenhausen 3,Kreisliga A,Ost 2,8,2,6,5.48,1438,1161,1714,141,2.46,-0.09
14/1e,Sonja Bieser,PBC Offenburg 3 | PBC Offenburg 4 | PBC Offenburg 5,Bezirksliga | Landesliga,West | West 1,5,1,4,2.29,1438,1048,1828,199,0.87,-0.09
10-Ball,Virginia Eisen,PBC Reutlingen 2,Kreisliga A,Ost 1,1,0,1,0.36,1438,844,2032,303,0.15,-0.09
all,Alfred Rutkowski,PBC Rastatt 2,Bezirksliga,West 1,2,0,2,2.00,1437,1020,1854,213,0.71,-0.09
league:Bezirksliga,Alfred Rutkowski,PBC Rastatt 2,Bezirksliga,West 1,2,0,2,2.00,1437,1020,1854,213,0.71,-0.09
all,Antonio Pejic,PBC Rastatt 2,Bezirksliga,West 1,2,1,1,2.00,1437,1021,1853,212,0.71,-0.09
league:Bezirksliga,Antonio Pejic,PBC Rastatt 2,Bezirksliga,West 1,2,1,1,2.00,1437,1021,1853,212,0.71,-0.09
8-Ball,Bernd Feierabend,P&S Denzlingen 2 | P&S Denzlingen 3,Bezirksliga | Landesliga,West | West 1 | West 2,10,2,8,6.56,1437,1175,1698,134,2.40,-0.09
all,Dieter Krause,BBC Plochingen 2,Bezirksliga | Kreisliga A,Ost 1,36,11,25,28.23,1437,1306,1567,67,11.95,-0.09
14/1e,Frederik Binder,BSV Filderstadt 3 | BSV Filderstadt 4 | BSV Filderstadt 5 | BSV Filderstadt 6,Bezirksliga | Kreisliga A,Ost 1,31,8,23,18.06,1437,1276,1598,82,7.15,-0.09
9-Ball,Jürgen Wilke,BSC Göppingen 1 | BSC Göppingen 2,Bezirksliga,Ost 1,5,2,3,2.14,1437,1046,1827,199,0.98,-0.09
14/1e,Michael Funk,BSV Pfullingen 3,Bezirksliga,Ost 1,2,0,2,0.64,1437,896,1978,276,0.26,-0.09
all,Patrick Wilczek,BC Bad Schussenried 2 | BC Bad Schussenried 3 | BC Bad Schussenried 5,Kreisliga A,Ost 2,69,24,45,46.65,1437,1335,1538,52,20.94,-0.09
10-Ball,Sebastian Mayer,BSV Filderstadt 3 | BSV Filderstadt 4,Bezirksliga | Kreisliga A,Ost 1,9,2,7,6.13,1437,1172,1701,135,2.49,-0.09
league:Landesliga,Stephan Rech-Linker,BC Sindelfingen 4,Landesliga,West,2,0,2,2.00,1437,1031,1842,207,0.75,-0.09
10-Ball,Sylvia Gurnig,BV Markdorf 3,Bezirksliga | Kreisliga A,Ost 2,21,6,15,13.90,1437,1256,1617,92,6.06,-0.09
14/1e,Axel Isenmann,PBC Offenburg 4 | PBC Offenburg 5,Bezirksliga,West 1,12,2,10,8.84,1436,1211,1660,114,3.42,-0.09
league:Landesliga,Bernd Schröder,PBC Bräunlingen 2,Landesliga,West,14,3,11,7.25,1436,1188,1684,127,2.81,-0.09
9-Ball,Christian Joos,BC Dreiländereck 1 | BC Dreiländereck 2,Landesliga,West,3,0,3,1.23,1436,963,1909,241,0.43,-0.09
10-Ball,Guido Ulmer,BSV Pfullingen 2 | BSV Pfullingen 3 | PBC Reutlingen 2,Bezirksliga | Kreisliga A | Landesliga,Ost | Ost 1,13,5,8,7.31,1436,1193,1679,124,3.03,-0.09
9-Ball,Karl-Heinz Krause,PBC Offenburg 3 | PBC Offenburg 5,Bezirksliga | Landesliga,West | West 1,27,8,19,12.10,1436,1242,1629,99,4.85,-0.09
all,Klaus Friedrich,P&S Denzlingen 1 | P&S Denzlingen 2 | P&S Denzlingen 3,Bezirksliga | Landesliga,West | West 1 | West 2,25,7,18,11.62,1436,1235,1638,103,4.51,-0.09
8-Ball,Marco Paletta,P&S Denzlingen 2 | P&S Denzlingen 3,Bezirksliga | Landesliga,West | West 2,4,2,2,3.02,1436,1076,1796,184,1.09,-0.09
league:Bezirksliga,Max Schmidtke,BSC Göppingen 3,Bezirksliga,Ost 1,5,0,5,3.62,1436,1099,1773,172,1.22,-0.09
league:Landesliga,Okan Ceken,PBC Reutlingen 2,Landesliga,West,2,0,2,2.00,1436,1027,1845,209,0.69,-0.09
14/1e,Otto Stefan Witt,BULL Leonberg-Höfingen 3,Kreisliga A,Ost 2,1,0,1,1.00,1436,934,1938,256,0.32,-0.09
all,Petar Krolo,BC Sindelfingen 5,Bezirksliga,West 1,2,1,1,2.00,1436,1028,1844,208,0.81,-0.09
league:Bezirksliga,Petar Krolo,BC Sindelfingen 5,Bezirksliga,West 1,2,1,1,2.00,1436,1028,1844,208,0.81,-0.09
league:Landesliga,Steffen Feuerbacher,PBC Freudenstadt 2,Landesliga,West,38,13,25,26.56,1436,1302,1570,68,11.04,-0.09
14/1e,Tajana Dürr-Smokovic,BSC Göppingen 3,Bezirksliga,Ost 1,1,0,1,0.65,1436,885,1986,281,0.21,-0.09
league:Bezirksliga,Axel Isenmann,PBC Offenburg 4 | PBC Offenburg 5,Bezirksliga,West 1,30,7,23,22.17,1435,1285,1586,77,8.49,-0.09
all,Benjamin Heck,BSG Albstadt 1 | PBC Bad Saulgau 2,Bezirksliga | Kreisliga A,Ost 2 | West 1 | West 2,53,22,31,30.97,1435,1312,1557,62,14.44,-0.09
14/1e,Fabian Schaber,PBC Langenargen 3,Bezirksliga,Ost 2,2,0,2,1.15,1435,956,1915,245,0.42,-0.09
league:Landesliga,Manfred Sieweke,PBC Ochsenhausen 1,Landesliga,Ost,4,1,3,2.10,1435,1038,1833,203,0.82,-0.09
8-Ball,Mark Pfaffenrodt,BV Villingen-Schwenningen 2,Bezirksliga,West 1 | West 2,5,1,4,2.75,1435,1074,1796,184,1.05,-0.09
league:Kreisliga A,Rainer Beck,PBC Langenargen 2 | PBC Langenargen 3,Kreisliga A,Ost 2,38,17,21,19.68,1435,1281,1589,79,8.34,-0.09
10-Ball,Sebastian Müller,PBC Reutlingen 2 | PBC Reutlingen 3,Bezirksliga | Kreisliga A,Ost 1,17,4,13,11.53,1435,1236,1634,102,4.65,-0.09
14/1e,Torsten Herold,BSV Filderstadt 6,Kreisliga A,Ost 1,6,0,6,2.00,1435,1019,1851,212,0.64,-0.09
league:Landesliga,Udo Gleich,BC Blaustein 1,Landesliga,Ost,6,1,5,3.30,1435,1099,1771,171,1.36,-0.09
league:Bezirksliga,Walter Riebeling,PBC Sand 2,Bezirksliga,West 1,23,5,18,8.95,1435,1212,1658,114,3.42,-0.09
all,Wolfgang Ehni,BC Dreiländereck 2,Landesliga,West,9,0,9,2.95,1435,1064,1805,189,0.88,-0.09
14/1e,Yannik Weber,BSV Filderstadt 3 | BSV Filderstadt 4,Bezirksliga,Ost 1,4,1,3,3.14,1435,1087,1783,178,1.17,-0.09
league:Bezirksliga,Anan Zaity,BV Villingen-Schwenningen 2,Bezirksliga,West 2,23,6,17,8.33,1434,1202,1666,118,3.11,-0.09
all,Asmir Sinanovic,PBC Freudenstadt 2 | PBC Freudenstadt 3 | PBC Freudenstadt 4,Bezirksliga | Landesliga,West | West 1,52,22,30,40.57,1434,1322,1545,57,18.89,-0.09
all,Bernd Feierabend,P&S Denzlingen 1 | P&S Denzlingen 2 | P&S Denzlingen 3,Bezirksliga | Landesliga,West | West 1 | West 2,50,9,41,34.98,1434,1313,1554,61,12.38,-0.09
8-Ball,Bernd Messing,PBC Offenburg 3 | PBC Offenburg 4,Bezirksliga | Landesliga,West | West 1,11,3,8,5.87,1434,1160,1708,140,2.16,-0.09
10-Ball,Christian Casagrande,BSV Shooters Fellbach 1,Bezirksliga,Ost 2,1,0,1,1.00,1434,948,1920,248,0.47,-0.09
9-Ball,David Hermann,BSV Filderstadt 4,Kreisliga A,Ost 1,2,1,1,1.83,1434,1020,1848,211,0.72,-0.09
league:Bezirksliga,Jürgen Kieble,BC Bad Schussenried 1 | BC Bad Schussenried 2,Bezirksliga,Ost 2,8,2,6,4.49,1434,1135,1733,153,1.77,-0.09
8-Ball,Kathrin Karwath,PBC Reutlingen 2,Kreisliga A,Ost 1,4,2,2,1.47,1434,996,1871,223,0.71,-0.09
9-Ball,Kevin Minardi,Tübinger BC 3,Kreisliga A,Ost 1,11,4,7,9.52,1434,1217,1652,111,4.03,-0.09
league:Bezirksliga,Melanie Wolf,PBC Bräunlingen 2,Bezirksliga,West 2,1,0,1,0.34,1434,837,2030,304,0.15,-0.09
9-Ball,Samir Javor,BC Bad Schussenried 3,Bezirksliga | Kreisliga A,Ost 2,5,0,5,3.23,1434,1097,1770,172,1.37,-0.09
league:Bezirksliga,Thomas Hetzel,PBC Sand 2,Bezirksliga,West 1,24,4,20,9.33,1434,1211,1658,114,3.27,-0.09
10-Ball,Vincenzo Murano,BSC Göppingen 1,Landesliga,Ost,2,0,2,0.65,1434,877,1992,284,0.19,-0.09
all,Vincenzo Murano,BSC Göppingen 1,Landesliga,Ost,4,0,4,1.30,1434,950,1918,247,0.35,-0.09
10-Ball,Aaron Bruggesser,PBC Bad Saulgau 3 | PBC Bad Saulgau 4,Kreisliga A,Ost 2,10,1,9,3.48,1433,1094,1771,173,1.27,-0.10
8-Ball,Daniel Fahrner,PBC Freudenstadt 3,Landesliga,West,4,0,4,2.11,1433,1015,1850,213,0.61,-0.10
9-Ball,Dario Borkovic,PBC Rastatt 2,Bezirksliga,West 1,1,0,1,1.00,1433,930,1937,257,0.32,-0.09
10-Ball,Dennis Göricke,Tübinger BC 2,Kreisliga A,Ost 1,2,1,1,0.70,1433,904,1962,270,0.37,-0.10
9-Ball,Eckart Grabe,BSV Filderstadt 3 | BSV Filderstadt 4 | BSV Filderstadt 5 | BSV Filderstadt 6,Kreisliga A | Landesliga,Ost | Ost 1,9,2,7,5.51,1433,1162,1705,138,2.39,-0.09
8-Ball,Goran Antunovic,Tübinger BC 1 | Tübinger BC 2,Kreisliga A | Landesliga,Ost | Ost 1,5,1,4,1.64,1433,1003,1864,219,0.69,-0.09
10-Ball,Hans-Henning Schmid,PBC Langenargen 1 | PBC Langenargen 2 | PBC Langenargen 3,Bezirksliga | Kreisliga A | Landesliga,Ost | Ost 2,10,4,6,6.44,1433,1172,1694,133,2.46,-0.10
8-Ball,Jonas Müller,PBC Offenburg 5,Bezirksliga,West 1,1,0,1,0.91,1433,908,1958,268,0.25,-0.10
all,Jörg Hechler,BSG Albstadt 1,Bezirksliga,West 2,2,0,2,0.65,1433,896,1969,274,0.30,-0.10
9-Ball,Siegfried Brockmann,BC Bad Schussenried 2 | BC Bad Schussenried 3 | BC Bad Schussenried 4,Kreisliga A,Ost 2,8,2,6,5.01,1433,1150,1716,144,2.06,-0.10
8-Ball,Thomas Mänz,BSV Filderstadt 3 | BSV Filderstadt 4 | BSV Filderstadt 6,Bezirksliga | Kreisliga A,Ost 1,4,0,4,2.14,1433,1014,1852,214,0.59,-0.10
all,Andreas Kunellis,PBC Reutlingen 2,Kreisliga A,Ost 1,4,1,3,1.53,1432,986,1878,228,0.61,-0.10
10-Ball,Andrej Stark,P&S Denzlingen 2 | P&S Denzlingen 3,Bezirksliga,West 1 | West 2,13,3,10,6.34,1432,1175,1689,131,2.65,-0.10
all,Andrej Stark,P&S Denzlingen 2 | P&S Denzlingen 3,Bezirksliga,West 1 | West 2,28,8,20,13.82,1432,1251,1613,92,6.10,-0.10
league:Bezirksliga,Dimitrios Vafiadis,PBC Langenargen 2,Bezirksliga,Ost 2,2,0,2,0.85,1432,914,1950,264,0.29,-0.10
9-Ball,Martin Trippel,PBC Langenargen 2 | PBC Langenargen 3 | PBC Langenargen 4,Bezirksliga | Kreisliga A,Ost 2,23,8,15,11.16,1432,1232,1633,102,4.77,-0.10
league:Kreisliga A,Martin Trippel,PBC Langenargen 2 | PBC Langenargen 3 | PBC Langenargen 4,Kreisliga A,Ost 2,62,17,45,27.92,1432,1298,1565,68,10.61,-0.10
league:Kreisliga A,Serkan Candir,BSV Filderstadt 4 | BSV Filderstadt 5 | BSV Filderstadt 6,Kreisliga A,Ost 1,44,14,30,20.96,1432,1281,1584,77,9.00,-0.10
10-Ball,Thorgen Brett,Tübinger BC 1 | Tübinger BC 2,Bezirksliga,Ost 1,6,2,4,3.29,1432,1085,1779,177,1.18,-0.10
league:Landesliga,Yavuz Güleryüz,P&S Denzlingen 1,Landesliga,West,10,1,9,3.27,1432,1084,1780,177,1.12,-0.10
9-Ball,Artur Maximow,BF Bronnen 1,Kreisliga A,Ost 2,2,0,2,1.62,1431,1003,1860,219,0.67,-0.10
9-Ball,Daniel Cavalleri,PBC Offenburg 5,Bezirksliga,West 1,11,2,9,9.30,1431,1214,1648,111,4.01,-0.10
all,David Hackenberg,P&S Denzlingen 4,Bezirksliga,West 1,30,11,19,25.67,1431,1294,1568,70,12.13,-0.10
8-Ball,David Hermann,BSV Filderstadt 4,Kreisliga A,Ost 1,1,0,1,0.91,1431,928,1935,257,0.36,-0.10
10-Ball,Donald Oreskovic,PBC Bad Saulgau 2,Bezirksliga,Ost 2,10,2,8,4.06,1431,1118,1743,160,1.54,-0.10
league:Landesliga,Goran Antunovic,Tübinger BC 1,Landesliga,Ost,2,0,2,0.64,1431,877,1985,283,0.20,-0.10
league:Kreisliga A,Kurt Ljokaj,PBC Ochsenhausen 2,Kreisliga A,Ost 2,67,23,44,46.02,1431,1329,1533,52,19.93,-0.10
league:Bezirksliga,Minh Tien Vo,Tübinger BC 1,Bezirksliga,Ost 1,9,3,6,4.76,1431,1139,1723,149,2.18,-0.10
league:Bezirksliga,Sebastian  Dettling,PBC Bad Saulgau 2,Bezirksliga,Ost 2,4,0,4,2.30,1431,1047,1814,196,0.94,-0.10
8-Ball,Tajana Dürr-Smokovic,BSC Göppingen 3,Bezirksliga,Ost 1,5,1,4,3.42,1431,1087,1776,176,1.22,-0.10
league:Landesliga,Thomas Schöpfer,Tübinger BC 1,Landesliga,Ost,4,0,4,1.34,1431,966,1896,237,0.45,-0.10
league:Kreisliga A,Andreas Horn,Tübinger BC 2 | Tübinger BC 3,Kreisliga A,Ost 1,16,5,11,12.40,1430,1237,1624,99,4.86,-0.10
8-Ball,Anton Schubert,PBC Ochsenhausen 1 | PBC Ochsenhausen 2 | PBC Ochsenhausen 3,Bezirksliga | Kreisliga A | Landesliga,Ost | Ost 2,22,5,17,11.59,1430,1229,1632,103,4.46,-0.10
10-Ball,Aristidis Michailidis,BSV Filderstadt 3,Bezirksliga,Ost 1,3,0,3,2.04,1430,1019,1841,210,0.66,-0.10
league:Kreisliga A,Bruno Steinbach,Tübinger BC 2,Kreisliga A,Ost 1,2,0,2,0.71,1430,899,1960,270,0.29,-0.10
8-Ball,Erich Wohllaib,PBC Ochsenhausen 2 | PBC Ochsenhausen 3,Bezirksliga | Kreisliga A,Ost 2,19,6,13,10.28,1430,1218,1642,108,4.46,-0.10
league:Kreisliga A,Guido Ulmer,PBC Reutlingen 2,Kreisliga A,Ost 1,3,1,2,1.76,1430,990,1869,224,0.52,-0.10
10-Ball,Jörg Lingl,PBC Ochsenhausen 3,Kreisliga A,Ost 2,2,1,1,1.34,1430,975,1886,232,0.76,-0.10
10-Ball,Kathrin Karwath,PBC Reutlingen 2 | PBC Reutlingen 3,Bezirksliga | Kreisliga A,Ost 1,31,10,21,19.48,1430,1272,1587,80,7.78,-0.10
10-Ball,Levend Bas,BC Weingarten 2,Kreisliga A,Ost 2,10,3,7,7.42,1430,1187,1674,124,2.91,-0.10
14/1e,Luciano Galman,BSC Göppingen 3,Bezirksliga,Ost 1,2,0,2,1.61,1430,988,1871,225,0.53,-0.10
14/1e,Marvin Szymiczek,BV Pforzheim 4,Kreisliga A,West 1,1,0,1,1.00,1430,925,1936,258,0.31,-0.10
league:Bezirksliga,Matthias Höfler,PBC Bräunlingen 2,Bezirksliga,West 2,13,3,10,4.65,1430,1137,1724,150,1.91,-0.10
league:Landesliga,Melanie Henschel,PBC Offenburg 4,Landesliga,West,20,7,13,11.05,1430,1228,1633,103,4.57,-0.10
9-Ball,Nikolaos Seristatidis,Tübinger BC 2,Bezirksliga | Kreisliga A,Ost 1,22,6,16,9.30,1430,1210,1649,112,3.77,-0.10
9-Ball,Ruben Lorch,BSV Pfullingen 5,Kreisliga A,Ost 1,4,2,2,2.23,1430,1041,1819,199,1.14,-0.10
14/1e,Alfred Rutkowski,PBC Rastatt 2,Bezirksliga,West 1,1,0,1,1.00,1429,922,1935,258,0.31,-0.10
8-Ball,Ali El Ajouz,BC Dreiländereck 1 | BC Dreiländereck 2,Landesliga,West,8,3,5,3.95,1429,1111,1747,162,1.54,-0.10
9-Ball,Andreas Looser,PBC Langenargen 1 | PBC Langenargen 2 | PBC Langenargen 3,Bezirksliga | Kreisliga A,Ost 2,21,4,17,10.85,1429,1226,1633,104,4.27,-0.10
all,Izet Nokic,BF Bronnen 1,Kreisliga A,Ost 1 | Ost 2,11,3,8,9.64,1429,1215,1644,109,4.21,-0.10
9-Ball,Jörg Wolf,BC Dreiländereck 2 | PBC Offenburg 4 | PBC Offenburg 6,Bezirksliga | Landesliga,West | West 1,17,4,13,9.31,1429,1209,1650,113,3.62,-0.10
9-Ball,Lucia Birsner,BSV Tiengen 3 | BSV Tiengen 4,Bezirksliga,West 1 | West 2,20,9,11,13.37,1429,1245,1614,94,6.09,-0.10
9-Ball,Sebastian Czaja,BSV Filderstadt 5 | BSV Filderstadt 6 | PBC Reutlingen 2,Kreisliga A,Ost 1,4,2,2,1.41,1429,975,1884,232,0.55,-0.10
9-Ball,Simon Kaincz,BSV Filderstadt 4 | BSV Filderstadt 5,Kreisliga A,Ost 1,7,3,4,4.27,1429,1118,1739,158,1.72,-0.10
14/1e,Thorgen Brett,Tübinger BC 2,Bezirksliga,Ost 1,2,0,2,1.12,1429,931,1928,254,0.32,-0.10
league:Bezirksliga,Udo Gleich,BC Blaustein 1,Bezirksliga,Ost 2,20,5,15,8.51,1429,1200,1659,117,3.17,-0.10
all,Alen Mulaosmanovic,PBC Offenburg 3 | PBC Offenburg 4 | PBC Offenburg 5,Bezirksliga | Landesliga,West | West 1,37,11,26,22.70,1428,1282,1574,75,8.80,-0.10
10-Ball,Alfred Hellrigl,BC Weingarten 1 | BC Weingarten 2,Bezirksliga | Kreisliga A,Ost 2,23,10,13,13.13,1428,1240,1617,96,5.83,-0.10
10-Ball,Anan Zaity,BV Villingen-Schwenningen 2,Bezirksliga,West 2,6,2,4,2.09,1428,1023,1833,206,0.75,-0.10
10-Ball,Antonio Nuzziello,BSC Göppingen 2,Bezirksliga | Kreisliga A,Ost 1,10,2,8,5.06,1428,1130,1727,152,1.70,-0.10
all,Marcus Reber,PBC Freudenstadt 2 | PBC Freudenstadt 3,Bezirksliga | Landesliga,West | West 1,4,0,4,1.45,1428,970,1887,234,0.48,-0.10
8-Ball,Mark Szinger,BV Villingen-Schwenningen 2,Bezirksliga,West 1,16,6,10,11.42,1428,1225,1630,103,5.35,-0.10
league:Bezirksliga,Marko Stapel,BV Villingen-Schwenningen 2,Bezirksliga,West 1 | West 2,60,16,44,30.97,1428,1303,1553,64,12.60,-0.10
10-Ball,Rico Horst,PBC Bad Saulgau 3,Kreisliga A,Ost 2,2,0,2,0.77,1428,891,1966,274,0.23,-0.10
9-Ball,Andre Schwenzfeier,BSV Pfullingen 2 | BSV Pfullingen 3 | BSV Pfullingen 4,Bezirksliga | Kreisliga A,Ost 1,42,15,27,24.85,1427,1289,1565,70,10.30,-0.10
league:Bezirksliga,Bruno Steinbach,Tübinger BC 1,Bezirksliga,Ost 1,38,13,25,18.03,1427,1264,1590,83,6.92,-0.10
14/1e,David Hackenberg,P&S Denzlingen 4,Bezirksliga,West 1,4,0,4,3.34,1427,1088,1765,173,1.35,-0.10
14/1e,Emin Kajkus,BSV Filderstadt 5,Kreisliga A,Ost 1,1,0,1,0.52,1427,863,1991,288,0.21,-0.10
all,Emir Musinovic,BSV Konstanz 1,Landesliga,Ost,2,0,2,0.64,1427,867,1987,286,0.18,-0.10
league:Bezirksliga,Erich Wohllaib,PBC Ochsenhausen 1 | PBC Ochsenhausen 2,Bezirksliga,Ost 2,20,3,17,8.56,1427,1192,1662,120,2.85,-0.10
9-Ball,Johannes Müller,P&S Denzlingen 3,Landesliga,West,10,0,10,8.64,1427,1197,1657,117,3.03,-0.10
8-Ball,Lutz Jeschke,BC Weingarten 1,Bezirksliga | Kreisliga A | Landesliga,Ost | Ost 2,7,1,6,4.96,1427,1103,1752,166,1.29,-0.10
league:Landesliga,Marcus Reber,PBC Freudenstadt 2,Landesliga,West,2,0,2,0.79,1427,896,1958,271,0.28,-0.10
8-Ball,Markus Stehle,BV Villingen-Schwenningen 2,Bezirksliga,West 2,6,2,4,2.06,1427,1027,1826,204,0.87,-0.10
all,Michael Funk,BSV Pfullingen 3,Bezirksliga,Ost 1,10,1,9,3.23,1427,1077,1777,178,1.09,-0.10
all,Mustafa Ilkaya,BF Bronnen 1,Kreisliga A,Ost 1 | Ost 2,14,4,10,12.65,1427,1241,1613,95,5.91,-0.10
14/1e,Nikolaos Seristatidis,Tübinger BC 2,Bezirksliga | Kreisliga A,Ost 1,5,1,4,2.22,1427,1031,1824,202,0.81,-0.10
9-Ball,Peter Link,BSV Shooters Fellbach 2,Kreisliga A,Ost 1,1,0,1,1.00,1427,929,1925,254,0.35,-0.10
all,Sebastian Buccheri,BSC Lions Bietigheim 1,Landesliga,West,2,0,2,2.00,1427,1008,1846,214,0.60,-0.10
league:Landesliga,Sebastian Buccheri,BSC Lions Bietigheim 1,Landesliga,West,2,0,2,2.00,1427,1008,1846,214,0.60,-0.10
9-Ball,Sylvia Gurnig,BV Markdorf 3,Bezirksliga | Kreisliga A,Ost 2,20,7,13,13.51,1427,1243,1611,94,5.34,-0.10
all,Tobias Abt,BC Bad Schussenried 2 | BC Bad Schussenried 3 | BC Bad Schussenried 4 | BC Bad Schussenried 5 | PBC Bad Saulgau 2 | PBC Bad Saulgau 3,Bezirksliga | Kreisliga A,Ost 2,117,32,85,64.43,1427,1340,1514,45,27.14,-0.10
14/1e,Anan Zaity,BV Villingen-Schwenningen 2,Bezirksliga,West 2,5,0,5,1.87,1426,1014,1838,210,0.73,-0.10
14/1e,Gerhard Gryschka,BV Pforzheim 3,Bezirksliga,West 1,1,0,1,1.00,1426,918,1934,259,0.30,-0.10
10-Ball,Heiko Schmeil,BSC Göppingen 2,Kreisliga A,Ost 1,4,1,3,1.35,1426,974,1879,231,0.59,-0.10
8-Ball,Marc Wagner,BC Blaustein 1,Kreisliga A,Ost 2,3,0,3,1.01,1426,927,1924,254,0.38,-0.11
league:Bezirksliga,Patrick Haudek,PBV Rottweil 2,Bezirksliga,West 2,4,0,4,1.28,1426,961,1891,237,0.55,-0.10
all,Reshawn Spann,P&S Denzlingen 3,Bezirksliga,West 1,4,1,3,2.67,1426,1061,1790,186,1.32,-0.11
league:Kreisliga A,Siegfried Brockmann,BC Bad Schussenried 2 | BC Bad Schussenried 3 | BC Bad Schussenried 4,Kreisliga A,Ost 2,45,14,31,31.14,1426,1301,1550,63,12.89,-0.10
14/1e,Simon Kaincz,BSV Filderstadt 4 | BSV Filderstadt 5,Kreisliga A,Ost 1,11,1,10,6.45,1426,1169,1683,131,2.57,-0.10
9-Ball,Tamara Grad,BSV Pfullingen 3 | BSV Pfullingen 4,Bezirksliga | Kreisliga A,Ost 1,9,4,5,4.15,1426,1120,1731,156,1.93,-0.11
8-Ball,Wolfgang Ehni,BC Dreiländereck 2,Landesliga,West,4,0,4,1.31,1426,942,1911,247,0.35,-0.10
10-Ball,Andreas Horn,BSG Albstadt 1 | Tübinger BC 2 | Tübinger BC 3,Bezirksliga | Kreisliga A,Ost 1 | West 1 | West 2,11,4,7,5.68,1425,1156,1694,137,2.40,-0.11
all,Bernhard Gneiting,PBC Reutlingen 2 | PBC Reutlingen 3,Bezirksliga | Kreisliga A,Ost 1,29,10,19,18.16,1425,1260,1589,84,6.50,-0.11
all,Bruno Steinbach,Tübinger BC 1 | Tübinger BC 2,Bezirksliga | Kreisliga A | Landesliga,Ost | Ost 1,42,13,29,19.44,1425,1266,1584,81,7.12,-0.11
league:Bezirksliga,Celal Bulut,BV Markdorf 2,Bezirksliga,Ost 2,8,1,7,2.57,1425,1051,1798,191,0.96,-0.11
all,Erich Wohllaib,PBC Ochsenhausen 1 | PBC Ochsenhausen 2 | PBC Ochsenhausen 3,Bezirksliga | Kreisliga A,Ost 2,99,27,72,56.64,1425,1332,1519,48,22.50,-0.11
8-Ball,Fabienne Weiß,BBC Plochingen 2,Bezirksliga,Ost 1,1,0,1,0.45,1425,845,2004,296,0.28,-0.11
10-Ball,Günther Götz,BSC St. Georgen 1,Bezirksliga,West 2,1,0,1,0.44,1425,846,2004,296,0.18,-0.11
10-Ball,Marcus Reber,PBC Freudenstadt 2 | PBC Freudenstadt 3,Bezirksliga | Landesliga,West | West 1,2,0,2,0.72,1425,879,1970,278,0.22,-0.11
all,Markus Stehle,BV Villingen-Schwenningen 2,Bezirksliga,West 2,14,6,8,4.91,1425,1138,1711,146,2.13,-0.11
14/1e,Thorsten Löffler,BC Dreiländereck 1,Bezirksliga,West 1,1,0,1,0.83,1425,877,1973,280,0.19,-0.11
league:Landesliga,Alexander Fischer,Tübinger BC 1,Landesliga,Ost,2,0,2,0.66,1424,879,1969,278,0.24,-0.11
league:Kreisliga A,Alexander Rommel,BSC Göppingen 2 | BSC Göppingen 3,Kreisliga A,Ost 1,11,4,7,5.06,1424,1141,1708,145,2.45,-0.11
league:Bezirksliga,Andreas Geigle,BBC Plochingen 2,Bezirksliga,Ost 1,39,13,26,23.59,1424,1280,1568,73,9.35,-0.11
14/1e,Bruno Schuon,BSV Pfullingen 2 | BSV Pfullingen 3 | BSV Pfullingen 4,Bezirksliga | Kreisliga A,Ost 1,11,1,10,6.49,1424,1166,1682,132,2.49,-0.11
14/1e,Dietmar Lauer,PBC Bietigheim-Bissingen 2,Bezirksliga,Ost 2,1,0,1,1.00,1424,914,1934,260,0.29,-0.11
9-Ball,Ervin Lika,BSV Filderstadt 5,Kreisliga A,Ost 1,2,0,2,0.81,1424,899,1948,267,0.29,-0.11
league:Landesliga,Johannes Mai,Tübinger BC 1,Landesliga,Ost,4,0,4,1.34,1424,956,1892,239,0.45,-0.11
league:Bezirksliga,Ludwig Sandrik,PBV Rottweil 2,Bezirksliga,West 2,10,3,7,3.32,1424,1087,1760,172,1.48,-0.11
14/1e,Matthias Höfler,PBC Bräunlingen 2,Bezirksliga | Landesliga,West | West 2,3,0,3,1.23,1424,955,1892,239,0.49,-0.11
10-Ball,Mirsad Coric,P&S Denzlingen 2 | P&S Denzlingen 3,Bezirksliga | Landesliga,West | West 1,15,6,9,11.41,1424,1223,1625,102,4.64,-0.11
all,Richard Hartmann,PBC Sand 2,Bezirksliga,West 1,29,9,20,10.96,1424,1223,1625,103,4.73,-0.11
14/1e,Tobias Abt,BC Bad Schussenried 2 | BC Bad Schussenried 4 | BC Bad Schussenried 5 | PBC Bad Saulgau 2 | PBC Bad Saulgau 3,Bezirksliga | Kreisliga A,Ost 2,23,3,20,11.32,1424,1221,1627,104,4.29,-0.11
all,Torsten Herold,BSV Filderstadt 6,Kreisliga A,Ost 1,13,2,11,4.34,1424,1111,1736,159,1.58,-0.11
14/1e,Andreas Wagner,BC Bad Schussenried 1 | BC Bad Schussenried 2 | BC Bad Schussenried 3,Bezirksliga | Kreisliga A,Ost 2,3,0,3,1.25,1423,945,1901,244,0.39,-0.11
all,Aurel Casagrande,BSV Shooters Fellbach 3,Kreisliga A,Ost 2,2,0,2,2.00,1423,1002,1845,215,0.59,-0.11
league:Kreisliga A,Aurel Casagrande,BSV Shooters Fellbach 3,Kreisliga A,Ost 2,2,0,2,2.00,1423,1002,1845,215,0.59,-0.11
all,Christian Orosz,BSV Pfullingen 3,Bezirksliga,Ost 1,4,1,3,1.28,1423,955,1891,239,0.46,-0.11
8-Ball,Jan Simon,BV Villingen-Schwenningen 2,Bezirksliga,West 2,2,0,2,0.86,1423,913,1934,260,0.35,-0.11
league:Kreisliga A,Klaus Hirthe,PBC Ochsenhausen 2 | PBC Ochsenhausen 3,Kreisliga A,Ost 2,10,1,9,4.62,1423,1123,1724,153,1.78,-0.11
14/1e,Marvin Diedrich,PBC Sand 2,Bezirksliga,West 1,10,0,10,3.56,1423,1092,1754,169,1.31,-0.11
10-Ball,Reshawn Spann,P&S Denzlingen 3,Bezirksliga,West 1,2,0,2,1.33,1423,958,1887,237,0.70,-0.11
14/1e,Ruben Lorch,BSV Pfullingen 5,Kreisliga A,Ost 1,1,0,1,0.58,1423,869,1977,283,0.24,-0.11
14/1e,Sylvia Gurnig,BV Markdorf 3,Bezirksliga,Ost 2,3,1,2,2.30,1423,1029,1816,201,0.78,-0.11
league:Bezirksliga,Andrew Steinhauer,PBC Bad Saulgau 2,Bezirksliga,Ost 2,41,8,33,17.93,1422,1254,1589,86,5.92,-0.11
8-Ball,Dietmar Karoli,Tübinger BC 1 | Tübinger BC 2,Bezirksliga | Kreisliga A,Ost 1,10,2,8,5.65,1422,1146,1697,141,2.28,-0.11
8-Ball,Florian Weber,PBC Ochsenhausen 2,Kreisliga A,Ost 2,1,0,1,0.58,1422,827,2018,304,0.11,-0.11
league:Kreisliga A,Franz Frauenhoffer,PBC Bad Saulgau 3,Kreisliga A,Ost 2,2,0,2,0.69,1422,889,1955,272,0.31,-0.11
8-Ball,Jörg Wolf,BC Dreiländereck 2 | PBC Offenburg 3 | PBC Offenburg 4 | PBC Offenburg 6,Bezirksliga | Landesliga,West | West 1,16,2,14,8.08,1422,1182,1661,122,2.78,-0.11
9-Ball,Klaus Hirthe,PBC Ochsenhausen 1 | PBC Ochsenhausen 2,Kreisliga A | Landesliga,Ost | Ost 2,3,1,2,1.60,1422,984,1859,223,0.64,-0.11
10-Ball,Lucas Ruschke,BV Villingen-Schwenningen 2,Bezirksliga,West 1 | West 2,16,6,10,7.55,1422,1182,1661,122,3.17,-0.11
14/1e,Lucia Birsner,BSV Tiengen 3 | BSV Tiengen 4,Bezirksliga,West 1 | West 2,16,0,16,11.29,1422,1216,1629,105,3.92,-0.11
league:Landesliga,Marcus Wolf,PBC Bräunlingen 2,Landesliga,West,16,3,13,8.82,1422,1195,1649,116,3.33,-0.11
8-Ball,Marko Stapel,BV Villingen-Schwenningen 2,Bezirksliga,West 1 | West 2,16,5,11,8.02,1422,1187,1658,120,3.46,-0.11
10-Ball,Nguyen Tien Dung,PBC Reutlingen 3,Kreisliga A,West 2,1,0,1,1.00,1422,908,1936,262,0.28,-0.11
10-Ball,Sasa Kikic,BF Bronnen 1,Kreisliga A,Ost 2,2,0,2,1.73,1422,999,1844,215,0.69,-0.11
league:Landesliga,Sascha Nyffeler,BC Weingarten 1 | PBC Langenargen 1,Landesliga,Ost,19,5,14,15.10,1422,1245,1599,90,5.60,-0.11
8-Ball,Thomas Stöckel,PBC Offenburg 2,Landesliga,West,12,4,8,10.33,1422,1211,1633,108,3.98,-0.11
10-Ball,Zeeshan Khan,PBC Ochsenhausen 2,Kreisliga A,Ost 2,3,1,2,1.52,1422,979,1864,226,0.59,-0.11
8-Ball,Alexander Rommel,BSC Göppingen 2 | BSC Göppingen 3,Kreisliga A,Ost 1,5,1,4,2.12,1421,1026,1816,202,0.98,-0.11
9-Ball,Andreas Knauf,BSC Göppingen 2,Kreisliga A,Ost 1,5,1,4,1.72,1421,999,1842,215,0.76,-0.11
league:Landesliga,Homayoun Nikzat,BSV Konstanz 1,Landesliga,Ost,4,0,4,1.38,1421,957,1885,237,0.46,-0.11
all,Kathrin Karwath,PBC Reutlingen 2 | PBC Reutlingen 3,Bezirksliga | Kreisliga A,Ost 1 | West 2,80,31,49,47.40,1421,1319,1523,52,20.07,-0.11
8-Ball,Klaus Mutenzer,BC Blaustein 1,Kreisliga A | Landesliga,Ost | Ost 2,3,1,2,1.39,1421,967,1875,232,0.61,-0.11
9-Ball,Marko Stapel,BV Villingen-Schwenningen 2,Bezirksliga,West 1 | West 2,6,1,5,2.94,1421,1061,1780,183,1.01,-0.11
10-Ball,Melanie Wolf,PBC Bräunlingen 2,Bezirksliga,West 2,1,0,1,0.34,1421,822,2020,306,0.17,-0.11
8-Ball,Mirsad Coric,P&S Denzlingen 3,Bezirksliga | Landesliga,West | West 1,9,2,7,7.13,1421,1166,1676,130,2.59,-0.11
8-Ball,Karl-Heinz Krause,PBC Offenburg 3 | PBC Offenburg 5,Bezirksliga | Landesliga,West | West 1,20,6,14,8.64,1420,1192,1648,116,3.54,-0.11
8-Ball,Lulzim Ramliku,P&S Denzlingen 3 | P&S Denzlingen 4,Bezirksliga,West 1,8,1,7,5.55,1420,1126,1713,150,1.73,-0.11
league:Kreisliga A,Mark Mende,BSV Pfullingen 2,Kreisliga A,Ost 1,2,0,2,1.82,1420,1004,1837,213,0.75,-0.11
all,Markus Schneider,BV Pforzheim 4,Kreisliga A,West 1,4,1,3,4.00,1420,1096,1745,166,1.36,-0.11
league:Kreisliga A,Markus Schneider,BV Pforzheim 4,Kreisliga A,West 1,4,1,3,4.00,1420,1096,1745,166,1.36,-0.11
14/1e,Michael Bauer,PBV Rottweil 2,Bezirksliga,West 2,10,1,9,3.41,1420,1085,1755,171,1.31,-0.11
league:Kreisliga A,Rainer Glück,BSV Filderstadt 3,Kreisliga A,Ost 1,2,0,2,2.00,1420,1020,1819,204,0.85,-0.11
9-Ball,Sebastian Mayer,BSV Filderstadt 2 | BSV Filderstadt 3 | BSV Filderstadt 4,Bezirksliga | Kreisliga A,Ost 1,14,4,10,9.23,1420,1194,1647,116,3.33,-0.11
9-Ball,Sebastian Müller,PBC Reutlingen 2 | PBC Reutlingen 3,Kreisliga A,Ost 1,7,1,6,3.21,1420,1069,1771,179,1.25,-0.11
league:Bezirksliga,Yannik Weber,BSV Filderstadt 2 | BSV Filderstadt 3 | BSV Filderstadt 4,Bezirksliga,Ost 1,25,7,18,20.70,1420,1264,1577,80,7.28,-0.11
8-Ball,Alen Mulaosmanovic,PBC Offenburg 3 | PBC Offenburg 4 | PBC Offenburg 5,Bezirksliga | Landesliga,West | West 1,17,6,11,10.29,1419,1205,1634,109,3.97,-0.11
8-Ball,Alexander Schröder,BC Dätzingen 2,Kreisliga A,West 2,1,0,1,1.00,1419,905,1932,262,0.28,-0.11
8-Ball,Aurel Casagrande,BSV Shooters Fellbach 3,Kreisliga A,Ost 2,1,0,1,1.00,1419,905,1932,262,0.28,-0.11
10-Ball,Bernd Ulrich,BSV Shooters Fellbach 3,Kreisliga A,Ost 2,1,0,1,1.00,1419,905,1932,262,0.28,-0.11
9-Ball,Cornelius Ryan,PBC Reutlingen 2,Bezirksliga | Kreisliga A,Ost 1,5,2,3,2.69,1419,1058,1779,184,1.27,-0.11
league:Landesliga,Daniel Fahrner,PBC Freudenstadt 3,Landesliga,West,16,1,15,8.46,1419,1185,1653,120,2.99,-0.11
10-Ball,Emilio Caracciolo,BSV Shooters Fellbach 3,Kreisliga A,Ost 2,1,0,1,1.00,1419,905,1932,262,0.28,-0.11
8-Ball,Frank Wagenmann,PBC Offenburg 2,Landesliga,West,2,0,2,1.61,1419,972,1867,228,0.50,-0.11
8-Ball,Gerhard Gryschka,BV Pforzheim 3,Bezirksliga,West 1,1,0,1,1.00,1419,905,1932,262,0.28,-0.11
league:Kreisliga A,Hannes Reißner,Tübinger BC 2,Kreisliga A,Ost 1,5,4,1,4.17,1419,1112,1726,156,2.20,-0.11
10-Ball,Johannes Genter,PBC Rastatt 3,Kreisliga A,West 1,1,0,1,1.00,1419,905,1932,262,0.28,-0.11
all,Klaus Mutenzer,BC Blaustein 1,Kreisliga A | Landesliga,Ost | Ost 2,6,2,4,2.79,1419,1046,1792,190,1.10,-0.11
10-Ball,Lukas Bruchmann,PBC Aalen 2,Kreisliga A,Ost 2,1,0,1,1.00,1419,905,1932,262,0.28,-0.11
all,Marco Huber,BV Pforzheim 3,Bezirksliga,West 1,2,0,2,2.00,1419,1022,1817,203,1.02,-0.11
league:Bezirksliga,Marco Huber,BV Pforzheim 3,Bezirksliga,West 1,2,0,2,2.00,1419,1022,1817,203,1.02,-0.11
league:Bezirksliga,Michael Funk,BSV Pfullingen 3,Bezirksliga,Ost 1,10,1,9,3.23,1419,1070,1768,178,1.11,-0.11
14/1e,Petar Krolo,BC Sindelfingen 5,Bezirksliga,West 1,1,0,1,1.00,1419,905,1932,262,0.28,-0.11
8-Ball,Robert Pinczker,TV Cannstatt 4,Bezirksliga,Ost 1,1,0,1,1.00,1419,905,1932,262,0.28,-0.11
10-Ball,Sascha Jungwirth,BSC Lions Bietigheim 2,Kreisliga A,West 1,1,0,1,1.00,1419,905,1932,262,0.28,-0.11
8-Ball,Sascha Jungwirth,BSC Lions Bietigheim 2,Kreisliga A,West 1,1,0,1,1.00,1419,905,1932,262,0.28,-0.11
8-Ball,Tobias Linnow,BSV Shooters Fellbach 3,Kreisliga A,Ost 2,1,0,1,1.00,1419,905,1932,262,0.28,-0.11
10-Ball,Wolfgang Krüger,PF Calw 1,Bezirksliga,West 2,1,0,1,1.00,1419,905,1932,262,0.28,-0.11
9-Ball,Anita Massow,BSV Tiengen 3,Bezirksliga,West 2,3,0,3,0.97,1418,914,1923,257,0.35,-0.12
league:Kreisliga A,Artur Maximow,BF Bronnen 1,Kreisliga A,Ost 2,12,4,8,10.38,1418,1206,1630,108,3.99,-0.12
8-Ball,Bruno Schuon,BSV Pfullingen 2 | BSV Pfullingen 3 | BSV Pfullingen 4,Bezirksliga | Kreisliga A,Ost 1,16,6,10,10.16,1418,1201,1634,111,3.64,-0.12
all,Ismail Hileh,PBC Reutlingen 3,Kreisliga A,Ost 1,11,6,5,6.03,1418,1143,1692,140,2.68,-0.12
league:Bezirksliga,Luka Antic,PBC Offenburg 4 | PBC Offenburg 5,Bezirksliga,West 1,24,5,19,17.73,1418,1251,1585,85,6.61,-0.12
all,Marco Weise,BSV Konstanz 1,Landesliga,Ost,10,1,9,3.22,1418,1043,1793,191,0.79,-0.12
league:Bezirksliga,Stephan Reber,PBC Freudenstadt 3,Bezirksliga,West 1,6,0,6,1.97,1418,1002,1833,212,0.70,-0.12
league:Landesliga,Wolfgang Ehni,BC Dreiländereck 2,Landesliga,West,9,0,9,2.95,1418,1049,1787,188,0.91,-0.12
14/1e,Aaron Bruggesser,PBC Bad Saulgau 3 | PBC Bad Saulgau 4,Kreisliga A,Ost 2,3,0,3,1.15,1417,930,1904,249,0.40,-0.12
league:Bezirksliga,Christian Orosz,BSV Pfullingen 3,Bezirksliga,Ost 1,4,1,3,1.28,1417,949,1885,239,0.47,-0.12
8-Ball,David Hackenberg,P&S Denzlingen 4,Bezirksliga,West 1,13,5,8,11.15,1417,1207,1627,107,5.24,-0.12
8-Ball,Francesco Dragotta,Tübinger BC 3,Kreisliga A,Ost 1,2,0,2,1.61,1417,966,1869,230,0.48,-0.12
9-Ball,Jochen Geiß,PBC Ochsenhausen 2 | PBC Ochsenhausen 3,Kreisliga A,Ost 2,13,3,10,7.78,1417,1180,1654,121,3.05,-0.12
league:Bezirksliga,Karsten Mieskes,BC Bad Schussenried 1 | BC Bad Schussenried 3,Bezirksliga,Ost 2,14,1,13,11.70,1417,1217,1617,102,4.24,-0.12
9-Ball,Martin Gießler,PBC Offenburg 6,Bezirksliga,West 1,2,0,2,1.78,1417,996,1837,214,0.69,-0.12
all,Melanie Wolf,PBC Bräunlingen 2,Bezirksliga,West 2,1,0,1,0.34,1417,817,2017,306,0.17,-0.12
league:Bezirksliga,Rudi Fölker,PBC Bad Saulgau 2,Bezirksliga,Ost 2,22,6,16,11.68,1417,1218,1616,102,4.48,-0.12
all,Simon Kaincz,BSV Filderstadt 4 | BSV Filderstadt 5,Kreisliga A,Ost 1,28,8,20,17.04,1417,1250,1583,85,7.28,-0.12
all,Stefan Vater,PBC Freudenstadt 2 | PBC Freudenstadt 3,Bezirksliga | Landesliga,West | West 1,90,30,60,56.22,1417,1322,1512,49,22.19,-0.12
league:Bezirksliga,Tobias Lesniak,BSC St. Georgen 1,Bezirksliga,West 1,2,0,2,1.83,1417,1006,1828,210,0.79,-0.12
10-Ball,Annette Köster,PBC Langenargen 3,Bezirksliga,Ost 2,1,0,1,0.59,1416,858,1974,285,0.22,-0.12
14/1e,Asmir Sinanovic,PBC Freudenstadt 3 | PBC Freudenstadt 4,Bezirksliga,West 1,21,5,16,16.06,1416,1244,1589,88,6.29,-0.12
10-Ball,Christian Orosz,BSV Pfullingen 3,Bezirksliga,Ost 1,2,0,2,0.64,1416,861,1971,283,0.21,-0.12
9-Ball,Daniela Majer,BSC Göppingen 3,Bezirksliga | Kreisliga A,Ost 1 | Ost 2,21,7,14,11.92,1416,1217,1615,102,4.60,-0.12
league:Landesliga,Hans-Henning Schmid,PBC Langenargen 1,Landesliga,Ost,11,1,10,7.43,1416,1169,1662,126,2.59,-0.12
14/1e,Jonas Müller,PBC Offenburg 5,Bezirksliga,West 1,1,0,1,0.83,1416,863,1968,282,0.19,-0.12
9-Ball,Lucas Ruschke,BV Villingen-Schwenningen 2,Bezirksliga,West 1 | West 2,25,8,17,11.70,1416,1220,1612,100,5.11,-0.12
all,Peter Link,BSV Shooters Fellbach 2,Kreisliga A,Ost 1,2,0,2,2.00,1416,1012,1820,206,0.81,-0.12
league:Kreisliga A,Rüdiger Theis,Tübinger BC 2 | Tübinger BC 3,Kreisliga A,Ost 1 | West 2,30,9,21,20.33,1416,1258,1574,81,8.00,-0.12
league:Landesliga,Sait Pelit,BSC Göppingen 1,Landesliga,Ost,2,0,2,1.32,1416,962,1871,232,0.59,-0.12
all,Tommaso Parisi,BC Bad Schussenried 1 | BC Bad Schussenried 2 | BC Bad Schussenried 3 | BC Bad Schussenried 4,Bezirksliga | Kreisliga A,Ost 2,48,18,30,31.49,1416,1293,1539,63,14.22,-0.12
all,Werner Schmidberger,PBC Ochsenhausen 3,Kreisliga A,Ost 2,59,20,39,35.24,1416,1299,1533,60,14.37,-0.12
8-Ball,Yannik Weber,BSV Filderstadt 2 | BSV Filderstadt 3 | BSV Filderstadt 4,Bezirksliga | Kreisliga A,Ost 1,5,2,3,4.01,1416,1081,1750,171,1.22,-0.12
all,Alfred Hellrigl,BC Weingarten 1 | BC Weingarten 2,Bezirksliga | Kreisliga A,Ost 2,60,27,33,34.48,1415,1297,1533,60,14.28,-0.12
9-Ball,Jens Stintz,BSV Filderstadt 3 | BSV Filderstadt 4,Bezirksliga,Ost 1,9,1,8,5.55,1415,1137,1692,142,2.05,-0.12
8-Ball,Jeremy Eckert,PBC Offenburg 3 | PBC Offenburg 5,Bezirksliga | Landesliga,West | West 1,2,0,2,1.21,1415,915,1916,255,0.30,-0.12
all,Lucia Birsner,BSV Tiengen 3 | BSV Tiengen 4,Bezirksliga,West 1 | West 2,64,21,43,42.53,1415,1306,1523,55,17.87,-0.12
8-Ball,Melanie Henschel,PBC Offenburg 3 | PBC Offenburg 4 | PBC Offenburg 6,Bezirksliga | Landesliga,West | West 1,28,10,18,15.83,1415,1238,1592,90,6.40,-0.12
league:Landesliga,Abdulhussain Nad Ali,P&S Denzlingen 2,Landesliga,West,2,0,2,1.61,1414,966,1862,229,0.53,-0.12
14/1e,Alper Körpe,BF Bronnen 1 | PBC Ochsenhausen 2,Kreisliga A,Ost 2,7,0,7,4.21,1414,1101,1727,160,1.50,-0.12
9-Ball,Bernhard Gneiting,PBC Reutlingen 2 | PBC Reutlingen 3,Bezirksliga | Kreisliga A,Ost 1,4,0,4,2.64,1414,1042,1787,190,1.00,-0.12
9-Ball,Levend Bas,BC Weingarten 2,Kreisliga A,Ost 2,8,2,6,5.73,1414,1141,1686,139,2.20,-0.12
league:Landesliga,Lutz Jeschke,BC Weingarten 1,Landesliga,Ost,22,4,18,18.97,1414,1249,1579,84,6.16,-0.12
9-Ball,Peter Kleinhans,PBC Langenargen 2,Kreisliga A,Ost 2,2,0,2,0.65,1414,871,1956,277,0.28,-0.12
14/1e,Alexander Rommel,BSC Göppingen 3,Bezirksliga,Ost 1,1,0,1,0.69,1413,873,1952,275,0.26,-0.12
all,Franz Frauenhoffer,PBC Bad Saulgau 3,Kreisliga A,Ost 2,2,0,2,0.69,1413,879,1947,272,0.32,-0.12
all,Johannes Genter,PBC Rastatt 3,Kreisliga A,West 1,2,0,2,2.00,1413,984,1843,219,0.54,-0.12
league:Kreisliga A,Johannes Genter,PBC Rastatt 3,Kreisliga A,West 1,2,0,2,2.00,1413,984,1843,219,0.54,-0.12
league:Landesliga,Luka Antic,PBC Offenburg 3 | PBC Offenburg 4,Landesliga,West,14,3,11,10.63,1413,1201,1626,108,3.95,-0.12
8-Ball,Matthias Höfler,PBC Bräunlingen 2,Bezirksliga,West 2,6,1,5,2.15,1413,1017,1808,202,0.88,-0.12
10-Ball,Michele Campagna,BBC Plochingen 2,Bezirksliga | Kreisliga A,Ost 1,8,1,7,4.05,1413,1102,1724,159,1.66,-0.12
8-Ball,Peter Restle,BSV Pfullingen 2 | BSV Pfullingen 3 | BSV Pfullingen 4,Bezirksliga | Kreisliga A,Ost 1,20,6,14,11.91,1413,1202,1623,108,4.04,-0.12
all,Sasa Kikic,BF Bronnen 1,Kreisliga A,Ost 1 | Ost 2,17,5,12,14.96,1413,1238,1589,90,6.42,-0.12
8-Ball,Sebastian Müller,PBC Reutlingen 2 | PBC Reutlingen 3,Bezirksliga | Kreisliga A,Ost 1,24,6,18,17.10,1413,1241,1585,88,6.96,-0.12
all,Thomas Dieckmann,Tübinger BC 1,Bezirksliga,Ost 1,4,0,4,1.59,1413,954,1872,234,0.45,-0.12
all,Tobias Linnow,BSV Shooters Fellbach 3,Kreisliga A,Ost 2,1,0,1,1.00,1413,900,1926,262,0.29,-0.12
league:Kreisliga A,Tobias Linnow,BSV Shooters Fellbach 3,Kreisliga A,Ost 2,1,0,1,1.00,1413,900,1926,262,0.29,-0.12
14/1e,Werner Schmidberger,PBC Ochsenhausen 3,Kreisliga A,Ost 2,3,0,3,1.73,1413,989,1837,216,0.69,-0.12
league:Bezirksliga,Alexander Rommel,BSC Göppingen 3,Bezirksliga,Ost 1,4,1,3,2.74,1412,1047,1778,187,1.00,-0.12
all,Andreas Horn,BSG Albstadt 1 | Tübinger BC 2 | Tübinger BC 3,Bezirksliga | Kreisliga A,Ost 1 | West 1 | West 2,32,13,19,18.61,1412,1254,1570,80,7.81,-0.12
9-Ball,Bernd Ulrich,BSV Shooters Fellbach 3,Kreisliga A,Ost 2,1,0,1,1.00,1412,893,1931,265,0.27,-0.12
8-Ball,Andreas Wolf,PBC Freudenstadt 4,Bezirksliga,West 1,2,0,2,1.28,1411,950,1872,235,0.55,-0.13
14/1e,Arno Marotz,BSV Filderstadt 2 | BSV Filderstadt 3 | BSV Filderstadt 4,Bezirksliga | Landesliga,Ost | Ost 1,9,0,9,4.85,1411,1106,1716,156,1.47,-0.12
8-Ball,Bernhard Gneiting,PBC Reutlingen 2 | PBC Reutlingen 3,Bezirksliga | Kreisliga A,Ost 1,11,6,5,7.08,1411,1157,1666,130,2.57,-0.12
all,Bruno Schuon,BSV Pfullingen 2 | BSV Pfullingen 3 | BSV Pfullingen 4,Bezirksliga | Kreisliga A,Ost 1,62,11,51,38.07,1411,1295,1528,59,13.06,-0.12
league:Kreisliga A,Dieter Krause,BBC Plochingen 2,Kreisliga A,Ost 1,12,3,9,8.82,1411,1179,1642,118,3.26,-0.13
9-Ball,Maximilian Theis,PBC Reutlingen 2,Kreisliga A,Ost 1,4,1,3,1.37,1411,962,1860,229,0.64,-0.13
8-Ball,Michael Sdrzallek,BSV Filderstadt 4,Kreisliga A,Ost 1,2,0,2,1.72,1411,937,1884,241,0.36,-0.13
10-Ball,Sebastian  Dettling,PBC Bad Saulgau 2 | PBC Bad Saulgau 3,Bezirksliga | Kreisliga A,Ost 2,5,1,4,3.62,1411,1086,1735,165,1.55,-0.13
14/1e,Serkan Candir,BSV Filderstadt 4 | BSV Filderstadt 5 | BSV Filderstadt 6,Kreisliga A,Ost 1,8,0,8,4.22,1411,1103,1719,157,1.62,-0.13
10-Ball,Sonja Bieser,PBC Offenburg 3 | PBC Offenburg 5,Bezirksliga | Landesliga,West | West 1,9,1,8,3.99,1411,1085,1737,166,1.42,-0.13
9-Ball,Achim Stoll,BSV Filderstadt 4 | BSV Filderstadt 5 | BSV Filderstadt 6,Kreisliga A,Ost 1,16,5,11,10.17,1410,1201,1619,107,4.21,-0.13
10-Ball,Dirk Bastian,BSV Filderstadt 3,Bezirksliga,Ost 1,8,1,7,6.93,1410,1147,1672,134,2.22,-0.13
9-Ball,Mark Mende,BSV Pfullingen 2 | BSV Pfullingen 3 | BSV Pfullingen 4,Bezirksliga | Kreisliga A,Ost 1,16,1,15,7.70,1410,1166,1654,124,2.69,-0.13
league:Bezirksliga,Mirsad Coric,P&S Denzlingen 3,Bezirksliga,West 1,22,8,14,14.74,1410,1229,1591,92,6.16,-0.13
all,Mohammad Jiroudi,PBC Bräunlingen 2,Bezirksliga | Landesliga,West | West 1,12,2,10,7.46,1410,1161,1659,127,2.56,-0.13
14/1e,Rico Horst,PBC Bad Saulgau 3,Kreisliga A,Ost 2,3,0,3,1.10,1410,916,1903,252,0.36,-0.13
all,Sebastian Müller,PBC Reutlingen 2 | PBC Reutlingen 3,Bezirksliga | Kreisliga A,Ost 1,60,14,46,41.16,1410,1299,1522,57,16.43,-0.13
all,Asim Ramakic,BULL Leonberg-Höfingen 1,Landesliga,Ost,2,0,2,2.00,1409,1000,1819,209,0.71,-0.13
league:Landesliga,Asim Ramakic,BULL Leonberg-Höfingen 1,Landesliga,Ost,2,0,2,2.00,1409,1000,1819,209,0.71,-0.13
9-Ball,Axel Isenmann,PBC Offenburg 3 | PBC Offenburg 4 | PBC Offenburg 5,Bezirksliga | Landesliga,West | West 1,5,1,4,2.94,1409,1044,1773,186,1.00,-0.13
10-Ball,Marko Stapel,BV Villingen-Schwenningen 2,Bezirksliga,West 1 | West 2,20,6,14,11.08,1409,1206,1611,103,4.46,-0.13
league:Landesliga,Matthias Höfler,PBC Bräunlingen 2,Landesliga,West,4,0,4,2.13,1409,1016,1802,201,0.98,-0.13
all,Mohammed Alhila,PBC Reutlingen 3,Kreisliga A,Ost 1,13,7,6,7.05,1409,1162,1656,126,3.37,-0.13
all,Patrick Haudek,PBV Rottweil 2,Bezirksliga,West 2,4,0,4,1.28,1409,943,1876,238,0.58,-0.13
8-Ball,Seong-Jin Kim,BSV Tiengen 3,Bezirksliga,West 1,3,0,3,1.59,1409,952,1866,233,0.45,-0.13
10-Ball,Thomas Hetzel,PBC Sand 2,Bezirksliga,West 1,2,0,2,0.69,1409,864,1954,278,0.24,-0.13
10-Ball,Andreas Wolf,PBC Freudenstadt 2,Landesliga,West,1,0,1,0.41,1408,807,2008,306,0.13,-0.13
8-Ball,Bernhard Back,PBC Offenburg 3 | PBC Offenburg 4,Bezirksliga | Landesliga,West | West 1,7,1,6,4.11,1408,1090,1727,163,1.55,-0.13
8-Ball,Jagaganmohan Reddy,BC Weingarten 2,Kreisliga A,Ost 2,1,0,1,0.79,1408,875,1940,272,0.26,-0.13
10-Ball,Melanie Kiefer,PBC Offenburg 3 | PBC Offenburg 5,Bezirksliga | Landesliga,West | West 1,5,0,5,2.25,1408,1012,1804,202,0.78,-0.13
10-Ball,Rüdiger Theis,Tübinger BC 1 | Tübinger BC 2,Bezirksliga | Kreisliga A,Ost 1,14,3,11,8.87,1408,1176,1640,118,3.05,-0.13
14/1e,Alfred Hellrigl,BC Weingarten 2,Kreisliga A,Ost 2,3,0,3,2.34,1407,1016,1799,200,0.79,-0.13
league:Kreisliga A,Andreas Looser,PBC Langenargen 2 | PBC Langenargen 3,Kreisliga A,Ost 2,21,6,15,7.99,1407,1165,1650,124,2.99,-0.13
league:Landesliga,Asmir Sinanovic,PBC Freudenstadt 2,Landesliga,West,1,0,1,1.00,1407,884,1930,267,0.26,-0.13
10-Ball,Celal Bulut,BV Markdorf 2,Bezirksliga,Ost 2,4,0,4,1.28,1407,930,1883,243,0.42,-0.13
8-Ball,Dirk Dufner,P&S Denzlingen 3,Landesliga,West,6,0,6,5.16,1407,1105,1709,154,1.53,-0.13
league:Bezirksliga,Idris Abanuzoglu,BSC Göppingen 3,Bezirksliga,Ost 1,4,0,4,2.58,1407,1016,1799,200,0.75,-0.13
all,Lulzim Ramliku,P&S Denzlingen 3 | P&S Denzlingen 4,Bezirksliga,West 1,26,8,18,17.75,1407,1239,1575,86,6.54,-0.13
all,Mark Szinger,BV Villingen-Schwenningen 2,Bezirksliga,West 1,57,17,40,42.57,1407,1299,1514,55,17.60,-0.13
all,Anan Zaity,BV Villingen-Schwenningen 2,Bezirksliga,West 2,23,6,17,8.33,1406,1174,1637,118,3.14,-0.13
10-Ball,Bruno Schuon,BSV Pfullingen 2 | BSV Pfullingen 3 | BSV Pfullingen 4,Bezirksliga | Kreisliga A,Ost 1,14,2,12,7.65,1406,1159,1653,126,2.57,-0.13
9-Ball,Dirk Bastian,BSV Filderstadt 3,Bezirksliga,Ost 1,8,1,7,6.90,1406,1149,1664,131,2.42,-0.13
10-Ball,Karsten Mieskes,BC Bad Schussenried 3,Bezirksliga | Kreisliga A,Ost 2,2,0,2,1.52,1406,953,1858,231,0.57,-0.13
league:Landesliga,Klaus Hirthe,PBC Ochsenhausen 1,Landesliga,Ost,2,0,2,1.06,1406,913,1899,252,0.38,-0.13
10-Ball,Luka Antic,PBC Offenburg 3 | PBC Offenburg 4 | PBC Offenburg 5,Bezirksliga | Landesliga,West | West 1,10,2,8,6.93,1406,1153,1659,129,2.62,-0.13
9-Ball,Marco Weise,BSV Konstanz 1,Landesliga,Ost,5,1,4,1.61,1406,951,1861,232,0.47,-0.13
league:Kreisliga A,Simon Koch,BSV Filderstadt 5,Kreisliga A,Ost 1,13,3,10,5.45,1406,1130,1681,141,2.19,-0.13
league:Landesliga,Thomas Stöckel,PBC Offenburg 2,Landesliga,West,26,7,19,22.48,1406,1260,1552,74,8.96,-0.13
league:Bezirksliga,Kathrin Karwath,PBC Reutlingen 2 | PBC Reutlingen 3,Bezirksliga,Ost 1,33,7,26,26.20,1405,1265,1545,71,9.12,-0.13
8-Ball,Ludwig Sandrik,PBV Rottweil 2,Bezirksliga,West 2,4,1,3,1.31,1405,939,1870,238,0.60,-0.13
9-Ball,Lulzim Ramliku,P&S Denzlingen 3,Bezirksliga,West 1,3,2,1,1.92,1405,993,1817,210,0.89,-0.13
10-Ball,Tajana Dürr-Smokovic,BSC Göppingen 3,Bezirksliga,Ost 1,2,1,1,1.40,1405,950,1859,232,0.53,-0.13
league:Bezirksliga,Thomas Dieckmann,Tübinger BC 1,Bezirksliga,Ost 1,4,0,4,1.59,1405,947,1863,234,0.46,-0.13
10-Ball,Walter Riebeling,PBC Sand 2,Bezirksliga,West 1,3,0,3,1.09,1405,920,1889,247,0.44,-0.13
14/1e,Andreas Looser,PBC Langenargen 1 | PBC Langenargen 2 | PBC Langenargen 3,Bezirksliga | Kreisliga A,Ost 2,12,1,11,6.75,1404,1137,1671,136,2.08,-0.13
10-Ball,Daniela Heide,PBC Offenburg 6,Bezirksliga,West 1,2,0,2,1.75,1404,964,1844,224,0.53,-0.13
all,Daniela Majer,BSC Göppingen 2 | BSC Göppingen 3,Bezirksliga | Kreisliga A,Ost 1 | Ost 2,67,19,48,40.20,1404,1291,1517,58,15.22,-0.13
league:Landesliga,Emir Musinovic,BSV Konstanz 1,Landesliga,Ost,2,0,2,0.64,1404,847,1961,284,0.22,-0.13
8-Ball,Frank Reichert,PBC Freudenstadt 3 | PBC Freudenstadt 4,Bezirksliga,West 1,4,1,3,2.51,1404,1013,1795,199,0.77,-0.13
league:Landesliga,Joey Isenmann,PBC Offenburg 3,Landesliga,West,2,0,2,0.87,1404,853,1956,281,0.19,-0.13
all,Luka Antic,PBC Offenburg 3 | PBC Offenburg 4 | PBC Offenburg 5,Bezirksliga | Landesliga,West | West 1,38,8,30,28.36,1404,1269,1538,69,10.46,-0.13
10-Ball,Michael Sdrzallek,BSV Filderstadt 4,Kreisliga A,Ost 1,5,1,4,4.31,1404,1088,1719,161,1.38,-0.14
all,Mirsad Coric,P&S Denzlingen 2 | P&S Denzlingen 3,Bezirksliga | Landesliga,West | West 1,47,11,36,36.35,1404,1284,1524,61,13.18,-0.14
14/1e,Sebastian Czaja,BSV Filderstadt 6 | PBC Reutlingen 2 | PBC Reutlingen 3,Kreisliga A,Ost 1 | West 2,3,0,3,1.78,1404,976,1831,218,0.62,-0.14
9-Ball,Thomas Schöpfer,Tübinger BC 1,Bezirksliga | Landesliga,Ost | Ost 1,6,1,5,2.83,1404,1029,1780,192,0.92,-0.13
14/1e,Andreas Kunellis,PBC Reutlingen 2,Kreisliga A,Ost 1,2,0,2,0.77,1403,851,1956,282,0.20,-0.14
8-Ball,Benjamin Heck,BSG Albstadt 1 | PBC Bad Saulgau 2,Bezirksliga | Kreisliga A,Ost 2 | West 1 | West 2,12,2,10,5.57,1403,1116,1690,147,1.89,-0.14
league:Bezirksliga,Bruno Schuon,BSV Pfullingen 2 | BSV Pfullingen 3 | BSV Pfullingen 4,Bezirksliga,Ost 1,50,8,42,27.71,1403,1266,1541,70,9.17,-0.14
8-Ball,Daniela Majer,BSC Göppingen 2 | BSC Göppingen 3,Bezirksliga | Kreisliga A,Ost 1,19,5,14,11.47,1403,1192,1614,108,4.13,-0.14
league:Landesliga,Johannes Müller,P&S Denzlingen 3,Landesliga,West,20,1,19,17.27,1403,1235,1571,86,6.14,-0.14
9-Ball,Kay Maier,PBC Langenargen 4,Kreisliga A,Ost 2,13,1,12,7.13,1403,1153,1652,127,2.64,-0.14
all,Kurt Ljokaj,PBC Ochsenhausen 2,Kreisliga A,Ost 2,67,23,44,46.02,1403,1301,1505,52,19.97,-0.14
league:Kreisliga A,Levend Bas,BC Weingarten 2,Kreisliga A,Ost 2,22,6,16,16.12,1403,1230,1577,88,5.82,-0.14
14/1e,Marcin Rossa,BSV Pfullingen 5,Kreisliga A,Ost 1,3,0,3,1.68,1403,976,1830,218,0.70,-0.14
all,Matthias Höfler,PBC Bräunlingen 2,Bezirksliga | Landesliga,West | West 2,17,3,14,6.78,1403,1152,1654,128,2.80,-0.14
8-Ball,Michael Bauer,PBV Rottweil 2,Bezirksliga,West 2,6,1,5,2.06,1403,993,1812,209,0.72,-0.14
9-Ball,Patricia Kaffesi,PBC Freudenstadt 4,Bezirksliga,West 1,2,0,2,1.26,1403,933,1873,240,0.47,-0.14
all,Rainer Glück,BSV Filderstadt 3,Kreisliga A,Ost 1,2,0,2,2.00,1403,1003,1804,204,0.88,-0.14
14/1e,Sebastian Mayer,BSV Filderstadt 2 | BSV Filderstadt 3 | BSV Filderstadt 4,Bezirksliga,Ost 1,10,1,9,7.50,1403,1151,1655,129,2.40,-0.14
8-Ball,Tobias Abt,BC Bad Schussenried 2 | BC Bad Schussenried 4 | BC Bad Schussenried 5 | PBC Bad Saulgau 2 | PBC Bad Saulgau 3,Bezirksliga | Kreisliga A,Ost 2,14,4,10,8.37,1403,1167,1639,120,3.13,-0.14
all,Wolfgang Krüger,PF Calw 1,Bezirksliga,West 2,2,0,2,2.00,1403,981,1824,215,0.60,-0.14
league:Bezirksliga,Wolfgang Krüger,PF Calw 1,Bezirksliga,West 2,2,0,2,2.00,1403,981,1824,215,0.60,-0.14
all,Axel Isenmann,PBC Offenburg 3 | PBC Offenburg 4 | PBC Offenburg 5,Bezirksliga | Landesliga,West | West 1,36,7,29,25.42,1402,1259,1546,73,9.10,-0.14
league:Landesliga,Axel Isenmann,PBC Offenburg 3 | PBC Offenburg 4,Landesliga,West,6,0,6,3.26,1402,1016,1787,197,0.71,-0.14
league:Landesliga,Bernd Feierabend,P&S Denzlingen 1 | P&S Denzlingen 2 | P&S Denzlingen 3,Landesliga,West,39,7,32,29.64,1402,1271,1533,67,10.35,-0.14
league:Landesliga,Bernd Messing,PBC Offenburg 3 | PBC Offenburg 4,Landesliga,West,25,5,20,13.36,1402,1211,1593,97,4.68,-0.14
9-Ball,Bruno Schuon,BSV Pfullingen 2 | BSV Pfullingen 3 | BSV Pfullingen 4,Bezirksliga | Kreisliga A,Ost 1,21,2,19,13.78,1402,1213,1591,96,4.73,-0.14
league:Bezirksliga,Jan Simon,BV Villingen-Schwenningen 2,Bezirksliga,West 1 | West 2,5,0,5,2.31,1402,1001,1803,205,0.71,-0.14
14/1e,Kay Maier,PBC Langenargen 4,Kreisliga A,Ost 2,1,0,1,0.52,1402,818,1986,298,0.15,-0.14
all,Ludwig Sandrik,PBV Rottweil 2,Bezirksliga,West 2,10,3,7,3.32,1402,1064,1739,172,1.51,-0.14
10-Ball,Mohammed Alhila,PBC Reutlingen 3,Kreisliga A,Ost 1,7,3,4,3.80,1402,1080,1725,165,1.60,-0.14
league:Bezirksliga,Sebastian Müller,PBC Reutlingen 3,Bezirksliga,Ost 1,28,2,26,24.13,1402,1256,1547,74,8.16,-0.14
9-Ball,Simon Koch,BSV Filderstadt 5,Kreisliga A,Ost 1,5,1,4,2.10,1402,1007,1798,202,0.95,-0.14
league:Landesliga,Achim Stoll,BSV Filderstadt 4,Landesliga,Ost,2,0,2,0.81,1401,863,1938,274,0.25,-0.14
league:Bezirksliga,Alfred Hellrigl,BC Weingarten 1,Bezirksliga,Ost 2,7,2,5,3.63,1401,1072,1731,168,1.50,-0.14
league:Bezirksliga,Anita Massow,BSV Tiengen 3,Bezirksliga,West 2,5,0,5,1.61,1401,950,1851,230,0.51,-0.14
league:Landesliga,Arno Marotz,BSV Filderstadt 3 | BSV Filderstadt 4,Landesliga,Ost,39,8,31,19.02,1401,1239,1563,83,6.48,-0.14
all,Charalampos Antonogiorgakis,BULL Leonberg-Höfingen 3,Kreisliga A,Ost 2,2,0,2,2.00,1401,955,1848,228,0.52,-0.14
league:Kreisliga A,Charalampos Antonogiorgakis,BULL Leonberg-Höfingen 3,Kreisliga A,Ost 2,2,0,2,2.00,1401,955,1848,228,0.52,-0.14
league:Bezirksliga,Dominik Mogel,PBC Bräunlingen 2,Bezirksliga,West 1,28,7,21,21.12,1401,1246,1556,79,7.68,-0.14
league:Bezirksliga,Frank Reichert,PBC Freudenstadt 3 | PBC Freudenstadt 4,Bezirksliga,West 1,23,5,18,15.25,1401,1220,1582,93,5.34,-0.14
9-Ball,Mirsad Coric,P&S Denzlingen 3,Bezirksliga | Landesliga,West | West 1,18,3,15,13.86,1401,1214,1587,95,5.06,-0.14
14/1e,Sebastian  Dettling,PBC Bad Saulgau 2 | PBC Bad Saulgau 3,Bezirksliga | Kreisliga A,Ost 2,10,0,10,7.78,1401,1160,1643,123,2.75,-0.14
league:Landesliga,Vincenzo Murano,BSC Göppingen 1,Landesliga,Ost,4,0,4,1.30,1401,921,1881,245,0.39,-0.14
all,Alexander Gaffal,TV Cannstatt 4,Bezirksliga,Ost 1,2,0,2,2.00,1400,959,1841,225,0.48,-0.14
league:Bezirksliga,Alexander Gaffal,TV Cannstatt 4,Bezirksliga,Ost 1,2,0,2,2.00,1400,959,1841,225,0.48,-0.14
9-Ball,Annette Köster,PBC Langenargen 3,Bezirksliga | Kreisliga A,Ost 2,6,2,4,3.05,1400,1045,1756,181,1.06,-0.14
14/1e,Daniela Majer,BSC Göppingen 3,Bezirksliga | Kreisliga A,Ost 1,10,0,10,5.93,1400,1127,1673,139,2.07,-0.14
8-Ball,Patrick Wilczek,BC Bad Schussenried 2 | BC Bad Schussenried 3 | BC Bad Schussenried 5,Kreisliga A,Ost 2,18,6,12,13.08,1400,1206,1594,99,5.36,-0.14
all,Mark Mende,BSV Pfullingen 2 | BSV Pfullingen 3 | BSV Pfullingen 4,Bezirksliga | Kreisliga A,Ost 1,37,5,32,18.35,1399,1233,1566,85,6.04,-0.14
league:Bezirksliga,Mark Mende,BSV Pfullingen 2 | BSV Pfullingen 3 | BSV Pfullingen 4,Bezirksliga,Ost 1,35,5,30,16.53,1399,1224,1574,89,5.41,-0.14
all,Marko Stapel,BV Villingen-Schwenningen 2,Bezirksliga,West 1 | West 2,60,16,44,30.97,1399,1274,1523,64,12.64,-0.14
8-Ball,Michael Funk,BSV Pfullingen 3,Bezirksliga,Ost 1,4,0,4,1.29,1399,929,1869,240,0.46,-0.14
9-Ball,Minh Tien Vo,Tübinger BC 1,Bezirksliga,Ost 1,4,0,4,2.09,1399,991,1808,208,0.83,-0.14
league:Landesliga,Mirjan Hidri,PBC Freudenstadt 2,Landesliga,West,4,1,3,3.38,1399,1044,1755,181,1.01,-0.14
all,Rainer Beck,PBC Langenargen 2 | PBC Langenargen 3,Bezirksliga | Kreisliga A,Ost 2,61,20,41,33.16,1399,1275,1522,63,11.97,-0.14
all,Samir Javor,BC Bad Schussenried 2 | BC Bad Schussenried 3,Bezirksliga | Kreisliga A,Ost 2,14,3,11,9.38,1399,1177,1620,113,3.65,-0.14
all,Sascha Jungwirth,BSC Lions Bietigheim 2,Kreisliga A,West 1,2,0,2,2.00,1399,956,1841,226,0.48,-0.14
league:Kreisliga A,Sascha Jungwirth,BSC Lions Bietigheim 2,Kreisliga A,West 1,2,0,2,2.00,1399,956,1841,226,0.48,-0.14
all,Serkan Candir,BSV Filderstadt 3 | BSV Filderstadt 4 | BSV Filderstadt 5 | BSV Filderstadt 6,Bezirksliga | Kreisliga A,Ost 1,48,15,33,23.65,1399,1255,1542,73,9.83,-0.14
all,Siegfried Brockmann,BC Bad Schussenried 2 | BC Bad Schussenried 3 | BC Bad Schussenried 4,Kreisliga A,Ost 2,45,14,31,31.14,1399,1275,1524,64,12.92,-0.14
all,Sylvia Gurnig,BV Markdorf 3,Bezirksliga | Kreisliga A,Ost 2,54,15,39,36.09,1399,1281,1518,60,13.11,-0.14
all,Thomas Schöpfer,Tübinger BC 1 | Tübinger BC 2,Bezirksliga | Kreisliga A | Landesliga,Ost | Ost 1,20,4,16,8.69,1399,1155,1643,125,2.62,-0.14
9-Ball,Andreas Wolf,PBC Freudenstadt 2 | PBC Freudenstadt 3 | PBC Freudenstadt 4,Bezirksliga | Landesliga,West | West 1,3,0,3,1.46,1398,946,1850,231,0.54,-0.14
10-Ball,Frank Reichert,PBC Freudenstadt 4,Bezirksliga,West 1,4,0,4,2.60,1398,1021,1774,192,1.00,-0.14
all,Gerhard Gryschka,BV Pforzheim 3,Bezirksliga,West 1,2,0,2,2.00,1398,961,1835,223,0.51,-0.14
league:Bezirksliga,Gerhard Gryschka,BV Pforzheim 3,Bezirksliga,West 1,2,0,2,2.00,1398,961,1835,223,0.51,-0.14
10-Ball,Thomas Dieckmann,Tübinger BC 1,Bezirksliga,Ost 1,2,0,2,0.80,1398,847,1948,281,0.21,-0.14
league:Kreisliga A,Virginia Eisen,PBC Reutlingen 2,Kreisliga A,Ost 1,2,0,2,0.71,1398,855,1941,277,0.25,-0.14
10-Ball,Achim Stoll,BSV Filderstadt 4 | BSV Filderstadt 5 | BSV Filderstadt 6,Kreisliga A,Ost 1,16,7,9,8.81,1397,1172,1622,115,3.50,-0.14
league:Bezirksliga,Domenik Dreibach,PBC Bräunlingen 2,Bezirksliga,West 1,21,5,16,16.29,1397,1222,1572,89,6.49,-0.14
league:Bezirksliga,Hannes Reißner,Tübinger BC 1 | Tübinger BC 2,Bezirksliga,Ost 1,4,1,3,2.45,1397,1022,1772,191,1.07,-0.14
9-Ball,Marcin Rossa,BSV Pfullingen 5,Kreisliga A,Ost 1,2,1,1,1.05,1397,910,1885,249,0.52,-0.14
14/1e,Mark Mende,BSV Pfullingen 2 | BSV Pfullingen 3 | BSV Pfullingen 4,Bezirksliga,Ost 1,6,0,6,3.47,1397,1055,1740,175,1.13,-0.14
all,Michele Campagna,BBC Plochingen 2,Bezirksliga | Kreisliga A,Ost 1,69,7,62,43.69,1397,1285,1508,57,13.99,-0.14
14/1e,Mustafa Ilkaya,BF Bronnen 1,Kreisliga A,Ost 2,1,0,1,0.84,1397,874,1919,266,0.31,-0.14
10-Ball,Siegfried Brockmann,BC Bad Schussenried 3 | BC Bad Schussenried 4,Kreisliga A,Ost 2,17,6,11,12.11,1397,1202,1591,99,5.26,-0.14
9-Ball,Thorgen Brett,Tübinger BC 1 | Tübinger BC 2,Bezirksliga,Ost 1,10,0,10,5.39,1397,1114,1680,144,1.96,-0.14
10-Ball,Tobias Banzhaf,BSC Göppingen 2,Bezirksliga,Ost 1,6,1,5,2.72,1397,1015,1779,195,0.83,-0.14
8-Ball,Walter Riebeling,PBC Sand 2,Bezirksliga,West 1,12,3,9,4.65,1397,1102,1692,151,1.93,-0.14
all,Walter Riebeling,PBC Sand 2,Bezirksliga,West 1,23,5,18,8.95,1397,1174,1620,114,3.47,-0.14
league:Landesliga,Alen Mulaosmanovic,PBC Offenburg 3 | PBC Offenburg 4,Landesliga,West,18,4,14,12.61,1396,1200,1592,100,4.43,-0.15
league:Bezirksliga,Andreas Wolf,PBC Freudenstadt 3 | PBC Freudenstadt 4,Bezirksliga,West 1,6,0,6,3.38,1396,1060,1732,171,1.35,-0.15
8-Ball,Klaus Friedrich,P&S Denzlingen 1 | P&S Denzlingen 2,Bezirksliga | Landesliga,West | West 1,5,0,5,2.25,1396,983,1808,211,0.65,-0.15
14/1e,Achim Stoll,BSV Filderstadt 4 | BSV Filderstadt 5,Kreisliga A | Landesliga,Ost | Ost 1,5,1,4,2.79,1395,1026,1764,188,1.07,-0.15
9-Ball,Andreas Horn,BSG Albstadt 1 | Tübinger BC 2,Bezirksliga | Kreisliga A,Ost 1 | West 1,3,1,2,1.93,1395,979,1811,212,0.71,-0.15
10-Ball,Egon Raach,BSG Albstadt 1,Bezirksliga,West 2,1,0,1,0.43,1395,798,1993,305,0.15,-0.15
9-Ball,Ilyas Fölker,PBC Bad Saulgau 3,Kreisliga A,Ost 2,1,0,1,0.63,1395,840,1950,283,0.24,-0.15
10-Ball,Izet Nokic,BF Bronnen 1,Kreisliga A,Ost 2,2,0,2,1.63,1395,955,1836,225,0.65,-0.15
9-Ball,Rainer Beck,PBC Langenargen 2 | PBC Langenargen 3,Bezirksliga | Kreisliga A,Ost 2,24,5,19,13.99,1395,1207,1582,96,4.67,-0.15
league:Bezirksliga,Rudolf Weiß,PBC Bad Saulgau 2,Bezirksliga,Ost 2,24,7,17,16.46,1395,1223,1568,88,6.31,-0.15
all,Thorgen Brett,Tübinger BC 1 | Tübinger BC 2,Bezirksliga,Ost 1,18,2,16,9.80,1395,1171,1618,114,3.26,-0.15
all,Bernd Ulrich,BSV Shooters Fellbach 3,Kreisliga A,Ost 2,2,0,2,2.00,1394,948,1841,228,0.46,-0.15
league:Kreisliga A,Bernd Ulrich,BSV Shooters Fellbach 3,Kreisliga A,Ost 2,2,0,2,2.00,1394,948,1841,228,0.46,-0.15
9-Ball,Jan Simon,BV Villingen-Schwenningen 2,Bezirksliga,West 1,1,0,1,0.51,1394,820,1969,293,0.21,-0.15
league:Bezirksliga,Michael Leupolz,BC Weingarten 1,Bezirksliga,Ost 2,1,0,1,0.57,1394,808,1981,299,0.15,-0.15
14/1e,Michele Campagna,BBC Plochingen 2,Bezirksliga | Kreisliga A,Ost 1,33,1,32,21.45,1394,1238,1550,79,6.80,-0.15
8-Ball,Rico Horst,PBC Bad Saulgau 3,Kreisliga A,Ost 2,3,0,3,1.13,1394,908,1881,248,0.42,-0.15
league:Bezirksliga,Roland Kirchmaier,BC Weingarten 1,Bezirksliga,Ost 2,3,1,2,1.61,1394,951,1837,226,0.61,-0.15
9-Ball,Bernd Feierabend,P&S Denzlingen 2,Bezirksliga | Landesliga,West | West 1 | West 2,9,0,9,5.53,1393,1109,1677,145,1.82,-0.15
league:Landesliga,Dirk Dufner,P&S Denzlingen 3,Landesliga,West,16,1,15,13.75,1393,1201,1585,98,4.49,-0.15
8-Ball,Emin Kajkus,BSV Filderstadt 5,Kreisliga A,Ost 1,1,0,1,0.52,1393,804,1981,300,0.15,-0.15
league:Bezirksliga,Serkan Candir,BSV Filderstadt 3,Bezirksliga,Ost 1,4,1,3,2.69,1393,1020,1766,190,0.93,-0.15
all,Tajana Dürr-Smokovic,BSC Göppingen 3,Bezirksliga,Ost 1,9,2,7,6.20,1393,1121,1666,139,2.00,-0.15
all,Thomas Hetzel,PBC Sand 2,Bezirksliga,West 1,24,4,20,9.33,1393,1170,1616,114,3.33,-0.15
all,Alexander Rommel,BSC Göppingen 2 | BSC Göppingen 3,Bezirksliga | Kreisliga A,Ost 1,15,5,10,7.81,1392,1152,1631,122,3.37,-0.15
all,Artur Maximow,BF Bronnen 1,Kreisliga A,Ost 2,12,4,8,10.38,1392,1180,1604,108,4.03,-0.15
all,Dario Borkovic,PBC Rastatt 2,Bezirksliga,West 1,2,0,2,2.00,1392,925,1860,239,0.37,-0.15
league:Bezirksliga,Dario Borkovic,PBC Rastatt 2,Bezirksliga,West 1,2,0,2,2.00,1392,925,1860,239,0.37,-0.15
league:Kreisliga A,Jörg Lingl,PBC Ochsenhausen 3,Kreisliga A,Ost 2,13,4,9,7.54,1392,1148,1637,125,3.15,-0.15
league:Landesliga,Klaus Friedrich,P&S Denzlingen 1 | P&S Denzlingen 2,Landesliga,West,18,3,15,8.01,1392,1149,1636,124,2.57,-0.15
league:Landesliga,Levend Bas,BC Weingarten 1,Landesliga,Ost,2,0,2,1.77,1392,928,1855,236,0.41,-0.15
10-Ball,Michael Maihöfer,Tübinger BC 2 | Tübinger BC 3,Kreisliga A,Ost 1,6,2,4,4.86,1392,1089,1696,155,1.72,-0.15
14/1e,Patricia Kaffesi,PBC Freudenstadt 4,Bezirksliga,West 1,5,0,5,3.39,1392,1049,1735,175,1.17,-0.15
all,Tobias Lesniak,BSC St. Georgen 1,Bezirksliga,West 1,2,0,2,1.83,1392,979,1805,211,0.83,-0.15
8-Ball,Uwe Jansen,Tübinger BC 3,Kreisliga A,Ost 1,2,0,2,1.70,1392,965,1820,218,0.67,-0.15
10-Ball,Andreas Dirlewanger,PBC Bad Saulgau 3,Kreisliga A,Ost 2,5,1,4,3.19,1391,1036,1746,181,1.10,-0.15
league:Bezirksliga,Bernhard Gneiting,PBC Reutlingen 3,Bezirksliga,Ost 1,13,1,12,11.10,1391,1172,1611,112,3.05,-0.15
10-Ball,Fabian Hergesell,P&S Denzlingen 4,Bezirksliga,West 1,9,3,6,7.78,1391,1150,1633,123,3.63,-0.15
league:Kreisliga A,Ilyas Fölker,PBC Bad Saulgau 3,Kreisliga A,Ost 2,2,1,1,1.26,1391,929,1854,236,0.64,-0.15
8-Ball,Izet Nokic,BF Bronnen 1,Kreisliga A,Ost 1 | Ost 2,7,2,5,6.18,1391,1125,1657,136,2.71,-0.15
league:Landesliga,Karl-Heinz Krause,PBC Offenburg 3,Landesliga,West,28,3,25,15.26,1391,1211,1571,92,5.16,-0.15
league:Bezirksliga,Lucas Ruschke,BV Villingen-Schwenningen 2,Bezirksliga,West 1 | West 2,67,16,51,31.28,1391,1263,1519,65,11.26,-0.15
league:Bezirksliga,Martin Gießler,PBC Offenburg 6,Bezirksliga,West 1,4,0,4,3.56,1391,1049,1733,174,1.12,-0.15
all,Martin Trippel,PBC Langenargen 2 | PBC Langenargen 3 | PBC Langenargen 4,Bezirksliga | Kreisliga A,Ost 2,66,17,49,30.79,1391,1262,1520,66,11.24,-0.15
10-Ball,Sebastian Czaja,BSV Filderstadt 6 | PBC Reutlingen 2,Kreisliga A,Ost 1,2,0,2,0.76,1391,835,1946,283,0.21,-0.15
9-Ball,Stephan Reber,PBC Freudenstadt 3,Bezirksliga,West 1,2,0,2,0.67,1391,845,1937,279,0.27,-0.15
10-Ball,Ahmet Bumin,PBC Bad Saulgau 2 | PBC Bad Saulgau 3,Bezirksliga | Kreisliga A,Ost 2,7,3,4,4.04,1390,1076,1705,161,1.71,-0.15
all,Fabian Schaber,PBC Langenargen 3,Bezirksliga,Ost 2,14,2,12,7.75,1390,1145,1634,125,2.81,-0.15
10-Ball,Jochen Geiß,PBC Ochsenhausen 2 | PBC Ochsenhausen 3,Kreisliga A,Ost 2,9,4,5,5.34,1390,1105,1676,146,2.11,-0.15
league:Landesliga,Jörg Wolf,BC Dreiländereck 2 | PBC Offenburg 4,Landesliga,West,39,6,33,18.95,1390,1226,1554,84,6.19,-0.15
league:Landesliga,Mirsad Coric,P&S Denzlingen 2 | P&S Denzlingen 3,Landesliga,West,25,3,22,21.61,1390,1236,1544,79,7.17,-0.15
league:Bezirksliga,Thorgen Brett,Tübinger BC 1 | Tübinger BC 2,Bezirksliga,Ost 1,18,2,16,9.80,1390,1166,1613,114,3.27,-0.15
league:Landesliga,Klaus Mutenzer,BC Blaustein 1,Landesliga,Ost,2,0,2,1.38,1389,927,1850,236,0.50,-0.16
8-Ball,Kurt Ljokaj,PBC Ochsenhausen 2,Kreisliga A,Ost 2,9,1,8,5.01,1389,1095,1684,150,1.87,-0.15
all,Raphael Müller,BC Sindelfingen 5,Bezirksliga,West 1,2,1,1,2.00,1389,968,1810,215,0.69,-0.15
league:Bezirksliga,Raphael Müller,BC Sindelfingen 5,Bezirksliga,West 1,2,1,1,2.00,1389,968,1810,215,0.69,-0.15
league:Kreisliga A,Roland Kirchmaier,BC Weingarten 2,Kreisliga A,Ost 2,25,9,16,18.96,1389,1229,1549,82,7.06,-0.15
all,Stephan Reber,PBC Freudenstadt 3,Bezirksliga,West 1,6,0,6,1.97,1389,973,1804,212,0.74,-0.15
all,Anita Massow,BSV Tiengen 3,Bezirksliga,West 2,5,0,5,1.61,1388,938,1839,230,0.53,-0.16
9-Ball,Dieter Krause,BBC Plochingen 2,Bezirksliga | Kreisliga A,Ost 1,7,1,6,4.75,1388,1087,1689,153,1.71,-0.16
14/1e,Dominik Mogel,PBC Bräunlingen 2,Bezirksliga,West 1,8,1,7,6.03,1388,1115,1660,139,2.23,-0.16
14/1e,Frank Reichert,PBC Freudenstadt 4,Bezirksliga,West 1,8,1,7,5.35,1388,1099,1676,147,1.81,-0.16
14/1e,Hoai Tu Anh Nguyen,PBC Offenburg 5,Bezirksliga,West 1,7,0,7,6.01,1388,1112,1664,141,1.99,-0.16
10-Ball,Ismail Hileh,PBC Reutlingen 3,Kreisliga A,Ost 1,5,1,4,2.71,1388,998,1778,199,0.83,-0.16
8-Ball,Klaus Hirthe,PBC Ochsenhausen 1 | PBC Ochsenhausen 2 | PBC Ochsenhausen 3,Kreisliga A | Landesliga,Ost | Ost 2,6,0,6,2.84,1388,1014,1761,191,1.05,-0.16
all,Klaus Hirthe,PBC Ochsenhausen 1 | PBC Ochsenhausen 2 | PBC Ochsenhausen 3,Kreisliga A | Landesliga,Ost | Ost 2,12,1,11,5.67,1388,1108,1668,143,2.08,-0.16
10-Ball,Michael Leupolz,BC Weingarten 1,Kreisliga A,Ost 2,3,0,3,0.97,1388,873,1904,263,0.32,-0.16
10-Ball,Richard Hartmann,PBC Sand 2,Bezirksliga,West 1,15,3,12,5.65,1388,1111,1664,141,2.07,-0.16
10-Ball,Stefan Vater,PBC Freudenstadt 2 | PBC Freudenstadt 3,Bezirksliga | Landesliga,West | West 1,30,5,25,17.39,1388,1216,1560,88,5.56,-0.16
8-Ball,Andreas Rapp,BSC Göppingen 3,Bezirksliga,Ost 1,1,0,1,0.69,1387,842,1931,278,0.27,-0.16
8-Ball,Annette Köster,PBC Langenargen 3,Bezirksliga | Kreisliga A,Ost 2,4,0,4,1.99,1387,973,1802,211,0.71,-0.16
8-Ball,Bianca Duttlinger,BSV Tiengen 3,Bezirksliga,West 2,4,0,4,1.73,1387,946,1829,225,0.54,-0.16
league:Bezirksliga,Daniela Majer,BSC Göppingen 3,Bezirksliga,Ost 1 | Ost 2,33,6,27,24.99,1387,1241,1533,74,8.15,-0.16
9-Ball,Jennifer Bianca Metz,BC Weingarten 1,Kreisliga A,Ost 2,7,0,7,2.53,1387,989,1785,203,0.73,-0.16
league:Kreisliga A,Jochen Geiß,PBC Ochsenhausen 2 | PBC Ochsenhausen 3,Kreisliga A,Ost 2,24,7,17,14.33,1387,1203,1572,94,5.14,-0.16
8-Ball,Kevin Minardi,PBC Reutlingen 2 | Tübinger BC 3,Kreisliga A | Landesliga,Ost 1 | West,3,0,3,2.61,1387,1011,1763,192,1.02,-0.16
league:Landesliga,Marco Paletta,P&S Denzlingen 2 | P&S Denzlingen 3,Landesliga,West,8,1,7,6.74,1387,1126,1648,133,2.31,-0.16
9-Ball,Mario Kraus,BSV Pfullingen 4 | BSV Pfullingen 5,Bezirksliga | Kreisliga A,Ost 1,6,0,6,3.30,1387,1051,1724,172,1.36,-0.16
league:Bezirksliga,Rüdiger Theis,Tübinger BC 1,Bezirksliga,Ost 1,7,0,7,4.01,1387,1052,1722,171,1.20,-0.16
10-Ball,Ahad Suleimanjar,BV Markdorf 2,Bezirksliga,Ost 2,1,0,1,0.51,1386,797,1975,301,0.16,-0.16
10-Ball,Angelika Müller,BSC Göppingen 3,Kreisliga A,Ost 1,7,1,6,3.17,1386,1034,1739,180,1.19,-0.16
10-Ball,Erich Wohllaib,PBC Ochsenhausen 1 | PBC Ochsenhausen 2 | PBC Ochsenhausen 3,Bezirksliga | Kreisliga A,Ost 2,32,11,21,19.74,1386,1230,1543,80,7.57,-0.16
league:Bezirksliga,Michael Bauer,PBV Rottweil 2,Bezirksliga,West 2,20,2,18,6.81,1386,1121,1651,135,2.10,-0.16
14/1e,Rüdiger Theis,Tübinger BC 1 | Tübinger BC 2,Bezirksliga | Kreisliga A,Ost 1,7,1,6,5.05,1386,1093,1679,149,1.83,-0.16
all,Virginia Eisen,PBC Reutlingen 2,Kreisliga A,Ost 1,2,0,2,0.71,1386,843,1930,277,0.27,-0.16
8-Ball,Alfred Hellrigl,BC Weingarten 1 | BC Weingarten 2,Bezirksliga | Kreisliga A,Ost 2,20,9,11,11.76,1385,1183,1587,103,4.28,-0.16
10-Ball,Domenik Dreibach,PBC Bräunlingen 2,Bezirksliga,West 1,4,1,3,3.37,1385,1040,1729,176,1.45,-0.16
all,Hannes Reißner,Tübinger BC 1 | Tübinger BC 2,Bezirksliga | Kreisliga A,Ost 1,9,5,4,6.62,1385,1131,1639,130,3.17,-0.16
8-Ball,Asmir Sinanovic,PBC Freudenstadt 3 | PBC Freudenstadt 4,Bezirksliga,West 1,10,5,5,7.25,1384,1130,1639,130,3.42,-0.16
14/1e,Charalampos Antonogiorgakis,BULL Leonberg-Höfingen 3,Kreisliga A,Ost 2,1,0,1,1.00,1384,838,1930,278,0.21,-0.16
league:Landesliga,Eckart Grabe,BSV Filderstadt 3 | BSV Filderstadt 4,Landesliga,Ost,19,1,18,9.92,1384,1157,1611,116,2.96,-0.16
9-Ball,Egon Raach,BSG Albstadt 1,Bezirksliga,West 2,1,0,1,0.43,1384,786,1981,305,0.16,-0.16
league:Bezirksliga,Mario Kraus,BSV Pfullingen 4,Bezirksliga,Ost 1,2,0,2,1.06,1384,870,1898,262,0.38,-0.16
10-Ball,Michael Bauer,PBV Rottweil 2,Bezirksliga,West 2,4,0,4,1.34,1384,888,1880,253,0.33,-0.16
league:Kreisliga A,Achim Stoll,BSV Filderstadt 4 | BSV Filderstadt 5 | BSV Filderstadt 6,Kreisliga A,Ost 1,55,16,39,29.96,1383,1254,1513,66,10.75,-0.16
all,Ahad Suleimanjar,BV Markdorf 2,Bezirksliga,Ost 2,4,0,4,1.82,1383,933,1834,230,0.49,-0.16
10-Ball,Mario Kraus,BSV Pfullingen 4 | BSV Pfullingen 5,Bezirksliga | Kreisliga A,Ost 1,5,0,5,2.78,1383,1003,1763,194,0.87,-0.16
8-Ball,Martin Gießler,PBC Offenburg 6,Bezirksliga,West 1,2,0,2,1.78,1383,947,1819,223,0.56,-0.16
9-Ball,Max Schmidtke,BSC Göppingen 3,Bezirksliga,Ost 1,1,0,1,0.73,1383,837,1929,278,0.25,-0.16
8-Ball,Michael Maihöfer,Tübinger BC 2 | Tübinger BC 3,Kreisliga A,Ost 1,5,2,3,4.09,1383,1070,1695,159,1.59,-0.16
all,Rüdiger Theis,Tübinger BC 1 | Tübinger BC 2 | Tübinger BC 3,Bezirksliga | Kreisliga A,Ost 1 | West 2,37,9,28,24.34,1383,1237,1529,75,9.09,-0.16
10-Ball,Tamara Grad,BSV Pfullingen 3 | BSV Pfullingen 4,Bezirksliga | Kreisliga A,Ost 1,8,1,7,3.84,1383,1047,1720,172,1.15,-0.16
14/1e,Alexander Gaffal,TV Cannstatt 4,Bezirksliga,Ost 1,1,0,1,1.00,1382,834,1930,280,0.20,-0.16
league:Landesliga,Andreas Wolf,PBC Freudenstadt 2,Landesliga,West,2,0,2,0.81,1382,843,1922,275,0.25,-0.16
all,Finn Schmitz,TV Cannstatt 4,Bezirksliga,Ost 1,2,0,2,2.00,1382,923,1842,234,0.41,-0.16
league:Bezirksliga,Finn Schmitz,TV Cannstatt 4,Bezirksliga,Ost 1,2,0,2,2.00,1382,923,1842,234,0.41,-0.16
8-Ball,Jörg Lingl,PBC Ochsenhausen 3,Kreisliga A,Ost 2,6,1,5,3.26,1382,1019,1744,185,1.14,-0.16
league:Kreisliga A,Mario Kraus,BSV Pfullingen 5,Kreisliga A,Ost 1,10,0,10,5.55,1382,1103,1661,142,2.02,-0.16
9-Ball,Melanie Kiefer,PBC Offenburg 3 | PBC Offenburg 5 | PBC Offenburg 6,Bezirksliga | Landesliga,West | West 1,17,4,13,12.84,1382,1185,1579,100,4.57,-0.16
league:Landesliga,Mohammad Jiroudi,PBC Bräunlingen 2,Landesliga,West,6,0,6,3.45,1382,1032,1732,179,1.05,-0.16
league:Kreisliga A,Rico Horst,PBC Bad Saulgau 3,Kreisliga A,Ost 2,9,0,9,3.35,1382,1022,1741,183,0.96,-0.16
8-Ball,Sasa Kikic,BF Bronnen 1,Kreisliga A,Ost 2,3,0,3,2.51,1382,986,1777,202,0.75,-0.16
all,Sebastian Mayer,BSV Filderstadt 2 | BSV Filderstadt 3 | BSV Filderstadt 4,Bezirksliga | Kreisliga A,Ost 1,43,7,36,29.18,1382,1244,1520,70,8.87,-0.16
league:Kreisliga A,Andreas Wagner,BC Bad Schussenried 2 | BC Bad Schussenried 3 | BC Bad Schussenried 4 | BC Bad Schussenried 5,Kreisliga A,Ost 2,43,9,34,27.73,1381,1244,1518,70,9.80,-0.16
10-Ball,Ingo Speidel,PBC Reutlingen 3,Bezirksliga,Ost 1,8,0,8,6.86,1381,1109,1652,139,1.87,-0.17
10-Ball,Kurt Ljokaj,PBC Ochsenhausen 2,Kreisliga A,Ost 2,27,5,22,19.51,1381,1224,1539,80,7.37,-0.16
10-Ball,Matthias Maier,PBC Bräunlingen 2,Bezirksliga,West 1,1,0,1,0.88,1381,858,1903,267,0.31,-0.17
8-Ball,Rudolf Weiß,PBC Bad Saulgau 2 | PBC Bad Saulgau 4,Bezirksliga | Kreisliga A,Ost 2,21,6,15,10.94,1381,1171,1591,107,4.07,-0.16
league:Bezirksliga,Anton Schubert,PBC Ochsenhausen 2,Bezirksliga,Ost 2,2,0,2,0.90,1380,847,1912,272,0.27,-0.17
8-Ball,Bruno Steinbach,Tübinger BC 1 | Tübinger BC 2,Bezirksliga | Kreisliga A | Landesliga,Ost | Ost 1,14,3,11,6.27,1380,1104,1656,141,1.99,-0.17
all,Dirk Bastian,BSV Filderstadt 3,Bezirksliga,Ost 1,20,2,18,17.35,1380,1204,1556,90,5.09,-0.17
8-Ball,Luka Antic,PBC Offenburg 3 | PBC Offenburg 4 | PBC Offenburg 5,Bezirksliga | Landesliga,West | West 1,14,2,12,10.05,1380,1152,1608,116,3.21,-0.17
all,Lukas Bruchmann,PBC Aalen 2,Kreisliga A,Ost 2,2,0,2,2.00,1380,957,1802,216,0.62,-0.17
league:Kreisliga A,Lukas Bruchmann,PBC Aalen 2,Kreisliga A,Ost 2,2,0,2,2.00,1380,957,1802,216,0.62,-0.17
9-Ball,Michele Campagna,BBC Plochingen 2,Bezirksliga | Kreisliga A,Ost 1,19,5,14,12.80,1380,1185,1576,100,4.52,-0.17
league:Bezirksliga,Michele Campagna,BBC Plochingen 2,Bezirksliga,Ost 1,53,3,50,35.03,1380,1254,1507,64,10.40,-0.17
8-Ball,Serkan Candir,BSV Filderstadt 4 | BSV Filderstadt 5 | BSV Filderstadt 6,Kreisliga A,Ost 1,11,2,9,5.15,1380,1088,1671,149,1.97,-0.17
8-Ball,Siegfried Brockmann,BC Bad Schussenried 2 | BC Bad Schussenried 3 | BC Bad Schussenried 4,Kreisliga A,Ost 2,11,4,7,7.62,1380,1132,1628,126,2.68,-0.17
all,Sonja Bieser,PBC Offenburg 3 | PBC Offenburg 4 | PBC Offenburg 5,Bezirksliga | Landesliga,West | West 1,22,2,20,9.80,1380,1155,1606,115,3.18,-0.17
10-Ball,Tommaso Parisi,BC Bad Schussenried 1 | BC Bad Schussenried 2 | BC Bad Schussenried 3 | BC Bad Schussenried 4,Bezirksliga | Kreisliga A,Ost 2,11,2,9,7.44,1380,1136,1625,125,3.14,-0.17
league:Bezirksliga,Ahad Suleimanjar,BV Markdorf 2,Bezirksliga,Ost 2,4,0,4,1.82,1379,930,1828,229,0.49,-0.17
14/1e,Annette Köster,PBC Langenargen 3,Bezirksliga | Kreisliga A,Ost 2,3,0,3,1.33,1379,901,1857,244,0.42,-0.17
9-Ball,Idris Abanuzoglu,BSC Göppingen 3,Bezirksliga | Kreisliga A,Ost 1,3,0,3,1.87,1379,944,1814,222,0.59,-0.17
all,Levend Bas,BC Weingarten 1 | BC Weingarten 2,Kreisliga A | Landesliga,Ost | Ost 2,24,6,18,17.89,1379,1211,1548,86,6.11,-0.17
league:Landesliga,Stefan Vater,PBC Freudenstadt 2 | PBC Freudenstadt 3,Landesliga,West,48,11,37,28.59,1378,1242,1514,69,9.18,-0.17
10-Ball,Dietmar Karoli,Tübinger BC 1 | Tübinger BC 2,Bezirksliga | Kreisliga A,Ost 1,4,1,3,2.66,1377,996,1759,195,0.86,-0.17
league:Kreisliga A,Florian Weber,PBC Ochsenhausen 2 | PBC Ochsenhausen 3,Kreisliga A,Ost 2,4,0,4,2.83,1377,989,1765,198,0.78,-0.17
all,Jan Simon,BV Villingen-Schwenningen 2,Bezirksliga,West 1 | West 2,5,0,5,2.31,1377,977,1778,204,0.74,-0.17
8-Ball,Tamara Grad,BSV Pfullingen 3 | BSV Pfullingen 4,Bezirksliga | Kreisliga A,Ost 1,7,1,6,3.60,1377,1035,1718,174,1.20,-0.17
all,Ilyas Fölker,PBC Bad Saulgau 3,Kreisliga A,Ost 2,2,1,1,1.26,1376,911,1841,237,0.66,-0.17
8-Ball,Ingo Speidel,PBC Reutlingen 3,Bezirksliga,Ost 1,3,0,3,2.55,1376,927,1825,229,0.44,-0.17
9-Ball,Mark Szinger,BV Villingen-Schwenningen 2,Bezirksliga,West 1,24,3,21,17.85,1376,1208,1544,86,6.08,-0.17
league:Bezirksliga,Dirk Bastian,BSV Filderstadt 3,Bezirksliga,Ost 1,20,2,18,17.35,1375,1198,1551,90,5.10,-0.17
league:Bezirksliga,Fabian Schaber,PBC Langenargen 3,Bezirksliga,Ost 2,14,2,12,7.75,1375,1132,1618,124,2.82,-0.17
8-Ball,Rainer Braun,BSV Tiengen 3 | BSV Tiengen 4,Bezirksliga,West 1 | West 2,10,2,8,6.04,1375,1099,1652,141,2.07,-0.17
10-Ball,Fabian Schaber,PBC Langenargen 3,Bezirksliga,Ost 2,5,1,4,2.73,1374,994,1754,194,0.96,-0.17
8-Ball,Maximilian Theis,PBC Reutlingen 2,Kreisliga A,Ost 1,1,0,1,0.40,1374,771,1978,308,0.17,-0.17
9-Ball,Serkan Candir,BSV Filderstadt 3 | BSV Filderstadt 4 | BSV Filderstadt 5 | BSV Filderstadt 6,Bezirksliga | Kreisliga A,Ost 1,9,4,5,4.56,1374,1072,1675,154,1.98,-0.17
14/1e,Lucas Ruschke,BV Villingen-Schwenningen 2,Bezirksliga,West 1 | West 2,8,0,8,3.24,1373,1016,1730,182,1.01,-0.18
10-Ball,Martin Trippel,PBC Langenargen 2 | PBC Langenargen 3 | PBC Langenargen 4,Bezirksliga | Kreisliga A,Ost 2,19,4,15,9.85,1373,1149,1597,114,3.24,-0.18
league:Bezirksliga,Tajana Dürr-Smokovic,BSC Göppingen 3,Bezirksliga,Ost 1,9,2,7,6.20,1373,1100,1647,139,2.03,-0.17
league:Kreisliga A,Annette Köster,PBC Langenargen 3,Kreisliga A,Ost 2,8,1,7,3.61,1372,1029,1715,175,1.15,-0.18
10-Ball,Florian Weber,PBC Ochsenhausen 3,Kreisliga A,Ost 2,1,0,1,0.84,1372,843,1900,269,0.32,-0.18
14/1e,Ingo Speidel,PBC Reutlingen 3,Bezirksliga,Ost 1,4,0,4,3.56,1372,1025,1720,177,1.08,-0.18
all,Ralf Bachert,PBC Bietigheim-Bissingen 2,Bezirksliga,Ost 2,2,0,2,2.00,1372,939,1805,221,0.56,-0.18
league:Bezirksliga,Ralf Bachert,PBC Bietigheim-Bissingen 2,Bezirksliga,Ost 2,2,0,2,2.00,1372,939,1805,221,0.56,-0.18
8-Ball,Aaron Bruggesser,PBC Bad Saulgau 4,Kreisliga A,Ost 2,2,0,2,0.68,1371,814,1929,284,0.24,-0.18
14/1e,Claudio Severino,Tübinger BC 3,Kreisliga A,West 2,1,0,1,1.00,1371,856,1887,263,0.32,-0.18
9-Ball,Danny Golling,PBC Freudenstadt 4,Bezirksliga,West 1,12,3,9,8.04,1371,1128,1613,124,2.76,-0.18
league:Kreisliga A,Emin Kajkus,BSV Filderstadt 5,Kreisliga A,Ost 1,2,0,2,1.04,1371,849,1894,267,0.28,-0.18
8-Ball,Martin Trippel,PBC Langenargen 2 | PBC Langenargen 3 | PBC Langenargen 4,Kreisliga A,Ost 2,12,3,9,5.25,1371,1074,1669,152,1.71,-0.18
all,Simon Koch,BSV Filderstadt 5,Kreisliga A,Ost 1,13,3,10,5.45,1371,1095,1648,141,2.24,-0.18
all,Dietmar Lauer,PBC Bietigheim-Bissingen 2,Bezirksliga,Ost 2,2,0,2,2.00,1370,896,1844,242,0.37,-0.18
league:Bezirksliga,Dietmar Lauer,PBC Bietigheim-Bissingen 2,Bezirksliga,Ost 2,2,0,2,2.00,1370,896,1844,242,0.37,-0.18
league:Kreisliga A,Sebastian  Dettling,PBC Bad Saulgau 2 | PBC Bad Saulgau 3,Kreisliga A,Ost 2,36,5,31,26.59,1370,1230,1510,71,8.65,-0.18
10-Ball,Alexander Schröder,BC Dätzingen 2,Kreisliga A,West 2,1,0,1,1.00,1369,805,1932,287,0.18,-0.18
10-Ball,Antonio Pejic,PBC Rastatt 2,Bezirksliga,West 1,1,0,1,1.00,1369,805,1932,287,0.18,-0.18
8-Ball,Artur Maximow,BF Bronnen 1,Kreisliga A,Ost 2,6,2,4,5.12,1369,1069,1669,153,1.90,-0.18
10-Ball,Danny Golling,PBC Freudenstadt 4,Bezirksliga,West 1,9,1,8,6.00,1369,1093,1645,141,2.13,-0.18
8-Ball,Dario Borkovic,PBC Rastatt 2,Bezirksliga,West 1,1,0,1,1.00,1369,805,1932,287,0.18,-0.18
8-Ball,Dietmar Lauer,PBC Bietigheim-Bissingen 2,Bezirksliga,Ost 2,1,0,1,1.00,1369,805,1932,287,0.18,-0.18
8-Ball,Finn Schmitz,TV Cannstatt 4,Bezirksliga,Ost 1,1,0,1,1.00,1369,805,1932,287,0.18,-0.18
10-Ball,Hoora Dabbaghian,BC Stuttgart 1891 7,Kreisliga A,Ost 1,1,0,1,1.00,1369,805,1932,287,0.18,-0.18
8-Ball,Hoora Dabbaghian,BC Stuttgart 1891 7,Kreisliga A,Ost 1,1,0,1,1.00,1369,805,1932,287,0.18,-0.18
8-Ball,Marc Witt,BULL Leonberg-Höfingen 3,Kreisliga A,Ost 2,1,0,1,1.00,1369,805,1932,287,0.18,-0.18
8-Ball,Markus Schneider,BV Pforzheim 4,Kreisliga A,West 1,1,0,1,1.00,1369,805,1932,287,0.18,-0.18
8-Ball,Ralf Bachert,PBC Bietigheim-Bissingen 2,Bezirksliga,Ost 2,1,0,1,1.00,1369,805,1932,287,0.18,-0.18
8-Ball,Raphael Müller,BC Sindelfingen 5,Bezirksliga,West 1,1,0,1,1.00,1369,805,1932,287,0.18,-0.18
10-Ball,Robert Pinczker,TV Cannstatt 4,Bezirksliga,Ost 1,1,0,1,1.00,1369,805,1932,287,0.18,-0.18
9-Ball,Tobias Banzhaf,BSC Göppingen 2,Bezirksliga,Ost 1,6,0,6,2.75,1369,986,1752,195,0.86,-0.18
9-Ball,Tobias Schneider,BF Bronnen 1,Kreisliga A,Ost 2,1,0,1,0.94,1369,848,1891,266,0.31,-0.18
8-Ball,Werner Schmidberger,PBC Ochsenhausen 3,Kreisliga A,Ost 2,24,6,18,14.19,1369,1180,1558,96,4.81,-0.18
all,Andreas Looser,PBC Langenargen 1 | PBC Langenargen 2 | PBC Langenargen 3,Bezirksliga | Kreisliga A,Ost 2,67,8,59,37.25,1368,1246,1491,63,10.96,-0.18
league:Kreisliga A,Claudio Severino,Tübinger BC 3,Kreisliga A,West 2,2,0,2,2.00,1368,941,1796,218,0.61,-0.18
all,Dominik Mogel,PBC Bräunlingen 2,Bezirksliga,West 1,28,7,21,21.12,1368,1213,1522,79,7.72,-0.18
all,Jörg Lingl,PBC Ochsenhausen 3,Kreisliga A,Ost 2,13,4,9,7.54,1368,1123,1614,125,3.18,-0.18
league:Landesliga,Marco Weise,BSV Konstanz 1,Landesliga,Ost,10,1,9,3.22,1368,995,1742,191,0.85,-0.18
league:Landesliga,Bernhard Back,PBC Offenburg 3 | PBC Offenburg 4,Landesliga,West,6,0,6,5.16,1367,1071,1662,151,1.82,-0.18
all,Domenik Dreibach,PBC Bräunlingen 2,Bezirksliga,West 1,21,5,16,16.29,1367,1192,1542,89,6.53,-0.18
all,Rico Horst,PBC Bad Saulgau 3,Kreisliga A,Ost 2,9,0,9,3.35,1367,1007,1726,184,0.98,-0.18
9-Ball,Sonja Bieser,PBC Offenburg 3 | PBC Offenburg 4 | PBC Offenburg 5,Bezirksliga | Landesliga,West | West 1,8,0,8,3.52,1367,1021,1713,177,1.11,-0.18
league:Bezirksliga,Annette Köster,PBC Langenargen 3,Bezirksliga,Ost 2,6,1,5,3.35,1366,1012,1719,180,1.03,-0.18
all,Frank Reichert,PBC Freudenstadt 3 | PBC Freudenstadt 4,Bezirksliga,West 1,23,5,18,15.25,1366,1184,1547,92,5.38,-0.18
14/1e,Gabriele Winzer-Moser,BSC St. Georgen 1,Bezirksliga | Landesliga,West | West 1 | West 2,15,0,15,7.78,1366,1106,1626,132,2.10,-0.18
14/1e,Joey Isenmann,PBC Offenburg 3 | PBC Offenburg 4 | PBC Offenburg 5,Bezirksliga | Landesliga,West | West 1,4,0,4,2.32,1366,953,1779,211,0.65,-0.18
league:Kreisliga A,Kay Maier,PBC Langenargen 4,Kreisliga A,Ost 2,28,3,25,15.29,1366,1183,1549,93,4.89,-0.18
all,Robert Pinczker,TV Cannstatt 4,Bezirksliga,Ost 1,2,0,2,2.00,1366,887,1845,244,0.35,-0.18
league:Bezirksliga,Robert Pinczker,TV Cannstatt 4,Bezirksliga,Ost 1,2,0,2,2.00,1366,887,1845,244,0.35,-0.18
10-Ball,Ruben Lorch,BSV Pfullingen 5,Kreisliga A,Ost 1,5,0,5,2.75,1366,1000,1732,187,1.14,-0.18
8-Ball,Stefan Vater,PBC Freudenstadt 2 | PBC Freudenstadt 3,Bezirksliga | Landesliga,West | West 1,7,1,6,4.81,1366,1049,1683,162,1.56,-0.18
league:Bezirksliga,Ahmet Bumin,PBC Bad Saulgau 2,Bezirksliga,Ost 2,2,0,2,1.10,1365,870,1860,253,0.43,-0.18
league:Bezirksliga,Rainer Beck,PBC Langenargen 2,Bezirksliga,Ost 2,23,3,20,13.48,1365,1165,1565,102,3.76,-0.19
league:Bezirksliga,Sebastian Mayer,BSV Filderstadt 2 | BSV Filderstadt 3 | BSV Filderstadt 4,Bezirksliga,Ost 1,36,5,31,24.39,1365,1212,1519,78,6.90,-0.18
all,Tobias Banzhaf,BSC Göppingen 2,Bezirksliga,Ost 1,17,3,14,7.96,1365,1116,1615,127,2.55,-0.18
league:Kreisliga A,Aaron Bruggesser,PBC Bad Saulgau 3 | PBC Bad Saulgau 4,Kreisliga A,Ost 2,29,3,26,10.32,1364,1140,1589,115,3.11,-0.19
league:Landesliga,Bruno Steinbach,Tübinger BC 1,Landesliga,Ost,2,0,2,0.70,1364,789,1938,293,0.19,-0.19
league:Kreisliga A,Christian Herre,PBC Rastatt 3,Kreisliga A,West 1,1,0,1,1.00,1364,802,1926,287,0.19,-0.19
all,Jochen Geiß,PBC Ochsenhausen 2 | PBC Ochsenhausen 3,Kreisliga A,Ost 2,24,7,17,14.33,1364,1179,1549,94,5.17,-0.19
league:Bezirksliga,Melanie Kiefer,PBC Offenburg 5 | PBC Offenburg 6,Bezirksliga,West 1,38,6,32,28.09,1364,1223,1504,72,8.88,-0.19
league:Landesliga,Melanie Kiefer,PBC Offenburg 3,Landesliga,West,4,0,4,2.20,1364,951,1778,211,0.68,-0.19
9-Ball,Aaron Bruggesser,PBC Bad Saulgau 4,Kreisliga A,Ost 2,14,2,12,5.00,1363,1060,1666,154,1.60,-0.19
league:Bezirksliga,Daniel Cavalleri,PBC Offenburg 5,Bezirksliga,West 1,28,2,26,23.94,1363,1213,1512,76,7.45,-0.19
9-Ball,Daniela Heide,PBC Offenburg 6,Bezirksliga,West 1,1,0,1,0.90,1363,849,1877,262,0.46,-0.19
8-Ball,Domenik Dreibach,PBC Bräunlingen 2,Bezirksliga,West 1,8,1,7,6.13,1363,1081,1645,144,2.17,-0.19
8-Ball,Johannes Müller,P&S Denzlingen 3,Landesliga,West,1,0,1,0.80,1363,827,1899,273,0.30,-0.19
all,Michael Bauer,PBV Rottweil 2,Bezirksliga,West 2,20,2,18,6.81,1363,1097,1628,135,2.13,-0.19
league:Kreisliga A,Marcin Rossa,BSV Pfullingen 5,Kreisliga A,Ost 1,10,1,9,5.45,1362,1074,1650,147,1.82,-0.19
8-Ball,Mohammed Alhila,PBC Reutlingen 3,Kreisliga A,Ost 1,2,0,2,1.09,1362,846,1878,263,0.33,-0.19
8-Ball,Rainer Beck,PBC Langenargen 2,Bezirksliga | Kreisliga A,Ost 2,9,1,8,3.54,1362,987,1736,191,0.81,-0.19
all,Roland Kirchmaier,BC Weingarten 1 | BC Weingarten 2,Bezirksliga | Kreisliga A,Ost 2,28,10,18,20.57,1362,1207,1517,79,7.56,-0.19
8-Ball,Simon Koch,BSV Filderstadt 5,Kreisliga A,Ost 1,6,0,6,2.52,1362,977,1746,196,0.92,-0.19
all,Lucas Ruschke,BV Villingen-Schwenningen 2,Bezirksliga,West 1 | West 2,67,16,51,31.28,1361,1234,1489,65,11.30,-0.19
all,Martin Gießler,PBC Offenburg 6,Bezirksliga,West 1,4,0,4,3.56,1361,1019,1702,174,1.16,-0.19
10-Ball,Uwe Jansen,Tübinger BC 3,Kreisliga A,Ost 1,1,0,1,0.81,1361,793,1929,290,0.19,-0.19
league:Landesliga,Sonja Bieser,PBC Offenburg 3,Landesliga,West,8,0,8,4.30,1360,1021,1700,173,1.11,-0.19
9-Ball,Tanja Falk,BSC Göppingen 2,Kreisliga A,Ost 1,3,0,3,0.95,1360,825,1894,273,0.27,-0.19
league:Bezirksliga,Thomas Schöpfer,Tübinger BC 1,Bezirksliga,Ost 1,14,3,11,6.66,1360,1081,1639,142,1.94,-0.19
all,Florian Weber,PBC Ochsenhausen 2 | PBC Ochsenhausen 3,Kreisliga A,Ost 2,4,0,4,2.83,1359,971,1747,198,0.80,-0.19
9-Ball,Nikolaos Michailidis,BSV Filderstadt 4 | BSV Filderstadt 5,Kreisliga A,Ost 1,6,0,6,3.48,1359,1018,1700,174,1.22,-0.19
all,Tamara Grad,BSV Pfullingen 3 | BSV Pfullingen 4,Bezirksliga | Kreisliga A,Ost 1,24,6,18,11.59,1359,1154,1564,105,4.04,-0.19
8-Ball,Ali Deyhimi,Tübinger BC 2,Kreisliga A,Ost 1,3,1,2,2.11,1358,935,1782,216,0.69,-0.19
league:Landesliga,Rasul Ghanavat,PBC Reutlingen 2,Landesliga,West,2,0,2,2.00,1358,906,1810,231,0.46,-0.19
8-Ball,Thomas Hetzel,PBC Sand 2,Bezirksliga,West 1,12,1,11,4.66,1358,1044,1671,160,1.41,-0.19
all,Andreas Wolf,PBC Freudenstadt 2 | PBC Freudenstadt 3 | PBC Freudenstadt 4,Bezirksliga | Landesliga,West | West 1,8,0,8,4.19,1357,1040,1674,162,1.49,-0.19
9-Ball,Fabian Hergesell,P&S Denzlingen 4,Bezirksliga,West 1,9,3,6,7.61,1357,1104,1609,129,2.88,-0.20
9-Ball,Ingo Speidel,PBC Reutlingen 3,Bezirksliga,Ost 1,12,0,12,10.34,1357,1129,1585,116,2.83,-0.19
9-Ball,Jagaganmohan Reddy,BC Weingarten 2,Kreisliga A,Ost 2,2,0,2,1.46,1357,895,1819,236,0.51,-0.19
9-Ball,Gabriele Winzer-Moser,BSC St. Georgen 1,Bezirksliga | Landesliga,West | West 1 | West 2,27,3,24,16.02,1356,1179,1534,90,5.57,-0.20
9-Ball,Joey Isenmann,PBC Offenburg 4 | PBC Offenburg 5,Bezirksliga,West 1,7,2,5,4.99,1356,1065,1647,149,1.98,-0.20
10-Ball,Nikolaos Michailidis,BSV Filderstadt 4 | BSV Filderstadt 5,Kreisliga A,Ost 1,5,1,4,2.85,1356,990,1723,187,1.08,-0.20
league:Landesliga,Uwe Barth,PBC Ochsenhausen 1,Landesliga,Ost,4,0,4,2.13,1356,935,1776,215,0.63,-0.20
8-Ball,Dominik Mogel,PBC Bräunlingen 2,Bezirksliga,West 1,5,0,5,4.10,1355,1014,1697,174,1.07,-0.20
all,Emin Kajkus,BSV Filderstadt 5,Kreisliga A,Ost 1,2,0,2,1.04,1355,833,1877,266,0.30,-0.20
9-Ball,Harald Feuerlein,BF Bronnen 1,Kreisliga A,Ost 2,1,0,1,0.91,1355,792,1918,287,0.20,-0.20
10-Ball,Hoai Tu Anh Nguyen,PBC Offenburg 5,Bezirksliga,West 1,1,0,1,0.88,1355,790,1919,288,0.20,-0.20
10-Ball,Joey Isenmann,PBC Offenburg 4 | PBC Offenburg 5,Bezirksliga,West 1,12,2,10,9.05,1355,1126,1584,117,3.22,-0.20
league:Kreisliga A,Michael Maihöfer,Tübinger BC 2 | Tübinger BC 3,Kreisliga A,Ost 1,16,4,12,12.50,1355,1151,1559,104,3.81,-0.20
league:Bezirksliga,Tobias Banzhaf,BSC Göppingen 2,Bezirksliga,Ost 1,17,3,14,7.96,1354,1104,1605,128,2.56,-0.20
10-Ball,Andreas Wagner,BC Bad Schussenried 3 | BC Bad Schussenried 4 | BC Bad Schussenried 5,Kreisliga A,Ost 2,12,1,11,8.98,1353,1124,1582,117,3.25,-0.20
league:Bezirksliga,Danny Golling,PBC Freudenstadt 4,Bezirksliga,West 1,24,4,20,16.08,1353,1170,1537,94,4.84,-0.20
league:Bezirksliga,Sylvia Gurnig,BV Markdorf 3,Bezirksliga,Ost 2,33,4,29,24.49,1353,1205,1502,76,7.60,-0.20
10-Ball,Gabriele Winzer-Moser,BSC St. Georgen 1,Bezirksliga | Landesliga,West | West 1 | West 2,26,5,21,16.90,1352,1178,1527,89,5.58,-0.20
10-Ball,Habib Karadal,BV Pforzheim 2,Landesliga,West,1,0,1,1.00,1352,793,1912,286,0.20,-0.20
all,Achim Stoll,BSV Filderstadt 4 | BSV Filderstadt 5 | BSV Filderstadt 6,Kreisliga A | Landesliga,Ost | Ost 1,57,16,41,30.77,1351,1223,1480,66,10.89,-0.20
9-Ball,Angelika Müller,BSC Göppingen 3,Kreisliga A,Ost 1,10,2,8,4.49,1351,1043,1658,157,1.65,-0.20
league:Kreisliga A,Angelika Müller,BSC Göppingen 3,Kreisliga A,Ost 1,18,3,15,8.10,1351,1106,1595,125,2.81,-0.20
all,Ingo Speidel,PBC Reutlingen 3,Bezirksliga,Ost 1,27,0,27,23.32,1351,1190,1512,82,5.72,-0.20
8-Ball,Jochen Geiß,PBC Ochsenhausen 2 | PBC Ochsenhausen 3,Kreisliga A,Ost 2,2,0,2,1.21,1351,831,1871,265,0.29,-0.20
all,Andreas Wagner,BC Bad Schussenried 1 | BC Bad Schussenried 2 | BC Bad Schussenried 3 | BC Bad Schussenried 4 | BC Bad Schussenried 5,Bezirksliga | Kreisliga A,Ost 2,46,9,37,28.72,1350,1215,1486,69,9.91,-0.20
all,Sebastian  Dettling,PBC Bad Saulgau 2 | PBC Bad Saulgau 3,Bezirksliga | Kreisliga A,Ost 2,40,5,35,28.89,1350,1216,1484,68,9.52,-0.20
league:Bezirksliga,Andreas Wagner,BC Bad Schussenried 1,Bezirksliga,Ost 2,3,0,3,0.99,1349,816,1883,272,0.28,-0.20
all,Annette Köster,PBC Langenargen 3,Bezirksliga | Kreisliga A,Ost 2,14,2,12,6.96,1349,1082,1617,137,2.03,-0.20
14/1e,Jennifer Bianca Metz,BC Weingarten 1,Bezirksliga | Kreisliga A,Ost 2,6,0,6,2.56,1349,947,1751,205,0.73,-0.20
league:Kreisliga A,Maximilian Theis,PBC Reutlingen 2,Kreisliga A,Ost 1,7,1,6,2.43,1349,944,1754,206,0.81,-0.20
8-Ball,Roland Kirchmaier,BC Weingarten 1 | BC Weingarten 2,Bezirksliga | Kreisliga A,Ost 2,5,0,5,3.27,1349,946,1751,205,0.63,-0.21
10-Ball,Thomas Schöpfer,Tübinger BC 1,Bezirksliga | Landesliga,Ost | Ost 1,6,1,5,2.69,1349,948,1751,205,0.72,-0.20
10-Ball,Axel Isenmann,PBC Offenburg 3 | PBC Offenburg 4 | PBC Offenburg 5,Bezirksliga | Landesliga,West | West 1,9,2,7,6.27,1348,1071,1625,141,2.28,-0.21
10-Ball,Mohammad Jiroudi,PBC Bräunlingen 2,Bezirksliga | Landesliga,West | West 1,4,0,4,2.48,1348,940,1756,208,0.69,-0.21
league:Bezirksliga,Gabriele Winzer-Moser,BSC St. Georgen 1,Bezirksliga,West 1 | West 2,65,7,58,36.33,1347,1226,1469,62,12.09,-0.21
14/1e,Jürgen Großkopf,PBC Bad Saulgau 2,Kreisliga A,Ost 2,5,0,5,4.50,1347,1025,1668,164,1.30,-0.21
all,Aaron Bruggesser,PBC Bad Saulgau 3 | PBC Bad Saulgau 4,Kreisliga A,Ost 2,29,3,26,10.32,1345,1120,1571,115,3.14,-0.21
all,Claudio Severino,Tübinger BC 3,Kreisliga A,West 2,2,0,2,2.00,1345,916,1775,219,0.64,-0.21
8-Ball,Mark Mende,BSV Pfullingen 2 | BSV Pfullingen 3,Bezirksliga,Ost 1,8,1,7,3.09,1345,964,1725,194,0.84,-0.21
8-Ball,Michele Campagna,BBC Plochingen 2,Bezirksliga | Kreisliga A,Ost 1,9,0,9,5.40,1345,1036,1653,157,1.51,-0.21
league:Bezirksliga,Andreas Looser,PBC Langenargen 1 | PBC Langenargen 2 | PBC Langenargen 3,Bezirksliga,Ost 2,46,2,44,29.26,1344,1205,1484,71,8.12,-0.21
10-Ball,Anton Schubert,PBC Ochsenhausen 3,Kreisliga A,Ost 2,4,0,4,1.85,1344,902,1785,225,0.56,-0.21
9-Ball,David Hackenberg,P&S Denzlingen 4,Bezirksliga,West 1,1,0,1,0.82,1343,811,1874,271,0.40,-0.21
league:Bezirksliga,Ingo Speidel,PBC Reutlingen 3,Bezirksliga,Ost 1,27,0,27,23.32,1343,1182,1505,82,5.73,-0.21
all,Mario Kraus,BSV Pfullingen 4 | BSV Pfullingen 5,Bezirksliga | Kreisliga A,Ost 1,12,0,12,6.60,1343,1078,1607,135,2.29,-0.21
9-Ball,Rudi Fölker,PBC Bad Saulgau 2,Bezirksliga,Ost 2,6,0,6,2.99,1343,959,1726,196,0.82,-0.21
8-Ball,Ryan Grabowski,P&S Denzlingen 2 | P&S Denzlingen 3,Bezirksliga,West 1,4,0,4,2.62,1342,926,1758,212,0.61,-0.21
8-Ball,Samir Javor,BC Bad Schussenried 2 | BC Bad Schussenried 3,Bezirksliga | Kreisliga A,Ost 2,3,0,3,2.37,1342,930,1755,211,0.71,-0.21
10-Ball,Andreas Looser,PBC Langenargen 1 | PBC Langenargen 2 | PBC Langenargen 3,Bezirksliga | Kreisliga A,Ost 2,16,1,15,9.23,1341,1100,1582,123,2.50,-0.21
9-Ball,Hoai Tu Anh Nguyen,PBC Offenburg 5,Bezirksliga,West 1,6,1,5,5.10,1341,1039,1642,154,1.88,-0.21
8-Ball,Patricia Kaffesi,PBC Freudenstadt 4,Bezirksliga,West 1,9,2,7,6.04,1341,1035,1646,156,1.42,-0.21
league:Kreisliga A,Tobias Schneider,BF Bronnen 1,Kreisliga A,Ost 2,1,0,1,0.94,1341,817,1864,267,0.35,-0.21
league:Kreisliga A,Harald Feuerlein,BF Bronnen 1,Kreisliga A,Ost 2,1,0,1,0.91,1340,779,1901,286,0.22,-0.22
league:Kreisliga A,Jürgen Großkopf,PBC Bad Saulgau 2,Kreisliga A,Ost 2,11,0,11,9.94,1340,1105,1575,120,2.73,-0.22
league:Kreisliga A,Uwe Jansen,Tübinger BC 3,Kreisliga A,Ost 1,7,0,7,5.81,1340,1041,1639,153,1.52,-0.22
all,Alexander Schröder,BC Dätzingen 2,Kreisliga A,West 2,2,0,2,2.00,1338,863,1814,243,0.38,-0.22
league:Kreisliga A,Alexander Schröder,BC Dätzingen 2,Kreisliga A,West 2,2,0,2,2.00,1338,863,1814,243,0.38,-0.22
9-Ball,Ronny Gabriel,BC Dreiländereck 1,Bezirksliga,West 1,6,0,6,5.13,1338,1043,1633,151,1.82,-0.22
all,Kay Maier,PBC Langenargen 4,Kreisliga A,Ost 2,28,3,25,15.29,1337,1154,1520,93,4.93,-0.22
8-Ball,Moritz Fritsche,PBC Reutlingen 3,Bezirksliga,Ost 1,1,0,1,0.80,1337,771,1903,289,0.22,-0.22
8-Ball,Jennifer Bianca Metz,BC Weingarten 1,Bezirksliga | Kreisliga A,Ost 2,4,0,4,1.58,1336,844,1827,251,0.37,-0.22
10-Ball,Marcin Rossa,BSV Pfullingen 5,Kreisliga A,Ost 1,3,0,3,1.61,1336,872,1800,237,0.49,-0.22
league:Kreisliga A,Ruben Lorch,BSV Pfullingen 5,Kreisliga A,Ost 1,14,2,12,7.83,1336,1089,1583,126,2.73,-0.22
league:Bezirksliga,Egon Raach,BSG Albstadt 1,Bezirksliga,West 2,2,0,2,0.86,1335,771,1898,287,0.22,-0.22
league:Bezirksliga,Jennifer Bianca Metz,BC Weingarten 1,Bezirksliga,Ost 2,4,0,4,2.20,1335,908,1762,218,0.63,-0.22
league:Kreisliga A,Nikolaos Michailidis,BSV Filderstadt 4 | BSV Filderstadt 5,Kreisliga A,Ost 1,11,1,10,6.33,1335,1061,1608,140,2.13,-0.22
league:Bezirksliga,Ronny Gabriel,BC Dreiländereck 1,Bezirksliga,West 1,16,2,14,13.77,1335,1138,1532,100,4.44,-0.22
all,Daniel Cavalleri,PBC Offenburg 5,Bezirksliga,West 1,28,2,26,23.94,1334,1184,1483,76,7.49,-0.22
10-Ball,Kay Maier,PBC Langenargen 4,Kreisliga A,Ost 2,14,2,12,7.65,1334,1081,1587,129,2.41,-0.22
8-Ball,Lucas Ruschke,BV Villingen-Schwenningen 2,Bezirksliga,West 1 | West 2,18,2,16,8.80,1334,1084,1584,127,2.45,-0.22
14/1e,Uwe Jansen,Tübinger BC 3,Kreisliga A,Ost 1,4,0,4,3.30,1334,975,1693,183,1.00,-0.22
10-Ball,Hannes Reißner,Tübinger BC 1 | Tübinger BC 2,Bezirksliga | Kreisliga A,Ost 1,3,0,3,2.02,1333,915,1751,213,0.74,-0.22
8-Ball,Jürgen Großkopf,PBC Bad Saulgau 2,Kreisliga A,Ost 2,6,0,6,5.44,1333,1027,1639,156,1.65,-0.22
all,Harald Feuerlein,BF Bronnen 1,Kreisliga A,Ost 2,1,0,1,0.91,1332,772,1893,286,0.22,-0.22
all,Melanie Kiefer,PBC Offenburg 3 | PBC Offenburg 5 | PBC Offenburg 6,Bezirksliga | Landesliga,West | West 1,42,6,36,30.29,1332,1196,1469,70,9.41,-0.22
8-Ball,Andreas Looser,PBC Langenargen 1 | PBC Langenargen 2 | PBC Langenargen 3,Bezirksliga | Kreisliga A,Ost 2,18,2,16,10.41,1331,1093,1570,122,2.60,-0.23
8-Ball,Dirk Bastian,BSV Filderstadt 3,Bezirksliga,Ost 1,4,0,4,3.52,1331,949,1712,195,0.77,-0.23
14/1e,Daniel Cavalleri,PBC Offenburg 5,Bezirksliga,West 1,5,0,5,4.38,1329,1001,1658,168,1.25,-0.23
league:Bezirksliga,Hoai Tu Anh Nguyen,PBC Offenburg 5,Bezirksliga,West 1,20,2,18,17.00,1329,1142,1516,95,4.64,-0.23
8-Ball,Rüdiger Theis,Tübinger BC 2 | Tübinger BC 3,Kreisliga A,Ost 1 | West 2,9,2,7,5.65,1329,1043,1616,146,2.41,-0.23
10-Ball,Dominik Mogel,PBC Bräunlingen 2,Bezirksliga,West 1,6,1,5,4.05,1327,991,1663,171,1.27,-0.23
8-Ball,Levend Bas,BC Weingarten 1 | BC Weingarten 2,Kreisliga A | Landesliga,Ost | Ost 2,4,0,4,2.94,1327,925,1729,205,0.70,-0.23
all,Marcin Rossa,BSV Pfullingen 5,Kreisliga A,Ost 1,10,1,9,5.45,1327,1039,1615,147,1.86,-0.23
8-Ball,Nguyen Tien Dung,PBC Reutlingen 3,Kreisliga A,West 2,1,0,1,1.00,1327,770,1883,284,0.23,-0.23
10-Ball,Roland Kirchmaier,BC Weingarten 2,Kreisliga A,Ost 2,11,4,7,8.54,1327,1089,1566,122,2.85,-0.23
8-Ball,Daniel Cavalleri,PBC Offenburg 5,Bezirksliga,West 1,6,0,6,5.30,1326,1022,1629,155,1.53,-0.23
all,Moritz Fritsche,PBC Reutlingen 3,Bezirksliga,Ost 1,1,0,1,0.80,1326,760,1893,289,0.23,-0.23
league:Bezirksliga,Moritz Fritsche,PBC Reutlingen 3,Bezirksliga,Ost 1,1,0,1,0.80,1326,759,1892,289,0.23,-0.23
league:Bezirksliga,Patricia Kaffesi,PBC Freudenstadt 4,Bezirksliga,West 1,24,3,21,16.08,1326,1129,1524,101,3.71,-0.23
all,Tobias Schneider,BF Bronnen 1,Kreisliga A,Ost 2,1,0,1,0.94,1326,800,1852,268,0.37,-0.23
all,Angelika Müller,BSC Göppingen 3,Kreisliga A,Ost 1,18,3,15,8.10,1325,1080,1569,125,2.84,-0.23
8-Ball,Flaviano Gabriele,BC Bad Schussenried 1 | BC Bad Schussenried 2,Landesliga,Ost,2,0,2,1.34,1325,779,1872,279,0.23,-0.23
all,Danny Golling,PBC Freudenstadt 4,Bezirksliga,West 1,24,4,20,16.08,1324,1141,1507,93,4.88,-0.23
league:Bezirksliga,Samir Javor,BC Bad Schussenried 3,Bezirksliga,Ost 2,4,0,4,3.64,1324,950,1698,191,0.82,-0.23
all,Christian Herre,PBC Rastatt 3,Kreisliga A,West 1,1,0,1,1.00,1323,767,1879,284,0.23,-0.23
all,Michael Maihöfer,Tübinger BC 2 | Tübinger BC 3,Kreisliga A,Ost 1,16,4,12,12.50,1322,1118,1527,104,3.84,-0.24
all,Egon Raach,BSG Albstadt 1,Bezirksliga,West 2,2,0,2,0.86,1320,757,1884,287,0.24,-0.24
10-Ball,Jagaganmohan Reddy,BC Weingarten 2,Kreisliga A,Ost 2,3,0,3,2.15,1320,909,1732,210,0.76,-0.24
all,Maximilian Theis,PBC Reutlingen 2,Kreisliga A,Ost 1,7,1,6,2.43,1320,916,1725,207,0.85,-0.24
all,Christian Casagrande,BSV Shooters Fellbach 1,Bezirksliga,Ost 2,2,0,2,2.00,1319,882,1755,223,0.61,-0.24
8-Ball,Christian Herre,PBC Rastatt 3,Kreisliga A,West 1,1,0,1,1.00,1316,760,1872,284,0.24,-0.24
league:Kreisliga A,Jennifer Bianca Metz,BC Weingarten 1,Kreisliga A,Ost 2,19,0,19,6.76,1316,1022,1610,150,1.55,-0.24
9-Ball,Michael Leupolz,BC Weingarten 1,Kreisliga A,Ost 2,7,0,7,2.42,1316,899,1734,213,0.68,-0.24
14/1e,Fabian Hergesell,P&S Denzlingen 4,Bezirksliga,West 1,5,0,5,4.27,1315,973,1657,175,1.13,-0.24
all,Gabriele Winzer-Moser,BSC St. Georgen 1,Bezirksliga | Landesliga,West | West 1 | West 2,81,8,73,47.15,1315,1204,1425,56,14.18,-0.24
league:Bezirksliga,Fabian Hergesell,P&S Denzlingen 4,Bezirksliga,West 1,30,6,24,25.67,1314,1161,1466,78,7.84,-0.25
all,Jürgen Großkopf,PBC Bad Saulgau 2,Kreisliga A,Ost 2,11,0,11,9.94,1314,1079,1548,120,2.76,-0.25
10-Ball,Daniel Cavalleri,PBC Offenburg 5,Bezirksliga,West 1,6,0,6,4.96,1313,992,1633,164,1.27,-0.25
8-Ball,Dominik Weitzmann,PBC Bad Saulgau 3,Kreisliga A,Ost 2,4,0,4,1.38,1313,799,1827,262,0.34,-0.25
all,Ruben Lorch,BSV Pfullingen 5,Kreisliga A,Ost 1,14,2,12,7.83,1313,1065,1560,126,2.75,-0.25
8-Ball,Christian Casagrande,BSV Shooters Fellbach 1,Bezirksliga,Ost 2,1,0,1,1.00,1312,756,1868,284,0.25,-0.25
league:Bezirksliga,Christian Casagrande,BSV Shooters Fellbach 1,Bezirksliga,Ost 2,2,0,2,2.00,1311,873,1749,223,0.62,-0.25
10-Ball,Jennifer Bianca Metz,BC Weingarten 1,Bezirksliga | Kreisliga A,Ost 2,6,0,6,2.29,1310,896,1724,211,0.73,-0.25
14/1e,Michael Leupolz,BC Weingarten 1,Kreisliga A,Ost 2,12,0,12,4.26,1309,963,1655,177,1.05,-0.25
8-Ball,Sylvia Gurnig,BV Markdorf 3,Bezirksliga | Kreisliga A,Ost 2,10,1,9,6.38,1309,998,1620,159,1.34,-0.25
league:Bezirksliga,Joey Isenmann,PBC Offenburg 4 | PBC Offenburg 5,Bezirksliga,West 1,32,5,27,23.98,1307,1152,1461,79,6.89,-0.25
league:Bezirksliga,Tamara Grad,BSV Pfullingen 3,Bezirksliga,Ost 1,11,0,11,6.04,1307,1013,1601,150,1.65,-0.25
all,Nikolaos Michailidis,BSV Filderstadt 4 | BSV Filderstadt 5,Kreisliga A,Ost 1,11,1,10,6.33,1305,1031,1578,139,2.17,-0.25
14/1e,Daniela Heide,PBC Offenburg 6,Bezirksliga,West 1,4,0,4,3.37,1303,888,1719,212,0.60,-0.26
all,Ronny Gabriel,BC Dreiländereck 1,Bezirksliga,West 1,16,2,14,13.77,1303,1107,1500,100,4.47,-0.26
8-Ball,Ruben Lorch,BSV Pfullingen 5,Kreisliga A,Ost 1,4,0,4,2.27,1302,872,1732,219,0.64,-0.26
all,Uwe Jansen,Tübinger BC 3,Kreisliga A,Ost 1,7,0,7,5.81,1301,1003,1599,152,1.56,-0.26
8-Ball,Danny Golling,PBC Freudenstadt 4,Bezirksliga,West 1,3,0,3,2.04,1300,812,1787,249,0.38,-0.26
14/1e,Jagaganmohan Reddy,BC Weingarten 2,Kreisliga A,Ost 2,6,0,6,4.35,1298,951,1644,177,1.04,-0.26
8-Ball,Melanie Kiefer,PBC Offenburg 3 | PBC Offenburg 5 | PBC Offenburg 6,Bezirksliga | Landesliga,West | West 1,18,2,16,14.24,1298,1094,1501,104,4.04,-0.26
all,Hoai Tu Anh Nguyen,PBC Offenburg 5,Bezirksliga,West 1,20,2,18,17.00,1297,1110,1484,95,4.67,-0.26
8-Ball,Thorsten Löffler,BC Dreiländereck 1,Bezirksliga,West 1,1,0,1,0.83,1295,728,1863,289,0.26,-0.26
league:Landesliga,Gabriele Winzer-Moser,BSC St. Georgen 1,Landesliga,West,16,1,15,10.82,1294,1051,1538,124,2.32,-0.27
8-Ball,Achim Stoll,BSV Filderstadt 4 | BSV Filderstadt 5 | BSV Filderstadt 6,Kreisliga A | Landesliga,Ost | Ost 1,20,3,17,8.99,1293,1048,1538,125,2.59,-0.27
all,Patricia Kaffesi,PBC Freudenstadt 4,Bezirksliga,West 1,24,3,21,16.08,1289,1092,1486,100,3.75,-0.27
league:Kreisliga A,Nguyen Tien Dung,PBC Reutlingen 3,Kreisliga A,West 2,2,0,2,2.00,1288,815,1760,241,0.44,-0.27
all,Jennifer Bianca Metz,BC Weingarten 1,Bezirksliga | Kreisliga A,Ost 2,23,0,23,8.96,1286,1022,1549,134,2.00,-0.27
all,Nguyen Tien Dung,PBC Reutlingen 3,Kreisliga A,West 2,2,0,2,2.00,1285,812,1758,241,0.44,-0.28
league:Kreisliga A,Sebastian Czaja,BSV Filderstadt 5 | BSV Filderstadt 6 | PBC Reutlingen 2 | PBC Reutlingen 3,Kreisliga A,Ost 1 | West 2,18,2,16,7.80,1284,1004,1564,143,1.72,-0.28
all,Fabian Hergesell,P&S Denzlingen 4,Bezirksliga,West 1,30,6,24,25.67,1283,1130,1435,78,7.87,-0.28
league:Kreisliga A,Jagaganmohan Reddy,BC Weingarten 2,Kreisliga A,Ost 2,12,0,12,8.75,1283,1021,1546,134,2.03,-0.28
10-Ball,Patricia Kaffesi,PBC Freudenstadt 4,Bezirksliga,West 1,8,1,7,5.38,1282,957,1607,166,1.21,-0.28
10-Ball,Tanja Falk,BSC Göppingen 2 | BSC Göppingen 3,Kreisliga A,Ost 1,4,0,4,1.47,1282,757,1806,268,0.33,-0.28
8-Ball,Gabriele Winzer-Moser,BSC St. Georgen 1,Bezirksliga | Landesliga,West | West 1 | West 2,13,0,13,6.46,1281,980,1581,153,1.56,-0.28
8-Ball,Sebastian Mayer,BSV Filderstadt 3 | BSV Filderstadt 4,Bezirksliga | Kreisliga A,Ost 1,10,0,10,6.31,1281,953,1609,167,1.11,-0.28
10-Ball,Thorsten Löffler,BC Dreiländereck 1,Bezirksliga,West 1,7,1,6,5.94,1279,981,1577,152,1.59,-0.28
9-Ball,Lisa Maria Kunz,BSV Pfullingen 5,Kreisliga A,Ost 1,4,0,4,2.19,1278,830,1726,229,0.56,-0.28
all,Joey Isenmann,PBC Offenburg 3 | PBC Offenburg 4 | PBC Offenburg 5,Bezirksliga | Landesliga,West | West 1,34,5,29,24.85,1275,1122,1429,78,6.98,-0.28
league:Bezirksliga,Martin Trippel,PBC Langenargen 2,Bezirksliga,Ost 2,4,0,4,2.88,1274,881,1667,200,0.87,-0.29
9-Ball,Michael Maihöfer,Tübinger BC 2 | Tübinger BC 3,Kreisliga A,Ost 1,5,0,5,3.55,1274,896,1651,193,0.90,-0.29
8-Ball,Andreas Wagner,BC Bad Schussenried 1 | BC Bad Schussenried 2 | BC Bad Schussenried 3 | BC Bad Schussenried 4 | BC Bad Schussenried 5,Bezirksliga | Kreisliga A,Ost 2,16,1,15,9.41,1272,1017,1526,130,2.28,-0.29
8-Ball,Hoai Tu Anh Nguyen,PBC Offenburg 5,Bezirksliga,West 1,6,1,5,5.01,1272,933,1610,173,1.20,-0.29
9-Ball,Thorsten Löffler,BC Dreiländereck 1,Bezirksliga,West 1,7,0,7,5.94,1269,961,1577,157,1.47,-0.29
8-Ball,Michael Leupolz,BC Weingarten 1,Bezirksliga | Kreisliga A,Ost 2,4,0,4,1.72,1268,732,1805,274,0.29,-0.29
all,Hoora Dabbaghian,BC Stuttgart 1891 7,Kreisliga A,Ost 1,2,0,2,2.00,1264,735,1794,270,0.30,-0.30
league:Kreisliga A,Hoora Dabbaghian,BC Stuttgart 1891 7,Kreisliga A,Ost 1,2,0,2,2.00,1264,735,1794,270,0.30,-0.30
league:Kreisliga A,Michael Leupolz,BC Weingarten 1,Kreisliga A,Ost 2,25,0,25,8.80,1263,985,1541,142,1.69,-0.30
8-Ball,Sebastian  Dettling,PBC Bad Saulgau 2 | PBC Bad Saulgau 3,Bezirksliga | Kreisliga A,Ost 2,13,0,13,9.57,1262,1007,1516,130,2.19,-0.30
all,Sebastian Czaja,BSV Filderstadt 5 | BSV Filderstadt 6 | PBC Reutlingen 2 | PBC Reutlingen 3,Kreisliga A,Ost 1 | West 2,18,2,16,7.80,1261,980,1542,143,1.75,-0.30
all,Jagaganmohan Reddy,BC Weingarten 2,Kreisliga A,Ost 2,12,0,12,8.75,1257,995,1520,134,2.05,-0.30
8-Ball,Tanja Falk,BSC Göppingen 3,Kreisliga A,Ost 1,3,0,3,1.22,1257,687,1826,291,0.30,-0.30
9-Ball,Jonas Müller,PBC Offenburg 5,Bezirksliga,West 1,8,0,8,6.78,1254,953,1556,154,1.48,-0.30
league:Bezirksliga,Thorsten Löffler,BC Dreiländereck 1,Bezirksliga,West 1,16,1,15,13.54,1246,1021,1471,115,2.88,-0.31
10-Ball,Jonas Müller,PBC Offenburg 5,Bezirksliga,West 1,10,0,10,8.64,1243,961,1524,144,1.66,-0.31
all,Michael Leupolz,BC Weingarten 1,Bezirksliga | Kreisliga A,Ost 2,26,0,26,9.37,1235,958,1512,141,1.72,-0.32
league:Bezirksliga,Jonas Müller,PBC Offenburg 5,Bezirksliga,West 1,20,0,20,17.16,1230,1015,1444,109,3.06,-0.33
league:Bezirksliga,Daniela Heide,PBC Offenburg 6,Bezirksliga,West 1,11,0,11,9.43,1228,919,1536,157,1.34,-0.33
8-Ball,Fabian Hergesell,P&S Denzlingen 4,Bezirksliga,West 1,7,0,7,6.01,1222,857,1586,186,0.87,-0.33
all,Thorsten Löffler,BC Dreiländereck 1,Bezirksliga,West 1,16,1,15,13.54,1215,990,1440,115,2.91,-0.34
8-Ball,Ronny Gabriel,BC Dreiländereck 1,Bezirksliga,West 1,4,0,4,3.57,1208,804,1612,206,0.90,-0.34
8-Ball,Sebastian Czaja,BSV Filderstadt 5 | BSV Filderstadt 6 | PBC Reutlingen 2 | PBC Reutlingen 3,Kreisliga A,Ost 1 | West 2,9,0,9,3.86,1201,803,1600,203,0.80,-0.35
all,Jonas Müller,PBC Offenburg 5,Bezirksliga,West 1,20,0,20,17.16,1199,984,1413,109,3.09,-0.35
all,Daniela Heide,PBC Offenburg 6,Bezirksliga,West 1,11,0,11,9.43,1196,888,1505,157,1.36,-0.35
8-Ball,Joey Isenmann,PBC Offenburg 3 | PBC Offenburg 4 | PBC Offenburg 5,Bezirksliga | Landesliga,West | West 1,11,1,10,8.49,1193,905,1481,147,1.78,-0.35
league:Kreisliga A,Tanja Falk,BSC Göppingen 2 | BSC Göppingen 3,Kreisliga A,Ost 1,10,0,10,3.64,1181,716,1646,237,0.50,-0.36
8-Ball,Lisa Maria Kunz,BSV Pfullingen 5,Kreisliga A,Ost 1,4,0,4,2.19,1168,642,1695,269,0.37,-0.37
league:Kreisliga A,Lisa Maria Kunz,BSV Pfullingen 5,Kreisliga A,Ost 1,8,0,8,4.38,1168,749,1588,214,0.65,-0.37
8-Ball,Daniela Heide,PBC Offenburg 6,Bezirksliga,West 1,4,0,4,3.42,1164,647,1681,264,0.37,-0.37
all,Tanja Falk,BSC Göppingen 2 | BSC Göppingen 3,Kreisliga A,Ost 1,10,0,10,3.64,1160,694,1626,238,0.51,-0.38
all,Lisa Maria Kunz,BSV Pfullingen 5,Kreisliga A,Ost 1,8,0,8,4.38,1137,717,1557,214,0.66,-0.39
