person_id,pass_nr,display_name,name,clubs,teams,games
n:freilos|BSV Pfullingen,,Freilos (BSV Pfullingen),Freilos,BSV Pfullingen,BSV Pfullingen | BSV Pfullingen 2 | BSV Pfullingen 3 | BSV Pfullingen 4 | BSV Pfullingen 5,534
n:freilos|BC Aalen,,Freilos (BC Aalen),Freilos,BC Aalen,BC Aalen | BC Aalen 2 | BC Aalen 3 | BC Aalen 4 | BC Aalen 5,450
n:freilos|PBC Bietigheim-Bissingen,,Freilos (PBC Bietigheim-Bissingen),Freilos,PBC Bietigheim-Bissingen,PBC Bietigheim-Bissingen | PBC Bietigheim-Bissingen 2 | PBC Bietigheim-Bissingen 3 | PBC Bietigheim-Bissingen 4,360
n:freilos|TV Cannstatt,,Freilos (TV Cannstatt),Freilos,TV Cannstatt,TV Cannstatt | TV Cannstatt 2 | TV Cannstatt 3,332
n:freilos|BC Ludwigsburg,,Freilos (BC Ludwigsburg),Freilos,BC Ludwigsburg,BC Ludwigsburg | BC Ludwigsburg 2 | BC Ludwigsburg 3 | BC Ludwigsburg 4 | BC Ludwigsburg 5,324
n:freilos|PBC Aalen,,Freilos (PBC Aalen),Freilos,PBC Aalen,PBC Aalen | PBC Aalen 2 | PBC Aalen 3,322
n:freilos|Tübinger BC,,Freilos (Tübinger BC),Freilos,Tübinger BC,Tübinger BC | Tübinger BC 2 | Tübinger BC 3,316
n:freilos|BSV Filderstadt,,Freilos (BSV Filderstadt),Freilos,BSV Filderstadt,BSV Filderstadt | BSV Filderstadt 2 | BSV Filderstadt 3 | BSV Filderstadt 4 | BSV Filderstadt 5 | BSV Filderstadt 6,296
n:freilos|PBC Schwäbisch-Gmünd,,Freilos (PBC Schwäbisch-Gmünd),Freilos,PBC Schwäbisch-Gmünd,PBC Schwäbisch-Gmünd | PBC Schwäbisch-Gmünd 2 | PBC Schwäbisch-Gmünd 3 | PBC Schwäbisch-Gmünd 4,296
n:freilos|PF Calw,,Freilos (PF Calw),Freilos,PF Calw,PF Calw | PF Calw 2 | PF Calw 3 | PF Calw 4,296
n:freilos|PBC Reutlingen,,Freilos (PBC Reutlingen),Freilos,PBC Reutlingen,PBC Reutlingen | PBC Reutlingen 2 | PBC Reutlingen 3,282
n:freilos|PBC Waghäusel,,Freilos (PBC Waghäusel),Freilos,PBC Waghäusel,PBC Waghäusel | PBC Waghäusel 2 | PBC Waghäusel 3 | PBC Waghäusel 4,280
n:freilos|PBC Bräunlingen,,Freilos (PBC Bräunlingen),Freilos,PBC Bräunlingen,PBC Bräunlingen | PBC Bräunlingen 2 | PBC Bräunlingen 3 | PBC Bräunlingen 4,276
n:freilos|PBC Bad Saulgau,,Freilos (PBC Bad Saulgau),Freilos,PBC Bad Saulgau,PBC Bad Saulgau 2 | PBC Bad Saulgau 3 | PBC Bad Saulgau 4 | PBC Bad Saulgau 5 | PBC Bad Saulgau 6 | PBC Bad Saulgau 7,268
n:freilos|PP Böblingen,,Freilos (PP Böblingen),Freilos,PP Böblingen,PP Böblingen | PP Böblingen 2 | PP Böblingen 3,268
n:freilos|BC Sindelfingen,,Freilos (BC Sindelfingen),Freilos,BC Sindelfingen,BC Sindelfingen 2 | BC Sindelfingen 3 | BC Sindelfingen 4 | BC Sindelfingen 5,258
p:103289,103289,Ingo Nassall,Ingo Nassall,BV Pforzheim | PBC Rastatt,BV Pforzheim 1 | PBC Rastatt 1 | PBC Rastatt 2 | PBC Rastatt 3,254
p:250306,250306,Luigi Sarullo,Luigi Sarullo,JS Mingolsheim | PBDC Kämpfelbach,JS Mingolsheim 1 | PBDC Kämpfelbach 1,252
n:freilos|BC Fellbach,,Freilos (BC Fellbach),Freilos,BC Fellbach,BC Fellbach | BC Fellbach 2 | BC Fellbach 3,248
n:freilos|BSC Göppingen,,Freilos (BSC Göppingen),Freilos,BSC Göppingen,BSC Göppingen | BSC Göppingen 2 | BSC Göppingen 3 | BSC Göppingen 4,244
p:100825,100825,Michael Diedrich,Michael Diedrich,PBC Sand,PBC Sand 1,244
n:freilos|PBC Nagoldtal,,Freilos (PBC Nagoldtal),Freilos,PBC Nagoldtal,PBC Nagoldtal | PBC Nagoldtal 2 | PBC Nagoldtal 3 | PBC Nagoldtal 4,238
p:101856,101856,Bianca Heneka,Bianca Heneka,PBC Bruchsal,PBC Bruchsal 1 | PBC Bruchsal 2,234
p:104685,104685,Machmut Turan,Machmut Turan,BC Sindelfingen | PBC Nagoldtal,BC Sindelfingen 2 | BC Sindelfingen 3 | PBC Nagoldtal 1 | PBC Nagoldtal 2,234
p:355443,355443,Michael Reich,Michael Reich,BC Sindelfingen,BC Sindelfingen 4 | BC Sindelfingen 5 | BC Sindelfingen 6,234
p:102278,102278,Andreas Keilmann,Andreas Keilmann,BC Sindelfingen | PBC Freudenstadt,BC Sindelfingen 3 | BC Sindelfingen 5 | PBC Freudenstadt 1,231
p:242971,242971,Selim Güzel,Selim Güzel,PP Böblingen,PP Böblingen 1 | PP Böblingen 2,221
n:freilos|BC Weingarten,,Freilos (BC Weingarten),Freilos,BC Weingarten,BC Weingarten | BC Weingarten 2 | BC Weingarten 3 | BC Weingarten 4,220
n:freilos|BSV Weinheim,,Freilos (BSV Weinheim),Freilos,BSV Weinheim,BSV Weinheim | BSV Weinheim 2 | BSV Weinheim 3 | BSV Weinheim 4 | BSV Weinheim 5 | BSV Weinheim 6,220
p:368015,368015,Stefan Sock,Stefan Sock,BC Bad Schussenried,BC Bad Schussenried 1,219
p:100972,100972,Benjamin Eiberger,Benjamin Eiberger,BV Pforzheim,BV Pforzheim 1 | BV Pforzheim 2,218
n:freilos|BBV Mannheim,,Freilos (BBV Mannheim),Freilos,BBV Mannheim,BBV Mannheim | BBV Mannheim 2 | BBV Mannheim 3 | BBV Mannheim 4 | BBV Mannheim 5,218
p:249145,249145,Drazen Smolcic,Drazen Smolcic,PBC Sand,PBC Sand 1,217
p:101289,101289,Thomas Gäckle,Thomas Gäckle,PF Calw,PF Calw 1 | PF Calw 2,213
p:104844,104844,Rolf Waible,Rolf Waible,PBC Bruchsal,PBC Bruchsal 1,210
p:367934,367934,Andreas Loderer,Andreas Loderer,BC Bad Schussenried,BC Bad Schussenried 1,208
p:101476,101476,Christian Gremmelspacher,Christian Gremmelspacher,PBC Sand,PBC Sand 1,208
n:freilos|BULL Leonberg-Höfingen,,Freilos (BULL Leonberg-Höfingen),Freilos,BULL Leonberg-Höfingen,BULL Leonberg-Höfingen | BULL Leonberg-Höfingen 2 | BULL Leonberg-Höfingen 3,204
p:105217,105217,Karl-Heinz Zimmermann,Karl-Heinz Zimmermann,PBV Schwetzingen,PBV Schwetzingen 3 | PBV Schwetzingen 4 | PBV Schwetzingen 5,203
n:freilos|Fastbreakers Karlsruhe,,Freilos (Fastbreakers Karlsruhe),Freilos,Fastbreakers Karlsruhe,Fastbreakers Karlsruhe | Fastbreakers Karlsruhe 2 | Fastbreakers Karlsruhe 3 | Fastbreakers Karlsruhe 5,202
n:freilos|PBC Schwäbisch Gmünd,,Freilos (PBC Schwäbisch Gmünd),Freilos,PBC Schwäbisch Gmünd,PBC Schwäbisch Gmünd | PBC Schwäbisch Gmünd 2 | PBC Schwäbisch Gmünd 3,200
p:104767,104767,Celina Visconti,Celina Visconti,PBV Schwetzingen,PBV Schwetzingen 3 | PBV Schwetzingen 4,199
p:246024,246024,Denis Mnich,Denis Mnich,BC Sindelfingen,BC Sindelfingen 2 | BC Sindelfingen 3 | BC Sindelfingen 4 | BC Sindelfingen 5,199
p:101192,101192,Ronny Frank,Ronny Frank,BSV Tiengen,BSV Tiengen 2 | BSV Tiengen 3,198
p:101803,101803,Michael Heneka,Michael Heneka,PBC Bruchsal,PBC Bruchsal 1,197
n:freilos|PBC Offenburg,,Freilos (PBC Offenburg),Freilos,PBC Offenburg,PBC Offenburg | PBC Offenburg 2 | PBC Offenburg 3 | PBC Offenburg 4,196
n:freilos|Jump Shot Mingolsheim,,Freilos (Jump Shot Mingolsheim),Freilos,Jump Shot Mingolsheim,Jump Shot Mingolsheim | Jump Shot Mingolsheim 2 | Jump Shot Mingolsheim 3,194
p:367988,367988,Markus Wörner,Markus Wörner,JS Mingolsheim,JS Mingolsheim 2 | JS Mingolsheim 3,194
p:104309,104309,Carmen Leiser,Carmen Leiser,Mannheimer BF | PBC Bruchsal,Mannheimer BF 1 | Mannheimer BF 2 | PBC Bruchsal 1 | PBC Bruchsal 3,193
n:freilos|PBC Fr. Lampertheim,,Freilos (PBC Fr. Lampertheim),Freilos,PBC Fr. Lampertheim,PBC Fr. Lampertheim | PBC Fr. Lampertheim 2 | PBC Fr. Lampertheim 3,192
n:freilos|PBC Ochsenhausen,,Freilos (PBC Ochsenhausen),Freilos,PBC Ochsenhausen,PBC Ochsenhausen | PBC Ochsenhausen 2 | PBC Ochsenhausen 3,192
p:240510,240510,Sven Wezstein,Sven Wezstein,PBC Bietigheim-Bissingen,PBC Bietigheim-Bissingen 1 | PBC Bietigheim-Bissingen 2 | PBC Bietigheim-Bissingen 3,191
p:240155,240155,Andreas Wittmeier,Andreas Wittmeier,BV Pforzheim,BV Pforzheim 1 | BV Pforzheim 2,190
p:103183,103183,Berthold Moser,Berthold Moser,PBC Bräunlingen,PBC Bräunlingen 1,190
p:247955,247955,David Galwas,David Galwas,PBC Freudenstadt,PBC Freudenstadt 1 | PBC Freudenstadt 2,188
n:freilos|BV Pforzheim,,Freilos (BV Pforzheim),Freilos,BV Pforzheim,BV Pforzheim | BV Pforzheim 2 | BV Pforzheim 3 | BV Pforzheim 4,188
p:368474,368474,Dieter Neumann,Dieter Neumann,Pool Knights Bensheim,Pool Knights Bensheim 1 | Pool Knights Bensheim 2,184
p:104109,104109,Uwe Schmidt,Uwe Schmidt,BC Stuttgart 1891 | BF Bruchsal | BV Pforzheim,BC Stuttgart 1891 3 | BF Bruchsal 1 | BV Pforzheim 1 | BV Pforzheim 2 | BV Pforzheim 4,184
p:111963,111963,Bernd Woitanowski,Bernd Woitanowski,JS Mingolsheim | PBC Waghäusel,JS Mingolsheim 1 | PBC Waghäusel 2,183
p:103925,103925,Sascha Sauer,Sascha Sauer,BSV Filderstadt,BSV Filderstadt 1 | BSV Filderstadt 2 | BSV Filderstadt 3 | BSV Filderstadt 4,183
p:103617,103617,Detlef Ratz,Detlef Ratz,PBDC Kämpfelbach | Poolsharks Bruchsal,PBDC Kämpfelbach 1 | Poolsharks Bruchsal 1,182
p:244727,244727,Fabian Snijder,Fabian Snijder,Mannheimer BF,Mannheimer BF 1,182
p:100039,100039,Erdal Akinci,Erdal Akinci,PBC Bad Saulgau,PBC Bad Saulgau 1,181
p:103634,103634,Stephan Rech-Linker,Stephan Rech-Linker,BC Sindelfingen,BC Sindelfingen 3 | BC Sindelfingen 4 | BC Sindelfingen 5,177
p:252010,252010,Long Werner,Long Werner,BF Bruchsal | BV Pforzheim | CC Karlsruhe,BF Bruchsal 1 | BV Pforzheim 1 | BV Pforzheim 2 | CC Karlsruhe 1 | CC Karlsruhe 3,176
p:368381,368381,Pavlos Dadakos,Pavlos Dadakos,PBC Reutlingen,PBC Reutlingen 1,176
p:100904,100904,Martin Doster,Martin Doster,BSC Göppingen,BSC Göppingen 1 | BSC Göppingen 2,175
p:354558,354558,Angelika Kaune,Angelika Kaune,Mannheimer BF,Mannheimer BF 3 | Mannheimer BF 4,174
p:101114,101114,Gordon Fenske,Gordon Fenske,PBDC Kämpfelbach | PP Karlsbad,PBDC Kämpfelbach 1 | PP Karlsbad 1,174
p:240239,240239,Ivan Mikulic,Ivan Mikulic,PBC Waghäusel,PBC Waghäusel 2 | PBC Waghäusel 3,174
p:101745,101745,Rainer Heilmann,Rainer Heilmann,BSV Tiengen,BSV Tiengen 3 | BSV Tiengen 4,174
p:242787,242787,Rainer Hermann,Rainer Hermann,BSC Göppingen,BSC Göppingen 1 | BSC Göppingen 2,174
p:368093,368093,Andreas Zillmann,Andreas Zillmann,PP Böblingen,PP Böblingen 1 | PP Böblingen 2 | PP Böblingen 3,173
p:104206,104206,Anton Schubert,Anton Schubert,PBC Ochsenhausen,PBC Ochsenhausen 1 | PBC Ochsenhausen 2 | PBC Ochsenhausen 3,172
n:freilos|PBC Schwäbisch-Hall,,Freilos (PBC Schwäbisch-Hall),Freilos,PBC Schwäbisch-Hall,PBC Schwäbisch-Hall | PBC Schwäbisch-Hall 2,172
p:368224,368224,Hakan Söyler,Hakan Söyler,BC Sindelfingen | PBC Nagoldtal,BC Sindelfingen 7 | PBC Nagoldtal 1 | PBC Nagoldtal 2,172
p:101390,101390,Marco Giusa,Marco Giusa,PBC Bietigheim-Bissingen | TV Cannstatt,PBC Bietigheim-Bissingen 1 | PBC Bietigheim-Bissingen 2 | TV Cannstatt 1 | TV Cannstatt 2,172
p:252039,252039,Dany Baron,Dany Baron,PP Böblingen | TV Cannstatt,PP Böblingen 1 | TV Cannstatt 1 | TV Cannstatt 2,171
p:249124,249124,Joshua Armbruster,Joshua Armbruster,PBC Freudenstadt,PBC Freudenstadt 1 | PBC Freudenstadt 2,171
n:freilos|PBC Bruchsal,,Freilos (PBC Bruchsal),Freilos,PBC Bruchsal,PBC Bruchsal | PBC Bruchsal 2 | PBC Bruchsal 3,170
p:157455,157455,Norbert Rollbühler,Norbert Rollbühler,BC Aalen | PBC Schwäbisch Hall,BC Aalen 2 | PBC Schwäbisch Hall 1,170
p:101485,101485,Ralf Grießhaber,Ralf Grießhaber,BV Villingen-Schwenningen,BV Villingen-Schwenningen 1,169
p:367987,367987,Mike Walter,Mike Walter,JS Mingolsheim,JS Mingolsheim 2 | JS Mingolsheim 3,168
p:100638,100638,Adrian Cabanillas Lora,Adrian Cabanillas Lora,BSV Shooters Fellbach | PBC Aalen | TV Cannstatt,BSV Shooters Fellbach 1 | PBC Aalen 1 | TV Cannstatt 1 | TV Cannstatt 2,167
p:353408,353408,Christopher Hopp,Christopher Hopp,BC Sindelfingen,BC Sindelfingen 2 | BC Sindelfingen 3 | BC Sindelfingen 4 | BC Sindelfingen 5,166
p:104376,104376,Darius Skowronek,Darius Skowronek,BF Bruchsal | CC Karlsruhe,BF Bruchsal 1 | CC Karlsruhe 1 | CC Karlsruhe 3,166
n:freilos|PBC Waldbronn-Karlsbad,,Freilos (PBC Waldbronn-Karlsbad),Freilos,PBC Waldbronn-Karlsbad,PBC Waldbronn-Karlsbad | PBC Waldbronn-Karlsbad 2 | PBC Waldbronn-Karlsbad 3 | PBC Waldbronn-Karlsbad 4,166
p:101671,101671,Markus Hardtke,Markus Hardtke,,,166
p:103930,103930,Eberhard Sauter,Eberhard Sauter,PBC Freudenstadt,PBC Freudenstadt 1 | PBC Freudenstadt 2 | PBC Freudenstadt 3,165
p:355803,355803,Randee Ramzi Yalda,Randee Ramzi Yalda,BSV Pfullingen,BSV Pfullingen 1,165
p:250878,250878,Patrick Mungiuri,Patrick Mungiuri,BULL Leonberg-Höfingen | BV Pforzheim,BULL Leonberg-Höfingen 1 | BV Pforzheim 1 | BV Pforzheim 2,163
p:367986,367986,Vanja Nikolic,Vanja Nikolic,BC Sindelfingen,BC Sindelfingen 2 | BC Sindelfingen 3 | BC Sindelfingen 5,163
p:105043,105043,Dirk Windecker,Dirk Windecker,BBV Mannheim,BBV Mannheim 1 | BBV Mannheim 2 | BBV Mannheim 3,162
p:351635,351635,Robert Klinec,Robert Klinec,Mannheimer BF,Mannheimer BF 2 | Mannheimer BF 3,162
p:101994,101994,Gerd Hörrmann,Gerd Hörrmann,PBC Rastatt | PP Karlsbad,PBC Rastatt 1 | PP Karlsbad 1,161
p:101538,101538,Bülent Güler,Bülent Güler,BBV Mannheim,BBV Mannheim 1 | BBV Mannheim 2,160
p:252901,252901,Evi Leder,Evi Leder,CC Karlsruhe | PBC Bruchsal | PP Karlsbad,CC Karlsruhe 3 | PBC Bruchsal 3 | PP Karlsbad 1 | PP Karlsbad 2,160
n:freilos|BSV Nürtingen,,Freilos (BSV Nürtingen),Freilos,BSV Nürtingen,BSV Nürtingen | BSV Nürtingen 2 | BSV Nürtingen 3 | BSV Nürtingen 4 | BSV Nürtingen 5 | BSV Nürtingen 6,160
p:356369,356369,Alexander Fischer,Alexander Fischer,Tübinger BC,Tübinger BC | Tübinger BC 1 | Tübinger BC 2,159
p:356371,356371,Jonny Knapp,Jonny Knapp,BC Neckarsulm,BC Neckarsulm 2 | BC Neckarsulm 3,159
p:123146,123146,Markus Rütten,Markus Rütten,BC Dreiländereck,BC Dreiländereck 1,159
p:104635,104635,Raphael Titzmann,Raphael Titzmann,BSV Filderstadt,BSV Filderstadt 1 | BSV Filderstadt 2 | BSV Filderstadt 3 | BSV Filderstadt 4,158
p:101672,101672,Matthias Hardtke,Matthias Hardtke,,,157
p:367912,367912,Nikolaos Seristatidis,Nikolaos Seristatidis,PP Böblingen | Tübinger BC,PP Böblingen 2 | Tübinger BC | Tübinger BC 1 | Tübinger BC 2,157
p:252214,252214,Pascal Sanna,Pascal Sanna,PBC Freudenstadt,PBC Freudenstadt 1 | PBC Freudenstadt 3,157
p:102759,102759,Harald Leder,Harald Leder,CC Karlsruhe | PBC Bruchsal | PP Karlsbad,CC Karlsruhe 3 | PBC Bruchsal 3 | PP Karlsbad 1 | PP Karlsbad 2,156
p:249310,249310,Nic Woywodt,Nic Woywodt,PBC Nagoldtal,PBC Nagoldtal 1,156
p:121877,121877,Peter Link,Peter Link,BC Feuersee | BSV Shooters Fellbach | TV Cannstatt,BC Feuersee 1 | BC Feuersee 2 | BSV Shooters Fellbach 2 | TV Cannstatt 1,156
p:105193,105193,Marco Zieger,Marco Zieger,PBC Waghäusel,PBC Waghäusel 2 | PBC Waghäusel 3,155
p:349790,349790,Wadea Al Mahamid,Wadea Al Mahamid,Tübinger BC,Tübinger BC | Tübinger BC 1 | Tübinger BC 2,155
p:368079,368079,Christian Würthwein,Christian Würthwein,PBV Schwetzingen,PBV Schwetzingen 4 | PBV Schwetzingen 5,154
p:102694,102694,Daniel La Cognata,Daniel La Cognata,BC Sindelfingen | PBC Nagoldtal,BC Sindelfingen 4 | BC Sindelfingen 5 | PBC Nagoldtal 2,154
p:248769,248769,Marius-Daniel Grigore-Martini,Marius-Daniel Grigore-Martini,BSV Pfullingen | PBC Reutlingen,BSV Pfullingen 1 | PBC Reutlingen 1 | PBC Reutlingen 2 | PBC Reutlingen 3,154
p:103479,103479,Andreas Pauling,Andreas Pauling,BC Stuttgart 1891,BC Stuttgart 1891 2,153
p:245948,245948,Aryan Dayyani,Aryan Dayyani,BC Dätzingen | PF Calw,BC Dätzingen 1 | PF Calw 2,152
p:105234,105234,Daniel Zmalec,Daniel Zmalec,PBC Bietigheim-Bissingen,PBC Bietigheim-Bissingen 1 | PBC Bietigheim-Bissingen 2,152
p:100791,100791,Giuseppe Dellaquercia,Giuseppe Dellaquercia,PBC Bietigheim-Bissingen,PBC Bietigheim-Bissingen 1 | PBC Bietigheim-Bissingen 2 | PBC Bietigheim-Bissingen 3,152
p:240242,240242,Mirsad Sabic,Mirsad Sabic,PBC Waghäusel,PBC Waghäusel 2 | PBC Waghäusel 3 | PBC Waghäusel 4,152
p:100124,100124,Ottmar Auzinger,Ottmar Auzinger,PBC Ochsenhausen,PBC Ochsenhausen 1,152
p:253141,253141,Timur Susuz,Timur Susuz,BC Aalen | PBC Aalen,BC Aalen 3 | BC Aalen 4 | PBC Aalen 2,152
p:100773,100773,Fiorenzo De Nuzzo,Fiorenzo De Nuzzo,BV Pforzheim,BV Pforzheim 1 | BV Pforzheim 2,151
p:350683,350683,Kevin Wetzel,Kevin Wetzel,BC Dallau,BC Dallau 1 | BC Dallau 2,151
p:103143,103143,Benny-Michel Mildenberger,Benny-Michel Mildenberger,BF Bruchsal,BF Bruchsal 1,150
p:239646,239646,Susanne Schweter,Susanne Schweter,BBV Mannheim,BBV Mannheim 1 | BBV Mannheim 2 | BBV Mannheim 3,150
p:242976,242976,Anastasios Kagelidis,Anastasios Kagelidis,PP Böblingen,PP Böblingen 1 | PP Böblingen 2,149
p:102502,102502,Viktor König,Viktor König,BF Weinheim-Viernheim,BF Weinheim-Viernheim 1 | BF Weinheim-Viernheim 2 | BF Weinheim-Viernheim 3,149
p:104101,104101,Peter Schmidt,Peter Schmidt,BSV Tiengen,BSV Tiengen 2 | BSV Tiengen 3 | BSV Tiengen 4,148
p:101550,101550,Christoph Günthner,Christoph Günthner,CC Karlsruhe | PBC Bruchsal,CC Karlsruhe 1 | CC Karlsruhe 2 | PBC Bruchsal 1,147
p:105103,105103,Dieter Wolk,Dieter Wolk,BF Weinheim-Viernheim,BF Weinheim-Viernheim 1 | BF Weinheim-Viernheim 2 | BF Weinheim-Viernheim 3 | BF Weinheim-Viernheim 4,147
p:367913,367913,Jürgen Baumgärtner,Jürgen Baumgärtner,BC Aalen,BC Aalen 2,147
p:103444,103444,Sercan Özdemir,Sercan Özdemir,PP Böblingen,PP Böblingen 1,147
p:100945,100945,Stefan Duttlinger,Stefan Duttlinger,BSV Tiengen,BSV Tiengen 1 | BSV Tiengen 2,147
p:104541,104541,Alexander Striker,Alexander Striker,BC Sindelfingen | PF Calw,BC Sindelfingen 3 | PF Calw 1,146
p:104803,104803,Frank Vorauer,Frank Vorauer,PBC Nagoldtal,PBC Nagoldtal 1,146
n:freilos|CC Karlsruhe,,Freilos (CC Karlsruhe),Freilos,CC Karlsruhe,CC Karlsruhe | CC Karlsruhe 2 | CC Karlsruhe 4,146
p:242963,242963,Marco Warlies,Marco Warlies,PF Calw,PF Calw 1,146
p:101317,101317,Frank Gebert,Frank Gebert,BC Blaustein | BSV Filderstadt,BC Blaustein 1 | BSV Filderstadt 2 | BSV Filderstadt 3,144
p:228904,228904,Tobias Hirt,Tobias Hirt,BC Sindelfingen | PBC Bad Saulgau,BC Sindelfingen 3 | BC Sindelfingen 4 | BC Sindelfingen 5 | PBC Bad Saulgau 2,144
p:252865,252865,Axel Eberle,Axel Eberle,PBDC Kämpfelbach | Poolsharks Bruchsal,PBDC Kämpfelbach 1 | Poolsharks Bruchsal 1,143
p:368044,368044,Jörg Wolf,Jörg Wolf,BC Dreiländereck | PBC Offenburg,BC Dreiländereck 2 | PBC Offenburg 3 | PBC Offenburg 4 | PBC Offenburg 6,143
p:251815,251815,Kevin Adamczyk,Kevin Adamczyk,BC Aalen,BC Aalen 2 | BC Aalen 3 | BC Aalen 4 | BC Aalen 5,142
p:101574,101574,Michael Haag,Michael Haag,PBC Nagoldtal,PBC Nagoldtal 1 | PBC Nagoldtal 2 | PBC Nagoldtal 3 | PBC Nagoldtal 4,142
p:228713,228713,Erich Wohllaib,Erich Wohllaib,PBC Ochsenhausen,PBC Ochsenhausen 1 | PBC Ochsenhausen 2 | PBC Ochsenhausen 3,141
p:101737,101737,Svenja Schwarzkopf,Svenja Schwarzkopf,BV Villingen-Schwenningen,BV Villingen-Schwenningen 1 | BV Villingen-Schwenningen 2,141
p:103858,103858,Dieter Ruck,Dieter Ruck,BSF Kurpfalz,BSF Kurpfalz 2 | BSF Kurpfalz 3,139
p:354685,354685,Joachim Luft,Joachim Luft,PBC Bietigheim-Bissingen,PBC Bietigheim-Bissingen 2 | PBC Bietigheim-Bissingen 3 | PBC Bietigheim-Bissingen 4,139
n:freilos|BC Neckarsulm,,Freilos (BC Neckarsulm),Freilos,BC Neckarsulm,BC Neckarsulm | BC Neckarsulm 2 | BC Neckarsulm 3,138
n:freilos|BSV Tiengen,,Freilos (BSV Tiengen),Freilos,BSV Tiengen,BSV Tiengen | BSV Tiengen 3 | BSV Tiengen 4 | BSV Tiengen 5,138
p:102294,102294,Ralf Kempermann,Ralf Kempermann,JS Mingolsheim | PBV Schwetzingen,JS Mingolsheim 1 | PBV Schwetzingen 3 | PBV Schwetzingen 4,138
p:355824,355824,Tobias Abt,Tobias Abt,BC Bad Schussenried | PBC Bad Saulgau,BC Bad Schussenried 2 | BC Bad Schussenried 3 | BC Bad Schussenried 4 | BC Bad Schussenried 5 | PBC Bad Saulgau 2 | PBC Bad Saulgau 3,138
p:368490,368490,Alexander Kocher,Alexander Kocher,PBV Schwetzingen | Pool Knights Bensheim,PBV Schwetzingen 4 | Pool Knights Bensheim 1,137
p:368012,368012,Birger Tesnau,Birger Tesnau,BC Feuersee | BC Stuttgart 1891,BC Feuersee 1 | BC Feuersee 2 | BC Stuttgart 1891 2,137
p:353038,353038,Brigitte Uhrig,Brigitte Uhrig,Mannheimer BF,Mannheimer BF 3 | Mannheimer BF 4 | Mannheimer BF 5,137
p:104507,104507,Florian Stojanoski,Florian Stojanoski,PBV Schwetzingen,PBV Schwetzingen 3 | PBV Schwetzingen 4,137
p:104761,104761,Goncalo Vieira Manies,Goncalo Vieira Manies,PF Calw,PF Calw 1,137
p:242747,242747,Thomas Mooshammer,Thomas Mooshammer,PP Böblingen,PP Böblingen 1 | PP Böblingen 2,137
n:freilos|unassigned,,Freilos (unassigned),Freilos,,,136
p:245692,245692,Harun Ahmadi,Harun Ahmadi,PP Karlsbad,PP Karlsbad 1 | PP Karlsbad 2,136
p:102013,102013,Marco Huber,Marco Huber,BV Pforzheim,BV Pforzheim 1 | BV Pforzheim 2 | BV Pforzheim 3,136
p:253265,253265,Simon Kemmerling,Simon Kemmerling,PBC Bräunlingen,PBC Bräunlingen 1 | PBC Bräunlingen 2,136
p:102603,102603,Stanislaw Kretz,Stanislaw Kretz,BV Pforzheim,BV Pforzheim 1,136
p:245634,245634,Florian Staud,Florian Staud,PBC Nagoldtal,PBC Nagoldtal 1,135
p:248690,248690,Ralf Bachert,Ralf Bachert,PBC Bietigheim-Bissingen,PBC Bietigheim-Bissingen 2 | PBC Bietigheim-Bissingen 3 | PBC Bietigheim-Bissingen 4,135
p:242731,242731,Dirk Schäfauer,Dirk Schäfauer,BC Dallau | BC Neckarsulm,BC Dallau 2 | BC Neckarsulm 2 | BC Neckarsulm 3,134
p:355791,355791,Fabian Durst,Fabian Durst,P&S Denzlingen | PBC Offenburg,P&S Denzlingen 1 | PBC Offenburg 3 | PBC Offenburg 5,134
p:239637,239637,Irina Killian,Irina Killian,BBV Mannheim,BBV Mannheim 2 | BBV Mannheim 3,134
p:367989,367989,Martin Reinhardt,Martin Reinhardt,PBC Ochsenhausen,PBC Ochsenhausen 1 | PBC Ochsenhausen 2,134
p:366767,366767,Miodrag Adrian Caravila,Miodrag Adrian Caravila,BSV Pfullingen | PBC Reutlingen,BSV Pfullingen 1 | BSV Pfullingen 2 | PBC Reutlingen 1 | PBC Reutlingen 2,134
p:101556,101556,Bülent Gürkan,Bülent Gürkan,BBV Mannheim,BBV Mannheim 1 | BBV Mannheim 2,133
p:244943,244943,Peggy Eisele,Peggy Eisele,BC Sindelfingen | BSV Filderstadt | PBC Reutlingen,BC Sindelfingen 5 | BC Sindelfingen 6 | BSV Filderstadt 3 | PBC Reutlingen 2,133
p:368579,368579,Sebastian Scherbinin,Sebastian Scherbinin,PBC Freudenstadt,PBC Freudenstadt 1 | PBC Freudenstadt 2 | PBC Freudenstadt 3,133
p:101654,101654,Thomas Handler,Thomas Handler,BC Feuersee | BV Leonberg,BC Feuersee 1 | BC Feuersee 2 | BV Leonberg 1,133
p:240240,240240,Hassan Najjar,Hassan Najjar,PBC Waghäusel,PBC Waghäusel 2 | PBC Waghäusel 3,132
p:102948,102948,Rolf Mangelsdorf,Rolf Mangelsdorf,BSV Tiengen,BSV Tiengen 1,132
p:100616,100616,Zeljko Burmazovic,Zeljko Burmazovic,PBC Schwäbisch Hall,PBC Schwäbisch Hall 1,132
p:367948,367948,Flaviano Gabriele,Flaviano Gabriele,BC Bad Schussenried,BC Bad Schussenried 1 | BC Bad Schussenried 2,131
p:353633,353633,Jürgen Götting,Jürgen Götting,BF Bruchsal | JS Mingolsheim,BF Bruchsal 1 | BF Bruchsal 2 | JS Mingolsheim 2 | JS Mingolsheim 3,131
p:103087,103087,Markus Merz,Markus Merz,BSF Kurpfalz,BSF Kurpfalz 2 | BSF Kurpfalz 3,131
p:239641,239641,Sascha Pick,Sascha Pick,BBV Mannheim,BBV Mannheim 1 | BBV Mannheim 2 | BBV Mannheim 3,131
p:368207,368207,Calvin Waldecker,Calvin Waldecker,CC Karlsruhe | PBC Rastatt,CC Karlsruhe 1 | CC Karlsruhe 2 | PBC Rastatt 1,130
p:353143,353143,Martin Repp,Martin Repp,BC Sindelfingen,BC Sindelfingen 5 | BC Sindelfingen 6,130
p:239638,239638,Michael Killian,Michael Killian,BBV Mannheim,BBV Mannheim 2 | BBV Mannheim 3,130
p:353889,353889,Bruno Miletic,Bruno Miletic,BC Dreiländereck,BC Dreiländereck 1,129
p:368051,368051,Edin Porcic,Edin Porcic,BC Feuersee | BULL Leonberg-Höfingen,BC Feuersee 1 | BC Feuersee 2 | BULL Leonberg-Höfingen 1,129
p:240243,240243,Andree Säubert,Andree Säubert,PBC Waghäusel,PBC Waghäusel 1 | PBC Waghäusel 2 | PBC Waghäusel 3 | PBC Waghäusel 4,128
p:104971,104971,Björn Welte,Björn Welte,PBC Bräunlingen,PBC Bräunlingen 1 | PBC Bräunlingen 2,128
p:368540,368540,Haydar Chehade,Haydar Chehade,BBV Mannheim | Mannheimer BF,BBV Mannheim 1 | BBV Mannheim 2 | Mannheimer BF 2,128
p:103573,103573,Marc Proissl,Marc Proissl,PBV Schwetzingen | Pool Knights Bensheim,PBV Schwetzingen 3 | Pool Knights Bensheim 1,128
p:242907,242907,Patrick Lauinger,Patrick Lauinger,PBC Rastatt,PBC Rastatt 1 | PBC Rastatt 2 | PBC Rastatt 3,128
p:250899,250899,Rouven Elischer,Rouven Elischer,BC Neckarsulm,BC Neckarsulm 1 | BC Neckarsulm 2,128
p:104607,104607,Steven Thieltges,Steven Thieltges,PBC Bietigheim-Bissingen,PBC Bietigheim-Bissingen 1 | PBC Bietigheim-Bissingen 2,128
p:242808,242808,Thorsten Mohr,Thorsten Mohr,BSV Konstanz,BSV Konstanz 1,128
p:104746,104746,Alexandros Vassiliadis,Alexandros Vassiliadis,PBC Aalen,PBC Aalen 1 | PBC Aalen 2,127
p:356203,356203,Ali Tinoush,Ali Tinoush,PBV Schwetzingen,PBV Schwetzingen 5 | PBV Schwetzingen 6 | PBV Schwetzingen 7,127
p:366458,366458,Besim Rama,Besim Rama,BC Neckarsulm,BC Neckarsulm 2 | BC Neckarsulm 3,127
p:245260,245260,Necmi Kolbasar,Necmi Kolbasar,PBC Bietigheim-Bissingen | PP Böblingen,PBC Bietigheim-Bissingen 1 | PBC Bietigheim-Bissingen 2 | PP Böblingen 1,127
p:103076,103076,Ralf Mergel,Ralf Mergel,BF Bruchsal,BF Bruchsal 1 | BF Bruchsal 2,127
p:102645,102645,Stefan Künzl,Stefan Künzl,BC Sindelfingen | BSV Shooters Fellbach,BC Sindelfingen 2 | BC Sindelfingen 3 | BC Sindelfingen 4 | BSV Shooters Fellbach 1,127
p:368423,368423,Stefanie Brakopp,Stefanie Brakopp,PBC Nagoldtal,PBC Nagoldtal 1 | PBC Nagoldtal 2 | PBC Nagoldtal 3,127
p:367853,367853,Jörg Leiser,Jörg Leiser,Mannheimer BF | PBC Bruchsal,Mannheimer BF 2 | Mannheimer BF 3 | PBC Bruchsal 1 | PBC Bruchsal 2,126
p:104742,104742,Luis Varon Marques,Luis Varon Marques,TV Cannstatt,TV Cannstatt 1 | TV Cannstatt 3 | TV Cannstatt 4,126
p:105122,105122,Michael Würz,Michael Würz,BC Dallau,BC Dallau 1 | BC Dallau 2,126
p:104625,104625,Peter Thurm,Peter Thurm,PBC Bruchsal,PBC Bruchsal 2,126
p:103558,103558,Benjamin Pran,Benjamin Pran,BC Neckarsulm,BC Neckarsulm 1,125
p:350617,350617,Christian Späthe,Christian Späthe,PBC Langenargen,PBC Langenargen 1 | PBC Langenargen 2 | PBC Langenargen 3,125
p:104287,104287,Oliver Schwertschlager,Oliver Schwertschlager,BC Stuttgart 1891,BC Stuttgart 1891 2,125
p:368127,368127,Stefan Weiß,Stefan Weiß,BC Dreiländereck,BC Dreiländereck 1 | BC Dreiländereck 2,125
p:101284,101284,Alexander Gabat,Alexander Gabat,BSF Kurpfalz,BSF Kurpfalz 2 | BSF Kurpfalz 3,124
n:freilos|PBC Freudenstadt,,Freilos (PBC Freudenstadt),Freilos,PBC Freudenstadt,PBC Freudenstadt | PBC Freudenstadt 2 | PBC Freudenstadt 3 | PBC Freudenstadt 4,124
p:228696,228696,Gerald Ströbele,Gerald Ströbele,PBC Langenargen,PBC Langenargen 1 | PBC Langenargen 2 | PBC Langenargen 3,124
p:101724,101724,Robin Heber,Robin Heber,BC Sindelfingen,BC Sindelfingen 2,124
p:247868,247868,Sven Gehrisch,Sven Gehrisch,BF Weinheim-Viernheim | PBC Fr. Lampertheim,BF Weinheim-Viernheim 1 | BF Weinheim-Viernheim 2 | PBC Fr. Lampertheim 1 | PBC Fr. Lampertheim 2,124
p:103272,103272,Ümit Muslu,Ümit Muslu,PBV Schwetzingen,PBV Schwetzingen 3 | PBV Schwetzingen 4 | PBV Schwetzingen 5 | PBV Schwetzingen 6 | PBV Schwetzingen 7,124
p:103882,103882,Alfred Rutkowski,Alfred Rutkowski,BSC Lions Bietigheim | PBC Rastatt,BSC Lions Bietigheim 1 | PBC Rastatt 2 | PBC Rastatt 3,123
p:248740,248740,Arash Dayyani,Arash Dayyani,BC Dätzingen,BC Dätzingen 1 | BC Dätzingen 2,123
p:104407,104407,Eugen Spähn,Eugen Spähn,PBC Ochsenhausen,PBC Ochsenhausen 1,123
p:103714,103714,Harald Reutter,Harald Reutter,BC Blaustein,BC Blaustein 1,123
p:367977,367977,Michael Breiner,Michael Breiner,CC Karlsruhe | PBC Rastatt,CC Karlsruhe 1 | CC Karlsruhe 2 | PBC Rastatt 2,123
p:248741,248741,Oliver Hauke,Oliver Hauke,PF Calw,PF Calw 1 | PF Calw 2 | PF Calw 3,123
p:101945,101945,Thomas Höger,Thomas Höger,TV Cannstatt,TV Cannstatt 2 | TV Cannstatt 3 | TV Cannstatt 4 | TV Cannstatt 5,123
p:102180,102180,Christian Kälbli,Christian Kälbli,BF Bruchsal,BF Bruchsal 1 | BF Bruchsal 2,122
n:freilos|BC Stuttgart 1891,,Freilos (BC Stuttgart 1891),Freilos,BC Stuttgart 1891,BC Stuttgart 1891 2 | BC Stuttgart 1891 3 | BC Stuttgart 1891 4,122
n:freilos|BF Bronnen,,Freilos (BF Bronnen),Freilos,BF Bronnen,BF Bronnen | BF Bronnen 2,122
n:freilos|PBSC Pforzheim,,Freilos (PBSC Pforzheim),Freilos,PBSC Pforzheim,PBSC Pforzheim,122
p:368447,368447,Svetlana Hetjens,Svetlana Hetjens,Pool Knights Bensheim,Pool Knights Bensheim 2,122
p:104434,104434,Armin Stauß,Armin Stauß,PBC Freudenstadt,PBC Freudenstadt 1 | PBC Freudenstadt 2,121
p:101426,101426,Boris Golic,Boris Golic,PBC Ochsenhausen,PBC Ochsenhausen 1 | PBC Ochsenhausen 2,121
p:100670,100670,Efendi Cekerek,Efendi Cekerek,Mannheimer BF,Mannheimer BF 1 | Mannheimer BF 2,121
p:104610,104610,Erwin Thoma,Erwin Thoma,BC Bad Schussenried | PBC Ochsenhausen,BC Bad Schussenried 3 | BC Bad Schussenried 4 | PBC Ochsenhausen 1 | PBC Ochsenhausen 2,121
p:368042,368042,Haci Eymir,Haci Eymir,BC Aalen | PBC Aalen,BC Aalen 3 | BC Aalen 4 | PBC Aalen 2,121
p:367990,367990,Raimund Wanner,Raimund Wanner,BC Bad Schussenried | PBC Ochsenhausen,BC Bad Schussenried 1 | BC Bad Schussenried 2 | BC Bad Schussenried 3 | PBC Ochsenhausen 1,121
p:100122,100122,Andreas Augustin,Andreas Augustin,BC Aalen,BC Aalen 2,120
p:100434,100434,Andreas Böhme,Andreas Böhme,PBC Waghäusel,PBC Waghäusel 3 | PBC Waghäusel 4,120
p:105085,105085,Andreas Witzigmann,Andreas Witzigmann,PBC Langenargen,PBC Langenargen 1 | PBC Langenargen 2,120
p:249451,249451,Andrei Deliman,Andrei Deliman,PP Böblingen | VFL Herrenberg,PP Böblingen 1 | PP Böblingen 2 | VFL Herrenberg 1,120
p:100069,100069,Claus Altendorf,Claus Altendorf,BBV Mannheim,BBV Mannheim 1 | BBV Mannheim 2,120
p:102935,102935,Daniela Majer,Daniela Majer,BSC Göppingen,BSC Göppingen 2 | BSC Göppingen 3,120
p:104642,104642,Dominik Tonn,Dominik Tonn,BV Pforzheim,BV Pforzheim 1 | BV Pforzheim 2,120
p:104258,104258,Florian Schwägler,Florian Schwägler,PBC Freudenstadt,PBC Freudenstadt 3,120
p:248622,248622,Frank Diedrich,Frank Diedrich,PBC Sand,PBC Sand 1 | PBC Sand 2,120
p:351926,351926,Lucia Birsner,Lucia Birsner,BSV Tiengen,BSV Tiengen 3 | BSV Tiengen 4,120
p:355901,355901,Alexandar Stankovic,Alexandar Stankovic,PBC Bietigheim-Bissingen | PBC Pfedelbach | PBC Schwäbisch Hall | TV Cannstatt,PBC Bietigheim-Bissingen 1 | PBC Bietigheim-Bissingen 2 | PBC Pfedelbach 1 | PBC Schwäbisch Hall 1 | TV Cannstatt 2,119
p:368107,368107,Benjamin Hirschberger,Benjamin Hirschberger,BC Sindelfingen | BC Stuttgart 1891,BC Sindelfingen 4 | BC Sindelfingen 6 | BC Sindelfingen 8 | BC Stuttgart 1891 2,119
p:100092,100092,Charalampos Antonogiorgakis,Charalampos Antonogiorgakis,BULL Leonberg-Höfingen,BULL Leonberg-Höfingen 2 | BULL Leonberg-Höfingen 3,119
p:102069,102069,Lutz Iserhardt,Lutz Iserhardt,BF Weinheim-Viernheim | PBC Fr. Lampertheim,BF Weinheim-Viernheim 3 | BF Weinheim-Viernheim 4 | PBC Fr. Lampertheim 1 | PBC Fr. Lampertheim 2,119
p:368560,368560,Manuel Wissen,Manuel Wissen,PBC Offenburg,PBC Offenburg 2 | PBC Offenburg 3 | PBC Offenburg 4,119
p:103786,103786,Marco Roll,Marco Roll,BF Weinheim-Viernheim,BF Weinheim-Viernheim 1,119
p:101572,101572,Ricardo Gutjahr,Ricardo Gutjahr,BULL Leonberg-Höfingen,BULL Leonberg-Höfingen 1,119
p:351950,351950,Olaf Schwarz,Olaf Schwarz,BC Sindelfingen,BC Sindelfingen 4 | BC Sindelfingen 6,118
p:104025,104025,Priska Leven,Priska Leven,PBC Bruchsal,PBC Bruchsal 2 | PBC Bruchsal 3,118
p:368118,368118,Stefan Süß,Stefan Süß,BSF Kurpfalz | Mannheimer BF,BSF Kurpfalz 2 | BSF Kurpfalz 3 | Mannheimer BF 2 | Mannheimer BF 3,118
p:247957,247957,Stefan Vater,Stefan Vater,PBC Freudenstadt,PBC Freudenstadt 2 | PBC Freudenstadt 3,118
p:367983,367983,Taner Susuz,Taner Susuz,BC Aalen | PBC Aalen,BC Aalen 3 | BC Aalen 4 | PBC Aalen 2,118
p:367995,367995,Besnik Shkemza,Besnik Shkemza,JS Mingolsheim,JS Mingolsheim 1 | JS Mingolsheim 2 | JS Mingolsheim 3,117
p:103075,103075,Daniel Merbitz,Daniel Merbitz,,,117
p:355875,355875,Mohammed Ali Bemah,Mohammed Ali Bemah,BC Sindelfingen | PP Böblingen,BC Sindelfingen 8 | BC Sindelfingen 9 | PP Böblingen 2,117
p:354451,354451,Timo Lipski,Timo Lipski,BC Dallau,BC Dallau 1 | BC Dallau 2,117
p:104766,104766,Carmelo Visconti,Carmelo Visconti,BF Weinheim-Viernheim,BF Weinheim-Viernheim 1 | BF Weinheim-Viernheim 2,116
p:101961,101961,Frank Holly,Frank Holly,BSF Kurpfalz,BSF Kurpfalz 2 | BSF Kurpfalz 3,116
p:101441,101441,Günther Götz,Günther Götz,BSC St. Georgen,BSC St. Georgen 1,116
p:103517,103517,Jens Pfaff,Jens Pfaff,BSC Lions Bietigheim,BSC Lions Bietigheim 1 | BSC Lions Bietigheim 2,116
p:100060,100060,Marc Allinger,Marc Allinger,PBC Freudenstadt,PBC Freudenstadt 3,116
p:253091,253091,Sven Kaupp,Sven Kaupp,BSC Lions Bietigheim | PBC Rastatt,BSC Lions Bietigheim 1 | PBC Rastatt 1 | PBC Rastatt 3,116
p:101264,101264,Bernd Füess,Bernd Füess,BC Sindelfingen,BC Sindelfingen 3 | BC Sindelfingen 4 | BC Sindelfingen 5,115
p:104560,104560,Bernhard Sutor,Bernhard Sutor,PBC Offenburg,PBC Offenburg 2,115
p:247176,247176,Eric Mattern,Eric Mattern,,,115
p:240143,240143,Konrad Bau,Konrad Bau,Tübinger BC,Tübinger BC | Tübinger BC 1,115
p:242837,242837,Martin Weber,Martin Weber,PBC Offenburg | PBC Rastatt,PBC Offenburg 3 | PBC Offenburg 4 | PBC Rastatt 1 | PBC Rastatt 2 | PBC Rastatt 4,115
p:245346,245346,Michael Minnerop,Michael Minnerop,PF Calw,PF Calw 1 | PF Calw 2 | PF Calw 3,115
p:100873,100873,Andreas Dittrich,Andreas Dittrich,BSC St. Georgen,BSC St. Georgen 1,114
p:103396,103396,Dirk Odenwälder,Dirk Odenwälder,JS Mingolsheim,JS Mingolsheim 1 | JS Mingolsheim 2 | JS Mingolsheim 3,114
n:freilos|BC Dreiländereck,,Freilos (BC Dreiländereck),Freilos,BC Dreiländereck,BC Dreiländereck | BC Dreiländereck 2,114
p:101155,101155,Michael Flaig,Michael Flaig,BSF Kurpfalz,BSF Kurpfalz 2 | BSF Kurpfalz 3,114
p:251824,251824,Senol Sengün,Senol Sengün,BBV Mannheim,BBV Mannheim 2 | BBV Mannheim 3,114
p:100941,100941,Thomas Durst,Thomas Durst,BC Stuttgart 1891,BC Stuttgart 1891 2,114
p:102381,102381,Manuel Klappstein,Manuel Klappstein,PBC Rastatt,PBC Rastatt 1 | PBC Rastatt 2 | PBC Rastatt 3,113
p:368193,368193,Marius Witt,Marius Witt,PBC Bruchsal,PBC Bruchsal 2 | PBC Bruchsal 3,113
p:368292,368292,Matthias Grgic,Matthias Grgic,BC Sindelfingen,BC Sindelfingen 5 | BC Sindelfingen 6,113
p:101984,101984,Rainer Hops,Rainer Hops,BV Markdorf | PBC Bad Saulgau,BV Markdorf 2 | BV Markdorf 3 | PBC Bad Saulgau 2,113
p:104752,104752,Zehrudin Vereget,Zehrudin Vereget,PBV Schwetzingen,PBV Schwetzingen 3,113
n:freilos|PBC Backnang,,Freilos (PBC Backnang),Freilos,PBC Backnang,PBC Backnang,112
p:104021,104021,Jörg Schick-Bringer,Jörg Schick-Bringer,BC Neckarsulm,BC Neckarsulm 1 | BC Neckarsulm 2,112
p:352494,352494,Jürgen Klatt,Jürgen Klatt,BC Feuersee | BV Leonberg,BC Feuersee 3 | BC Feuersee 4 | BV Leonberg 1,112
p:105209,105209,Marvin Zimmer,Marvin Zimmer,BSC Lions Bietigheim,BSC Lions Bietigheim 1 | BSC Lions Bietigheim 2,112
p:368475,368475,Michael Schneider,Michael Schneider,Pool Knights Bensheim,Pool Knights Bensheim 1,112
p:100325,100325,Susi Harbrecht-Berndt,Susi Harbrecht-Berndt,BULL Leonberg-Höfingen | PP Böblingen,BULL Leonberg-Höfingen 2 | BULL Leonberg-Höfingen 3 | PP Böblingen 2,112
p:102626,102626,Thomas Krüger,Thomas Krüger,BULL Leonberg-Höfingen,BULL Leonberg-Höfingen 2 | BULL Leonberg-Höfingen 3,112
p:111155,111155,Önder Coskun,Önder Coskun,BSC Lions Bietigheim,BSC Lions Bietigheim 1 | BSC Lions Bietigheim 2,112
p:102663,102663,Andreas Kullmann,Andreas Kullmann,PBC Waghäusel,PBC Waghäusel 1,111
p:103598,103598,Andreas Rago,Andreas Rago,BC Sindelfingen | PBC Nagoldtal,BC Sindelfingen 2 | BC Sindelfingen 3 | PBC Nagoldtal 1,111
p:103552,103552,Claudio Pontuti,Claudio Pontuti,BC Stuttgart 1891 | BSV Filderstadt | TV Cannstatt,BC Stuttgart 1891 2 | BC Stuttgart 1891 3 | BSV Filderstadt 3 | BSV Filderstadt 4 | TV Cannstatt 3,111
p:368058,368058,Holger Domdey,Holger Domdey,BC Blaustein,BC Blaustein 1,111
p:100100,100100,Markus Appenowitz,Markus Appenowitz,BSV Filderstadt,BSV Filderstadt 1 | BSV Filderstadt 2 | BSV Filderstadt 3,111
p:100918,100918,Thomas Drey,Thomas Drey,BF Bronnen | PBC Ochsenhausen,BF Bronnen 1 | PBC Ochsenhausen 3,111
p:102280,102280,Zoltan Kelemen,Zoltan Kelemen,BSF Kurpfalz,BSF Kurpfalz 2 | BSF Kurpfalz 3,111
p:368111,368111,Ali Cetin,Ali Cetin,BC Bad Schussenried,BC Bad Schussenried 1 | BC Bad Schussenried 2 | BC Bad Schussenried 3 | BC Bad Schussenried 4,110
p:101755,101755,Dominik Heinkele,Dominik Heinkele,BC Dätzingen,BC Dätzingen 1,110
p:367964,367964,Dominik Weitzmann,Dominik Weitzmann,PBC Bad Saulgau,PBC Bad Saulgau 2 | PBC Bad Saulgau 3,110
p:105109,105109,Gary Wong,Gary Wong,PBC Schwäbisch Gmünd,PBC Schwäbisch Gmünd 1,110
p:100156,100156,Hans-Jürgen Bailer,Hans-Jürgen Bailer,PBC Bietigheim-Bissingen,PBC Bietigheim-Bissingen 2 | PBC Bietigheim-Bissingen 3 | PBC Bietigheim-Bissingen 4,110
p:101670,101670,Horst Hardtke,Horst Hardtke,BC Aalen,BC Aalen 2 | BC Aalen 3,110
p:101818,101818,Melanie Henschel,Melanie Henschel,PBC Offenburg,PBC Offenburg 3 | PBC Offenburg 4 | PBC Offenburg 6,110
p:228532,228532,Osman Büyük,Osman Büyük,BSV Filderstadt,BSV Filderstadt 2 | BSV Filderstadt 3,110
p:101689,101689,Richy Hartmann,Richy Hartmann,PBC Sand,PBC Sand 1,110
p:101313,101313,Stefan Gaschler,Stefan Gaschler,BC Dallau,BC Dallau 1 | BC Dallau 2,110
p:102551,102551,Zlatko Rosin,Zlatko Rosin,BC Aalen,BC Aalen 2 | BC Aalen 3 | BC Aalen 4,110
p:102114,102114,Andreas Jeschka,Andreas Jeschka,PBC Reutlingen,PBC Reutlingen 1,109
p:102406,102406,Axel Klimmer,Axel Klimmer,PBC Bräunlingen,PBC Bräunlingen 1 | PBC Bräunlingen 2,109
p:367937,367937,Daniel Schmid,Daniel Schmid,BC Bad Schussenried,BC Bad Schussenried 1 | BC Bad Schussenried 2 | BC Bad Schussenried 3,109
p:104671,104671,Marcus Trumpp,Marcus Trumpp,BSV Pfullingen,BSV Pfullingen 1 | BSV Pfullingen 2,109
p:103910,103910,Petra Sannwald,Petra Sannwald,BC Sindelfingen,BC Sindelfingen 2 | BC Sindelfingen 4 | BC Sindelfingen 5 | BC Sindelfingen 8,109
p:248593,248593,Sebastian Albrecht,Sebastian Albrecht,BC Neckarsulm,BC Neckarsulm 1,109
p:100075,100075,Benno Amann,Benno Amann,BC Unterteuringen,BC Unterteuringen 1,108
p:240228,240228,Florian Walther,Florian Walther,PBC Bruchsal,PBC Bruchsal 2 | PBC Bruchsal 3,108
p:103635,103635,Hendrik Reckers,Hendrik Reckers,BF Bruchsal | JS Mingolsheim,BF Bruchsal 1 | JS Mingolsheim 1,108
p:100531,100531,Lutz Brian,Lutz Brian,BC Dallau,BC Dallau 1 | BC Dallau 2,108
p:102320,102320,Michael Keuker,Michael Keuker,BF Weinheim-Viernheim,BF Weinheim-Viernheim 1,108
p:103756,103756,Norbert Ritschel,Norbert Ritschel,PBC Nagoldtal,PBC Nagoldtal 1 | PBC Nagoldtal 2 | PBC Nagoldtal 3,108
p:248185,248185,Peter Baur,Peter Baur,BSG Albstadt | Tübinger BC,BSG Albstadt 1 | Tübinger BC 3,108
p:101451,101451,Steffen Graf,Steffen Graf,BV Villingen-Schwenningen,BV Villingen-Schwenningen 1 | BV Villingen-Schwenningen 2,108
p:102680,102680,Thomas Kupfer,Thomas Kupfer,PBC Schwäbisch Hall,PBC Schwäbisch Hall 1,108
p:100585,100585,Arnd Bülow,Arnd Bülow,BF Bruchsal,BF Bruchsal 2 | BF Bruchsal 3 | BF Bruchsal 4,107
p:353387,353387,Daniela Behrend,Daniela Behrend,Mannheimer BF,Mannheimer BF 3 | Mannheimer BF 4 | Mannheimer BF 5,107
p:367959,367959,Kurt Saller,Kurt Saller,BC Sindelfingen | PBC Nagoldtal,BC Sindelfingen 5 | BC Sindelfingen 7 | PBC Nagoldtal 2,107
p:163715,163715,Marc Wagner,Marc Wagner,BC Blaustein,BC Blaustein 1,107
p:103581,103581,Matthias Pujic,Matthias Pujic,JS Mingolsheim,JS Mingolsheim 1 | JS Mingolsheim 2,107
p:100641,100641,Pietro Calo,Pietro Calo,BV Markdorf,BV Markdorf 2 | BV Markdorf 3,107
p:104379,104379,Silvestar Smokovic,Silvestar Smokovic,BSC Göppingen,BSC Göppingen 1 | BSC Göppingen 2,107
p:104870,104870,Tobias Walz,Tobias Walz,PBC Nagoldtal,PBC Nagoldtal 1 | PBC Nagoldtal 2 | PBC Nagoldtal 3,107
p:104286,104286,Andre Schwenzfeier,Andre Schwenzfeier,BSV Pfullingen,BSV Pfullingen 2 | BSV Pfullingen 3 | BSV Pfullingen 4,106
p:101474,101474,Andreas Greitmann,Andreas Greitmann,BC Unterteuringen,BC Unterteuringen 1,106
p:103064,103064,Carsten Mellmann,Carsten Mellmann,Mannheimer BF,Mannheimer BF 1 | Mannheimer BF 2,106
p:242710,242710,Christian Joos,Christian Joos,BC Dreiländereck,BC Dreiländereck 1 | BC Dreiländereck 2,106
p:100983,100983,Frank Eisele,Frank Eisele,BC Sindelfingen | PBC Reutlingen,BC Sindelfingen 2 | BC Sindelfingen 3 | PBC Reutlingen 1,106
p:101103,101103,Ingo Fehr,Ingo Fehr,BC Unterteuringen,BC Unterteuringen 1,106
p:102175,102175,Mario Kaiser,Mario Kaiser,BSC St. Georgen,BSC St. Georgen 1,106
p:103354,103354,Pascal Nissel,Pascal Nissel,PBC Waghäusel,PBC Waghäusel 1 | PBC Waghäusel 2 | PBC Waghäusel 3,106
p:101076,101076,Silvio Fadda,Silvio Fadda,BV Markdorf,BV Markdorf 1,106
p:250710,250710,Steffen Feuerbacher,Steffen Feuerbacher,PBC Freudenstadt,PBC Freudenstadt 1 | PBC Freudenstadt 2,106
p:240171,240171,Steffen Hoffmann,Steffen Hoffmann,BF Bruchsal,BF Bruchsal 2 | BF Bruchsal 3,106
p:102719,102719,Uwe Lang,Uwe Lang,BC Dreiländereck | PBC Offenburg,BC Dreiländereck 1 | BC Dreiländereck 2 | PBC Offenburg 2,106
p:353643,353643,Ernst Fabian,Ernst Fabian,BF Weinheim-Viernheim,BF Weinheim-Viernheim 2 | BF Weinheim-Viernheim 3 | BF Weinheim-Viernheim 4,105
n:freilos|BC Feuersee Ludwigsburg,,Freilos (BC Feuersee Ludwigsburg),Freilos,BC Feuersee Ludwigsburg,BC Feuersee Ludwigsburg | BC Feuersee Ludwigsburg 2,105
p:105051,105051,Georg Winter,Georg Winter,BV Markdorf,BV Markdorf 1 | BV Markdorf 2,105
p:101528,101528,Gerhard Gryschka,Gerhard Gryschka,BV Pforzheim,BV Pforzheim 1 | BV Pforzheim 2 | BV Pforzheim 3,105
p:100008,100008,Luciano Abruzzese,Luciano Abruzzese,BV Markdorf,BV Markdorf 2 | BV Markdorf 3,105
p:100500,100500,Petra Braun,Petra Braun,BC Sindelfingen,BC Sindelfingen 2 | BC Sindelfingen 4 | BC Sindelfingen 5,105
p:368146,368146,Saeid Heydarpour,Saeid Heydarpour,BC Sindelfingen,BC Sindelfingen 2 | BC Sindelfingen 3,105
p:368302,368302,Simone Künzl,Simone Künzl,BC Sindelfingen,BC Sindelfingen 2 | BC Sindelfingen 3,105
p:100388,100388,Uwe Bitsch,Uwe Bitsch,Mannheimer BF,Mannheimer BF 3 | Mannheimer BF 4 | Mannheimer BF 5,105
p:221926,221926,Valentin Marten,Valentin Marten,BC Neckarsulm,BC Neckarsulm 1,105
p:248469,248469,Fabian Metz,Fabian Metz,CC Karlsruhe,CC Karlsruhe 1 | CC Karlsruhe 2,104
n:freilos|PBC Rastatt,,Freilos (PBC Rastatt),Freilos,PBC Rastatt,PBC Rastatt | PBC Rastatt 2,104
p:100996,100996,Marcus Elfenthal,Marcus Elfenthal,P&S Denzlingen,P&S Denzlingen 1 | P&S Denzlingen 2 | P&S Denzlingen 3,104
p:100667,100667,Pascal Cecotti,Pascal Cecotti,BC Dätzingen,BC Dätzingen 1 | BC Dätzingen 2,104
p:100732,100732,Roberto D`Elia,Roberto D`Elia,BC Unterteuringen,BC Unterteuringen 1,104
p:100009,100009,Bülent Acar,Bülent Acar,PBC Bruchsal,PBC Bruchsal 1,103
p:100662,100662,Fabian Cecotti,Fabian Cecotti,BC Dätzingen,BC Dätzingen 1 | BC Dätzingen 2,103
p:100852,100852,Heiko Difflipp,Heiko Difflipp,PBC Schwäbisch Hall,PBC Schwäbisch Hall 2,103
p:368142,368142,Philip Kammnick,Philip Kammnick,BC Bad Schussenried,BC Bad Schussenried 2 | BC Bad Schussenried 3,103
n:ivan mikulic|PBC Waghäusel,,Ivan Mikulic (PBC Waghäusel),Ivan Mikulic,PBC Waghäusel,PBC Waghäusel 2 | PBC Waghäusel 3 | PBC Waghäusel 4,102
p:368274,368274,Mark Pfaffenrodt,Mark Pfaffenrodt,BV Villingen-Schwenningen,BV Villingen-Schwenningen 2,102
p:103105,103105,Michael Metzger [103105],Michael Metzger,JS Mingolsheim | PBV Schwetzingen,JS Mingolsheim 2 | PBV Schwetzingen 4 | PBV Schwetzingen 5 | PBV Schwetzingen 6 | PBV Schwetzingen 8,102
n:roberto masala|Heidenheimer BC,,Roberto Masala,Roberto Masala,Heidenheimer BC,Heidenheimer BC | Heidenheimer BC 2,102
p:350961,350961,Sabine Hort,Sabine Hort,BV Pforzheim,BV Pforzheim 1,102
p:104902,104902,Sonny Weber,Sonny Weber,BBV Mannheim,BBV Mannheim 1 | BBV Mannheim 2,102
p:367944,367944,Thomas Rehmann,Thomas Rehmann,BV Markdorf,BV Markdorf 1 | BV Markdorf 2,102
p:242796,242796,Frank Schwenk,Frank Schwenk,BSC Göppingen,BSC Göppingen 1 | BSC Göppingen 2,101
p:105077,105077,Marcus Wittner,Marcus Wittner,BSC Lions Bietigheim,BSC Lions Bietigheim 1 | BSC Lions Bietigheim 2,101
p:104546,104546,Michael Strohmaier,Michael Strohmaier,BSV Tiengen,BSV Tiengen 2 | BSV Tiengen 3,101
p:100679,100679,Orhan Cetin,Orhan Cetin,BSV Pfullingen,BSV Pfullingen 1 | BSV Pfullingen 2,101
p:252858,252858,Orhan Parama,Orhan Parama,BSC Göppingen,BSC Göppingen 1 | BSC Göppingen 2,101
p:103932,103932,Roland Sauter,Roland Sauter,PBC Bräunlingen,PBC Bräunlingen 1,101
p:101958,101958,Sandra Höll,Sandra Höll,BSV Pfullingen | VFL Herrenberg,BSV Pfullingen 2 | VFL Herrenberg 1,101
p:354136,354136,Ulrich Oswald,Ulrich Oswald,BSV Filderstadt,BSV Filderstadt 2 | BSV Filderstadt 3 | BSV Filderstadt 4 | BSV Filderstadt 5,101
n:antonio de gois|BC Neckarsulm,,Antonio De Gois (BC Neckarsulm),Antonio De Gois,BC Neckarsulm,BC Neckarsulm | BC Neckarsulm 2,100
p:368022,368022,Antonio Nuzziello,Antonio Nuzziello,BSC Göppingen,BSC Göppingen 2,100
p:239643,239643,Fikret Salic,Fikret Salic,BBV Mannheim,BBV Mannheim 1 | BBV Mannheim 2,100
p:221366,221366,Henning Wilkner,Henning Wilkner,Mannheimer BF,Mannheimer BF 3 | Mannheimer BF 4,100
n:marco roll|BF Weinheim-Viernheim,,Marco Roll (BF Weinheim-Viernheim),Marco Roll,BF Weinheim-Viernheim,BF Weinheim-Viernheim,100
p:242926,242926,Nils Dannhauer,Nils Dannhauer,BC Feuersee,BC Feuersee 1 | BC Feuersee 2 | BC Feuersee 4 | BC Feuersee 5,100
p:103128,103128,Aristidis Michailidis,Aristidis Michailidis,BSV Filderstadt,BSV Filderstadt 2 | BSV Filderstadt 3 | BSV Filderstadt 4,99
p:352635,352635,Draoui El Mokhtar,Draoui El Mokhtar,BV Pforzheim,BV Pforzheim 1 | BV Pforzheim 2 | BV Pforzheim 3 | BV Pforzheim 4,99
p:104396,104396,Eric Sorg,Eric Sorg,BSV Shooters Fellbach | PBC Aalen,BSV Shooters Fellbach 1 | PBC Aalen 1,99
p:368562,368562,Jeremy Eckert,Jeremy Eckert,PBC Offenburg,PBC Offenburg 3 | PBC Offenburg 4 | PBC Offenburg 5,99
p:244836,244836,Michael Strenski,Michael Strenski,BF Bruchsal | PBC Bruchsal,BF Bruchsal 2 | PBC Bruchsal 2,99
p:100296,100296,Mustafa Benk,Mustafa Benk,PBC Bietigheim-Bissingen | TV Cannstatt,PBC Bietigheim-Bissingen 1 | PBC Bietigheim-Bissingen 2 | TV Cannstatt 2,99
p:353913,353913,Saman Hadi,Saman Hadi,BC Dätzingen,BC Dätzingen 1 | BC Dätzingen 2,99
p:104984,104984,Sascha Werle,Sascha Werle,PBC Rastatt,PBC Rastatt 1 | PBC Rastatt 2 | PBC Rastatt 3,99
n:benjamin pran|BC Neckarsulm,,Benjamin Pran (BC Neckarsulm),Benjamin Pran,BC Neckarsulm,BC Neckarsulm,98
p:350077,350077,Christoph Tropschuh,Christoph Tropschuh,BBC Plochingen,BBC Plochingen 2,98
n:freilos|PBV Schwetzingen,,Freilos (PBV Schwetzingen),Freilos,PBV Schwetzingen,PBV Schwetzingen | PBV Schwetzingen 3 | PBV Schwetzingen 4 | PBV Schwetzingen 5,98
p:104257,104257,Jörg Schwager,Jörg Schwager,BSC Göppingen,BSC Göppingen 1 | BSC Göppingen 3,98
p:354684,354684,Markus Geßinger,Markus Geßinger,PBC Bietigheim-Bissingen,PBC Bietigheim-Bissingen 1 | PBC Bietigheim-Bissingen 2,98
p:351923,351923,Maxim Buchstab,Maxim Buchstab,PBC Schwäbisch Gmünd,PBC Schwäbisch Gmünd 1 | PBC Schwäbisch Gmünd 2,98
p:230995,230995,Mustafa Özyürük,Mustafa Özyürük,BC Aalen,BC Aalen 2 | BC Aalen 3 | BC Aalen 4,98
p:102219,102219,Thorsten Kappus,Thorsten Kappus,BSV Pfullingen,BSV Pfullingen 1 | BSV Pfullingen 2,98
p:242773,242773,Yilmaz Aygün,Yilmaz Aygün,P&S Denzlingen,P&S Denzlingen 1,98
p:242771,242771,Armin Reidel,Armin Reidel,BF Weinheim-Viernheim,BF Weinheim-Viernheim 2 | BF Weinheim-Viernheim 3,97
p:350473,350473,Gabriele Winzer-Moser,Gabriele Winzer-Moser,BSC St. Georgen,BSC St. Georgen 1,97
p:253498,253498,Johanna Indlekofer,Johanna Indlekofer,BC Dreiländereck | BSV Tiengen,BC Dreiländereck 1 | BC Dreiländereck 2 | BSV Tiengen 2,97
p:102115,102115,Lutz Jeschke,Lutz Jeschke,BC Weingarten,BC Weingarten 1,97
p:368482,368482,Maximilian Arnt,Maximilian Arnt,Pool Knights Bensheim,Pool Knights Bensheim 1 | Pool Knights Bensheim 2 | Pool Knights Bensheim 3,97
p:351326,351326,Philip Smaczny,Philip Smaczny,PP Böblingen,PP Böblingen 1 | PP Böblingen 2,97
p:102518,102518,Ralf Koppenhöfer,Ralf Koppenhöfer,CC Karlsruhe,CC Karlsruhe 3 | CC Karlsruhe 4 | CC Karlsruhe 5,97
n:sascha pick|BBV Mannheim,,Sascha Pick (BBV Mannheim),Sascha Pick,BBV Mannheim,BBV Mannheim 2 | BBV Mannheim 3,97
p:104085,104085,Werner Schmidberger,Werner Schmidberger,PBC Ochsenhausen,PBC Ochsenhausen 3 | PBC Ochsenhausen 4,97
p:102973,102973,Arno Marotz,Arno Marotz,BSV Filderstadt,BSV Filderstadt 2 | BSV Filderstadt 3 | BSV Filderstadt 4,96
p:351633,351633,Jochen Fiedler,Jochen Fiedler,Mannheimer BF,Mannheimer BF 2 | Mannheimer BF 3 | Mannheimer BF 4,96
p:247504,247504,Riccardo Heinen,Riccardo Heinen,PBV Schwetzingen,PBV Schwetzingen 3 | PBV Schwetzingen 4 | PBV Schwetzingen 5,96
p:355290,355290,Roland Huber,Roland Huber,BF Bruchsal,BF Bruchsal 2 | BF Bruchsal 3 | BF Bruchsal 4,96
p:354814,354814,Benjamin Ropertz,Benjamin Ropertz,BC Feuersee | BV Leonberg,BC Feuersee 1 | BC Feuersee 2 | BC Feuersee 4 | BV Leonberg 1,95
p:249359,249359,Florian Pasch,Florian Pasch,PF Calw,PF Calw 1 | PF Calw 2 | PF Calw 3,95
p:251775,251775,Joao Rodrigues,Joao Rodrigues,BSV Pfullingen,BSV Pfullingen 2 | BSV Pfullingen 3 | BSV Pfullingen 4,95
p:368258,368258,Jürgen Steinmann,Jürgen Steinmann,BF Weinheim-Viernheim | PBC Fr. Lampertheim,BF Weinheim-Viernheim 1 | BF Weinheim-Viernheim 2 | PBC Fr. Lampertheim 1,95
p:100421,100421,Robert Bogdan,Robert Bogdan,PBC Aalen | TV Cannstatt,PBC Aalen 1 | TV Cannstatt 1 | TV Cannstatt 2 | TV Cannstatt 3 | TV Cannstatt 5,95
p:368253,368253,Sascha Hiller,Sascha Hiller,TV Cannstatt,TV Cannstatt 1 | TV Cannstatt 2 | TV Cannstatt 3,95
p:353895,353895,Thorgen Brett,Thorgen Brett,PP Böblingen | Tübinger BC,PP Böblingen 2 | Tübinger BC | Tübinger BC 1 | Tübinger BC 2,95
p:103200,103200,Andreas Müller,Andreas Müller,BC Sindelfingen,BC Sindelfingen 3 | BC Sindelfingen 7 | BC Sindelfingen 8,94
p:104577,104577,Fikret Tasdemir,Fikret Tasdemir,P&S Denzlingen,P&S Denzlingen 1,94
n:freilos|BC Dallau,,Freilos (BC Dallau),Freilos,BC Dallau,BC Dallau | BC Dallau 2 | BC Dallau 3 | BC Dallau 4,94
p:368551,368551,Luca Wolk,Luca Wolk,BF Weinheim-Viernheim,BF Weinheim-Viernheim 3 | BF Weinheim-Viernheim 4,94
p:102627,102627,Nikolai Kruhm,Nikolai Kruhm,BF Weinheim-Viernheim | PBC Fr. Lampertheim,BF Weinheim-Viernheim 1 | BF Weinheim-Viernheim 2 | PBC Fr. Lampertheim 1,94
p:100501,100501,Rainer Braun,Rainer Braun,BSV Tiengen,BSV Tiengen 3 | BSV Tiengen 4,94
n:uwe binder|Heidenheimer BC,,Uwe Binder,Uwe Binder,Heidenheimer BC,Heidenheimer BC | Heidenheimer BC 2,94
p:240287,240287,Dietmar Lauer,Dietmar Lauer,PBC Bietigheim-Bissingen,PBC Bietigheim-Bissingen 1 | PBC Bietigheim-Bissingen 2 | PBC Bietigheim-Bissingen 4,93
n:hassan najjar|PBC Waghäusel,,Hassan Najjar (PBC Waghäusel),Hassan Najjar,PBC Waghäusel,PBC Waghäusel 3 | PBC Waghäusel 4,93
p:101171,101171,Jochen Föhner,Jochen Föhner,BF Bruchsal,BF Bruchsal 2 | BF Bruchsal 3 | BF Bruchsal 4,93
p:355165,355165,Katrin Quaschinsky,Katrin Quaschinsky,CC Karlsruhe,CC Karlsruhe 3 | CC Karlsruhe 4 | CC Karlsruhe 5,93
p:102298,102298,Kurt Kempf,Kurt Kempf,PBC Offenburg,PBC Offenburg 2 | PBC Offenburg 3 | PBC Offenburg 4 | PBC Offenburg 6,93
p:247196,247196,Marc-Andre Barisch,Marc-Andre Barisch,TV Cannstatt,TV Cannstatt 1 | TV Cannstatt 2 | TV Cannstatt 3 | TV Cannstatt 4,93
p:104819,104819,Roland Wacker,Roland Wacker,PBC Reutlingen | Tübinger BC,PBC Reutlingen 1 | PBC Reutlingen 2 | PBC Reutlingen 3 | Tübinger BC | Tübinger BC 1,93
p:103616,103616,Sebastiano Ratto,Sebastiano Ratto,BSC Göppingen,BSC Göppingen 1 | BSC Göppingen 2,93
p:368506,368506,Seong-Jin Kim,Seong-Jin Kim,BSV Tiengen,BSV Tiengen 2 | BSV Tiengen 3,93
p:105133,105133,Ahmet Yazici,Ahmet Yazici,BC Sindelfingen | PBC Nagoldtal,BC Sindelfingen 2 | BC Sindelfingen 3 | PBC Nagoldtal 1 | PBC Nagoldtal 2,92
p:102153,102153,Benjamin Jung,Benjamin Jung,PBC Freudenstadt,PBC Freudenstadt 1 | PBC Freudenstadt 2,92
p:101612,101612,Dirk Hafner,Dirk Hafner,PBC Offenburg,PBC Offenburg 2 | PBC Offenburg 3 | PBC Offenburg 4,92
n:freilos|BBC Plochingen,,Freilos (BBC Plochingen),Freilos,BBC Plochingen,BBC Plochingen | BBC Plochingen 2,92
n:freilos|BF Weinheim-Viernheim,,Freilos (BF Weinheim-Viernheim),Freilos,BF Weinheim-Viernheim,BF Weinheim-Viernheim | BF Weinheim-Viernheim 2,92
n:freilos|SBSC Denkendorf,,Freilos (SBSC Denkendorf),Freilos,SBSC Denkendorf,SBSC Denkendorf 2 | SBSC Denkendorf 3,92
p:102204,102204,Markus Kamuf,Markus Kamuf,BF Bruchsal,BF Bruchsal 1 | BF Bruchsal 2,92
n:peter lotterer|PBC Reutlingen,,Peter Lotterer (PBC Reutlingen),Peter Lotterer,PBC Reutlingen,PBC Reutlingen,92
p:100463,100463,Stephan Boschert,Stephan Boschert,PBV Schwetzingen,PBV Schwetzingen 4 | PBV Schwetzingen 5 | PBV Schwetzingen 6 | PBV Schwetzingen 7,92
p:242923,242923,Stephan Nimführ,Stephan Nimführ,PBC Schwäbisch Gmünd,PBC Schwäbisch Gmünd 1 | PBC Schwäbisch Gmünd 2,92
p:100632,100632,Jens Butenschön,Jens Butenschön,PBC Langenargen,PBC Langenargen 2 | PBC Langenargen 3,91
p:368777,368777,Kian Sohns,Kian Sohns,VFL Herrenberg,VFL Herrenberg 1,91
p:101200,101200,Martin Frei,Martin Frei,PBC Offenburg,PBC Offenburg 2 | PBC Offenburg 4,91
p:101587,101587,Rainer Habelt,Rainer Habelt,TV Cannstatt,TV Cannstatt 2 | TV Cannstatt 4,91
p:366176,366176,Stefan Lorenz,Stefan Lorenz,BC Sindelfingen | PBC Nagoldtal,BC Sindelfingen 4 | BC Sindelfingen 7 | PBC Nagoldtal 2,91
p:102111,102111,Zvonimir Jembrih,Zvonimir Jembrih,PBC Schwäbisch Gmünd,PBC Schwäbisch Gmünd 1 | PBC Schwäbisch Gmünd 2,91
p:368202,368202,Angelo Truisi,Angelo Truisi,CC Karlsruhe | PP Karlsbad,CC Karlsruhe 1 | CC Karlsruhe 3 | CC Karlsruhe 5 | PP Karlsbad 1,90
p:368299,368299,Christian Schaber,Christian Schaber,PBC Bad Saulgau | PBC Langenargen,PBC Bad Saulgau 1 | PBC Langenargen 2 | PBC Langenargen 3,90
p:100123,100123,Franjo Antunovic,Franjo Antunovic,BBC Plochingen,BBC Plochingen 1 | BBC Plochingen 2,90
n:freilos|P&S Denzlingen,,Freilos (P&S Denzlingen),Freilos,P&S Denzlingen,P&S Denzlingen | P&S Denzlingen 2 | P&S Denzlingen 3,90
p:103612,103612,Gerald Rastetter,Gerald Rastetter,BSC Lions Bietigheim,BSC Lions Bietigheim 1 | BSC Lions Bietigheim 2,90
p:102758,102758,Joachim Lechenbauer,Joachim Lechenbauer,BC Stuttgart 1891,BC Stuttgart 1891 2 | BC Stuttgart 1891 3 | BC Stuttgart 1891 4,90
p:104339,104339,Marco Seybold,Marco Seybold,PBC Bietigheim-Bissingen,PBC Bietigheim-Bissingen 1 | PBC Bietigheim-Bissingen 2 | PBC Bietigheim-Bissingen 3 | PBC Bietigheim-Bissingen 4,90
p:103837,103837,Michael Roth,Michael Roth,CC Karlsruhe,CC Karlsruhe 1 | CC Karlsruhe 2,90
p:367416,367416,Stefan Weber,Stefan Weber,PBC Bietigheim-Bissingen,PBC Bietigheim-Bissingen 1 | PBC Bietigheim-Bissingen 2 | PBC Bietigheim-Bissingen 3,90
p:171256,171256,Timo Reinert,Timo Reinert,BF Weinheim-Viernheim | PBC Fr. Lampertheim,BF Weinheim-Viernheim 1 | BF Weinheim-Viernheim 2 | PBC Fr. Lampertheim 1,90
n:udo kirchgessner|PBC Waghäusel,,Udo Kirchgeßner (PBC Waghäusel),Udo Kirchgeßner,PBC Waghäusel,PBC Waghäusel,90
p:101640,101640,Yves Hamacher,Yves Hamacher,CC Karlsruhe,CC Karlsruhe 1 | CC Karlsruhe 2,90
p:104129,104129,Axel Schmucker,Axel Schmucker,Mannheimer BF,Mannheimer BF 1 | Mannheimer BF 2,89
n:freilos|Heidenheimer BC,,Freilos (Heidenheimer BC),Freilos,Heidenheimer BC,Heidenheimer BC | Heidenheimer BC 2 | Heidenheimer BC 3,89
p:251187,251187,Kathrin Karwath,Kathrin Karwath,PBC Reutlingen,PBC Reutlingen 2 | PBC Reutlingen 3,89
p:242992,242992,Mark Hast,Mark Hast,Tübinger BC,Tübinger BC | Tübinger BC 1 | Tübinger BC 2,89
p:349928,349928,Pascal Habiger,Pascal Habiger,BV Pforzheim,BV Pforzheim 1 | BV Pforzheim 2 | BV Pforzheim 3 | BV Pforzheim 4,89
p:242950,242950,Rudolf Schulz,Rudolf Schulz,PBV Schwetzingen,PBV Schwetzingen 5 | PBV Schwetzingen 8 | PBV Schwetzingen 9,89
p:100982,100982,Andreas Einsiedler,Andreas Einsiedler,PBC Langenargen,PBC Langenargen 1 | PBC Langenargen 2,88
p:102424,102424,Andreas Knauf,Andreas Knauf,BSC Göppingen | TV Cannstatt,BSC Göppingen 2 | BSC Göppingen 3 | TV Cannstatt 4,88
p:103469,103469,David Party,David Party,PBC Offenburg,PBC Offenburg 2 | PBC Offenburg 3 | PBC Offenburg 4,88
p:244866,244866,Dominik Netzhammer,Dominik Netzhammer,BSV Tiengen,BSV Tiengen 2 | BSV Tiengen 3,88
n:felix kern|PBC Waghäusel,,Felix Kern (PBC Waghäusel),Felix Kern,PBC Waghäusel,PBC Waghäusel | PBC Waghäusel 2,88
p:103094,103094,Franz Meschenmoser,Franz Meschenmoser,PBC Bad Saulgau,PBC Bad Saulgau 2 | PBC Bad Saulgau 3 | PBC Bad Saulgau 4,88
n:michael keuker|BF Weinheim-Viernheim,,Michael Keuker (BF Weinheim-Viernheim),Michael Keuker,BF Weinheim-Viernheim,BF Weinheim-Viernheim,88
p:103686,103686,Michael Reiser,Michael Reiser,PF Calw,PF Calw 1 | PF Calw 2,88
p:351842,351842,René Wieczorek,René Wieczorek,BC Dallau | BC Neckarsulm | PBV Schwetzingen,BC Dallau 3 | BC Neckarsulm 3 | PBV Schwetzingen 5 | PBV Schwetzingen 7,88
p:355715,355715,Ronald Rogge,Ronald Rogge,JS Mingolsheim | PBV Schwetzingen,JS Mingolsheim 2 | JS Mingolsheim 3 | PBV Schwetzingen 6,88
p:355164,355164,Saskia Schirmer,Saskia Schirmer,CC Karlsruhe,CC Karlsruhe 4 | CC Karlsruhe 5,88
p:101979,101979,Savas Hopff,Savas Hopff,BC Dätzingen | PF Calw,BC Dätzingen 1 | PF Calw 2,88
p:367933,367933,Siegbert Müller,Siegbert Müller,BC Bad Schussenried,BC Bad Schussenried 1 | BC Bad Schussenried 2 | BC Bad Schussenried 3,88
p:102328,102328,Thomas Kielmann,Thomas Kielmann,BF Weinheim-Viernheim | PBC Fr. Lampertheim,BF Weinheim-Viernheim 1 | BF Weinheim-Viernheim 2 | PBC Fr. Lampertheim 1,88
p:240446,240446,Antonio De Gois,Antonio De Gois,BC Neckarsulm,BC Neckarsulm 1 | BC Neckarsulm 2,87
n:marco di martino|BBV Mannheim,,Marco Di Martino (BBV Mannheim),Marco Di Martino,BBV Mannheim,BBV Mannheim 2 | BBV Mannheim 3,87
p:350684,350684,Markus Wetzel,Markus Wetzel,BC Dallau,BC Dallau 1 | BC Dallau 2,87
n:stefan gaschler|BC Dallau,,Stefan Gaschler (BC Dallau),Stefan Gaschler,BC Dallau,BC Dallau | BC Dallau 2,87
p:103112,103112,Thomas Metzler,Thomas Metzler,PBC Bad Saulgau,PBC Bad Saulgau 2 | PBC Bad Saulgau 3 | PBC Bad Saulgau 4,87
p:101750,101750,Timo Heim,Timo Heim,PBC Offenburg,PBC Offenburg 3 | PBC Offenburg 4,87
p:368628,368628,Wilfried Schön,Wilfried Schön,BSC Göppingen,BSC Göppingen 1 | BSC Göppingen 2 | BSC Göppingen 3,87
p:228681,228681,Andreas Kiefer,Andreas Kiefer,BV Markdorf,BV Markdorf 1 | BV Markdorf 2,86
p:102305,102305,Felix Kern,Felix Kern,PBC Waghäusel,PBC Waghäusel 2,86
n:freilos|BF Bruchsal,,Freilos (BF Bruchsal),Freilos,BF Bruchsal,BF Bruchsal | BF Bruchsal 2 | BF Bruchsal 3,86
p:101265,101265,Michael Füess,Michael Füess,,,86
n:sascha sauer|BSV Filderstadt,,Sascha Sauer (BSV Filderstadt),Sascha Sauer,BSV Filderstadt,BSV Filderstadt | BSV Filderstadt 3 | BSV Filderstadt 4,86
p:100481,100481,Silke Brand,Silke Brand,BC Stuttgart 1891,BC Stuttgart 1891 3 | BC Stuttgart 1891 4,86
p:154211,154211,Thomas Neumann,Thomas Neumann,PBC Waghäusel,PBC Waghäusel 2 | PBC Waghäusel 3 | PBC Waghäusel 4,86
n:axel schmucker|BSV Weinheim,,Axel Schmucker (BSV Weinheim),Axel Schmucker,BSV Weinheim,BSV Weinheim | BSV Weinheim 2,85
p:368182,368182,Besirat Fekadu,Besirat Fekadu,BSC Göppingen,BSC Göppingen 2,85
p:103209,103209,Dirk Müller,Dirk Müller,CC Karlsruhe | PP Karlsbad,CC Karlsruhe 1 | CC Karlsruhe 2 | PP Karlsbad 1,85
p:100486,100486,Martin Brandt,Martin Brandt,BV Markdorf,BV Markdorf 2,85
n:fabian snijder|BSV Weinheim,,Fabian Snijder (BSV Weinheim),Fabian Snijder,BSV Weinheim,BSV Weinheim | BSV Weinheim 3 | BSV Weinheim 4 | BSV Weinheim 5,84
p:368688,368688,Fersun Ünsel,Fersun Ünsel,Mannheimer BF,Mannheimer BF 1 | Mannheimer BF 2 | Mannheimer BF 3,84
n:freilos|BC Breakers Knittlingen,,Freilos (BC Breakers Knittlingen),Freilos,BC Breakers Knittlingen,BC Breakers Knittlingen | BC Breakers Knittlingen 2,84
p:102607,102607,Hermann Krieger,Hermann Krieger,BF Bruchsal | CC Karlsruhe,BF Bruchsal 1 | CC Karlsruhe 1 | CC Karlsruhe 3,84
p:368235,368235,Jens Sommer,Jens Sommer,JS Mingolsheim | PBV Schwetzingen,JS Mingolsheim 3 | PBV Schwetzingen 5 | PBV Schwetzingen 6 | PBV Schwetzingen 7,84
p:249765,249765,Keven König,Keven König,PBV Schwetzingen,PBV Schwetzingen 4 | PBV Schwetzingen 5,84
n:viktor könig|BF Weinheim-Viernheim,,Viktor König (BF Weinheim-Viernheim),Viktor König,BF Weinheim-Viernheim,BF Weinheim-Viernheim,84
p:367924,367924,Andreas Hollesen,Andreas Hollesen,CC Karlsruhe,CC Karlsruhe 4 | CC Karlsruhe 5,83
p:103820,103820,Christian Rossa,Christian Rossa,BSV Pfullingen | PF Calw,BSV Pfullingen 1 | PF Calw 2,83
p:101830,101830,Jutta Ute Kreimes,Jutta Ute Kreimes,BF Bruchsal,BF Bruchsal 3 | BF Bruchsal 4,83
p:102584,102584,Karl-Heinz Krause,Karl-Heinz Krause,PBC Offenburg,PBC Offenburg 3 | PBC Offenburg 5,83
p:104532,104532,Michael Straub,Michael Straub,PBV Schwetzingen,PBV Schwetzingen 5 | PBV Schwetzingen 6 | PBV Schwetzingen 8,83
p:103436,103436,Rainer Ott,Rainer Ott,CC Karlsruhe,CC Karlsruhe 2 | CC Karlsruhe 3 | CC Karlsruhe 4 | CC Karlsruhe 5,83
p:368526,368526,Ralf Bühler,Ralf Bühler,JS Mingolsheim,JS Mingolsheim 1 | JS Mingolsheim 3 | JS Mingolsheim 4,83
p:250188,250188,Thorsten Kupske,Thorsten Kupske,BC Feuersee,BC Feuersee 1 | BC Feuersee 2 | BC Feuersee 3 | BC Feuersee 4,83
p:367967,367967,Xenia Völker,Xenia Völker,BF Bruchsal,BF Bruchsal 2 | BF Bruchsal 3,83
p:368269,368269,Asim Ramakic,Asim Ramakic,BC Feuersee | BULL Leonberg-Höfingen,BC Feuersee 1 | BULL Leonberg-Höfingen 1,82
p:103790,103790,Fabio Romano,Fabio Romano,BULL Leonberg-Höfingen,BULL Leonberg-Höfingen 1,82
p:368413,368413,Felix Böck,Felix Böck,PBC Bietigheim-Bissingen,PBC Bietigheim-Bissingen 1,82
n:hartmut jäggle|PBC Bad Saulgau,,Hartmut Jäggle (PBC Bad Saulgau),Hartmut Jäggle,PBC Bad Saulgau,PBC Bad Saulgau 2 | PBC Bad Saulgau 3 | PBC Bad Saulgau 5,82
n:hendrik reckers|PBC Waghäusel,,Hendrik Reckers (PBC Waghäusel),Hendrik Reckers,PBC Waghäusel,PBC Waghäusel | PBC Waghäusel 2,82
p:100700,100700,Jörg Claassen,Jörg Claassen,BC Dätzingen,BC Dätzingen 2 | BC Dätzingen 3,82
n:lutz brian|BC Dallau,,Lutz Brian (BC Dallau),Lutz Brian,BC Dallau,BC Dallau,82
p:368343,368343,Marcel Haab,Marcel Haab,BC Dätzingen,BC Dätzingen 1 | BC Dätzingen 2 | BC Dätzingen 3,82
n:michael götz|PBC Fr. Lampertheim,,Michael Götz (PBC Fr. Lampertheim),Michael Götz,PBC Fr. Lampertheim,PBC Fr. Lampertheim,82
p:103654,103654,Michael Reichert,Michael Reichert,PBC Freudenstadt,PBC Freudenstadt 1 | PBC Freudenstadt 2,82
n:murat deniz|BC Dallau,,Murat Deniz (BC Dallau),Murat Deniz,BC Dallau,BC Dallau,82
n:pascal nissel|PBC Waghäusel,,Pascal Nissel (PBC Waghäusel),Pascal Nissel,PBC Waghäusel,PBC Waghäusel | PBC Waghäusel 2 | PBC Waghäusel 3 | PBC Waghäusel 4,82
p:368261,368261,Preetam Bissessur,Preetam Bissessur,PP Karlsbad,PP Karlsbad 1,82
n:rainer schönfeld|PBC Reutlingen,,Rainer Schönfeld (PBC Reutlingen),Rainer Schönfeld,PBC Reutlingen,PBC Reutlingen,82
p:102963,102963,Thomas Mänz,Thomas Mänz,BSV Filderstadt,BSV Filderstadt 3 | BSV Filderstadt 4 | BSV Filderstadt 5 | BSV Filderstadt 6,82
p:247505,247505,Thomas Sommer,Thomas Sommer,PBV Schwetzingen,PBV Schwetzingen 3 | PBV Schwetzingen 4,82
p:240283,240283,Wilhelm Engelbrecht,Wilhelm Engelbrecht,BC Feuersee,BC Feuersee 1 | BC Feuersee 2 | BC Feuersee 6,82
p:104353,104353,Wolfgang Siethoff,Wolfgang Siethoff,PF Calw | VFL Herrenberg,PF Calw 1 | PF Calw 2 | VFL Herrenberg 1,82
n:andreas böhme|PBC Waghäusel,,Andreas Böhme (PBC Waghäusel),Andreas Böhme,PBC Waghäusel,PBC Waghäusel 3 | PBC Waghäusel 4,81
p:367976,367976,Antonio Pejic,Antonio Pejic,PBC Rastatt,PBC Rastatt 1 | PBC Rastatt 2 | PBC Rastatt 3,81
p:102379,102379,Daniel Klapper,Daniel Klapper,BC Sindelfingen | PP Böblingen,BC Sindelfingen 6 | BC Sindelfingen 7 | PP Böblingen 2,81
n:freilos|PBC Trossingen,,Freilos (PBC Trossingen),Freilos,PBC Trossingen,PBC Trossingen | PBC Trossingen 2,81
p:368208,368208,Josip Ceko,Josip Ceko,PBC Aalen | TV Cannstatt,PBC Aalen 1 | TV Cannstatt 1 | TV Cannstatt 2 | TV Cannstatt 3 | TV Cannstatt 5,81
p:101758,101758,Martin Heinrich,Martin Heinrich,PBV Schwetzingen,PBV Schwetzingen 4 | PBV Schwetzingen 5 | PBV Schwetzingen 6 | PBV Schwetzingen 7 | PBV Schwetzingen 8,81
p:368047,368047,Marvin Schiele,Marvin Schiele,BC Aalen,BC Aalen 3 | BC Aalen 4 | BC Aalen 5,81
p:101658,101658,Torsten Hanisch,Torsten Hanisch,BC Blaustein,BC Blaustein 1,81
p:101573,101573,Volker Gutzeit,Volker Gutzeit,BBC Plochingen,BBC Plochingen 1 | BBC Plochingen 2,81
p:104775,104775,Volker Vögele,Volker Vögele,BSF Kurpfalz,BSF Kurpfalz 2 | BSF Kurpfalz 3,81
p:101744,101744,Wolfgang Heiler,Wolfgang Heiler,PBDC Kämpfelbach | Poolsharks Bruchsal,PBDC Kämpfelbach 1 | Poolsharks Bruchsal 1,81
n:bülent güler|BBV Mannheim,,Bülent Güler (BBV Mannheim),Bülent Güler,BBV Mannheim,BBV Mannheim | BBV Mannheim 2 | BBV Mannheim 3,80
p:368080,368080,Christian Münch,Christian Münch,PBV Schwetzingen,PBV Schwetzingen 5 | PBV Schwetzingen 6 | PBV Schwetzingen 7,80
p:252092,252092,Felix Häntschel,Felix Häntschel,PF Calw,PF Calw 1 | PF Calw 2 | PF Calw 3,80
p:368006,368006,Hans-Henning Schmid,Hans-Henning Schmid,PBC Langenargen,PBC Langenargen 1 | PBC Langenargen 2 | PBC Langenargen 3,80
p:102918,102918,Holger Maier,Holger Maier,,,80
p:104986,104986,Josef Wermes,Josef Wermes,PBDC Kämpfelbach | Poolsharks Bruchsal,PBDC Kämpfelbach 1 | Poolsharks Bruchsal 1,80
p:368781,368781,Kevin Albert,Kevin Albert,BSV Tiengen,BSV Tiengen 2 | BSV Tiengen 3,80
p:355793,355793,Klaus Woehrlin,Klaus Woehrlin,PBC Offenburg,PBC Offenburg 3 | PBC Offenburg 5,80
p:100709,100709,Marcus Colmelet,Marcus Colmelet,BSC Lions Bietigheim,BSC Lions Bietigheim 1 | BSC Lions Bietigheim 2,80
p:104254,104254,Martin Schwab,Martin Schwab,,,80
p:102859,102859,Peter Lotterer,Peter Lotterer,PBC Reutlingen,PBC Reutlingen 1,80
p:368220,368220,Sezer Soydinc,Sezer Soydinc,PBC Aalen,PBC Aalen 1 | PBC Aalen 2,80
p:102327,102327,Ute Kiefer,Ute Kiefer,CC Karlsruhe,CC Karlsruhe 3 | CC Karlsruhe 4 | CC Karlsruhe 5,80
n:uwe schmidtbauer|BC Neckarsulm,,Uwe Schmidtbauer,Uwe Schmidtbauer,BC Neckarsulm,BC Neckarsulm | BC Neckarsulm 2,80
n:aristidis michailidis|BSV Filderstadt,,Aristidis Michailidis (BSV Filderstadt),Aristidis Michailidis,BSV Filderstadt,BSV Filderstadt 3,79
p:229104,229104,Cornelius Ryan,Cornelius Ryan,PBC Reutlingen | Tübinger BC,PBC Reutlingen 2 | Tübinger BC | Tübinger BC 1 | Tübinger BC 3,79
p:101995,101995,Dietmar Horst,Dietmar Horst,CC Karlsruhe,CC Karlsruhe 4 | CC Karlsruhe 5,79
p:103306,103306,Fabian Neglein,Fabian Neglein,PBC Bad Saulgau,PBC Bad Saulgau 1,79
p:252917,252917,Florian Stubert,Florian Stubert,BSV Filderstadt,BSV Filderstadt 1 | BSV Filderstadt 2 | BSV Filderstadt 3 | BSV Filderstadt 4,79
p:104646,104646,Hakan Toprak,Hakan Toprak,Tübinger BC,Tübinger BC 1 | Tübinger BC 2,79
p:101749,101749,Jens Heim,Jens Heim,,,79
p:240215,240215,Jürgen Müller,Jürgen Müller,JS Mingolsheim | PBC Rastatt,JS Mingolsheim 2 | JS Mingolsheim 3 | PBC Rastatt 1 | PBC Rastatt 2 | PBC Rastatt 4,79
p:368524,368524,Kurt Ljokaj,Kurt Ljokaj,PBC Ochsenhausen,PBC Ochsenhausen 2,79
p:368194,368194,Maxime Tereba,Maxime Tereba,PBC Bruchsal,PBC Bruchsal 3 | PBC Bruchsal 4,79
p:157028,157028,Peter Restle,Peter Restle,BSV Pfullingen,BSV Pfullingen 2 | BSV Pfullingen 3 | BSV Pfullingen 4,79
p:100089,100089,Ralf Annamaier,Ralf Annamaier,PBC Schwäbisch Gmünd,PBC Schwäbisch Gmünd 1 | PBC Schwäbisch Gmünd 2,79
p:102519,102519,Udo Koppenhöfer,Udo Koppenhöfer,CC Karlsruhe,CC Karlsruhe 4 | CC Karlsruhe 5,79
n:bülent gürkan|BBV Mannheim,,Bülent Gürkan (BBV Mannheim),Bülent Gürkan,BBV Mannheim,BBV Mannheim,78
n:carmen seifert|BSV Weinheim,,Carmen Seifert (BSV Weinheim),Carmen Seifert,BSV Weinheim,BSV Weinheim 3,78
n:florian stojanoski|PBV Schwetzingen,,Florian Stojanoski (PBV Schwetzingen),Florian Stojanoski,PBV Schwetzingen,PBV Schwetzingen 2 | PBV Schwetzingen 3,78
n:freilos|PP Karlsbad,,Freilos (PP Karlsbad),Freilos,PP Karlsbad,PP Karlsbad | PP Karlsbad 3,78
p:368689,368689,Ibrahim Erdogan,Ibrahim Erdogan,Mannheimer BF,Mannheimer BF 2 | Mannheimer BF 3 | Mannheimer BF 4,78
p:240316,240316,Louise Wong,Louise Wong,BC Feuersee | BV Leonberg,BC Feuersee 3 | BC Feuersee 4 | BV Leonberg 1,78
p:100413,100413,Nikolaus Blum,Nikolaus Blum,BC Bad Schussenried | PBC Ochsenhausen,BC Bad Schussenried 4 | BC Bad Schussenried 5 | PBC Ochsenhausen 3,78
p:367996,367996,Nurcan Ezdi,Nurcan Ezdi,PBC Schwäbisch Gmünd,PBC Schwäbisch Gmünd 1 | PBC Schwäbisch Gmünd 2,78
n:steffen säubert|PBC Waghäusel,,Steffen Säubert (PBC Waghäusel),Steffen Säubert,PBC Waghäusel,PBC Waghäusel,78
p:102568,102568,Thomas Kramhöller,Thomas Kramhöller,BC Neckarsulm,BC Neckarsulm 1 | BC Neckarsulm 2,78
p:368283,368283,Andreas Höhn,Andreas Höhn,BC Feuersee,BC Feuersee 4 | BC Feuersee 6,77
p:104365,104365,Asmir Sinanovic,Asmir Sinanovic,PBC Freudenstadt,PBC Freudenstadt 2 | PBC Freudenstadt 3 | PBC Freudenstadt 4,77
n:michael killian|BBV Mannheim,,Michael Killian (BBV Mannheim),Michael Killian,BBV Mannheim,BBV Mannheim 3 | BBV Mannheim 4,77
p:350315,350315,Ralf Hohlfeld,Ralf Hohlfeld,BC Feuersee,BC Feuersee 1 | BC Feuersee 2 | BC Feuersee 3 | BC Feuersee 4,77
n:andreas kullmann|PBC Waghäusel,,Andreas Kullmann (PBC Waghäusel),Andreas Kullmann,PBC Waghäusel,PBC Waghäusel,76
p:355299,355299,Bernd Mahnke,Bernd Mahnke,JS Mingolsheim | PBV Schwetzingen,JS Mingolsheim 2 | JS Mingolsheim 3 | PBV Schwetzingen 6,76
n:bernd woitanowski|PBC Waghäusel,,Bernd Woitanowski (PBC Waghäusel),Bernd Woitanowski,PBC Waghäusel,PBC Waghäusel | PBC Waghäusel 2,76
p:351327,351327,Denis Maric,Denis Maric,BC Sindelfingen,BC Sindelfingen 5 | BC Sindelfingen 6,76
n:dennis laszkowski|BBV Mannheim,,Dennis Laszkowski,Dennis Laszkowski,BBV Mannheim,BBV Mannheim | BBV Mannheim 2 | BBV Mannheim 4,76
p:101447,101447,Eckart Grabe,Eckart Grabe,BSV Filderstadt,BSV Filderstadt 3 | BSV Filderstadt 4 | BSV Filderstadt 5 | BSV Filderstadt 6,76
n:freilos|BSV Konstanz,,Freilos (BSV Konstanz),Freilos,BSV Konstanz,BSV Konstanz | BSV Konstanz 2,76
p:368616,368616,Mark Szinger,Mark Szinger,BV Villingen-Schwenningen,BV Villingen-Schwenningen 2,76
p:356269,356269,Michael Metzger [356269],Michael Metzger,BC Feuersee,BC Feuersee 1 | BC Feuersee 3 | BC Feuersee 4,76
p:368545,368545,Patrick Wilczek,Patrick Wilczek,BC Bad Schussenried,BC Bad Schussenried 2 | BC Bad Schussenried 3 | BC Bad Schussenried 5,76
n:philipp lisenko|P&S Denzlingen,,Philipp Lisenko (P&S Denzlingen),Philipp Lisenko,P&S Denzlingen,P&S Denzlingen,76
p:368098,368098,Robert Karaica,Robert Karaica,BC Aalen,BC Aalen 2,76
n:thomas kielmann|PBC Fr. Lampertheim,,Thomas Kielmann (PBC Fr. Lampertheim),Thomas Kielmann,PBC Fr. Lampertheim,PBC Fr. Lampertheim,76
p:104991,104991,Tobias Werner,Tobias Werner,BF Bruchsal,BF Bruchsal 1 | BF Bruchsal 2 | BF Bruchsal 3,76
n:adrian mernik|PBC Reutlingen,,Adrian Mernik (PBC Reutlingen),Adrian Mernik,PBC Reutlingen,PBC Reutlingen | PBC Reutlingen 2,75
p:103578,103578,Athanassios Psimenidis,Athanassios Psimenidis,BSV Filderstadt,BSV Filderstadt 2 | BSV Filderstadt 3,75
n:carmelo visconti|BF Weinheim-Viernheim,,Carmelo Visconti (BF Weinheim-Viernheim),Carmelo Visconti,BF Weinheim-Viernheim,BF Weinheim-Viernheim | BF Weinheim-Viernheim 2,75
p:368295,368295,Cesare Caccavelli,Cesare Caccavelli,PBC Langenargen,PBC Langenargen 2 | PBC Langenargen 3 | PBC Langenargen 4,75
p:100025,100025,Erol Ag,Erol Ag,BC Feuersee,BC Feuersee 1 | BC Feuersee 2 | BC Feuersee 3,75
p:103314,103314,Jonathan Nestler,Jonathan Nestler,PBC Freudenstadt,PBC Freudenstadt 1 | PBC Freudenstadt 2,75
p:366769,366769,Michael Schwarzjirg,Michael Schwarzjirg,TV Cannstatt,TV Cannstatt 1 | TV Cannstatt 2 | TV Cannstatt 3,75
p:368348,368348,Alexander Egger,Alexander Egger,BC Dätzingen,BC Dätzingen 1 | BC Dätzingen 2 | BC Dätzingen 3,74
p:350699,350699,Alexander Schröder,Alexander Schröder,BC Dätzingen,BC Dätzingen 1 | BC Dätzingen 2 | BC Dätzingen 3,74
n:freilos|BSC St. Georgen,,Freilos (BSC St. Georgen),Freilos,BSC St. Georgen,BSC St. Georgen | BSC St. Georgen 2,74
n:marius sutor|PBC Offenburg,,Marius Sutor (PBC Offenburg),Marius Sutor,PBC Offenburg,PBC Offenburg | PBC Offenburg 2 | PBC Offenburg 3 | PBC Offenburg 4,74
n:matthias pujic|Jump Shot Mingolsheim,,Matthias Pujic (Jump Shot Mingolsheim),Matthias Pujic,Jump Shot Mingolsheim,Jump Shot Mingolsheim,74
n:pascal arnold|BSV Weinheim,,Pascal  Arnold,Pascal  Arnold,BSV Weinheim,BSV Weinheim | BSV Weinheim 2 | BSV Weinheim 3,74
n:roland wacker|PBC Reutlingen,,Roland Wacker (PBC Reutlingen),Roland Wacker,PBC Reutlingen,PBC Reutlingen | PBC Reutlingen 2,74
p:105049,105049,Ruben Winkler,Ruben Winkler,PBC Schwäbisch Hall,PBC Schwäbisch Hall 1,74
n:zoltan kelemen|BSF Kurpfalz,,Zoltan Kelemen (BSF Kurpfalz),Zoltan Kelemen,BSF Kurpfalz,BSF Kurpfalz 2,74
p:101585,101585,Alexander Haass,Alexander Haass,,,73
n:andreas kunellis|PBC Reutlingen,,Andreas Kunellis (PBC Reutlingen),Andreas Kunellis,PBC Reutlingen,PBC Reutlingen | PBC Reutlingen 2,73
p:368412,368412,David Agonafer,David Agonafer,PBC Bietigheim-Bissingen,PBC Bietigheim-Bissingen 2 | PBC Bietigheim-Bissingen 3 | PBC Bietigheim-Bissingen 4,73
p:368341,368341,Dieter Krause,Dieter Krause,BBC Plochingen,BBC Plochingen 2,73
p:246406,246406,Dominik Krenzer,Dominik Krenzer,BULL Leonberg-Höfingen | PP Böblingen,BULL Leonberg-Höfingen 2 | PP Böblingen 1 | PP Böblingen 2,73
p:242789,242789,Kevin Künstler,Kevin Künstler,BSC Göppingen,BSC Göppingen 3,73
p:368266,368266,Luka Antic,Luka Antic,PBC Offenburg,PBC Offenburg 3 | PBC Offenburg 4 | PBC Offenburg 5,73
p:353792,353792,Marius Schrimpf,Marius Schrimpf,BBC Plochingen,BBC Plochingen 1 | BBC Plochingen 2,73
n:mike walter|Jump Shot Mingolsheim,,Mike Walter (Jump Shot Mingolsheim),Mike Walter,Jump Shot Mingolsheim,Jump Shot Mingolsheim 2,73
n:rouven elischer|BC Neckarsulm,,Rouven Elischer (BC Neckarsulm),Rouven Elischer,BC Neckarsulm,BC Neckarsulm 2 | BC Neckarsulm 3,73
p:240286,240286,Thomas Hörauf,Thomas Hörauf,BC Feuersee,BC Feuersee 1 | BC Feuersee 2 | BC Feuersee 6,73
n:dirk odenwälder|Jump Shot Mingolsheim,,Dirk Odenwälder (Jump Shot Mingolsheim),Dirk Odenwälder,Jump Shot Mingolsheim,Jump Shot Mingolsheim 2,72
p:104617,104617,Fabian Thoma-Schuck,Fabian Thoma-Schuck,BC Weingarten,BC Weingarten 1 | BC Weingarten 2,72
n:frank holly|BSF Kurpfalz,,Frank Holly (BSF Kurpfalz),Frank Holly,BSF Kurpfalz,BSF Kurpfalz 2,72
p:104499,104499,Jens Stintz,Jens Stintz,BSV Filderstadt,BSV Filderstadt 3 | BSV Filderstadt 4 | BSV Filderstadt 5 | BSV Filderstadt 6,72
n:lutz jeschke|BC Weingarten,,Lutz Jeschke (BC Weingarten),Lutz Jeschke,BC Weingarten,BC Weingarten | BC Weingarten 2 | BC Weingarten 3,72
p:104564,104564,Marius Sutor,Marius Sutor,PBC Offenburg,PBC Offenburg 2,72
p:102361,102361,Mehmet Kirli,Mehmet Kirli,PBC Schwäbisch Gmünd,PBC Schwäbisch Gmünd 1 | PBC Schwäbisch Gmünd 2,72
p:248651,248651,Michele Campagna,Michele Campagna,BBC Plochingen,BBC Plochingen 2,72
n:oezer bulunmaz|PP Karlsbad,,Oezer Bulunmaz (PP Karlsbad),Oezer Bulunmaz,PP Karlsbad,PP Karlsbad,72
p:102170,102170,Patricia Kaffesi,Patricia Kaffesi,PBC Freudenstadt,PBC Freudenstadt 4,72
n:ralf mergel|BF Bruchsal,,Ralf Mergel (BF Bruchsal),Ralf Mergel,BF Bruchsal,BF Bruchsal,72
p:103800,103800,Raoul-Robert Ronto,Raoul-Robert Ronto,CC Karlsruhe | PBC Rastatt,CC Karlsruhe 1 | CC Karlsruhe 3 | PBC Rastatt 2 | PBC Rastatt 4,72
p:239654,239654,Thomas Kühn,Thomas Kühn,Mannheimer BF,Mannheimer BF 1 | Mannheimer BF 2,72
p:104512,104512,Thomas Stoll,Thomas Stoll,BC Sindelfingen,BC Sindelfingen 5 | BC Sindelfingen 6,72
n:zejko zoric|P&S Denzlingen,,Zejko Zoric,Zejko Zoric,P&S Denzlingen,P&S Denzlingen,72
p:367910,367910,Andreas Looser,Andreas Looser,PBC Langenargen,PBC Langenargen 1 | PBC Langenargen 2 | PBC Langenargen 3,71
p:247575,247575,Andreas Stüber,Andreas Stüber,Mannheimer BF,Mannheimer BF 2 | Mannheimer BF 3,71
p:123648,123648,Christian Endres,Christian Endres,BULL Leonberg-Höfingen,BULL Leonberg-Höfingen 1,71
p:228708,228708,Hans Heuschmid,Hans Heuschmid,PBC Ochsenhausen,PBC Ochsenhausen 2 | PBC Ochsenhausen 3,71
p:368096,368096,Jozsef Zvorinji,Jozsef Zvorinji,PP Böblingen | TV Cannstatt,PP Böblingen 1 | TV Cannstatt 1 | TV Cannstatt 2,71
p:101190,101190,Jürgen Frank,Jürgen Frank,BF Bruchsal,BF Bruchsal 2 | BF Bruchsal 3 | BF Bruchsal 4,71
n:marc wegenast|BC Weingarten,,Marc Wegenast (BC Weingarten),Marc Wegenast,BC Weingarten,BC Weingarten | BC Weingarten 2,71
p:368516,368516,Uwe Barth,Uwe Barth,PBC Ochsenhausen,PBC Ochsenhausen 1 | PBC Ochsenhausen 2 | PBC Ochsenhausen 3,71
p:103516,103516,Alfred Pfaff,Alfred Pfaff,BSC Lions Bietigheim,BSC Lions Bietigheim 1 | BSC Lions Bietigheim 2,70
p:368597,368597,Alper Körpe,Alper Körpe,BF Bronnen | PBC Ochsenhausen,BF Bronnen 1 | PBC Ochsenhausen 2,70
n:andre schwenzfeier|BSV Pfullingen,,Andre Schwenzfeier (BSV Pfullingen),Andre Schwenzfeier,BSV Pfullingen,BSV Pfullingen 1 | BSV Pfullingen 3 | BSV Pfullingen 4,70
p:102186,102186,Daniel Kalnak,Daniel Kalnak,BSV Pfullingen,BSV Pfullingen 1 | BSV Pfullingen 2 | BSV Pfullingen 3 | BSV Pfullingen 4,70
p:103167,103167,Daniel Moll,Daniel Moll,BV Markdorf,BV Markdorf 1 | BV Markdorf 2,70
p:350685,350685,Frank-Bernd Wieczorek,Frank-Bernd Wieczorek,BC Sindelfingen | PBC Pfedelbach,BC Sindelfingen 6 | BC Sindelfingen 7 | BC Sindelfingen 8 | PBC Pfedelbach 1 | PBC Pfedelbach 2,70
p:100370,100370,Frederik Binder,Frederik Binder,BSV Filderstadt,BSV Filderstadt 3 | BSV Filderstadt 4 | BSV Filderstadt 5 | BSV Filderstadt 6,70
p:104382,104382,Hendrik Snijder,Hendrik Snijder,Mannheimer BF,Mannheimer BF 1 | Mannheimer BF 2 | Mannheimer BF 3,70
n:hendrik snijder|BSV Weinheim,,Hendrik Snijder (BSV Weinheim),Hendrik Snijder,BSV Weinheim,BSV Weinheim | BSV Weinheim 2,70
p:368584,368584,Lukas Böser,Lukas Böser,JS Mingolsheim,JS Mingolsheim 3 | JS Mingolsheim 4,70
p:242922,242922,Maximilian Jentsch,Maximilian Jentsch,PBC Aalen,PBC Aalen 1 | PBC Aalen 2,70
p:102525,102525,Pavlos Korezelidis,Pavlos Korezelidis,BBC Plochingen,BBC Plochingen 1,70
p:245275,245275,Richard Cornely,Richard Cornely,PBV Schwetzingen,PBV Schwetzingen 4 | PBV Schwetzingen 5 | PBV Schwetzingen 8 | PBV Schwetzingen 9,70
n:tobias hirt|PBC Bad Saulgau,,Tobias Hirt (PBC Bad Saulgau),Tobias Hirt,PBC Bad Saulgau,PBC Bad Saulgau 3,70
p:368860,368860,Wolfgang Krüger,Wolfgang Krüger,PF Calw,PF Calw 1 | PF Calw 2 | PF Calw 3,70
n:zoran buzasi|Heidenheimer BC,,Zoran Buzasi,Zoran Buzasi,Heidenheimer BC,Heidenheimer BC | Heidenheimer BC 2,70
p:368382,368382,Bernd Feierabend,Bernd Feierabend,P&S Denzlingen,P&S Denzlingen 1 | P&S Denzlingen 2 | P&S Denzlingen 3,69
n:damir pran|BC Neckarsulm,,Damir Pran (BC Neckarsulm),Damir Pran,BC Neckarsulm,BC Neckarsulm | BC Neckarsulm 3,69
p:242957,242957,Ingo Mann,Ingo Mann,BC Sindelfingen,BC Sindelfingen 5 | BC Sindelfingen 8 | BC Sindelfingen 9,69
p:368372,368372,Kalin-Felix Stefanov,Kalin-Felix Stefanov,BC Stuttgart 1891,BC Stuttgart 1891 2,69
p:368289,368289,Kevin Schieber,Kevin Schieber,BC Feuersee | BV Leonberg,BC Feuersee 4 | BV Leonberg 1,69
p:350350,350350,Michal Radwan,Michal Radwan,BC Feuersee | BULL Leonberg-Höfingen,BC Feuersee 1 | BULL Leonberg-Höfingen 1,69
n:osman büyük|BSV Filderstadt,,Osman Büyük (BSV Filderstadt),Osman Büyük,BSV Filderstadt,BSV Filderstadt 3,69
p:367929,367929,Rainer Beck,Rainer Beck,PBC Langenargen,PBC Langenargen 2 | PBC Langenargen 3,69
p:368878,368878,Theo Georgoudious,Theo Georgoudious,PBC Ochsenhausen,PBC Ochsenhausen 1 | PBC Ochsenhausen 2 | PBC Ochsenhausen 3,69
p:101952,101952,Thorsten Holatka,Thorsten Holatka,BV Pforzheim,BV Pforzheim 1 | BV Pforzheim 2,69
p:103603,103603,Thorsten Rammer,Thorsten Rammer,PBC Freudenstadt | PBC Nagoldtal,PBC Freudenstadt 2 | PBC Nagoldtal 1 | PBC Nagoldtal 3,69
p:104203,104203,Andreas Schroff,Andreas Schroff,,,68
p:244785,244785,Brian Biercher,Brian Biercher,BSV Tiengen,BSV Tiengen 2 | BSV Tiengen 3,68
p:103072,103072,Florian Menzel,Florian Menzel,,,68
p:368751,368751,Giovanni Genovese,Giovanni Genovese,PBV Schwetzingen,PBV Schwetzingen 4 | PBV Schwetzingen 6,68
p:350651,350651,Marvin Szymiczek,Marvin Szymiczek,BV Pforzheim,BV Pforzheim 3 | BV Pforzheim 4,68
p:350393,350393,Oliver Kielwein,Oliver Kielwein,BC Sindelfingen,BC Sindelfingen 3,68
p:103069,103069,Roland Menrath,Roland Menrath,JS Mingolsheim | PBV Schwetzingen,JS Mingolsheim 2 | JS Mingolsheim 3 | PBV Schwetzingen 5 | PBV Schwetzingen 6,68
p:367940,367940,Siegfried Brockmann,Siegfried Brockmann,BC Bad Schussenried,BC Bad Schussenried 2 | BC Bad Schussenried 3 | BC Bad Schussenried 4,68
p:100716,100716,Simon Conrad,Simon Conrad,BSG Albstadt,BSG Albstadt 1,68
n:thorsten mohr|BSV Konstanz,,Thorsten Mohr (BSV Konstanz),Thorsten Mohr,BSV Konstanz,BSV Konstanz,68
n:timo reinert|PBC Fr. Lampertheim,,Timo Reinert (PBC Fr. Lampertheim),Timo Reinert,PBC Fr. Lampertheim,PBC Fr. Lampertheim,68
p:351663,351663,Tobias Wetzel,Tobias Wetzel,BC Dallau,BC Dallau 1 | BC Dallau 2,68
p:367928,367928,Tom Mischner,Tom Mischner,PBC Langenargen,PBC Langenargen 1 | PBC Langenargen 2 | PBC Langenargen 3,68
p:242888,242888,Andreas Schmid,Andreas Schmid,PBC Nagoldtal,PBC Nagoldtal 1 | PBC Nagoldtal 2 | PBC Nagoldtal 3,67
p:354666,354666,Andrew Steinhauer,Andrew Steinhauer,PBC Bad Saulgau,PBC Bad Saulgau 2 | PBC Bad Saulgau 3,67
p:250788,250788,Lucas Ruschke,Lucas Ruschke,BV Villingen-Schwenningen,BV Villingen-Schwenningen 2,67
p:250221,250221,Marco Bunke,Marco Bunke,BSV Pfullingen,BSV Pfullingen 1 | BSV Pfullingen 3 | BSV Pfullingen 4,67
p:368476,368476,Markus Lüft,Markus Lüft,Pool Knights Bensheim,Pool Knights Bensheim 1 | Pool Knights Bensheim 2,67
p:103011,103011,Markus Mauch,Markus Mauch,PBC Langenargen,PBC Langenargen 1 | PBC Langenargen 2 | PBC Langenargen 3,67
n:markus wörner|Jump Shot Mingolsheim,,Markus Wörner (Jump Shot Mingolsheim),Markus Wörner,Jump Shot Mingolsheim,Jump Shot Mingolsheim 2,67
p:368538,368538,Niklas Weiß,Niklas Weiß,JS Mingolsheim,JS Mingolsheim 3 | JS Mingolsheim 4,67
p:367945,367945,Simon Schaal,Simon Schaal,BC Sindelfingen | BC Weingarten | PF Calw,BC Sindelfingen 2 | BC Sindelfingen 3 | BC Weingarten 1 | PF Calw 3,67
p:101500,101500,Steffen Gross,Steffen Gross,BC Bad Schussenried,BC Bad Schussenried 1,67
p:103098,103098,Bernd Messing,Bernd Messing,PBC Offenburg,PBC Offenburg 3 | PBC Offenburg 4,66
n:christian gremmelspacher|PBC Sand,,Christian Gremmelspacher (PBC Sand),Christian Gremmelspacher,PBC Sand,PBC Sand,66
p:368396,368396,Elias Marx,Elias Marx,BC Feuersee | BULL Leonberg-Höfingen,BC Feuersee 3 | BULL Leonberg-Höfingen 1 | BULL Leonberg-Höfingen 2,66
p:103618,103618,Frank Rätz,Frank Rätz,PBC Waghäusel,PBC Waghäusel 2 | PBC Waghäusel 3 | PBC Waghäusel 4,66
p:242994,242994,Gero Fähnle,Gero Fähnle,BSV Filderstadt | PBC Reutlingen,BSV Filderstadt 5 | BSV Filderstadt 6 | PBC Reutlingen 2 | PBC Reutlingen 3,66
p:104615,104615,Heiko Thomas,Heiko Thomas,BC Feuersee,BC Feuersee 1 | BC Feuersee 2 | BC Feuersee 3,66
n:lars woggan|BSV Filderstadt,,Lars Woggan (BSV Filderstadt),Lars Woggan,BSV Filderstadt,BSV Filderstadt 3 | BSV Filderstadt 4,66
p:103113,103113,Lutz Metzner,Lutz Metzner,BV Markdorf,BV Markdorf 1 | BV Markdorf 2,66
p:104667,104667,Martin Trippel,Martin Trippel,PBC Langenargen,PBC Langenargen 2 | PBC Langenargen 3 | PBC Langenargen 4,66
n:michael heneka|PBC Bruchsal,,Michael Heneka (PBC Bruchsal),Michael Heneka,PBC Bruchsal,PBC Bruchsal,66
n:qayssar al saedi|BSV Konstanz,,Qayssar Al Saedi (BSV Konstanz),Qayssar Al Saedi,BSV Konstanz,BSV Konstanz,66
"n:thomas vincenzo ""enzo"" campo|PP Karlsbad",,"Thomas Vincenzo ""Enzo"" Campo (PP Karlsbad)","Thomas Vincenzo ""Enzo"" Campo",PP Karlsbad,PP Karlsbad,66
p:249080,249080,Uwe Machalett,Uwe Machalett,PBC Freudenstadt,PBC Freudenstadt 2 | PBC Freudenstadt 3,66
n:freilos|PBV Rottweil,,Freilos (PBV Rottweil),Freilos,PBV Rottweil,PBV Rottweil | PBV Rottweil 2 | PBV Rottweil 3,65
p:368563,368563,Joachim Koepke,Joachim Koepke,PBC Offenburg,PBC Offenburg 3 | PBC Offenburg 4 | PBC Offenburg 5,65
p:368818,368818,Leon Schick,Leon Schick,BC Neckarsulm,BC Neckarsulm 1 | BC Neckarsulm 2,65
p:242955,242955,Manfred Kalliehs,Manfred Kalliehs,PF Calw,PF Calw 1 | PF Calw 2 | PF Calw 3,65
n:mathias hartner|Heidenheimer BC,,Mathias Hartner,Mathias Hartner,Heidenheimer BC,Heidenheimer BC | Heidenheimer BC 2,65
p:251014,251014,Michael Gärttner,Michael Gärttner,BC Sindelfingen | PP Böblingen,BC Sindelfingen 8 | BC Sindelfingen 9 | PP Böblingen 3,65
n:riccardo heinen|PBV Schwetzingen,,Riccardo Heinen (PBV Schwetzingen),Riccardo Heinen,PBV Schwetzingen,PBV Schwetzingen 3 | PBV Schwetzingen 4,65
p:100189,100189,Sebastian Bartsch,Sebastian Bartsch,PBC Langenargen,PBC Langenargen 1 | PBC Langenargen 2,65
p:100074,100074,Süleyman Altinyaldiz,Süleyman Altinyaldiz,BC Dallau,BC Dallau 1 | BC Dallau 2,65
n:tasos tsolakidis|Heidenheimer BC,,Tasos Tsolakidis,Tasos Tsolakidis,Heidenheimer BC,Heidenheimer BC | Heidenheimer BC 2,65
n:thomas kühn|BBV Mannheim,,Thomas Kühn (BBV Mannheim),Thomas Kühn,BBV Mannheim,BBV Mannheim 2 | BBV Mannheim 3,65
n:thomas sommer|PBV Schwetzingen,,Thomas Sommer (PBV Schwetzingen),Thomas Sommer,PBV Schwetzingen,PBV Schwetzingen 2 | PBV Schwetzingen 3,65
p:368622,368622,Vy Le Tuong,Vy Le Tuong,BC Stuttgart 1891,BC Stuttgart 1891 3 | BC Stuttgart 1891 4,65
p:368041,368041,Alexander Srp,Alexander Srp,BC Feuersee,BC Feuersee 1,64
n:andreas petzold|Jump Shot Mingolsheim,,Andreas Petzold,Andreas Petzold,Jump Shot Mingolsheim,Jump Shot Mingolsheim,64
p:104199,104199,Bernd Schröder,Bernd Schröder,PBC Bräunlingen,PBC Bräunlingen 2,64
p:100511,100511,Christian Brehme,Christian Brehme,,,64
p:368402,368402,Cuong Dao-Ngoc,Cuong Dao-Ngoc,BC Sindelfingen,BC Sindelfingen 7 | BC Sindelfingen 8,64
n:daniel bissinger|PBC Offenburg,,Daniel Bissinger,Daniel Bissinger,PBC Offenburg,PBC Offenburg 2 | PBC Offenburg 4,64
n:david party|PBC Offenburg,,David Party (PBC Offenburg),David Party,PBC Offenburg,PBC Offenburg 2 | PBC Offenburg 4,64
n:freilos|BC Feuersee,,Freilos (BC Feuersee),Freilos,BC Feuersee,BC Feuersee,64
p:105130,105130,Hakan Yaratici,Hakan Yaratici,PBC Bräunlingen,PBC Bräunlingen 1 | PBC Bräunlingen 2,64
p:101010,101010,Hardi Engel,Hardi Engel,BV Markdorf,BV Markdorf 2 | BV Markdorf 3,64
p:368385,368385,Heidwin Sommer,Heidwin Sommer,PBV Schwetzingen,PBV Schwetzingen 8 | PBV Schwetzingen 9,64
p:368484,368484,Jasim Ammar Jasim Al-Khazraji,Jasim Ammar Jasim Al-Khazraji,Pool Knights Bensheim,Pool Knights Bensheim 1 | Pool Knights Bensheim 2,64
p:368409,368409,Lothar Hirsch,Lothar Hirsch,PBC Bietigheim-Bissingen,PBC Bietigheim-Bissingen 2 | PBC Bietigheim-Bissingen 3 | PBC Bietigheim-Bissingen 4,64
n:michael diedrich|PBC Sand,,Michael Diedrich (PBC Sand),Michael Diedrich,PBC Sand,PBC Sand,64
n:mike white|BSV Pfullingen,,Mike White,Mike White,BSV Pfullingen,BSV Pfullingen 3 | BSV Pfullingen 4,64
p:100447,100447,Patrick Bolduan,Patrick Bolduan,BC Weingarten,BC Weingarten 1,64
n:richy hartmann|PBC Sand,,Richy Hartmann (PBC Sand),Richy Hartmann,PBC Sand,PBC Sand,64
p:104770,104770,Sven Deschner,Sven Deschner,BV Villingen-Schwenningen,BV Villingen-Schwenningen 1,64
p:101823,101823,Andreas Guenier,Andreas Guenier,Mannheimer BF,Mannheimer BF 2 | Mannheimer BF 3 | Mannheimer BF 4 | Mannheimer BF 5,63
p:159294,159294,Christina Schneider-Radunovic,Christina Schneider-Radunovic,BC Sindelfingen,BC Sindelfingen 2,63
p:246933,246933,Daniel Nieter,Daniel Nieter,TV Cannstatt,TV Cannstatt 2 | TV Cannstatt 4,63
p:368469,368469,Gerhard Ehrenfried,Gerhard Ehrenfried,Pool Knights Bensheim,Pool Knights Bensheim 2,63
p:252363,252363,Moritz Rutkowski,Moritz Rutkowski,CC Karlsruhe | Mannheimer BF | PBC Rastatt,CC Karlsruhe 1 | Mannheimer BF 2 | PBC Rastatt 2,63
p:104179,104179,Rainer Schönfeld,Rainer Schönfeld,PBC Reutlingen,PBC Reutlingen 1,63
p:368222,368222,Sven Schulz,Sven Schulz,PBC Nagoldtal,PBC Nagoldtal 1 | PBC Nagoldtal 2 | PBC Nagoldtal 3,63
n:alexander friederich|BC Neckarsulm,,Alexander Friederich (BC Neckarsulm),Alexander Friederich,BC Neckarsulm,BC Neckarsulm | BC Neckarsulm 2 | BC Neckarsulm 3,62
p:368027,368027,Alfred Hellrigl,Alfred Hellrigl,BC Weingarten,BC Weingarten 1 | BC Weingarten 2,62
p:100719,100719,Arno Corigliano,Arno Corigliano,PBC Pfedelbach | PBC Schwäbisch Hall,PBC Pfedelbach 1 | PBC Pfedelbach 2 | PBC Schwäbisch Hall 1,62
n:arno corigliano|PBC Pfedelbach,,Arno Corigliano (PBC Pfedelbach),Arno Corigliano,PBC Pfedelbach,PBC Pfedelbach | PBC Pfedelbach 2,62
p:356163,356163,Bruno Schuon,Bruno Schuon,BSV Pfullingen,BSV Pfullingen 2 | BSV Pfullingen 3 | BSV Pfullingen 4,62
p:368557,368557,Christian Süß,Christian Süß,BSF Kurpfalz,BSF Kurpfalz 2 | BSF Kurpfalz 3,62
p:367936,367936,Dieter Seitz,Dieter Seitz,BC Bad Schussenried,BC Bad Schussenried 1 | BC Bad Schussenried 2,62
n:freilos|BSF Kurpfalz,,Freilos (BSF Kurpfalz),Freilos,BSF Kurpfalz,BSF Kurpfalz 2 | BSF Kurpfalz 3,62
p:100292,100292,Horst Bendig,Horst Bendig,P&S Denzlingen,P&S Denzlingen 1 | P&S Denzlingen 2,62
n:joachim höllwarth|CC Karlsruhe,,Joachim Höllwarth (CC Karlsruhe),Joachim Höllwarth,CC Karlsruhe,CC Karlsruhe | CC Karlsruhe 2,62
p:368493,368493,Jürgen Porzelt,Jürgen Porzelt,BSV Tiengen,BSV Tiengen 3 | BSV Tiengen 4,62
n:keven könig|PBV Schwetzingen,,Keven König (PBV Schwetzingen),Keven König,PBV Schwetzingen,PBV Schwetzingen 3,62
p:101470,101470,Michael Greiner,Michael Greiner,BC Dreiländereck,BC Dreiländereck 1,62
p:245269,245269,Nuno Brenner Miguel,Nuno Brenner Miguel,PBV Schwetzingen,PBV Schwetzingen 5 | PBV Schwetzingen 8 | PBV Schwetzingen 9,62
n:peter gemeinhardt|CC Karlsruhe,,Peter Gemeinhardt (CC Karlsruhe),Peter Gemeinhardt,CC Karlsruhe,CC Karlsruhe | CC Karlsruhe 2,62
p:367871,367871,Sebastian Müller,Sebastian Müller,PBC Reutlingen,PBC Reutlingen 2 | PBC Reutlingen 3,62
n:stefan stoll|BSV Filderstadt,,Stefan Stoll,Stefan Stoll,BSV Filderstadt,BSV Filderstadt,62
p:368461,368461,Thomas Ehrenfried,Thomas Ehrenfried,Pool Knights Bensheim,Pool Knights Bensheim 3 | Pool Knights Bensheim 4,62
p:103907,103907,Daniel Sanchez Goncalves,Daniel Sanchez Goncalves,BC Feuersee | PBC Schwäbisch Gmünd,BC Feuersee 1 | PBC Schwäbisch Gmünd 1,61
p:240263,240263,Harry Kowalczyk,Harry Kowalczyk,CC Karlsruhe,CC Karlsruhe 3 | CC Karlsruhe 4 | CC Karlsruhe 5,61
n:marco zieger|PBC Waghäusel,,Marco Zieger (PBC Waghäusel),Marco Zieger,PBC Waghäusel,PBC Waghäusel 3 | PBC Waghäusel 4,61
p:245559,245559,Marko Stapel,Marko Stapel,BV Villingen-Schwenningen,BV Villingen-Schwenningen 2,61
p:368485,368485,Nick Neubacher,Nick Neubacher,Pool Knights Bensheim,Pool Knights Bensheim 1 | Pool Knights Bensheim 2,61
p:249001,249001,Oliver Krieger,Oliver Krieger,PBC Aalen | PBC Schwäbisch Gmünd,PBC Aalen 1 | PBC Aalen 2 | PBC Schwäbisch Gmünd 1,61
p:368364,368364,Oliver Marx,Oliver Marx,BC Feuersee | BC Sindelfingen | BULL Leonberg-Höfingen,BC Feuersee 3 | BC Sindelfingen 6 | BULL Leonberg-Höfingen 2,61
p:368446,368446,Sebastian Buccheri,Sebastian Buccheri,BSC Lions Bietigheim,BSC Lions Bietigheim 1 | BSC Lions Bietigheim 2,61
n:selami hasi|BC Neckarsulm,,Selami Hasi,Selami Hasi,BC Neckarsulm,BC Neckarsulm 3,61
p:353768,353768,Tobias Küderle,Tobias Küderle,PBC Offenburg,PBC Offenburg 3,61
p:245005,245005,Yasar Mak,Yasar Mak,BV Backnang/Welzheim,BV Backnang/Welzheim 1,61
p:248184,248184,Benjamin Heck,Benjamin Heck,BSG Albstadt | PBC Bad Saulgau,BSG Albstadt 1 | PBC Bad Saulgau 2,60
p:228902,228902,Carlo Hartmann,Carlo Hartmann,BSG Albstadt,BSG Albstadt 1,60
p:353736,353736,Dario Dakovic,Dario Dakovic,PBC Bad Saulgau,PBC Bad Saulgau 2 | PBC Bad Saulgau 3,60
p:368468,368468,Dennis Dreissigacker,Dennis Dreissigacker,Pool Knights Bensheim,Pool Knights Bensheim 2 | Pool Knights Bensheim 3,60
n:drazen smolcic|PBC Sand,,Drazen Smolcic (PBC Sand),Drazen Smolcic,PBC Sand,PBC Sand,60
p:368662,368662,Genta Gunawan,Genta Gunawan,BC Feuersee | BC Stuttgart 1891,BC Feuersee 3 | BC Feuersee 4 | BC Feuersee 5 | BC Stuttgart 1891 5,60
n:jens pfaff|Fastbreakers Karlsruhe,,Jens Pfaff (Fastbreakers Karlsruhe),Jens Pfaff,Fastbreakers Karlsruhe,Fastbreakers Karlsruhe 2 | Fastbreakers Karlsruhe 3,60
p:102497,102497,Markus König,Markus König,BSV Filderstadt | BSV Pfullingen | PBC Bad Saulgau,BSV Filderstadt 2 | BSV Pfullingen 1 | PBC Bad Saulgau 2,60
p:368505,368505,Markus Löscher,Markus Löscher,BSV Shooters Fellbach | TV Cannstatt,BSV Shooters Fellbach 2 | TV Cannstatt 2 | TV Cannstatt 3 | TV Cannstatt 4 | TV Cannstatt 5,60
p:367962,367962,Markus Strauß,Markus Strauß,BSV Tiengen | BV Villingen-Schwenningen,BSV Tiengen 1 | BV Villingen-Schwenningen 1,60
p:368733,368733,Matthis Meier,Matthis Meier,BULL Leonberg-Höfingen,BULL Leonberg-Höfingen 3,60
p:104337,104337,Nuhid Serifovic,Nuhid Serifovic,BC Feuersee | PP Böblingen | TV Cannstatt,BC Feuersee 1 | PP Böblingen 1 | TV Cannstatt 1 | TV Cannstatt 3 | TV Cannstatt 4,60
p:240041,240041,Rudolf Weiß,Rudolf Weiß,PBC Bad Saulgau,PBC Bad Saulgau 2 | PBC Bad Saulgau 4,60
p:368908,368908,Simon Bernecker,Simon Bernecker,PBV Schwetzingen,PBV Schwetzingen 5 | PBV Schwetzingen 6,60
p:249083,249083,Simon Theodoropoulos,Simon Theodoropoulos,Tübinger BC,Tübinger BC 1 | Tübinger BC 2,60
p:224549,224549,Stefan Weiner,Stefan Weiner,BV Villingen-Schwenningen,BV Villingen-Schwenningen 1 | BV Villingen-Schwenningen 2,60
n:zehrudin vereget|PBV Schwetzingen,,Zehrudin Vereget (PBV Schwetzingen),Zehrudin Vereget,PBV Schwetzingen,PBV Schwetzingen 2 | PBV Schwetzingen 3 | PBV Schwetzingen 4,60
n:freilos|PBC Sand,,Freilos (PBC Sand),Freilos,PBC Sand,PBC Sand | PBC Sand 2,59
p:368810,368810,Jamil Dib,Jamil Dib,P&S Denzlingen,P&S Denzlingen 2,59
n:joao rodrigues|BSV Pfullingen,,Joao Rodrigues (BSV Pfullingen),Joao Rodrigues,BSV Pfullingen,BSV Pfullingen 3 | BSV Pfullingen 4,59
p:368236,368236,Joshua Bartsch,Joshua Bartsch,PBC Aalen,PBC Aalen 1 | PBC Aalen 2,59
p:240040,240040,Klaus Dietrich,Klaus Dietrich,BV Markdorf,BV Markdorf 2,59
p:103769,103769,Marcel Roden,Marcel Roden,CC Karlsruhe,CC Karlsruhe 1 | CC Karlsruhe 2,59
p:170496,170496,Sven Götz,Sven Götz,BF Weinheim-Viernheim,BF Weinheim-Viernheim 1 | BF Weinheim-Viernheim 2 | BF Weinheim-Viernheim 3,59
p:368251,368251,Sylvia Gurnig,Sylvia Gurnig,BV Markdorf,BV Markdorf 3,59
n:thomas metzler|PBC Bad Saulgau,,Thomas Metzler (PBC Bad Saulgau),Thomas Metzler,PBC Bad Saulgau,PBC Bad Saulgau 2 | PBC Bad Saulgau 3 | PBC Bad Saulgau 7,59
p:104633,104633,Thomas Tischmann,Thomas Tischmann,BC Blaustein,BC Blaustein 1,59
n:tobias schneider|BF Bronnen,,Tobias Schneider (BF Bronnen),Tobias Schneider,BF Bronnen,BF Bronnen | BF Bronnen 2,59
p:102870,102870,Willi Ludwig,Willi Ludwig,PP Karlsbad,PP Karlsbad 1,59
p:368109,368109,Yao Wang,Yao Wang,BC Feuersee | BC Stuttgart 1891,BC Feuersee 3 | BC Feuersee 4 | BC Feuersee 5 | BC Stuttgart 1891 5,59
n:anton schubert|PBC Ochsenhausen,,Anton Schubert (PBC Ochsenhausen),Anton Schubert,PBC Ochsenhausen,PBC Ochsenhausen 2 | PBC Ochsenhausen 3,58
n:ardalan mirahmadi|BSV Filderstadt,,Ardalan Mirahmadi (BSV Filderstadt),Ardalan Mirahmadi,BSV Filderstadt,BSV Filderstadt | BSV Filderstadt 2 | BSV Filderstadt 3,58
p:105162,105162,Axel Zeh,Axel Zeh,TV Cannstatt,TV Cannstatt 2 | TV Cannstatt 3 | TV Cannstatt 5,58
n:dieter neumann|BSV Weinheim,,Dieter Neumann (BSV Weinheim),Dieter Neumann,BSV Weinheim,BSV Weinheim | BSV Weinheim 4,58
n:florian menzel|PBV Schwetzingen,,Florian Menzel (PBV Schwetzingen),Florian Menzel,PBV Schwetzingen,PBV Schwetzingen | PBV Schwetzingen 2,58
n:freilos|Poolsharks Bruchsal,,Freilos (Poolsharks Bruchsal),Freilos,Poolsharks Bruchsal,Poolsharks Bruchsal | Poolsharks Bruchsal 2 | Poolsharks Bruchsal 3,58
p:368645,368645,Joel Louis Egon Strohmayer,Joel Louis Egon Strohmayer,PBC Schwäbisch Gmünd,PBC Schwäbisch Gmünd 1 | PBC Schwäbisch Gmünd 2,58
p:367935,367935,Kadir Özturgut,Kadir Özturgut,BC Bad Schussenried,BC Bad Schussenried 1 | BC Bad Schussenried 2 | BC Bad Schussenried 3,58
n:karl-heinz zimmermann|PBV Schwetzingen,,Karl-Heinz Zimmermann (PBV Schwetzingen),Karl-Heinz Zimmermann,PBV Schwetzingen,PBV Schwetzingen 2 | PBV Schwetzingen 3 | PBV Schwetzingen 4,58
p:368297,368297,Karsten Mieskes,Karsten Mieskes,BC Bad Schussenried,BC Bad Schussenried 1 | BC Bad Schussenried 2 | BC Bad Schussenried 3,58
p:103127,103127,Massimo Miccoli,Massimo Miccoli,BC Sindelfingen,BC Sindelfingen 2 | BC Sindelfingen 4 | BC Sindelfingen 5,58
p:366248,366248,Matthias Stolz,Matthias Stolz,BC Feuersee | BSV Shooters Fellbach | TV Cannstatt,BC Feuersee 5 | BSV Shooters Fellbach 2 | TV Cannstatt 2 | TV Cannstatt 3 | TV Cannstatt 5,58
p:242867,242867,Michael Matschewsky,Michael Matschewsky,PBC Freudenstadt,PBC Freudenstadt 1,58
n:nikolai kruhm|PBC Fr. Lampertheim,,Nikolai Kruhm (PBC Fr. Lampertheim),Nikolai Kruhm,PBC Fr. Lampertheim,PBC Fr. Lampertheim | PBC Fr. Lampertheim 2,58
n:serdar tunbek|BBV Mannheim,,Serdar Tunbek (BBV Mannheim),Serdar Tunbek,BBV Mannheim,BBV Mannheim | BBV Mannheim 2 | BBV Mannheim 3,58
p:368389,368389,Stefan Avrancsev,Stefan Avrancsev,BSC Göppingen,BSC Göppingen 2,58
n:zeljko burmazovic|PBC Pfedelbach,,Zeljko Burmazovic (PBC Pfedelbach),Zeljko Burmazovic,PBC Pfedelbach,PBC Pfedelbach,58
n:önder coskun|Fastbreakers Karlsruhe,,Önder Coskun (Fastbreakers Karlsruhe),Önder Coskun,Fastbreakers Karlsruhe,Fastbreakers Karlsruhe | Fastbreakers Karlsruhe 3,58
p:245471,245471,Achim Stoll,Achim Stoll,BSV Filderstadt,BSV Filderstadt 4 | BSV Filderstadt 5 | BSV Filderstadt 6,57
p:368034,368034,Andreas Tschinkel,Andreas Tschinkel,BBC Plochingen,BBC Plochingen 1 | BBC Plochingen 2,57
p:368904,368904,Dietmar Helfrich,Dietmar Helfrich,BC Bad Schussenried,BC Bad Schussenried 3 | BC Bad Schussenried 4,57
n:dominik krenzer|BULL Leonberg-Höfingen,,Dominik Krenzer (BULL Leonberg-Höfingen),Dominik Krenzer,BULL Leonberg-Höfingen,BULL Leonberg-Höfingen | BULL Leonberg-Höfingen 2,57
n:fabian thoma-schuck|BC Weingarten,,Fabian Thoma-Schuck (BC Weingarten),Fabian Thoma-Schuck,BC Weingarten,BC Weingarten | BC Weingarten 2 | BC Weingarten 3,57
p:242876,242876,Frank Tatarkowski,Frank Tatarkowski,PBC Offenburg,PBC Offenburg 2,57
p:368848,368848,Franz Miehle,Franz Miehle,BC Bad Schussenried,BC Bad Schussenried 3,57
n:harald leder|CC Karlsruhe,,Harald Leder (CC Karlsruhe),Harald Leder,CC Karlsruhe,CC Karlsruhe | CC Karlsruhe 3,57
n:marius-daniel grigore-martini|BSV Pfullingen,,Marius-Daniel Grigore-Martini (BSV Pfullingen),Marius-Daniel Grigore-Martini,BSV Pfullingen,BSV Pfullingen 2,57
n:martin frei|PBC Offenburg,,Martin Frei (PBC Offenburg),Martin Frei,PBC Offenburg,PBC Offenburg | PBC Offenburg 2,57
p:368559,368559,Maurizio Reith,Maurizio Reith,PBC Offenburg,PBC Offenburg 4,57
n:roland menrath|BF Bruchsal,,Roland Menrath (BF Bruchsal),Roland Menrath,BF Bruchsal,BF Bruchsal,57
n:vjekoslav mikulic|Heidenheimer BC,,Vjekoslav Mikulic,Vjekoslav Mikulic,Heidenheimer BC,Heidenheimer BC | Heidenheimer BC 2,57
p:102047,102047,Xhemajil Ibrahimi,Xhemajil Ibrahimi,PBC Nagoldtal,PBC Nagoldtal 2 | PBC Nagoldtal 3,57
p:367979,367979,Adriano Viviani,Adriano Viviani,CC Karlsruhe | PBC Rastatt,CC Karlsruhe 2 | PBC Rastatt 2,56
n:bülent acar|PBC Bruchsal,,Bülent Acar (PBC Bruchsal),Bülent Acar,PBC Bruchsal,PBC Bruchsal,56
n:erdal akinci|PBC Bad Saulgau,,Erdal Akinci (PBC Bad Saulgau),Erdal Akinci,PBC Bad Saulgau,PBC Bad Saulgau 2,56
n:freilos|BV Backnang/Welzheim,,Freilos (BV Backnang/Welzheim),Freilos,BV Backnang/Welzheim,BV Backnang/Welzheim,56
n:freilos|PBC Pfedelbach,,Freilos (PBC Pfedelbach),Freilos,PBC Pfedelbach,PBC Pfedelbach,56
p:368231,368231,Lars Quitsch,Lars Quitsch,BSC Lions Bietigheim | PBC Bruchsal,BSC Lions Bietigheim 2 | PBC Bruchsal 4,56
p:368610,368610,Lukas Masson,Lukas Masson,PP Karlsbad,PP Karlsbad 1 | PP Karlsbad 2,56
p:353844,353844,Manuel Aschenbrenner,Manuel Aschenbrenner,BC Bad Schussenried | PBC Bad Saulgau,BC Bad Schussenried 3 | BC Bad Schussenried 5 | PBC Bad Saulgau 3,56
n:marcel roden|CC Karlsruhe,,Marcel Roden (CC Karlsruhe),Marcel Roden,CC Karlsruhe,CC Karlsruhe,56
n:marco schmitt|BBV Mannheim,,Marco Schmitt (BBV Mannheim),Marco Schmitt,BBV Mannheim,BBV Mannheim | BBV Mannheim 3 | BBV Mannheim 4,56
p:368503,368503,Marcus Dienst,Marcus Dienst,PBV Schwetzingen,PBV Schwetzingen 4 | PBV Schwetzingen 5,56
p:100014,100014,Marek Adam,Marek Adam,PBC Waghäusel | PBV Schwetzingen,PBC Waghäusel 2 | PBC Waghäusel 3 | PBV Schwetzingen 3,56
n:mario kiefer|PBC Kirchheim/Teck,,Mario Kiefer,Mario Kiefer,PBC Kirchheim/Teck,PBC Kirchheim/Teck,56
n:michael kohl|PBV Schwetzingen,,Michael Kohl,Michael Kohl,PBV Schwetzingen,PBV Schwetzingen | PBV Schwetzingen 2,56
n:moritz berchtold|PBC Kirchheim/Teck,,Moritz Berchtold,Moritz Berchtold,PBC Kirchheim/Teck,PBC Kirchheim/Teck,56
p:368821,368821,Partha Ghosh,Partha Ghosh,Tübinger BC,Tübinger BC | Tübinger BC 1 | Tübinger BC 2,56
p:103593,103593,Ralf Rabold,Ralf Rabold,PP Karlsbad,PP Karlsbad 1 | PP Karlsbad 2,56
p:251024,251024,Sascha Jungwirth,Sascha Jungwirth,BSC Lions Bietigheim,BSC Lions Bietigheim 1 | BSC Lions Bietigheim 2,56
p:353826,353826,Sebastian Calinescu,Sebastian Calinescu,BF Weinheim-Viernheim,BF Weinheim-Viernheim 1 | BF Weinheim-Viernheim 2 | BF Weinheim-Viernheim 3,56
p:100106,100106,Stefanie Arndt,Stefanie Arndt,BSV Tiengen,BSV Tiengen 2 | BSV Tiengen 3,56
p:100243,100243,Alexander Baur,Alexander Baur,PBC Bad Saulgau,PBC Bad Saulgau 2 | PBC Bad Saulgau 4,55
p:104090,104090,Bernd Schmidt,Bernd Schmidt,Mannheimer BF | PBC Fr. Lampertheim,Mannheimer BF 4 | PBC Fr. Lampertheim 2,55
n:dirk windecker|BBV Mannheim,,Dirk Windecker (BBV Mannheim),Dirk Windecker,BBV Mannheim,BBV Mannheim 2 | BBV Mannheim 3,55
p:351258,351258,Donald Oreskovic,Donald Oreskovic,PBC Bad Saulgau,PBC Bad Saulgau 2,55
p:350897,350897,Harry Augustin,Harry Augustin,BC Aalen,BC Aalen 4 | BC Aalen 5,55
p:101926,101926,Heiko Hoffmann,Heiko Hoffmann,PBV Schwetzingen,PBV Schwetzingen 3,55
p:369056,369056,Kevin Minardi,Kevin Minardi,PBC Reutlingen | Tübinger BC,PBC Reutlingen 2 | Tübinger BC | Tübinger BC 3,55
n:lothar ring|PBC Ochsenhausen,,Lothar Ring,Lothar Ring,PBC Ochsenhausen,PBC Ochsenhausen 2 | PBC Ochsenhausen 3,55
n:marcus colmelet|Fastbreakers Karlsruhe,,Marcus Colmelet (Fastbreakers Karlsruhe),Marcus Colmelet,Fastbreakers Karlsruhe,Fastbreakers Karlsruhe | Fastbreakers Karlsruhe 3,55
p:101363,101363,Oliver Geuder,Oliver Geuder,Mannheimer BF | PBC Fr. Lampertheim,Mannheimer BF 4 | PBC Fr. Lampertheim 1 | PBC Fr. Lampertheim 2,55
p:101304,101304,Ralf Ganz,Ralf Ganz,CC Karlsruhe,CC Karlsruhe 1 | CC Karlsruhe 2 | CC Karlsruhe 3 | CC Karlsruhe 5,55
n:sebastian rudat|BC Neckarsulm,,Sebastian Rudat,Sebastian Rudat,BC Neckarsulm,BC Neckarsulm | BC Neckarsulm 2,55
p:102352,102352,Udo Kirchgeßner,Udo Kirchgeßner,PBC Waghäusel,PBC Waghäusel 1,55
p:368032,368032,Alexander Casper,Alexander Casper,Mannheimer BF,Mannheimer BF 1 | Mannheimer BF 2,54
p:368778,368778,Dimitrios Stotoglou,Dimitrios Stotoglou,VFL Herrenberg,VFL Herrenberg 1,54
n:dirk schäfer|BSV Weinheim,,Dirk Schäfer,Dirk Schäfer,BSV Weinheim,BSV Weinheim,54
n:florian buchwald|BF Bruchsal,,Florian Buchwald,Florian Buchwald,BF Bruchsal,BF Bruchsal,54
p:242722,242722,Giuseppe Curcio,Giuseppe Curcio,TV Cannstatt,TV Cannstatt 1,54
n:heiko hoffmann|BSF Kurpfalz,,Heiko Hoffmann (BSF Kurpfalz),Heiko Hoffmann,BSF Kurpfalz,BSF Kurpfalz 2,54
p:368353,368353,Jens Murat,Jens Murat,BV Pforzheim,BV Pforzheim 2 | BV Pforzheim 3 | BV Pforzheim 4,54
p:104354,104354,Manfred Sieweke,Manfred Sieweke,PBC Ochsenhausen,PBC Ochsenhausen 1 | PBC Ochsenhausen 2 | PBC Ochsenhausen 3,54
p:104910,104910,Marc Wegenast,Marc Wegenast,BC Weingarten,BC Weingarten 1,54
p:104363,104363,Mark Simon,Mark Simon,PBC Nagoldtal,PBC Nagoldtal 3,54
n:mark simon|PBC Nagoldtal,,Mark Simon (PBC Nagoldtal),Mark Simon,PBC Nagoldtal,PBC Nagoldtal,54
n:markus werner|Heidenheimer BC,,Markus Werner,Markus Werner,Heidenheimer BC,Heidenheimer BC,54
n:massimo miccoli|BC Ludwigsburg,,Massimo Miccoli (BC Ludwigsburg),Massimo Miccoli,BC Ludwigsburg,BC Ludwigsburg | BC Ludwigsburg 2 | BC Ludwigsburg 3,54
p:368868,368868,Matthias Weigl,Matthias Weigl,PBC Schwäbisch Gmünd,PBC Schwäbisch Gmünd 1 | PBC Schwäbisch Gmünd 2,54
p:242708,242708,Mike Dörfler,Mike Dörfler,BC Dreiländereck,BC Dreiländereck 1,54
n:nikolaus blum|PBC Ochsenhausen,,Nikolaus Blum (PBC Ochsenhausen),Nikolaus Blum,PBC Ochsenhausen,PBC Ochsenhausen 2 | PBC Ochsenhausen 3,54
n:nikolaus deckers|P&S Denzlingen,,Nikolaus Deckers,Nikolaus Deckers,P&S Denzlingen,P&S Denzlingen | P&S Denzlingen 2,54
p:368577,368577,Otto Stefan Witt,Otto Stefan Witt,BULL Leonberg-Höfingen,BULL Leonberg-Höfingen 2 | BULL Leonberg-Höfingen 3,54
p:352331,352331,Sebastian Schöffer,Sebastian Schöffer,BC Dätzingen,BC Dätzingen 2 | BC Dätzingen 3,54
p:355908,355908,Stefan Scherer,Stefan Scherer,CC Karlsruhe,CC Karlsruhe 2 | CC Karlsruhe 3 | CC Karlsruhe 5,54
n:steffen auer|PBC Bad Saulgau,,Steffen Auer,Steffen Auer,PBC Bad Saulgau,PBC Bad Saulgau 2 | PBC Bad Saulgau 3,54
p:101401,101401,Udo Gleich,Udo Gleich,BC Blaustein,BC Blaustein 1,54
n:udo träutlein|BSV Weinheim,,Udo Träutlein (BSV Weinheim),Udo Träutlein,BSV Weinheim,BSV Weinheim,54
n:vladislav hebel|P&S Denzlingen,,Vladislav Hebel,Vladislav Hebel,P&S Denzlingen,P&S Denzlingen,54
p:368558,368558,Alen Mulaosmanovic,Alen Mulaosmanovic,PBC Offenburg,PBC Offenburg 3 | PBC Offenburg 4 | PBC Offenburg 5,53
p:100889,100889,Bernd Dorenburg,Bernd Dorenburg,BSV Pfullingen,BSV Pfullingen 1 | BSV Pfullingen 2 | BSV Pfullingen 3 | BSV Pfullingen 4 | BSV Pfullingen 5,53
p:368957,368957,Colin Ketterlin,Colin Ketterlin,CC Karlsruhe,CC Karlsruhe 2 | CC Karlsruhe 3,53
n:guido kilian|BSV Weinheim,,Guido Kilian,Guido Kilian,BSV Weinheim,BSV Weinheim 2 | BSV Weinheim 3 | BSV Weinheim 4,53
p:368386,368386,Henry Spang,Henry Spang,BC Sindelfingen,BC Sindelfingen 7 | BC Sindelfingen 8,53
p:355986,355986,Josip Guja,Josip Guja,PBV Schwetzingen,PBV Schwetzingen 5 | PBV Schwetzingen 6 | PBV Schwetzingen 7 | PBV Schwetzingen 8,53
p:101299,101299,Karim Gampper,Karim Gampper,BC Feuersee,BC Feuersee 1 | BC Feuersee 2 | BC Feuersee 3 | BC Feuersee 4,53
p:368319,368319,Luka Fuchs,Luka Fuchs,PP Böblingen,PP Böblingen 2 | PP Böblingen 3,53
n:mergim zekaj|PBC Pfedelbach,,Mergim Zekaj (PBC Pfedelbach),Mergim Zekaj,PBC Pfedelbach,PBC Pfedelbach,53
p:354510,354510,Michael Schmitt,Michael Schmitt,Mannheimer BF,Mannheimer BF 3 | Mannheimer BF 4 | Mannheimer BF 5,53
p:368618,368618,Oliver Alunni,Oliver Alunni,Mannheimer BF,Mannheimer BF 3 | Mannheimer BF 4 | Mannheimer BF 5,53
p:101341,101341,Peter Gemeinhardt,Peter Gemeinhardt,CC Karlsruhe,CC Karlsruhe 2 | CC Karlsruhe 3 | CC Karlsruhe 5,53
p:367253,367253,Rolf Göllner,Rolf Göllner,BC Feuersee,BC Feuersee 3 | BC Feuersee 4 | BC Feuersee 5,53
n:alen salic|BBV Mannheim,,Alen Salic (BBV Mannheim),Alen Salic,BBV Mannheim,BBV Mannheim,52
n:andreas rago|BC Sindelfingen,,Andreas Rago (BC Sindelfingen),Andreas Rago,BC Sindelfingen,BC Sindelfingen 2 | BC Sindelfingen 3,52
p:104578,104578,Besim Tastekin,Besim Tastekin,PBC Bietigheim-Bissingen,PBC Bietigheim-Bissingen 1 | PBC Bietigheim-Bissingen 2,52
p:247503,247503,Claudia Heinen,Claudia Heinen,PBV Schwetzingen,PBV Schwetzingen 5 | PBV Schwetzingen 7 | PBV Schwetzingen 8 | PBV Schwetzingen 9,52
n:fikret salic|BBV Mannheim,,Fikret Salic (BBV Mannheim),Fikret Salic,BBV Mannheim,BBV Mannheim,52
n:hakan toprak|PBC Reutlingen,,Hakan Toprak (PBC Reutlingen),Hakan Toprak,PBC Reutlingen,PBC Reutlingen,52
n:hermann hoyh|BSV Filderstadt,,Hermann Hoyh (BSV Filderstadt),Hermann Hoyh,BSV Filderstadt,BSV Filderstadt,52
n:jörg laupitz|PBC Nagoldtal,,Jörg Laupitz (PBC Nagoldtal),Jörg Laupitz,PBC Nagoldtal,PBC Nagoldtal,52
n:manuel letzel|BBV Mannheim,,Manuel Letzel (BBV Mannheim),Manuel Letzel,BBV Mannheim,BBV Mannheim | BBV Mannheim 2 | BBV Mannheim 4,52
p:368198,368198,Markus Hanagarth,Markus Hanagarth,PBC Bruchsal,PBC Bruchsal 3 | PBC Bruchsal 4,52
n:markus rütten|P&S Denzlingen,,Markus Rütten (P&S Denzlingen),Markus Rütten,P&S Denzlingen,P&S Denzlingen | P&S Denzlingen 2,52
p:100651,100651,Mehmet Cankurt,Mehmet Cankurt,Mannheimer BF,Mannheimer BF 1,52
n:michael betz|PBC Waghäusel,,Michael Betz,Michael Betz,PBC Waghäusel,PBC Waghäusel 3 | PBC Waghäusel 4,52
n:peter restle|BSV Pfullingen,,Peter Restle (BSV Pfullingen),Peter Restle,BSV Pfullingen,BSV Pfullingen 3 | BSV Pfullingen 4,52
n:ruben winkler|PBC Schwäbisch-Hall,,Ruben Winkler (PBC Schwäbisch-Hall),Ruben Winkler,PBC Schwäbisch-Hall,PBC Schwäbisch-Hall,52
p:245485,245485,Rudi Fölker,Rudi Fölker,PBC Bad Saulgau,PBC Bad Saulgau 2 | PBC Bad Saulgau 3,52
n:thomas butscher|PBC Bad Saulgau,,Thomas Butscher,Thomas Butscher,PBC Bad Saulgau,PBC Bad Saulgau 3 | PBC Bad Saulgau 4,52
n:thomas dürr|PBC Nagoldtal,,Thomas Dürr (PBC Nagoldtal),Thomas Dürr,PBC Nagoldtal,PBC Nagoldtal,52
n:thomas kupfer|PBC Schwäbisch-Hall,,Thomas Kupfer (PBC Schwäbisch-Hall),Thomas Kupfer,PBC Schwäbisch-Hall,PBC Schwäbisch-Hall,52
n:thomas neumann|PBC Waghäusel,,Thomas Neumann (PBC Waghäusel),Thomas Neumann,PBC Waghäusel,PBC Waghäusel | PBC Waghäusel 2,52
p:161918,161918,Wolfgang Stimmer,Wolfgang Stimmer,PBC Ochsenhausen,PBC Ochsenhausen 2,52
p:353791,353791,Andreas Geigle,Andreas Geigle,BBC Plochingen,BBC Plochingen 2,51
n:bianca heneka|PBC Bruchsal,,Bianca Heneka (PBC Bruchsal),Bianca Heneka,PBC Bruchsal,PBC Bruchsal | PBC Bruchsal 2 | PBC Bruchsal 3,51
p:368537,368537,Henrik Böker,Henrik Böker,JS Mingolsheim,JS Mingolsheim 3 | JS Mingolsheim 4,51
p:102744,102744,Jörg Laupitz,Jörg Laupitz,PBC Nagoldtal,PBC Nagoldtal 3,51
p:368187,368187,Markus Geppert,Markus Geppert,BC Dallau,BC Dallau 2 | BC Dallau 3,51
p:247852,247852,Oliver Kandula,Oliver Kandula,PBC Schwäbisch Hall,PBC Schwäbisch Hall 2,51
p:368192,368192,Pascal Witt,Pascal Witt,PBC Bruchsal,PBC Bruchsal 3,51
p:368138,368138,Philip Gamerdinger,Philip Gamerdinger,BC Aalen,BC Aalen 4,51
p:368819,368819,Sait Pelit,Sait Pelit,BSC Göppingen,BSC Göppingen 1,51
p:351689,351689,Sander Damrau,Sander Damrau,BSV Pfullingen,BSV Pfullingen 1 | BSV Pfullingen 2,51
p:352032,352032,Stefan Neuberger,Stefan Neuberger,BC Neckarsulm,BC Neckarsulm 1 | BC Neckarsulm 2,51
n:ahmet yilmaz|Jump Shot Mingolsheim,,Ahmet Yilmaz (Jump Shot Mingolsheim),Ahmet Yilmaz,Jump Shot Mingolsheim,Jump Shot Mingolsheim,50
p:368352,368352,Aleksander Diachkov,Aleksander Diachkov,BV Pforzheim,BV Pforzheim 1,50
p:102903,102903,Alexander Mack,Alexander Mack,PBC Schwäbisch Hall,PBC Schwäbisch Hall 2,50
n:andreas wittmeier|BC Breakers Knittlingen,,Andreas Wittmeier (BC Breakers Knittlingen),Andreas Wittmeier,BC Breakers Knittlingen,BC Breakers Knittlingen,50
p:368483,368483,Armin Mühlich,Armin Mühlich,Pool Knights Bensheim,Pool Knights Bensheim 3,50
p:102108,102108,Daniel Jarke,Daniel Jarke,BF Bruchsal,BF Bruchsal 1,50
p:369106,369106,Erdem Dikici,Erdem Dikici,BSC Göppingen | BSV Filderstadt,BSC Göppingen 1 | BSV Filderstadt 4,50
n:homayoun nikzat|BSV Konstanz,,Homayoun Nikzat (BSV Konstanz),Homayoun Nikzat,BSV Konstanz,BSV Konstanz | BSV Konstanz 2,50
n:jonas bohrer|PBC Fr. Lampertheim,,Jonas  Bohrer,Jonas  Bohrer,PBC Fr. Lampertheim,PBC Fr. Lampertheim 2 | PBC Fr. Lampertheim 3,50
p:368450,368450,Jürgen Reisner,Jürgen Reisner,PBC Aalen,PBC Aalen 1 | PBC Aalen 2,50
p:102370,102370,Kai Kiss,Kai Kiss,BSV Tiengen,BSV Tiengen 1 | BSV Tiengen 2,50
n:konrad bau|Tübinger BC,,Konrad Bau (Tübinger BC),Konrad Bau,Tübinger BC,Tübinger BC | Tübinger BC 2,50
p:369105,369105,Lothar Enzenhöfer,Lothar Enzenhöfer,BC Bad Schussenried,BC Bad Schussenried 2,50
n:marco huber|BC Breakers Knittlingen,,Marco Huber (BC Breakers Knittlingen),Marco Huber,BC Breakers Knittlingen,BC Breakers Knittlingen,50
p:368785,368785,Mirsad Coric,Mirsad Coric,P&S Denzlingen,P&S Denzlingen 2 | P&S Denzlingen 3,50
p:231558,231558,Philipp Lisenko,Philipp Lisenko,P&S Denzlingen,P&S Denzlingen 1 | P&S Denzlingen 2,50
n:savas hopff|PF Calw,,Savas Hopff (PF Calw),Savas Hopff,PF Calw,PF Calw | PF Calw 2,50
p:367939,367939,Tommaso Parisi,Tommaso Parisi,BC Bad Schussenried,BC Bad Schussenried 1 | BC Bad Schussenried 2 | BC Bad Schussenried 3 | BC Bad Schussenried 4,50
p:368443,368443,Wolfgang Laun,Wolfgang Laun,BV Backnang/Welzheim,BV Backnang/Welzheim 1,50
p:368922,368922,Yusa Tutucu,Yusa Tutucu,BSC Göppingen,BSC Göppingen 2 | BSC Göppingen 3,50
p:245527,245527,Artur Kantz,Artur Kantz,PP Böblingen,PP Böblingen 1 | PP Böblingen 2 | PP Böblingen 3,49
p:250901,250901,Emrah Atak,Emrah Atak,BC Neckarsulm | PBV Schwetzingen,BC Neckarsulm 1 | BC Neckarsulm 2 | PBV Schwetzingen 4,49
n:eric mattern|PBV Schwetzingen,,Eric Mattern (PBV Schwetzingen),Eric Mattern,PBV Schwetzingen,PBV Schwetzingen 3 | PBV Schwetzingen 4,49
n:fabian metz|CC Karlsruhe,,Fabian Metz (CC Karlsruhe),Fabian Metz,CC Karlsruhe,CC Karlsruhe | CC Karlsruhe 3,49
n:gerhard ehrenfried|BSV Weinheim,,Gerhard Ehrenfried (BSV Weinheim),Gerhard Ehrenfried,BSV Weinheim,BSV Weinheim 3 | BSV Weinheim 4,49
p:368518,368518,Jannik Buchstab,Jannik Buchstab,PBC Schwäbisch Gmünd,PBC Schwäbisch Gmünd 1,49
p:368683,368683,Jürgen Berninger,Jürgen Berninger,PBV Schwetzingen,PBV Schwetzingen 6 | PBV Schwetzingen 7,49
p:368200,368200,Jürgen Trost,Jürgen Trost,BC Sindelfingen,BC Sindelfingen 3 | BC Sindelfingen 4 | BC Sindelfingen 5,49
p:103997,103997,Norbert Scheinpflug,Norbert Scheinpflug,BSV Tiengen,BSV Tiengen 3 | BSV Tiengen 4,49
p:368811,368811,Philipp Kibele,Philipp Kibele,TV Cannstatt,TV Cannstatt 1,49
p:105232,105232,Robert Zivanovic,Robert Zivanovic,BBC Plochingen,BBC Plochingen 2,49
p:100647,100647,Serkan Candir,Serkan Candir,BSV Filderstadt,BSV Filderstadt 3 | BSV Filderstadt 4 | BSV Filderstadt 5 | BSV Filderstadt 6,49
n:thomas leiblich|BC Neckarsulm,,Thomas Leiblich,Thomas Leiblich,BC Neckarsulm,BC Neckarsulm 3,49
p:368832,368832,Timm Ganske,Timm Ganske,CC Karlsruhe,CC Karlsruhe 2 | CC Karlsruhe 3 | CC Karlsruhe 4,49
p:104820,104820,Tom Wacker,Tom Wacker,PP Karlsbad,PP Karlsbad 1 | PP Karlsbad 2,49
n:ulf bojus|BC Neckarsulm,,Ulf Bojus (BC Neckarsulm),Ulf Bojus,BC Neckarsulm,BC Neckarsulm | BC Neckarsulm 3,49
p:369124,369124,Adham Mohamed,Adham Mohamed,Tübinger BC,Tübinger BC | Tübinger BC 1 | Tübinger BC 2 | Tübinger BC 3,48
n:alexander grossmann|BSV Filderstadt,,Alexander Großmann,Alexander Großmann,BSV Filderstadt,BSV Filderstadt,48
p:368850,368850,Alicia Baum,Alicia Baum,PBC Rastatt,PBC Rastatt 2 | PBC Rastatt 4,48
p:367927,367927,Andreas Wagner,Andreas Wagner,BC Bad Schussenried,BC Bad Schussenried 1 | BC Bad Schussenried 2 | BC Bad Schussenried 3 | BC Bad Schussenried 4 | BC Bad Schussenried 5,48
p:241619,241619,Björn Spiegel,Björn Spiegel,BC Feuersee,BC Feuersee 1 | BC Feuersee 2,48
n:franz meschenmoser|PBC Bad Saulgau,,Franz Meschenmoser (PBC Bad Saulgau),Franz Meschenmoser,PBC Bad Saulgau,PBC Bad Saulgau 3 | PBC Bad Saulgau 7,48
n:george reinhart|PBC Kirchheim/Teck,,George Reinhart,George Reinhart,PBC Kirchheim/Teck,PBC Kirchheim/Teck,48
n:hans welter|Heidenheimer BC,,Hans Welter,Hans Welter,Heidenheimer BC,Heidenheimer BC | Heidenheimer BC 2,48
n:horst weber|PBC Bad Saulgau,,Horst Weber,Horst Weber,PBC Bad Saulgau,PBC Bad Saulgau 2 | PBC Bad Saulgau 3,48
p:100903,100903,Krischan Dostal,Krischan Dostal,BV Markdorf | PBC Langenargen,BV Markdorf 2 | PBC Langenargen 1,48
n:matthias wolf|Jump Shot Mingolsheim,,Matthias Wolf (Jump Shot Mingolsheim),Matthias Wolf,Jump Shot Mingolsheim,Jump Shot Mingolsheim,48
p:102862,102862,Melanie Kiefer,Melanie Kiefer,PBC Offenburg,PBC Offenburg 3 | PBC Offenburg 4 | PBC Offenburg 5 | PBC Offenburg 6,48
p:242717,242717,Michael Psarras,Michael Psarras,BC Dreiländereck,BC Dreiländereck 1 | BC Dreiländereck 2,48
n:michael strenski|PBC Bruchsal,,Michael Strenski (PBC Bruchsal),Michael Strenski,PBC Bruchsal,PBC Bruchsal 2 | PBC Bruchsal 3,48
p:242776,242776,Nikolaus Gündel,Nikolaus Gündel,P&S Denzlingen,P&S Denzlingen 1 | P&S Denzlingen 2,48
n:orhan parama|BSC Göppingen,,Orhan Parama (BSC Göppingen),Orhan Parama,BSC Göppingen,BSC Göppingen | BSC Göppingen 2,48
n:peter thurm|PBC Bruchsal,,Peter Thurm (PBC Bruchsal),Peter Thurm,PBC Bruchsal,PBC Bruchsal 2 | PBC Bruchsal 3,48
n:philipp griegel|PBC Kirchheim/Teck,,Philipp Griegel,Philipp Griegel,PBC Kirchheim/Teck,PBC Kirchheim/Teck,48
p:352016,352016,Reimar Sauter,Reimar Sauter,BF Bruchsal | CC Karlsruhe,BF Bruchsal 1 | BF Bruchsal 2 | CC Karlsruhe 1 | CC Karlsruhe 3,48
n:reinhold waldraff|PBC Bad Saulgau,,Reinhold Waldraff,Reinhold Waldraff,PBC Bad Saulgau,PBC Bad Saulgau 2,48
p:367917,367917,Sijon Joos,Sijon Joos,BSV Tiengen,BSV Tiengen 1 | BSV Tiengen 2,48
p:102015,102015,Stephan Huber [102015],Stephan Huber,CC Karlsruhe,CC Karlsruhe 1 | CC Karlsruhe 3,48
n:the trung duong|Heidenheimer BC,,The Trung Duong,The Trung Duong,Heidenheimer BC,Heidenheimer BC | Heidenheimer BC 2,48
p:100117,100117,Tobias Auer,Tobias Auer,BV Backnang/Welzheim,BV Backnang/Welzheim 1,48
p:353066,353066,Wolfgang Stollberger,Wolfgang Stollberger,BC Dallau,BC Dallau 2 | BC Dallau 3,48
p:253021,253021,Yavuz Güleryüz,Yavuz Güleryüz,P&S Denzlingen,P&S Denzlingen 1 | P&S Denzlingen 2,48
p:368434,368434,Abdullah Yesil,Abdullah Yesil,PP Karlsbad,PP Karlsbad 1 | PP Karlsbad 2,47
n:branislav petkovic|PBC Reutlingen,,Branislav Petkovic,Branislav Petkovic,PBC Reutlingen,PBC Reutlingen 2 | PBC Reutlingen 3,47
n:celina visconti|BF Weinheim-Viernheim,,Celina Visconti (BF Weinheim-Viernheim),Celina Visconti,BF Weinheim-Viernheim,BF Weinheim-Viernheim,47
p:369030,369030,Daniel Cavalleri,Daniel Cavalleri,PBC Offenburg,PBC Offenburg 5,47
n:dirk schäfauer|BC Neckarsulm,,Dirk Schäfauer (BC Neckarsulm),Dirk Schäfauer,BC Neckarsulm,BC Neckarsulm 3 | BC Neckarsulm 4,47
p:353993,353993,Gerold Birmili,Gerold Birmili,BC Sindelfingen,BC Sindelfingen 4 | BC Sindelfingen 5,47
n:jochen föhner|BF Bruchsal,,Jochen Föhner (BF Bruchsal),Jochen Föhner,BF Bruchsal,BF Bruchsal 2,47
p:367932,367932,Jürgen Kieble,Jürgen Kieble,BC Bad Schussenried,BC Bad Schussenried 1 | BC Bad Schussenried 2 | BC Bad Schussenried 3 | BC Bad Schussenried 4,47
n:martin doster|BSC Göppingen,,Martin Doster (BSC Göppingen),Martin Doster,BSC Göppingen,BSC Göppingen,47
n:soydan cetin|PBC Ochsenhausen,,Soydan Cetin,Soydan Cetin,PBC Ochsenhausen,PBC Ochsenhausen 2 | PBC Ochsenhausen 3,47
n:stefan neuss|BF Bronnen,,Stefan Neuß,Stefan Neuß,BF Bronnen,BF Bronnen | BF Bronnen 2,47
p:104795,104795,Tankred Volkmer,Tankred Volkmer,BV Backnang/Welzheim,BV Backnang/Welzheim 1,47
p:368780,368780,Thomas Weniger,Thomas Weniger,BSV Tiengen | PBC Bräunlingen,BSV Tiengen 3 | PBC Bräunlingen 2,47
n:thorsten kartes|PBC Fr. Lampertheim,,Thorsten Kartes (PBC Fr. Lampertheim),Thorsten Kartes,PBC Fr. Lampertheim,PBC Fr. Lampertheim 2,47
p:368827,368827,Tobias Reisner,Tobias Reisner,PBC Aalen,PBC Aalen 1 | PBC Aalen 2,47
n:wolfgang siethoff|PBC Waldbronn-Karlsbad,,Wolfgang Siethoff (PBC Waldbronn-Karlsbad),Wolfgang Siethoff,PBC Waldbronn-Karlsbad,PBC Waldbronn-Karlsbad | PBC Waldbronn-Karlsbad 3,47
p:366459,366459,Alexandru Szabo,Alexandru Szabo,BC Neckarsulm,BC Neckarsulm 2 | BC Neckarsulm 3,46
p:242969,242969,Carlo Frasch,Carlo Frasch,PP Böblingen,PP Böblingen 2 | PP Böblingen 3,46
n:christian rossa|PF Calw,,Christian Rossa (PF Calw),Christian Rossa,PF Calw,PF Calw | PF Calw 2,46
n:denis mnich|BC Sindelfingen,,Denis Mnich (BC Sindelfingen),Denis Mnich,BC Sindelfingen,BC Sindelfingen 2 | BC Sindelfingen 3 | BC Sindelfingen 4,46
n:eric mattern|Poolsharks Bruchsal,,Eric Mattern (Poolsharks Bruchsal),Eric Mattern,Poolsharks Bruchsal,Poolsharks Bruchsal | Poolsharks Bruchsal 3,46
n:flamur zeqiraj|PBC Pfedelbach,,Flamur Zeqiraj,Flamur Zeqiraj,PBC Pfedelbach,PBC Pfedelbach,46
p:369057,369057,Francesco Dragotta,Francesco Dragotta,PBC Reutlingen | Tübinger BC,PBC Reutlingen 1 | Tübinger BC | Tübinger BC 3,46
p:368050,368050,Giuseppe Cortese,Giuseppe Cortese,Mannheimer BF,Mannheimer BF 2 | Mannheimer BF 3 | Mannheimer BF 4,46
p:102003,102003,Hermann Hoyh,Hermann Hoyh,TV Cannstatt,TV Cannstatt 1,46
p:246408,246408,Jan Weber,Jan Weber,PBC Bad Saulgau,PBC Bad Saulgau 2 | PBC Bad Saulgau 3,46
n:jens krknjak|PBC Nagoldtal,,Jens Krknjak (PBC Nagoldtal),Jens Krknjak,PBC Nagoldtal,PBC Nagoldtal,46
p:101959,101959,Joachim Höllwarth,Joachim Höllwarth,CC Karlsruhe,CC Karlsruhe 1 | CC Karlsruhe 2 | CC Karlsruhe 3,46
n:klaus schmölz|BF Bronnen,,Klaus Schmölz,Klaus Schmölz,BF Bronnen,BF Bronnen | BF Bronnen 2,46
n:kristian kolthoff|PBV Schwetzingen,,Kristian Kolthoff (PBV Schwetzingen),Kristian Kolthoff,PBV Schwetzingen,PBV Schwetzingen 3 | PBV Schwetzingen 4,46
p:240266,240266,Martin Burmeister,Martin Burmeister,BC Sindelfingen,BC Sindelfingen 4,46
p:368603,368603,Matthias Schweickert,Matthias Schweickert,BF Weinheim-Viernheim,BF Weinheim-Viernheim 2 | BF Weinheim-Viernheim 3 | BF Weinheim-Viernheim 4,46
n:nicolai duśek|BSV Konstanz,,Nicolai Duśek,Nicolai Duśek,BSV Konstanz,BSV Konstanz | BSV Konstanz 2,46
p:368802,368802,Okan Ceken,Okan Ceken,PBC Reutlingen,PBC Reutlingen 2 | PBC Reutlingen 3,46
p:368046,368046,Pascal Pascolo,Pascal Pascolo,BC Aalen,BC Aalen 3 | BC Aalen 4,46
n:pascal ziegler|PF Calw,,Pascal Ziegler (PF Calw),Pascal Ziegler,PF Calw,PF Calw | PF Calw 2,46
p:368620,368620,Paul Halton,Paul Halton,BV Backnang/Welzheim,BV Backnang/Welzheim 1,46
p:368132,368132,Ralf Krebs,Ralf Krebs,BC Dätzingen,BC Dätzingen 1 | BC Dätzingen 2,46
n:robert schwarz|BC Stuttgart,,Robert Schwarz (BC Stuttgart),Robert Schwarz,BC Stuttgart,BC Stuttgart 1891,46
p:368124,368124,Sebastian Mayer,Sebastian Mayer,BSV Filderstadt,BSV Filderstadt 2 | BSV Filderstadt 3 | BSV Filderstadt 4,46
n:wolfgang flöter|BF Bronnen,,Wolfgang Flöter,Wolfgang Flöter,BF Bronnen,BF Bronnen | BF Bronnen 2,46
p:242881,242881,Xanthos Vlassidis,Xanthos Vlassidis,,,46
n:yves hamacher|CC Karlsruhe,,Yves Hamacher (CC Karlsruhe),Yves Hamacher,CC Karlsruhe,CC Karlsruhe | CC Karlsruhe 2,46
p:368226,368226,Ali El Ajouz,Ali El Ajouz,BC Dreiländereck,BC Dreiländereck 1 | BC Dreiländereck 2,45
n:arnd bülow|BF Bruchsal,,Arnd Bülow (BF Bruchsal),Arnd Bülow,BF Bruchsal,BF Bruchsal 2,45
p:368419,368419,Catalin Damian,Catalin Damian,BC Feuersee,BC Feuersee 1 | BC Feuersee 3 | BC Feuersee 4,45
n:celina visconti|PBV Schwetzingen,,Celina Visconti (PBV Schwetzingen),Celina Visconti,PBV Schwetzingen,PBV Schwetzingen 2 | PBV Schwetzingen 3,45
p:144449,144449,Ciro Guerra,Ciro Guerra,BC Sindelfingen,BC Sindelfingen 5 | BC Sindelfingen 6,45
n:dandy kohlhaw|PBC Fr. Lampertheim,,Dandy Kohlhaw (PBC Fr. Lampertheim),Dandy Kohlhaw,PBC Fr. Lampertheim,PBC Fr. Lampertheim | PBC Fr. Lampertheim 2,45
n:dominik leibold|CC Karlsruhe,,Dominik Leibold,Dominik Leibold,CC Karlsruhe,CC Karlsruhe | CC Karlsruhe 3,45
n:eugenio sousa blanco|BSV Weinheim,,Eugenio Sousa Blanco (BSV Weinheim),Eugenio Sousa Blanco,BSV Weinheim,BSV Weinheim 4,45
p:350160,350160,Guido Ulmer,Guido Ulmer,BSV Pfullingen | PBC Reutlingen,BSV Pfullingen 1 | BSV Pfullingen 2 | BSV Pfullingen 3 | PBC Reutlingen 2,45
p:368598,368598,Marc Witt,Marc Witt,BULL Leonberg-Höfingen,BULL Leonberg-Höfingen 3,45
p:368119,368119,Michael Röhrle,Michael Röhrle,BC Feuersee | BULL Leonberg-Höfingen,BC Feuersee 2 | BULL Leonberg-Höfingen 1 | BULL Leonberg-Höfingen 3,45
n:oliver jörger|PBC Offenburg,,Oliver Jörger,Oliver Jörger,PBC Offenburg,PBC Offenburg | PBC Offenburg 2,45
n:rainer hermann|BSC Göppingen,,Rainer Hermann (BSC Göppingen),Rainer Hermann,BSC Göppingen,BSC Göppingen | BSC Göppingen 2,45
n:steffen hoffmann|BF Bruchsal,,Steffen Hoffmann (BF Bruchsal),Steffen Hoffmann,BF Bruchsal,BF Bruchsal 2,45
p:100112,100112,Steven Ascione,Steven Ascione,BC Dallau,BC Dallau 1 | BC Dallau 2 | BC Dallau 3,45
p:368150,368150,Thomas Etowski,Thomas Etowski,PBC Rastatt,PBC Rastatt 2,45
p:368188,368188,Bastian Valinski,Bastian Valinski,BC Dallau,BC Dallau 2 | BC Dallau 3,44
p:368134,368134,Benedikt Meschenmoser,Benedikt Meschenmoser,PBC Bad Saulgau,PBC Bad Saulgau 2 | PBC Bad Saulgau 3 | PBC Bad Saulgau 4,44
p:355292,355292,Christian Casagrande,Christian Casagrande,BC Feuersee | BSV Shooters Fellbach | TV Cannstatt,BC Feuersee 4 | BSV Shooters Fellbach 1 | TV Cannstatt 3,44
n:christian joos|BC Dreiländereck,,Christian Joos (BC Dreiländereck),Christian Joos,BC Dreiländereck,BC Dreiländereck | BC Dreiländereck 2,44
n:daniel fischer|BC Neckarsulm,,Daniel Fischer (BC Neckarsulm),Daniel Fischer,BC Neckarsulm,BC Neckarsulm | BC Neckarsulm 2,44
p:368765,368765,Dejvid Skender,Dejvid Skender,BC Weingarten,BC Weingarten 2,44
p:245236,245236,Dominic Seeger,Dominic Seeger,BC Feuersee,BC Feuersee 1 | BC Feuersee 2 | BC Feuersee 4 | BC Feuersee 6,44
n:frank flach|PBC Ochsenhausen,,Frank Flach (PBC Ochsenhausen),Frank Flach,PBC Ochsenhausen,PBC Ochsenhausen 2 | PBC Ochsenhausen 3,44
p:368035,368035,Gürhan Ag,Gürhan Ag,BC Feuersee,BC Feuersee 2 | BC Feuersee 3,44
n:holger mayer|BF Bronnen,,Holger Mayer,Holger Mayer,BF Bronnen,BF Bronnen | BF Bronnen 1,44
p:368489,368489,Jonny Silasko,Jonny Silasko,Pool Knights Bensheim,Pool Knights Bensheim 2 | Pool Knights Bensheim 3 | Pool Knights Bensheim 4,44
p:368833,368833,Kevin Feichtinger,Kevin Feichtinger,CC Karlsruhe,CC Karlsruhe 1 | CC Karlsruhe 2,44
n:marcus trumpp|BSV Pfullingen,,Marcus Trumpp (BSV Pfullingen),Marcus Trumpp,BSV Pfullingen,BSV Pfullingen | BSV Pfullingen 2 | BSV Pfullingen 3,44
p:368546,368546,Matthias Sommer,Matthias Sommer,PBV Schwetzingen,PBV Schwetzingen 7 | PBV Schwetzingen 8,44
n:michael grad|BSV Pfullingen,,Michael Grad (BSV Pfullingen),Michael Grad,BSV Pfullingen,BSV Pfullingen | BSV Pfullingen 2 | BSV Pfullingen 4,44
n:michael gross|BSV Filderstadt,,Michael Groß,Michael Groß,BSV Filderstadt,BSV Filderstadt 2 | BSV Filderstadt 3,44
p:102164,102164,Norbert Kabas,Norbert Kabas,P&S Denzlingen,P&S Denzlingen 1 | P&S Denzlingen 2 | P&S Denzlingen 3,44
n:raitis ivanovs|BC Dallau,,Raitis Ivanovs,Raitis Ivanovs,BC Dallau,BC Dallau | BC Dallau 2 | BC Dallau 4,44
n:ralf griesshaber|PBC Trossingen,,Ralf Grießhaber (PBC Trossingen),Ralf Grießhaber,PBC Trossingen,PBC Trossingen,44
n:robert karaica|Heidenheimer BC,,Robert Karaica (Heidenheimer BC),Robert Karaica,Heidenheimer BC,Heidenheimer BC,44
n:selim güzel|PP Böblingen,,Selim Güzel (PP Böblingen),Selim Güzel,PP Böblingen,PP Böblingen 2,44
n:silvestar smokovic|BSC Göppingen,,Silvestar Smokovic (BSC Göppingen),Silvestar Smokovic,BSC Göppingen,BSC Göppingen | BSC Göppingen 2,44
n:steffen mämecke|PBC Waghäusel,,Steffen Mämecke (PBC Waghäusel),Steffen Mämecke,PBC Waghäusel,PBC Waghäusel 2 | PBC Waghäusel 3,44
p:368590,368590,Stephan Rau,Stephan Rau,P&S Denzlingen,P&S Denzlingen 1 | P&S Denzlingen 2,44
n:alexander scholz|BC Neckarsulm,,Alexander Scholz,Alexander Scholz,BC Neckarsulm,BC Neckarsulm,43
n:andreas knauf|BSC Göppingen,,Andreas Knauf (BSC Göppingen),Andreas Knauf,BSC Göppingen,BSC Göppingen | BSC Göppingen 2 | BSC Göppingen 3,43
p:101017,101017,Danny Engelhardt,Danny Engelhardt,PBC Pfedelbach | PBC Schwäbisch Hall,PBC Pfedelbach 1 | PBC Pfedelbach 2 | PBC Schwäbisch Hall 2,43
p:368519,368519,Eric Braun,Eric Braun,CC Karlsruhe,CC Karlsruhe 2 | CC Karlsruhe 3,43
p:369025,369025,Eyvinh Polvito,Eyvinh Polvito,BSC Göppingen,BSC Göppingen 2 | BSC Göppingen 3,43
n:freilos|BSG Albstadt,,Freilos (BSG Albstadt),Freilos,BSG Albstadt,BSG Albstadt | BSG Albstadt 2,43
n:hans schnellbach|BBV Mannheim,,Hans Schnellbach,Hans Schnellbach,BBV Mannheim,BBV Mannheim 4 | BBV Mannheim 5,43
p:368318,368318,Joey Isenmann,Joey Isenmann,PBC Offenburg,PBC Offenburg 3 | PBC Offenburg 4 | PBC Offenburg 5,43
n:lisa knost|BSF Kurpfalz,,Lisa Knost (BSF Kurpfalz),Lisa Knost,BSF Kurpfalz,BSF Kurpfalz 2,43
p:104852,104852,Manfred Waldvogel,Manfred Waldvogel,BV Markdorf,BV Markdorf 1 | BV Markdorf 2,43
n:mario rosenkranz|PBC Bräunlingen,,Mario Rosenkranz (PBC Bräunlingen),Mario Rosenkranz,PBC Bräunlingen,PBC Bräunlingen 2 | PBC Bräunlingen 3 | PBC Bräunlingen 4,43
p:242709,242709,Mathias Frey,Mathias Frey,PBC Offenburg,PBC Offenburg 5,43
p:368574,368574,Murat Dervisi,Murat Dervisi,PBC Freudenstadt,PBC Freudenstadt 1 | PBC Freudenstadt 2,43
p:104273,104273,Robert Schwarz,Robert Schwarz,BC Stuttgart 1891,BC Stuttgart 1891 2,43
p:229045,229045,Ulrich Schäfer,Ulrich Schäfer,BSV Pfullingen,BSV Pfullingen 1 | BSV Pfullingen 2,43
p:368865,368865,Ahmad Nassar,Ahmad Nassar,BC Neckarsulm,BC Neckarsulm 2,42
p:103081,103081,Andreas Merkle,Andreas Merkle,BC Dreiländereck,BC Dreiländereck 1 | BC Dreiländereck 2,42
n:armin stauss|PBC Freudenstadt,,Armin Stauß (PBC Freudenstadt),Armin Stauß,PBC Freudenstadt,PBC Freudenstadt | PBC Freudenstadt 2,42
n:bayram uguz|PP Böblingen,,Bayram  Uguz,Bayram  Uguz,PP Böblingen,PP Böblingen 2,42
n:bernd dorenburg|BSV Pfullingen,,Bernd Dorenburg (BSV Pfullingen),Bernd Dorenburg,BSV Pfullingen,BSV Pfullingen | BSV Pfullingen 2 | BSV Pfullingen 3,42
p:368879,368879,Brian Wright,Brian Wright,BC Stuttgart 1891,BC Stuttgart 1891 3 | BC Stuttgart 1891 4,42
p:368061,368061,Bruno Steinbach,Bruno Steinbach,Tübinger BC,Tübinger BC 1 | Tübinger BC 2,42
p:252216,252216,Danny Golling,Danny Golling,PBC Freudenstadt,PBC Freudenstadt 4,42
n:dirk müller|PBC Waldbronn-Karlsbad,,Dirk Müller (PBC Waldbronn-Karlsbad),Dirk Müller,PBC Waldbronn-Karlsbad,PBC Waldbronn-Karlsbad 3,42
p:368721,368721,Dominik Mogel,Dominik Mogel,PBC Bräunlingen,PBC Bräunlingen 2,42
n:emrah atak|BC Neckarsulm,,Emrah Atak (BC Neckarsulm),Emrah Atak,BC Neckarsulm,BC Neckarsulm 3,42
p:228692,228692,Ewald Bausch,Ewald Bausch,PBC Langenargen,PBC Langenargen 1 | PBC Langenargen 2,42
n:francisco loresto|BBV Mannheim,,Francisco Loresto (BBV Mannheim),Francisco Loresto,BBV Mannheim,BBV Mannheim 4 | BBV Mannheim 5,42
n:freilos|FB Handicap Karlsruhe,,Freilos (FB Handicap Karlsruhe),Freilos,FB Handicap Karlsruhe,FB Handicap Karlsruhe,42
n:hans-peter benzinger|BC Ludwigsburg,,Hans-Peter Benzinger (BC Ludwigsburg),Hans-Peter Benzinger,BC Ludwigsburg,BC Ludwigsburg | BC Ludwigsburg 5,42
p:242967,242967,Hayrettin Bozkurt,Hayrettin Bozkurt,PP Böblingen,PP Böblingen 1 | PP Böblingen 2,42
n:hermann krieger|CC Karlsruhe,,Hermann Krieger (CC Karlsruhe),Hermann Krieger,CC Karlsruhe,CC Karlsruhe | CC Karlsruhe 2,42
n:ingo nassall|PP Karlsbad,,Ingo Nassall (PP Karlsbad),Ingo Nassall,PP Karlsbad,PP Karlsbad | PP Karlsbad 2,42
p:102610,102610,Jens Krknjak,Jens Krknjak,PBC Nagoldtal,PBC Nagoldtal 3,42
n:jörg schabirosky|BSV Filderstadt,,Jörg Schabirosky,Jörg Schabirosky,BSV Filderstadt,BSV Filderstadt 4 | BSV Filderstadt 6 | BSV Filderstadt 7,42
n:lutz iserhardt|PBC Fr. Lampertheim,,Lutz Iserhardt (PBC Fr. Lampertheim),Lutz Iserhardt,PBC Fr. Lampertheim,PBC Fr. Lampertheim 2 | PBC Fr. Lampertheim 3,42
p:251771,251771,Martin Wistuba,Martin Wistuba,BSV Pfullingen,BSV Pfullingen 2 | BSV Pfullingen 3 | BSV Pfullingen 4,42
p:102926,102926,Matthias Maier,Matthias Maier,PBC Bräunlingen,PBC Bräunlingen 1 | PBC Bräunlingen 2,42
p:368024,368024,Mehmet Kapli,Mehmet Kapli,JS Mingolsheim | PBV Schwetzingen,JS Mingolsheim 1 | PBV Schwetzingen 3,42
p:368499,368499,Peter Koch,Peter Koch,CC Karlsruhe,CC Karlsruhe 2 | CC Karlsruhe 3 | CC Karlsruhe 4 | CC Karlsruhe 5,42
n:rafael schombierski|PBC Pfedelbach,,Rafael Schombierski,Rafael Schombierski,PBC Pfedelbach,PBC Pfedelbach,42
p:228632,228632,Sascha Nyffeler,Sascha Nyffeler,BC Weingarten | PBC Langenargen,BC Weingarten 1 | PBC Langenargen 1 | PBC Langenargen 2,42
p:368329,368329,Thomas Hemminger,Thomas Hemminger,BV Pforzheim,BV Pforzheim 3 | BV Pforzheim 4,42
n:thomas müller|PBC Fr. Lampertheim,,Thomas Müller (PBC Fr. Lampertheim),Thomas Müller,PBC Fr. Lampertheim,PBC Fr. Lampertheim | PBC Fr. Lampertheim 3,42
n:tihomir miljevic|BC Stuttgart,,Tihomir Miljevic,Tihomir Miljevic,BC Stuttgart,BC Stuttgart 1891,42
n:werner schmidberger|PBC Ochsenhausen,,Werner Schmidberger (PBC Ochsenhausen),Werner Schmidberger,PBC Ochsenhausen,PBC Ochsenhausen 2 | PBC Ochsenhausen 3,42
n:yannick droste|BSC Mannheim,,Yannick Droste,Yannick Droste,BSC Mannheim,BSC Mannheim,42
p:101571,101571,Andreas Gut,Andreas Gut,BV Villingen-Schwenningen,BV Villingen-Schwenningen 1 | BV Villingen-Schwenningen 2,41
p:368108,368108,Chuhan Jiao,Chuhan Jiao,BC Feuersee,BC Feuersee 1 | BC Feuersee 4 | BC Feuersee 5,41
p:354147,354147,Geronimo Rosa,Geronimo Rosa,,,41
p:102896,102896,Harry Luxenhofer,Harry Luxenhofer,BULL Leonberg-Höfingen,BULL Leonberg-Höfingen 2 | BULL Leonberg-Höfingen 3,41
p:368227,368227,Jürgen Benninger,Jürgen Benninger,BF Weinheim-Viernheim,BF Weinheim-Viernheim 1 | BF Weinheim-Viernheim 2 | BF Weinheim-Viernheim 3,41
n:lennart vietzke|BSV Weinheim,,Lennart Vietzke,Lennart Vietzke,BSV Weinheim,BSV Weinheim 4 | BSV Weinheim 5 | BSV Weinheim 6,41
p:367953,367953,Mark Mende,Mark Mende,BSV Pfullingen,BSV Pfullingen 2 | BSV Pfullingen 3 | BSV Pfullingen 4,41
p:104284,104284,Markus Schwenke,Markus Schwenke,PBC Aalen,PBC Aalen 1 | PBC Aalen 2,41
n:norbert reges|BSV Filderstadt,,Norbert Reges,Norbert Reges,BSV Filderstadt,BSV Filderstadt 4 | BSV Filderstadt 6 | BSV Filderstadt 7,41
p:368512,368512,Sebastian Dettling,Sebastian Dettling,PBC Bad Saulgau,PBC Bad Saulgau 2 | PBC Bad Saulgau 3,41
n:sebastiano ratto|BSC Göppingen,,Sebastiano Ratto (BSC Göppingen),Sebastiano Ratto,BSC Göppingen,BSC Göppingen | BSC Göppingen 2,41
n:sven fluske|BSV Weinheim,,Sven Fluske,Sven Fluske,BSV Weinheim,BSV Weinheim | BSV Weinheim 2,41
p:151697,151697,Volkmar Lorenz,Volkmar Lorenz,PBC Schwäbisch Gmünd,PBC Schwäbisch Gmünd 2,41
p:145388,145388,Bernd Hauenstein,Bernd Hauenstein,BC Aalen,BC Aalen 2,40
p:369054,369054,Dennis Knoblauch,Dennis Knoblauch,P&S Denzlingen,P&S Denzlingen 2 | P&S Denzlingen 4,40
n:dieter wolk|BF Weinheim-Viernheim,,Dieter Wolk (BF Weinheim-Viernheim),Dieter Wolk,BF Weinheim-Viernheim,BF Weinheim-Viernheim | BF Weinheim-Viernheim 2,40
p:368720,368720,Domenik Dreibach,Domenik Dreibach,PBC Bräunlingen,PBC Bräunlingen 2,40
p:245247,245247,Fabian Rapp,Fabian Rapp,BSV Pfullingen,BSV Pfullingen 1 | BSV Pfullingen 2 | BSV Pfullingen 3 | BSV Pfullingen 4 | BSV Pfullingen 5,40
n:gerd hörrmann|PP Karlsbad,,Gerd Hörrmann (PP Karlsbad),Gerd Hörrmann,PP Karlsbad,PP Karlsbad,40
n:marvin zimmer|Fastbreakers Karlsruhe,,Marvin Zimmer (Fastbreakers Karlsruhe),Marvin Zimmer,Fastbreakers Karlsruhe,Fastbreakers Karlsruhe | Fastbreakers Karlsruhe 2 | Fastbreakers Karlsruhe 3,40
p:105099,105099,Matthias Wolf,Matthias Wolf,JS Mingolsheim,JS Mingolsheim 1,40
n:mirsad sabic|PBC Waghäusel,,Mirsad Sabic (PBC Waghäusel),Mirsad Sabic,PBC Waghäusel,PBC Waghäusel 2 | PBC Waghäusel 3 | PBC Waghäusel 5,40
p:101786,101786,Norbert Hell,Norbert Hell,BSV Filderstadt | PBC Reutlingen,BSV Filderstadt 5 | BSV Filderstadt 6 | PBC Reutlingen 2 | PBC Reutlingen 3,40
p:368820,368820,Patrick Coklica,Patrick Coklica,Tübinger BC,Tübinger BC | Tübinger BC 2,40
p:101366,101366,Rasul Ghanavat,Rasul Ghanavat,PBC Reutlingen,PBC Reutlingen 2 | PBC Reutlingen 3,40
n:sven gehrisch|PBC Fr. Lampertheim,,Sven Gehrisch (PBC Fr. Lampertheim),Sven Gehrisch,PBC Fr. Lampertheim,PBC Fr. Lampertheim | PBC Fr. Lampertheim 2,40
p:100934,100934,Thomas Dürr,Thomas Dürr,PBC Nagoldtal,PBC Nagoldtal 3,40
p:368379,368379,Thomas Sander,Thomas Sander,CC Karlsruhe,CC Karlsruhe 4,40
n:tobias zimmermann|BC Feuersee Ludwigsburg,,Tobias Zimmermann,Tobias Zimmermann,BC Feuersee Ludwigsburg,BC Feuersee Ludwigsburg,40
p:368823,368823,Adeeb Bitar,Adeeb Bitar,BC Sindelfingen,BC Sindelfingen 8,39
n:armin wetzel|PBC Bad Saulgau,,Armin Wetzel,Armin Wetzel,PBC Bad Saulgau,PBC Bad Saulgau 3 | PBC Bad Saulgau 4 | PBC Bad Saulgau 5,39
n:björn marschner|BSV Filderstadt,,Björn Marschner,Björn Marschner,BSV Filderstadt,BSV Filderstadt 4 | BSV Filderstadt 6 | BSV Filderstadt 7,39
p:368321,368321,Daniel Christoph,Daniel Christoph,BV Pforzheim,BV Pforzheim 3 | BV Pforzheim 4,39
n:daniel jimenez|PBC Offenburg,,Daniel Jimenez,Daniel Jimenez,PBC Offenburg,PBC Offenburg | PBC Offenburg 2,39
p:349809,349809,Dietmar Karoli,Dietmar Karoli,Tübinger BC,Tübinger BC 1 | Tübinger BC 2,39
n:dirk bauer|BSV Weinheim,,Dirk Bauer,Dirk Bauer,BSV Weinheim,BSV Weinheim 2 | BSV Weinheim 3 | BSV Weinheim 4,39
p:240166,240166,Markus Pfaff,Markus Pfaff,BF Bruchsal,BF Bruchsal 3,39
n:michael reichert|PBC Freudenstadt,,Michael Reichert (PBC Freudenstadt),Michael Reichert,PBC Freudenstadt,PBC Freudenstadt,39
n:rudolf weiss|PBC Bad Saulgau,,Rudolf Weiß (PBC Bad Saulgau),Rudolf Weiß,PBC Bad Saulgau,PBC Bad Saulgau 4 | PBC Bad Saulgau 5 | PBC Bad Saulgau 7,39
n:stephan rech-linker|BC Sindelfingen,,Stephan Rech-Linker (BC Sindelfingen),Stephan Rech-Linker,BC Sindelfingen,BC Sindelfingen 2 | BC Sindelfingen 3,39
n:steve braun|BSC Mannheim,,Steve Braun,Steve Braun,BSC Mannheim,BSC Mannheim | BSC Mannheim 2,39
p:368893,368893,Sukhbat Batjargal,Sukhbat Batjargal,BC Stuttgart 1891,BC Stuttgart 1891 3 | BC Stuttgart 1891 4,39
p:368241,368241,Victor Rodriguez,Victor Rodriguez,BV Markdorf,BV Markdorf 1,39
n:vincenzo murano|BSC Göppingen,,Vincenzo Murano (BSC Göppingen),Vincenzo Murano,BSC Göppingen,BSC Göppingen 2 | BSC Göppingen 3,39
p:251300,251300,Alexander Hemmer,Alexander Hemmer,BBC Plochingen,BBC Plochingen 1 | BBC Plochingen 2,38
n:andre säubert|PBC Waghäusel,,Andre Säubert,Andre Säubert,PBC Waghäusel,PBC Waghäusel 2 | PBC Waghäusel 3 | PBC Waghäusel 4,38
p:240199,240199,Andreas Schoknecht,Andreas Schoknecht,PBC Bietigheim-Bissingen,PBC Bietigheim-Bissingen 3 | PBC Bietigheim-Bissingen 4,38
n:andreas wohlschlegel|PBC Bräunlingen,,Andreas Wohlschlegel,Andreas Wohlschlegel,PBC Bräunlingen,PBC Bräunlingen 2 | PBC Bräunlingen 3,38
p:368296,368296,Axel Isenmann,Axel Isenmann,PBC Offenburg,PBC Offenburg 3 | PBC Offenburg 4 | PBC Offenburg 5,38
n:besim tastekin|PBC Bietigheim-Bissingen,,Besim Tastekin (PBC Bietigheim-Bissingen),Besim Tastekin,PBC Bietigheim-Bissingen,PBC Bietigheim-Bissingen,38
n:cem sarigül|BF Bruchsal,,Cem Sarigül (BF Bruchsal),Cem Sarigül,BF Bruchsal,BF Bruchsal,38
p:368312,368312,Christin Jentsch,Christin Jentsch,PBC Aalen,PBC Aalen 2,38
n:christoph jung|Tübinger BC,,Christoph Jung,Christoph Jung,Tübinger BC,Tübinger BC | Tübinger BC 2,38
n:danny engelhardt|PBC Pfedelbach,,Danny Engelhardt (PBC Pfedelbach),Danny Engelhardt,PBC Pfedelbach,PBC Pfedelbach | PBC Pfedelbach 2,38
n:david galwas|PBC Freudenstadt,,David Galwas (PBC Freudenstadt),David Galwas,PBC Freudenstadt,PBC Freudenstadt | PBC Freudenstadt 2,38
p:369046,369046,David Hackenberg,David Hackenberg,P&S Denzlingen,P&S Denzlingen 2 | P&S Denzlingen 4,38
n:dietmar karoli|Tübinger BC,,Dietmar Karoli (Tübinger BC),Dietmar Karoli,Tübinger BC,Tübinger BC | Tübinger BC 2 | Tübinger BC 3,38
p:368547,368547,Eduard Hartter,Eduard Hartter,BSC Lions Bietigheim,BSC Lions Bietigheim 1,38
n:gaetano profeta|BC Neckarsulm,,Gaetano Profeta,Gaetano Profeta,BC Neckarsulm,BC Neckarsulm 2 | BC Neckarsulm 3 | BC Neckarsulm 4,38
p:240058,240058,Goran Švab,Goran Švab,BSV Filderstadt,BSV Filderstadt 2 | BSV Filderstadt 3 | BSV Filderstadt 4,38
n:günther götz|BSC St. Georgen,,Günther Götz (BSC St. Georgen),Günther Götz,BSC St. Georgen,BSC St. Georgen | BSC St. Georgen 2,38
p:368738,368738,Justus Quitsch,Justus Quitsch,PBC Bruchsal,PBC Bruchsal 4,38
n:jürgen frank|BF Bruchsal,,Jürgen Frank (BF Bruchsal),Jürgen Frank,BF Bruchsal,BF Bruchsal 2,38
n:jürgen schroff|PBC Bruchsal,,Jürgen Schroff (PBC Bruchsal),Jürgen Schroff,PBC Bruchsal,PBC Bruchsal,38
n:karim gampper|BC Feuersee Ludwigsburg,,Karim Gampper (BC Feuersee Ludwigsburg),Karim Gampper,BC Feuersee Ludwigsburg,BC Feuersee Ludwigsburg,38
p:367968,367968,Károly Kis,Károly Kis,BC Bad Schussenried,BC Bad Schussenried 1,38
p:368737,368737,Lasse Quitsch,Lasse Quitsch,PBC Bruchsal,PBC Bruchsal 4,38
p:367532,367532,Lorenzo Ammazzini,Lorenzo Ammazzini,CC Karlsruhe,CC Karlsruhe 3 | CC Karlsruhe 4 | CC Karlsruhe 5,38
p:105097,105097,Marcus Wolf,Marcus Wolf,PBC Bräunlingen,PBC Bräunlingen 2,38
n:michelangelo laurano|PBC Bad Saulgau,,Michelangelo Laurano (PBC Bad Saulgau),Michelangelo Laurano,PBC Bad Saulgau,PBC Bad Saulgau 3,38
p:102034,102034,Nicole Hummel,Nicole Hummel,BV Villingen-Schwenningen,BV Villingen-Schwenningen 2,38
n:nikolaus gündel|P&S Denzlingen,,Nikolaus Gündel (P&S Denzlingen),Nikolaus Gündel,P&S Denzlingen,P&S Denzlingen 2 | P&S Denzlingen 3,38
n:oliver schwertschlager|BC Stuttgart 1891,,Oliver Schwertschlager (BC Stuttgart 1891),Oliver Schwertschlager,BC Stuttgart 1891,BC Stuttgart 1891 3 | BC Stuttgart 1891 4,38
n:patrick bolduan|BC Weingarten,,Patrick Bolduan (BC Weingarten),Patrick Bolduan,BC Weingarten,BC Weingarten | BC Weingarten 2,38
n:peter baur|BSG Albstadt,,Peter Baur (BSG Albstadt),Peter Baur,BSG Albstadt,BSG Albstadt,38
n:rainer hops|PBC Bad Saulgau,,Rainer Hops (PBC Bad Saulgau),Rainer Hops,PBC Bad Saulgau,PBC Bad Saulgau 4 | PBC Bad Saulgau 5,38
n:raphael titzmann|BSV Filderstadt,,Raphael Titzmann (BSV Filderstadt),Raphael Titzmann,BSV Filderstadt,BSV Filderstadt 2 | BSV Filderstadt 3,38
p:104597,104597,Rüdiger Theis,Rüdiger Theis,Tübinger BC,Tübinger BC 1 | Tübinger BC 2 | Tübinger BC 3,38
p:368869,368869,Saif Azzawi,Saif Azzawi,PBC Schwäbisch Gmünd,PBC Schwäbisch Gmünd 1 | PBC Schwäbisch Gmünd 2,38
n:thomas durst|BC Stuttgart 1891,,Thomas Durst (BC Stuttgart 1891),Thomas Durst,BC Stuttgart 1891,BC Stuttgart 1891 3 | BC Stuttgart 1891 4,38
n:ümit muslu|PBV Schwetzingen,,Ümit Muslu (PBV Schwetzingen),Ümit Muslu,PBV Schwetzingen,PBV Schwetzingen 3 | PBV Schwetzingen 4,38
p:101988,101988,Andreas Horn,Andreas Horn,BSG Albstadt | Tübinger BC,BSG Albstadt 1 | Tübinger BC | Tübinger BC 2 | Tübinger BC 3,37
n:christoph günthner|PBC Waldbronn-Karlsbad,,Christoph Günthner (PBC Waldbronn-Karlsbad),Christoph Günthner,PBC Waldbronn-Karlsbad,PBC Waldbronn-Karlsbad 3,37
n:denis kälbli|BF Bruchsal,,Denis Kälbli,Denis Kälbli,BF Bruchsal,BF Bruchsal,37
n:dominick madden|BSC Mannheim,,Dominick  Madden,Dominick  Madden,BSC Mannheim,BSC Mannheim,37
p:368504,368504,Finn Schmitz,Finn Schmitz,TV Cannstatt,TV Cannstatt 2 | TV Cannstatt 3 | TV Cannstatt 4,37
n:florian martin|PBC Bräunlingen,,Florian Martin (PBC Bräunlingen),Florian Martin,PBC Bräunlingen,PBC Bräunlingen 3 | PBC Bräunlingen 4,37
p:245620,245620,Gottlob Mrugala,Gottlob Mrugala,CC Karlsruhe,CC Karlsruhe 3 | CC Karlsruhe 4,37
p:101912,101912,Ivan Hodzic,Ivan Hodzic,PP Böblingen,PP Böblingen 1,37
p:368739,368739,Jürgen Häffner,Jürgen Häffner,PBC Bruchsal,PBC Bruchsal 1 | PBC Bruchsal 2,37
p:369045,369045,Lars Jäger,Lars Jäger,P&S Denzlingen,P&S Denzlingen 2 | P&S Denzlingen 4,37
p:102864,102864,Matthias Ludersdorfer,Matthias Ludersdorfer,Tübinger BC,Tübinger BC 1 | Tübinger BC 2,37
p:252973,252973,Michael Faja,Michael Faja,PBC Pfedelbach,PBC Pfedelbach 1,37
p:368671,368671,Quynh Ngo,Quynh Ngo,BC Feuersee,BC Feuersee 3 | BC Feuersee 5,37
p:101009,101009,Thomas Enge,Thomas Enge,PBC Reutlingen,PBC Reutlingen 2 | PBC Reutlingen 3,37
p:368856,368856,Thomas Graner,Thomas Graner,BC Feuersee | BULL Leonberg-Höfingen,BC Feuersee 3 | BC Feuersee 4 | BULL Leonberg-Höfingen 2,37
n:alban szerafy|BC Dallau,,Alban Szerafy,Alban Szerafy,BC Dallau,BC Dallau | BC Dallau 2 | BC Dallau 3,36
n:alexander gabat|BSF Kurpfalz,,Alexander Gabat (BSF Kurpfalz),Alexander Gabat,BSF Kurpfalz,BSF Kurpfalz 3,36
n:andreas dittrich|BSC St. Georgen,,Andreas Dittrich (BSC St. Georgen),Andreas Dittrich,BSC St. Georgen,BSC St. Georgen | BSC St. Georgen 2,36
n:andreas stüber|BBV Mannheim,,Andreas Stüber (BBV Mannheim),Andreas Stüber,BBV Mannheim,BBV Mannheim 3 | BBV Mannheim 4,36
p:368324,368324,Angelo Lázaro Colucci,Angelo Lázaro Colucci,BV Pforzheim,BV Pforzheim 3 | BV Pforzheim 4,36
p:367918,367918,Arman Rasoli,Arman Rasoli,BC Sindelfingen,BC Sindelfingen 2 | BC Sindelfingen 3 | BC Sindelfingen 4,36
p:226973,226973,Bernhard Flamm,Bernhard Flamm,BF Weinheim-Viernheim | PBC Fr. Lampertheim,BF Weinheim-Viernheim 2 | BF Weinheim-Viernheim 3 | PBC Fr. Lampertheim 2,36
p:368425,368425,Björn Finkbeiner,Björn Finkbeiner,PBC Nagoldtal,PBC Nagoldtal 2 | PBC Nagoldtal 3,36
n:christian utz|Jump Shot Mingolsheim,,Christian Utz (Jump Shot Mingolsheim),Christian Utz,Jump Shot Mingolsheim,Jump Shot Mingolsheim,36
n:dieter ruck|BSF Kurpfalz,,Dieter Ruck (BSF Kurpfalz),Dieter Ruck,BSF Kurpfalz,BSF Kurpfalz 3,36
n:dietmar horst|CC Karlsruhe,,Dietmar Horst (CC Karlsruhe),Dietmar Horst,CC Karlsruhe,CC Karlsruhe 2 | CC Karlsruhe 3,36
n:eicke täufert|BSV Filderstadt,,Eicke Täufert,Eicke Täufert,BSV Filderstadt,BSV Filderstadt 4 | BSV Filderstadt 6 | BSV Filderstadt 7,36
n:francisco perez camacho|BSV Weinheim,,Francisco Perez Camacho,Francisco Perez Camacho,BSV Weinheim,BSV Weinheim 4 | BSV Weinheim 5 | BSV Weinheim 6,36
n:franco stano|PP Karlsbad,,Franco Stano (PP Karlsbad),Franco Stano,PP Karlsbad,PP Karlsbad,36
n:frank wagenmann|PBC Offenburg,,Frank Wagenmann (PBC Offenburg),Frank Wagenmann,PBC Offenburg,PBC Offenburg,36
n:freilos|BC Feuersee Leonberg,,Freilos (BC Feuersee Leonberg),Freilos,BC Feuersee Leonberg,BC Feuersee Leonberg,36
n:giuseppe mirarchi-molinari|PBC Schwäbisch-Hall,,Giuseppe Mirarchi-Molinari (PBC Schwäbisch-Hall),Giuseppe Mirarchi-Molinari,PBC Schwäbisch-Hall,PBC Schwäbisch-Hall 2,36
n:goncalo vieira manies|PF Calw,,Goncalo Vieira Manies (PF Calw),Goncalo Vieira Manies,PF Calw,PF Calw | PF Calw 2,36
n:ingo laule|PBC Trossingen,,Ingo Laule,Ingo Laule,PBC Trossingen,PBC Trossingen | PBC Trossingen 2,36
n:ivan galic|BSV Filderstadt,,Ivan Galic (BSV Filderstadt),Ivan Galic,BSV Filderstadt,BSV Filderstadt | BSV Filderstadt 2,36
n:jürgen lummer|PBC Schwäbisch-Hall,,Jürgen Lummer,Jürgen Lummer,PBC Schwäbisch-Hall,PBC Schwäbisch-Hall 2,36
n:lucas ruschke|BV Villingen-Schwenningen,,Lucas Ruschke (BV Villingen-Schwenningen),Lucas Ruschke,BV Villingen-Schwenningen,BV Villingen-Schwenningen | BV Villingen-Schwenningen 2,36
n:marko andrasic|BSC St. Georgen,,Marko Andrasic,Marko Andrasic,BSC St. Georgen,BSC St. Georgen,36
n:martin janoschka|BC Neckarsulm,,Martin Janoschka,Martin Janoschka,BC Neckarsulm,BC Neckarsulm 2 | BC Neckarsulm 3,36
n:michael flaig|BSF Kurpfalz,,Michael Flaig (BSF Kurpfalz),Michael Flaig,BSF Kurpfalz,BSF Kurpfalz 3,36
n:michael matschewsky|PBC Freudenstadt,,Michael Matschewsky (PBC Freudenstadt),Michael Matschewsky,PBC Freudenstadt,PBC Freudenstadt | PBC Freudenstadt 2,36
p:368866,368866,Patric Riedel,Patric Riedel,BULL Leonberg-Höfingen,BULL Leonberg-Höfingen 2,36
n:raimund wanner|PBC Ochsenhausen,,Raimund Wanner (PBC Ochsenhausen),Raimund Wanner,PBC Ochsenhausen,PBC Ochsenhausen | PBC Ochsenhausen 2 | PBC Ochsenhausen 3,36
p:101688,101688,Richard Hartmann,Richard Hartmann,PBC Sand,PBC Sand 1 | PBC Sand 2,36
n:rolf waible|PBC Waldbronn-Karlsbad,,Rolf Waible (PBC Waldbronn-Karlsbad),Rolf Waible,PBC Waldbronn-Karlsbad,PBC Waldbronn-Karlsbad 3,36
p:368888,368888,Steffen Adler,Steffen Adler,,,36
n:steffen adler|BSV Weinheim,,Steffen Adler (BSV Weinheim),Steffen Adler,BSV Weinheim,BSV Weinheim 2 | BSV Weinheim 3,36
p:103924,103924,Steffen Säubert,Steffen Säubert,PBC Waghäusel,PBC Waghäusel 1 | PBC Waghäusel 2,36
n:sven hertel|BC Dreiländereck,,Sven Hertel,Sven Hertel,BC Dreiländereck,BC Dreiländereck | BC Dreiländereck 2,36
n:thomas gäckle|PF Calw,,Thomas Gäckle (PF Calw),Thomas Gäckle,PF Calw,PF Calw,36
p:368178,368178,Thomas Hirschberger,Thomas Hirschberger,BC Sindelfingen,BC Sindelfingen 6 | BC Sindelfingen 8,36
p:368783,368783,Thomas Stöckel,Thomas Stöckel,PBC Offenburg,PBC Offenburg 2 | PBC Offenburg 4,36
n:alexander mack|PBC Schwäbisch-Hall,,Alexander Mack (PBC Schwäbisch-Hall),Alexander Mack,PBC Schwäbisch-Hall,PBC Schwäbisch-Hall | PBC Schwäbisch-Hall 2,35
n:andreas pauling|BC Stuttgart 1891,,Andreas Pauling (BC Stuttgart 1891),Andreas Pauling,BC Stuttgart 1891,BC Stuttgart 1891 3 | BC Stuttgart 1891 4,35
p:368215,368215,Christos Minokoglou,Christos Minokoglou,PBC Aalen,PBC Aalen 1 | PBC Aalen 2,35
n:david berkemeyer|BC Feuersee Ludwigsburg,,David Berkemeyer (BC Feuersee Ludwigsburg),David Berkemeyer,BC Feuersee Ludwigsburg,BC Feuersee Ludwigsburg,35
n:dingyuan (michael) wan|PBV Rottweil,,Dingyuan (Michael) Wan,Dingyuan (Michael) Wan,PBV Rottweil,PBV Rottweil 2 | PBV Rottweil 3,35
p:251376,251376,Ferhat Cayli,Ferhat Cayli,BC Neckarsulm,BC Neckarsulm 2,35
p:104825,104825,Frank Wagenmann,Frank Wagenmann,PBC Offenburg,PBC Offenburg 2,35
p:367980,367980,Furkan Özkan,Furkan Özkan,BC Aalen | PBC Aalen,BC Aalen 5 | PBC Aalen 2,35
p:350620,350620,Günther Bastian,Günther Bastian,PBC Langenargen,PBC Langenargen 2 | PBC Langenargen 3 | PBC Langenargen 4,35
p:368831,368831,Leonhard Klecker,Leonhard Klecker,BF Weinheim-Viernheim,BF Weinheim-Viernheim 2 | BF Weinheim-Viernheim 3,35
p:248742,248742,Mark Epple,Mark Epple,PF Calw,PF Calw 1 | PF Calw 2 | PF Calw 3,35
p:368842,368842,Michael Seil,Michael Seil,BC Stuttgart 1891,BC Stuttgart 1891 3 | BC Stuttgart 1891 4,35
p:368561,368561,Mike Siege,Mike Siege,PBC Offenburg | PBC Rastatt,PBC Offenburg 3 | PBC Offenburg 5 | PBC Rastatt 3,35
n:oliver kandula|PBC Schwäbisch-Hall,,Oliver Kandula (PBC Schwäbisch-Hall),Oliver Kandula,PBC Schwäbisch-Hall,PBC Schwäbisch-Hall 2,35
n:oswald keulig|Jump Shot Mingolsheim,,Oswald Keulig,Oswald Keulig,Jump Shot Mingolsheim,Jump Shot Mingolsheim 2,35
p:368809,368809,Phat Truong,Phat Truong,BC Stuttgart 1891,BC Stuttgart 1891 2 | BC Stuttgart 1891 3,35
n:sergej schmidt|BC Neckarsulm,,Sergej Schmidt,Sergej Schmidt,BC Neckarsulm,BC Neckarsulm 2 | BC Neckarsulm 3 | BC Neckarsulm 4,35
n:udo koppenhöfer|CC Karlsruhe,,Udo Koppenhöfer (CC Karlsruhe),Udo Koppenhöfer,CC Karlsruhe,CC Karlsruhe 2 | CC Karlsruhe 3,35
p:101020,101020,Wolfgang Engelhardt,Wolfgang Engelhardt,PBV Schwetzingen,PBV Schwetzingen 5 | PBV Schwetzingen 9,35
n:alexander striker|PF Calw,,Alexander Striker (PF Calw),Alexander Striker,PF Calw,PF Calw | PF Calw 2,34
p:368807,368807,Bayartsetseg Tsogoo,Bayartsetseg Tsogoo,BC Stuttgart 1891,BC Stuttgart 1891 3 | BC Stuttgart 1891 4,34
n:bertold rapp|PBC Ochsenhausen,,Bertold Rapp,Bertold Rapp,PBC Ochsenhausen,PBC Ochsenhausen | PBC Ochsenhausen 2,34
n:björn bester|BSV Filderstadt,,Björn Bester,Björn Bester,BSV Filderstadt,BSV Filderstadt 4 | BSV Filderstadt 7,34
n:carsten isele|P&S Denzlingen,,Carsten Isele,Carsten Isele,P&S Denzlingen,P&S Denzlingen,34
n:christian würthwein|BSV Weinheim,,Christian Würthwein (BSV Weinheim),Christian Würthwein,BSV Weinheim,BSV Weinheim | BSV Weinheim 2,34
p:368658,368658,Christoph Schadek,Christoph Schadek,BF Weinheim-Viernheim,BF Weinheim-Viernheim 2 | BF Weinheim-Viernheim 3,34
p:368432,368432,Dimitris Patsirogiannis,Dimitris Patsirogiannis,BF Weinheim-Viernheim,BF Weinheim-Viernheim 3 | BF Weinheim-Viernheim 4,34
p:368196,368196,Filipe Coelho,Filipe Coelho,PBC Bruchsal,PBC Bruchsal 3,34
n:freilos|BA Nürtingen,,Freilos (BA Nürtingen),Freilos,BA Nürtingen,BA Nürtingen,34
n:freilos|BSC Mannheim,,Freilos (BSC Mannheim),Freilos,BSC Mannheim,BSC Mannheim | BSC Mannheim 2,34
p:368522,368522,Jens Schrader,Jens Schrader,PBC Rastatt,PBC Rastatt 1 | PBC Rastatt 2,34
p:351227,351227,Joachim Bruggesser,Joachim Bruggesser,PBC Bad Saulgau,PBC Bad Saulgau 3 | PBC Bad Saulgau 4,34
p:368267,368267,Jochen Schütz,Jochen Schütz,PBC Bietigheim-Bissingen,PBC Bietigheim-Bissingen 3 | PBC Bietigheim-Bissingen 4,34
n:kevin wetzel|BC Dallau,,Kevin Wetzel (BC Dallau),Kevin Wetzel,BC Dallau,BC Dallau,34
n:luis varon marques|TV Cannstatt,,Luis Varon Marques (TV Cannstatt),Luis Varon Marques,TV Cannstatt,TV Cannstatt | TV Cannstatt 2,34
n:machmut turan|PP Böblingen,,Machmut Turan (PP Böblingen),Machmut Turan,PP Böblingen,PP Böblingen | PP Böblingen 2,34
p:105127,105127,Manfred Wußler,Manfred Wußler,PBC Offenburg,PBC Offenburg 2 | PBC Offenburg 3 | PBC Offenburg 4,34
n:rainer dalecke|PBV Schwetzingen,,Rainer Dalecke,Rainer Dalecke,PBV Schwetzingen,PBV Schwetzingen | PBV Schwetzingen 2 | PBV Schwetzingen 3,34
n:rainer ott|CC Karlsruhe,,Rainer Ott (CC Karlsruhe),Rainer Ott,CC Karlsruhe,CC Karlsruhe 2 | CC Karlsruhe 3,34
n:rainer seemann|PBC Schwäbisch-Hall,,Rainer Seemann (PBC Schwäbisch-Hall),Rainer Seemann,PBC Schwäbisch-Hall,PBC Schwäbisch-Hall,34
n:robert bogdan|TV Cannstatt,,Robert Bogdan (TV Cannstatt),Robert Bogdan,TV Cannstatt,TV Cannstatt,34
n:saeid heydarpour|BC Feuersee Ludwigsburg,,Saeid Heydarpour (BC Feuersee Ludwigsburg),Saeid Heydarpour,BC Feuersee Ludwigsburg,BC Feuersee Ludwigsburg,34
p:239648,239648,Serdar Tunbek,Serdar Tunbek,Mannheimer BF,Mannheimer BF 2 | Mannheimer BF 3,34
p:164805,164805,Thomas Wilczek,Thomas Wilczek,BV Backnang/Welzheim,BV Backnang/Welzheim 1,34
n:timo notheisen|PBC Waghäusel,,Timo Notheisen,Timo Notheisen,PBC Waghäusel,PBC Waghäusel 3 | PBC Waghäusel 4 | PBC Waghäusel 5,34
p:251288,251288,Tobias Wähler,Tobias Wähler,BV Pforzheim,BV Pforzheim 1 | BV Pforzheim 2 | BV Pforzheim 3,34
p:245106,245106,Tuong Tran,Tuong Tran,BSV Pfullingen,BSV Pfullingen 1,34
n:ulrich schäfer|BSV Pfullingen,,Ulrich Schäfer (BSV Pfullingen),Ulrich Schäfer,BSV Pfullingen,BSV Pfullingen | BSV Pfullingen 2,34
p:368404,368404,Yannik Weber,Yannik Weber,BSV Filderstadt,BSV Filderstadt 2 | BSV Filderstadt 3 | BSV Filderstadt 4,34
p:102134,102134,Andreas Jörg,Andreas Jörg,BBC Plochingen,BBC Plochingen 1,33
p:368216,368216,Aydin Yaray,Aydin Yaray,PBC Aalen,PBC Aalen 1 | PBC Aalen 2,33
n:bernhard flamm|PBC Fr. Lampertheim,,Bernhard Flamm (PBC Fr. Lampertheim),Bernhard Flamm,PBC Fr. Lampertheim,PBC Fr. Lampertheim 2 | PBC Fr. Lampertheim 3,33
p:101383,101383,Berthold Gillich,Berthold Gillich,BV Pforzheim,BV Pforzheim 3 | BV Pforzheim 4,33
n:carsten kempf|BF Weinheim-Viernheim,,Carsten Kempf,Carsten Kempf,BF Weinheim-Viernheim,BF Weinheim-Viernheim | BF Weinheim-Viernheim 2,33
n:claudio pontuti|BSV Filderstadt,,Claudio Pontuti (BSV Filderstadt),Claudio Pontuti,BSV Filderstadt,BSV Filderstadt,33
n:daniel hertl|BSV Pfullingen,,Daniel Hertl,Daniel Hertl,BSV Pfullingen,BSV Pfullingen 2,33
n:dirk sensis|PBC Bad Saulgau,,Dirk Sensis,Dirk Sensis,PBC Bad Saulgau,PBC Bad Saulgau 2 | PBC Bad Saulgau 3 | PBC Bad Saulgau 4,33
n:dominik diemer|Poolsharks Bruchsal,,Dominik Diemer,Dominik Diemer,Poolsharks Bruchsal,Poolsharks Bruchsal | Poolsharks Bruchsal 3,33
p:367954,367954,Herbert Schiele,Herbert Schiele,PBC Langenargen,PBC Langenargen 1,33
p:368978,368978,Julian Schank,Julian Schank,PBC Ochsenhausen,PBC Ochsenhausen 2 | PBC Ochsenhausen 3,33
p:242798,242798,Jürgen Wilke,Jürgen Wilke,BSC Göppingen,BSC Göppingen 1 | BSC Göppingen 2,33
p:104613,104613,Marius Thomanek,Marius Thomanek,BC Sindelfingen,BC Sindelfingen 5 | BC Sindelfingen 6,33
p:368140,368140,Mathias Hehle,Mathias Hehle,PBC Bad Saulgau,PBC Bad Saulgau 2 | PBC Bad Saulgau 3,33
p:103487,103487,Michael Brüll,Michael Brüll,BC Stuttgart 1891,BC Stuttgart 1891 2,33
p:350489,350489,Michael Pogodda,Michael Pogodda,BC Feuersee,BC Feuersee 3 | BC Feuersee 6,33
n:peggy hessland|PBC Reutlingen,,Peggy Heßland (PBC Reutlingen),Peggy Heßland,PBC Reutlingen,PBC Reutlingen 2,33
p:368237,368237,Pia Albersmeier,Pia Albersmeier,PBC Aalen,PBC Aalen 2,33
n:robert zivanovic|BBC Plochingen,,Robert Zivanovic (BBC Plochingen),Robert Zivanovic,BBC Plochingen,BBC Plochingen | BBC Plochingen 2,33
p:103433,103433,Sebastian Oswald,Sebastian Oswald,BSV Pfullingen,BSV Pfullingen 2 | BSV Pfullingen 3 | BSV Pfullingen 4,33
n:simon conrad|BSG Albstadt,,Simon Conrad (BSG Albstadt),Simon Conrad,BSG Albstadt,BSG Albstadt | BSG Albstadt 2,33
n:stefan herms|PBC Bräunlingen,,Stefan Herms (PBC Bräunlingen),Stefan Herms,PBC Bräunlingen,PBC Bräunlingen 2 | PBC Bräunlingen 3,33
n:süleyman altinyaldiz|BC Dallau,,Süleyman Altinyaldiz (BC Dallau),Süleyman Altinyaldiz,BC Dallau,BC Dallau,33
n:thomas russow|BF Weinheim-Viernheim,,Thomas Russow (BF Weinheim-Viernheim),Thomas Russow,BF Weinheim-Viernheim,BF Weinheim-Viernheim | BF Weinheim-Viernheim 2,33
n:ahmet yazici|PP Böblingen,,Ahmet Yazici (PP Böblingen),Ahmet Yazici,PP Böblingen,PP Böblingen 2,32
n:anastase kagelidis|PP Böblingen,,Anastase Kagelidis,Anastase Kagelidis,PP Böblingen,PP Böblingen 2 | PP Böblingen 3,32
n:andreas schroff|PBC Bruchsal,,Andreas Schroff (PBC Bruchsal),Andreas Schroff,PBC Bruchsal,PBC Bruchsal,32
p:368148,368148,Angelika Müller,Angelika Müller,BSC Göppingen,BSC Göppingen 3,32
p:104655,104655,Anh Tran,Anh Tran,BULL Leonberg-Höfingen,BULL Leonberg-Höfingen 1,32
n:anton skalistiras|PP Karlsbad,,Anton Skalistiras (PP Karlsbad),Anton Skalistiras,PP Karlsbad,PP Karlsbad,32
n:christian schmidt|BC Stuttgart,,Christian Schmidt,Christian Schmidt,BC Stuttgart,BC Stuttgart 1891,32
n:daniela majer|BSC Göppingen,,Daniela Majer (BSC Göppingen),Daniela Majer,BSC Göppingen,BSC Göppingen 2 | BSC Göppingen 3,32
p:369052,369052,Fabian Hergesell,Fabian Hergesell,P&S Denzlingen,P&S Denzlingen 4,32
n:fabian neglein|BC Weingarten,,Fabian Neglein (BC Weingarten),Fabian Neglein,BC Weingarten,BC Weingarten,32
n:florian staud|PBC Nagoldtal,,Florian Staud (PBC Nagoldtal),Florian Staud,PBC Nagoldtal,PBC Nagoldtal | PBC Nagoldtal 2,32
p:103357,103357,Frank Nitsche,Frank Nitsche,CC Karlsruhe,CC Karlsruhe 1 | CC Karlsruhe 2,32
n:freilos|BV Villingen-Schwenningen,,Freilos (BV Villingen-Schwenningen),Freilos,BV Villingen-Schwenningen,BV Villingen-Schwenningen | BV Villingen-Schwenningen 2,32
n:freilos|Bühler SBC,,Freilos (Bühler SBC),Freilos,Bühler SBC,Bühler SBC,32
n:freilos|PBDC Kämpfelbach,,Freilos (PBDC Kämpfelbach),Freilos,PBDC Kämpfelbach,PBDC Kämpfelbach,32
p:354161,354161,Jens Birner,Jens Birner,BC Neckarsulm,BC Neckarsulm 3,32
n:josef wermes|Poolsharks Bruchsal,,Josef Wermes (Poolsharks Bruchsal),Josef Wermes,Poolsharks Bruchsal,Poolsharks Bruchsal | Poolsharks Bruchsal 2,32
p:368774,368774,Marco Sforza,Marco Sforza,BC Sindelfingen,BC Sindelfingen 4,32
n:marco warlies|PF Calw,,Marco Warlies (PF Calw),Marco Warlies,PF Calw,PF Calw | PF Calw 2,32
n:markus merz|BSF Kurpfalz,,Markus Merz (BSF Kurpfalz),Markus Merz,BSF Kurpfalz,BSF Kurpfalz 3,32
n:mathias hornbach|P&S Denzlingen,,Mathias Hornbach (P&S Denzlingen),Mathias Hornbach,P&S Denzlingen,P&S Denzlingen | P&S Denzlingen 2,32
n:patrick lauinger|PBC Rastatt,,Patrick Lauinger (PBC Rastatt),Patrick Lauinger,PBC Rastatt,PBC Rastatt,32
n:philipp kau|BSV Nürtingen,,Philipp Kau,Philipp Kau,BSV Nürtingen,BSV Nürtingen 3 | BSV Nürtingen 5,32
n:ralf schmitt|BF Weinheim-Viernheim,,Ralf Schmitt,Ralf Schmitt,BF Weinheim-Viernheim,BF Weinheim-Viernheim | BF Weinheim-Viernheim 2,32
p:354706,354706,Ramin Raeisi,Ramin Raeisi,BSV Pfullingen,BSV Pfullingen 1 | BSV Pfullingen 2,32
n:richard uhlig|PBV Schwetzingen,,Richard Uhlig,Richard Uhlig,PBV Schwetzingen,PBV Schwetzingen 2,32
p:368430,368430,Roland Kirchmaier,Roland Kirchmaier,BC Weingarten,BC Weingarten 1 | BC Weingarten 2,32
p:102426,102426,Roland Knecht,Roland Knecht,BF Bruchsal,BF Bruchsal 3,32
n:rudi fölker|PBC Bad Saulgau,,Rudi Fölker (PBC Bad Saulgau),Rudi Fölker,PBC Bad Saulgau,PBC Bad Saulgau 4 | PBC Bad Saulgau 5,32
p:368275,368275,Ryan Grabowski,Ryan Grabowski,P&S Denzlingen,P&S Denzlingen 2 | P&S Denzlingen 3,32
p:369096,369096,Samuel Schleitzer,Samuel Schleitzer,P&S Denzlingen,P&S Denzlingen 1 | P&S Denzlingen 2,32
n:soner ulucanli|PBV Rottweil,,Soner Ulucanli,Soner Ulucanli,PBV Rottweil,PBV Rottweil,32
n:thomas kramhöller|BC Neckarsulm,,Thomas Kramhöller (BC Neckarsulm),Thomas Kramhöller,BC Neckarsulm,BC Neckarsulm | BC Neckarsulm 2,32
p:368458,368458,Timo Buske,Timo Buske,PBC Aalen,PBC Aalen 2,32
n:xanthos vlassidis|BC Weingarten,,Xanthos Vlassidis (BC Weingarten),Xanthos Vlassidis,BC Weingarten,BC Weingarten,32
p:368971,368971,Andreas Penckwitt,Andreas Penckwitt,PBV Schwetzingen,PBV Schwetzingen 5 | PBV Schwetzingen 6,31
p:103559,103559,Damir Pran,Damir Pran,BC Neckarsulm,BC Neckarsulm 1 | BC Neckarsulm 2,31
p:368716,368716,Esad Selim Gündüz,Esad Selim Gündüz,BC Stuttgart 1891,BC Stuttgart 1891 4 | BC Stuttgart 1891 5,31
p:354006,354006,Grigorios Pavlidis,Grigorios Pavlidis,PBC Schwäbisch Gmünd,PBC Schwäbisch Gmünd 2,31
p:101888,101888,Heike Salch,Heike Salch,PBV Schwetzingen,PBV Schwetzingen 5 | PBV Schwetzingen 8 | PBV Schwetzingen 9,31
p:104884,104884,Lepoleon Weatherspoon,Lepoleon Weatherspoon,JS Mingolsheim | PBV Schwetzingen,JS Mingolsheim 2 | PBV Schwetzingen 6 | PBV Schwetzingen 8,31
n:marco bunke|BSV Pfullingen,,Marco Bunke (BSV Pfullingen),Marco Bunke,BSV Pfullingen,BSV Pfullingen 4 | BSV Pfullingen 5,31
p:241138,241138,Mike Becker,Mike Becker,PBC Offenburg,PBC Offenburg 3 | PBC Offenburg 4,31
p:104299,104299,Rainer Seemann,Rainer Seemann,PBC Schwäbisch Hall,PBC Schwäbisch Hall 1,31
n:rene weiss|PBC Bruchsal,,Rene Weiß,Rene Weiß,PBC Bruchsal,PBC Bruchsal 2 | PBC Bruchsal 3,31
p:368429,368429,Robert Tiffert,Robert Tiffert,BSV Tiengen,BSV Tiengen 2 | BSV Tiengen 3,31
n:silvio massow|Tübinger BC,,Silvio Massow (Tübinger BC),Silvio Massow,Tübinger BC,Tübinger BC 2,31
p:242861,242861,Thorsten Kartes,Thorsten Kartes,PBC Fr. Lampertheim,PBC Fr. Lampertheim 1,31
n:ulrich märkle|Tübinger BC,,Ulrich Märkle (Tübinger BC),Ulrich Märkle,Tübinger BC,Tübinger BC | Tübinger BC 2 | Tübinger BC 3,31
p:351225,351225,Aaron Bruggesser,Aaron Bruggesser,PBC Bad Saulgau,PBC Bad Saulgau 3 | PBC Bad Saulgau 4,30
n:alexander ortmann|PP Böblingen,,Alexander Ortmann,Alexander Ortmann,PP Böblingen,PP Böblingen 2 | PP Böblingen 3,30
n:andrei deliman|BC Sindelfingen,,Andrei Deliman (BC Sindelfingen),Andrei Deliman,BC Sindelfingen,BC Sindelfingen 2 | BC Sindelfingen 3,30
n:bernd schröder|PBC Bräunlingen,,Bernd Schröder (PBC Bräunlingen),Bernd Schröder,PBC Bräunlingen,PBC Bräunlingen 3,30
p:252942,252942,Christoph Devine,Christoph Devine,PBC Pfedelbach,PBC Pfedelbach 1 | PBC Pfedelbach 2,30
n:christoph devine|PBC Pfedelbach,,Christoph Devine (PBC Pfedelbach),Christoph Devine,PBC Pfedelbach,PBC Pfedelbach 2,30
n:hajredin idrizi|PBC Pfedelbach,,Hajredin Idrizi (PBC Pfedelbach),Hajredin Idrizi,PBC Pfedelbach,PBC Pfedelbach | PBC Pfedelbach 2,30
n:hans altenhofen|BSC Göppingen,,Hans Altenhofen,Hans Altenhofen,BSC Göppingen,BSC Göppingen 2 | BSC Göppingen 3,30
p:369029,369029,Hoai Tu Anh Nguyen,Hoai Tu Anh Nguyen,PBC Offenburg,PBC Offenburg 5,30
n:jörg hechler|BSG Albstadt,,Jörg Hechler (BSG Albstadt),Jörg Hechler,BSG Albstadt,BSG Albstadt | BSG Albstadt 2,30
n:klaus maier|BSC St. Georgen,,Klaus Maier (BSC St. Georgen),Klaus Maier,BSC St. Georgen,BSC St. Georgen | BSC St. Georgen 2,30
n:marc proissl|BSV Weinheim,,Marc Proissl (BSV Weinheim),Marc Proissl,BSV Weinheim,BSV Weinheim 2,30
n:mathias laskus|PBV Rottweil,,Mathias Laskus (PBV Rottweil),Mathias Laskus,PBV Rottweil,PBV Rottweil 2 | PBV Rottweil 3,30
p:368813,368813,Michael Müns,Michael Müns,CC Karlsruhe,CC Karlsruhe 2 | CC Karlsruhe 3,30
n:nico gehring|BF Bronnen,,Nico Gehring,Nico Gehring,BF Bronnen,BF Bronnen | BF Bronnen 2,30
n:nico zacharowski|Fast Breakers Karlsruhe,,Nico Zacharowski (Fast Breakers Karlsruhe),Nico Zacharowski,Fast Breakers Karlsruhe,Fast Breakers Karlsruhe,30
n:nicolas kalb|PBC Offenburg,,Nicolas Kalb,Nicolas Kalb,PBC Offenburg,PBC Offenburg | PBC Offenburg 3,30
p:368431,368431,Norman Wagner,Norman Wagner,BC Weingarten,BC Weingarten 1,30
n:patrick regan|Jump Shot Mingolsheim,,Patrick Regan (Jump Shot Mingolsheim),Patrick Regan,Jump Shot Mingolsheim,Jump Shot Mingolsheim 2,30
n:pavlos korezelidis|BBC Plochingen,,Pavlos Korezelidis (BBC Plochingen),Pavlos Korezelidis,BBC Plochingen,BBC Plochingen,30
p:368965,368965,Peter Schwab,Peter Schwab,PBV Schwetzingen,PBV Schwetzingen 8,30
p:368835,368835,Pit Kleyersburg,Pit Kleyersburg,BSV Shooters Fellbach | TV Cannstatt,BSV Shooters Fellbach 3 | TV Cannstatt 3,30
n:ruben frick|PBV Rottweil,,Ruben Frick (PBV Rottweil),Ruben Frick,PBV Rottweil,PBV Rottweil,30
n:sander damrau|BSV Pfullingen,,Sander Damrau (BSV Pfullingen),Sander Damrau,BSV Pfullingen,BSV Pfullingen 2,30
n:sascha werle|PBC Rastatt,,Sascha Werle (PBC Rastatt),Sascha Werle,PBC Rastatt,PBC Rastatt,30
n:sven götz|PBC Fr. Lampertheim,,Sven Götz (PBC Fr. Lampertheim),Sven Götz,PBC Fr. Lampertheim,PBC Fr. Lampertheim 2,30
p:355166,355166,Sven Kaiser,Sven Kaiser,PBC Schwäbisch Hall,PBC Schwäbisch Hall 2,30
n:sven neumann (e)|PBV Rottweil,,Sven Neumann (E),Sven Neumann (E),PBV Rottweil,PBV Rottweil,30
n:tuong tran|BSV Pfullingen,,Tuong Tran (BSV Pfullingen),Tuong Tran,BSV Pfullingen,BSV Pfullingen | BSV Pfullingen 2,30
n:wolfgang stimmer|PBC Ochsenhausen,,Wolfgang Stimmer (PBC Ochsenhausen),Wolfgang Stimmer,PBC Ochsenhausen,PBC Ochsenhausen,30
p:104975,104975,Achim Wendeler,Achim Wendeler,TV Cannstatt,TV Cannstatt 1 | TV Cannstatt 2,29
n:andreas beyerle|PBC Bad Saulgau,,Andreas Beyerle,Andreas Beyerle,PBC Bad Saulgau,PBC Bad Saulgau 4 | PBC Bad Saulgau 5,29
p:101412,101412,Bernhard Gneiting,Bernhard Gneiting,PBC Reutlingen,PBC Reutlingen 2 | PBC Reutlingen 3,29
n:christian schaber|BC Weingarten,,Christian Schaber (BC Weingarten),Christian Schaber,BC Weingarten,BC Weingarten,29
n:daniel kalnak|BSV Pfullingen,,Daniel Kalnak (BSV Pfullingen),Daniel Kalnak,BSV Pfullingen,BSV Pfullingen | BSV Pfullingen 2,29
n:erich wohllaib|BF Bronnen,,Erich Wohllaib (BF Bronnen),Erich Wohllaib,BF Bronnen,BF Bronnen 2,29
n:frank rätz|PBC Waghäusel,,Frank Rätz (PBC Waghäusel),Frank Rätz,PBC Waghäusel,PBC Waghäusel 3 | PBC Waghäusel 4,29
n:frederick guntermann|Jump Shot Mingolsheim,,Frederick Guntermann,Frederick Guntermann,Jump Shot Mingolsheim,Jump Shot Mingolsheim,29
n:helmuth schwager|PBC Bräunlingen,,Helmuth Schwager,Helmuth Schwager,PBC Bräunlingen,PBC Bräunlingen 3,29
p:163386,163386,Holger Vier,Holger Vier,PBC Bruchsal,PBC Bruchsal 1,29
p:102721,102721,Johannes Mai,Johannes Mai,Tübinger BC,Tübinger BC 1 | Tübinger BC 2,29
n:jutta ute kreimes|BF Bruchsal,,Jutta Ute Kreimes (BF Bruchsal),Jutta Ute Kreimes,BF Bruchsal,BF Bruchsal 2 | BF Bruchsal 3,29
n:luigi sarullo|PBC Waldbronn-Karlsbad,,Luigi Sarullo (PBC Waldbronn-Karlsbad),Luigi Sarullo,PBC Waldbronn-Karlsbad,PBC Waldbronn-Karlsbad 3,29
n:michael brüll|BC Stuttgart 1891,,Michael Brüll (BC Stuttgart 1891),Michael Brüll,BC Stuttgart 1891,BC Stuttgart 1891 2 | BC Stuttgart 1891 3 | BC Stuttgart 1891 4,29
p:349925,349925,Michael Grad,Michael Grad,BSV Pfullingen,BSV Pfullingen 3 | BSV Pfullingen 4,29
p:368984,368984,Michael Müller,Michael Müller,PF Calw,PF Calw 1 | PF Calw 2 | PF Calw 3,29
n:patrick koch|PBC Trossingen,,Patrick Koch,Patrick Koch,PBC Trossingen,PBC Trossingen | PBC Trossingen 2,29
p:368964,368964,Petar Krolo,Petar Krolo,BC Sindelfingen,BC Sindelfingen 3 | BC Sindelfingen 5,29
p:103580,103580,Peter Puff,Peter Puff,PBC Waghäusel,PBC Waghäusel 2 | PBC Waghäusel 3 | PBC Waghäusel 4,29
n:rene geier|PBC Rastatt,,Rene Geier (PBC Rastatt),Rene Geier,PBC Rastatt,PBC Rastatt,29
p:103998,103998,Roland Scheinpflug,Roland Scheinpflug,BSV Tiengen,BSV Tiengen 3,29
n:simon kaincz|BSV Nürtingen,,Simon Kaincz (BSV Nürtingen),Simon Kaincz,BSV Nürtingen,BSV Nürtingen 3 | BSV Nürtingen 5,29
n:steffen röschinger|BBC Plochingen,,Steffen Röschinger (BBC Plochingen),Steffen Röschinger,BBC Plochingen,BBC Plochingen | BBC Plochingen 2,29
n:adrian cabanillas lora|BSV Filderstadt,,Adrian Cabanillas Lora (BSV Filderstadt),Adrian Cabanillas Lora,BSV Filderstadt,BSV Filderstadt,28
p:368550,368550,Ahmet Bumin,Ahmet Bumin,PBC Bad Saulgau,PBC Bad Saulgau 2 | PBC Bad Saulgau 3,28
p:250898,250898,Alexander Friederich,Alexander Friederich,BC Dallau,BC Dallau 2,28
n:andreas gorisek|BF Bronnen,,Andreas Gorisek,Andreas Gorisek,BF Bronnen,BF Bronnen,28
p:367587,367587,Andrej Stark,Andrej Stark,P&S Denzlingen,P&S Denzlingen 2 | P&S Denzlingen 3,28
n:armin reidel|BF Weinheim-Viernheim,,Armin Reidel (BF Weinheim-Viernheim),Armin Reidel,BF Weinheim-Viernheim,BF Weinheim-Viernheim 2,28
n:benjamin roth|BF Bronnen,,Benjamin Roth,Benjamin Roth,BF Bronnen,BF Bronnen,28
n:branko rackovic|BC Stuttgart,,Branko Rackovic,Branko Rackovic,BC Stuttgart,BC Stuttgart 1891,28
n:carsten mellmann|BBV Mannheim,,Carsten Mellmann (BBV Mannheim),Carsten Mellmann,BBV Mannheim,BBV Mannheim | BBV Mannheim 2,28
n:christian schuler|CC Karlsruhe,,Christian Schuler (CC Karlsruhe),Christian Schuler,CC Karlsruhe,CC Karlsruhe 2 | CC Karlsruhe 3 | CC Karlsruhe 4,28
p:104760,104760,Damir Vidovic,Damir Vidovic,PBC Bräunlingen,PBC Bräunlingen 1 | PBC Bräunlingen 2,28
p:368938,368938,Daniel Hirsch,Daniel Hirsch,JS Mingolsheim,JS Mingolsheim 3 | JS Mingolsheim 4,28
n:denis burmazovic|PBC Pfedelbach,,Denis Burmazovic,Denis Burmazovic,PBC Pfedelbach,PBC Pfedelbach | PBC Pfedelbach 2,28
n:efendi cekerek|BBV Mannheim,,Efendi Cekerek (BBV Mannheim),Efendi Cekerek,BBV Mannheim,BBV Mannheim 2,28
n:faton dzini|BULL Leonberg-Höfingen,,Faton Dzini (BULL Leonberg-Höfingen),Faton Dzini,BULL Leonberg-Höfingen,BULL Leonberg-Höfingen 2,28
p:369102,369102,Ferdinand Widjaja,Ferdinand Widjaja,BC Sindelfingen,BC Sindelfingen 8 | BC Sindelfingen 9,28
n:fikret tasdemir|P&S Denzlingen,,Fikret Tasdemir (P&S Denzlingen),Fikret Tasdemir,P&S Denzlingen,P&S Denzlingen | P&S Denzlingen 2,28
n:frank gebert|BSV Filderstadt,,Frank Gebert (BSV Filderstadt),Frank Gebert,BSV Filderstadt,BSV Filderstadt 2 | BSV Filderstadt 3,28
n:georgios lykakis|Heidenheimer BC,,Georgios Lykakis,Georgios Lykakis,Heidenheimer BC,Heidenheimer BC 2,28
n:gerald rastetter|Fastbreakers Karlsruhe,,Gerald Rastetter (Fastbreakers Karlsruhe),Gerald Rastetter,Fastbreakers Karlsruhe,Fastbreakers Karlsruhe 2 | Fastbreakers Karlsruhe 3,28
n:gerd hörrmann|PBC Waldbronn-Karlsbad,,Gerd Hörrmann (PBC Waldbronn-Karlsbad),Gerd Hörrmann,PBC Waldbronn-Karlsbad,PBC Waldbronn-Karlsbad 2,28
n:hanno bröcker|PBV Rottweil,,Hanno Bröcker,Hanno Bröcker,PBV Rottweil,PBV Rottweil,28
n:hasan yildirim|PBC Ochsenhausen,,Hasan Yildirim,Hasan Yildirim,PBC Ochsenhausen,PBC Ochsenhausen,28
p:368886,368886,Hayk Hovhannisyan,Hayk Hovhannisyan,BC Aalen,BC Aalen 4,28
n:heiko difflipp|PBC Schwäbisch Hall,,Heiko Difflipp (PBC Schwäbisch Hall),Heiko Difflipp,PBC Schwäbisch Hall,PBC Schwäbisch Hall,28
n:holger vier|PBC Bruchsal,,Holger Vier (PBC Bruchsal),Holger Vier,PBC Bruchsal,PBC Bruchsal,28
p:368313,368313,Ingo Maier,Ingo Maier,PBC Langenargen,PBC Langenargen 4,28
n:ingo nassall|PBC Waldbronn-Karlsbad,,Ingo Nassall (PBC Waldbronn-Karlsbad),Ingo Nassall,PBC Waldbronn-Karlsbad,PBC Waldbronn-Karlsbad | PBC Waldbronn-Karlsbad 2,28
n:ivan galic|BSV Nürtingen,,Ivan Galic (BSV Nürtingen),Ivan Galic,BSV Nürtingen,BSV Nürtingen,28
n:jens stintz|BSV Nürtingen,,Jens Stintz (BSV Nürtingen),Jens Stintz,BSV Nürtingen,BSV Nürtingen 2,28
n:joachim restner|PBC Bad Saulgau,,Joachim Restner,Joachim Restner,PBC Bad Saulgau,PBC Bad Saulgau 3 | PBC Bad Saulgau 5 | PBC Bad Saulgau 6,28
p:368314,368314,Kay Maier,Kay Maier,PBC Langenargen,PBC Langenargen 4,28
n:klaus martin|PBC Waghäusel,,Klaus Martin (PBC Waghäusel),Klaus Martin,PBC Waghäusel,PBC Waghäusel 2,28
n:lars woggan|BSV Nürtingen,,Lars Woggan (BSV Nürtingen),Lars Woggan,BSV Nürtingen,BSV Nürtingen,28
p:353635,353635,Lennart Wedel,Lennart Wedel,BSF Kurpfalz,BSF Kurpfalz 2,28
n:luigi sabia|BV Markdorf,,Luigi Sabia (BV Markdorf),Luigi Sabia,BV Markdorf,BV Markdorf,28
n:manfred rauch|PBC Bad Saulgau,,Manfred Rauch,Manfred Rauch,PBC Bad Saulgau,PBC Bad Saulgau 3,28
n:manfred sieweke|PBC Ochsenhausen,,Manfred Sieweke (PBC Ochsenhausen),Manfred Sieweke,PBC Ochsenhausen,PBC Ochsenhausen 2 | PBC Ochsenhausen 3,28
n:manuel klappstein|PBC Rastatt,,Manuel Klappstein (PBC Rastatt),Manuel Klappstein,PBC Rastatt,PBC Rastatt,28
n:manuel westermann|P&S Denzlingen,,Manuel Westermann,Manuel Westermann,P&S Denzlingen,P&S Denzlingen 2 | P&S Denzlingen 3,28
n:marcus wolf|PBC Bräunlingen,,Marcus Wolf (PBC Bräunlingen),Marcus Wolf,PBC Bräunlingen,PBC Bräunlingen 3 | PBC Bräunlingen 4,28
n:mario kaiser|BSC St. Georgen,,Mario Kaiser (BSC St. Georgen),Mario Kaiser,BSC St. Georgen,BSC St. Georgen | BSC St. Georgen 2,28
n:max schmidtke|BSC Göppingen,,Max Schmidtke (BSC Göppingen),Max Schmidtke,BSC Göppingen,BSC Göppingen | BSC Göppingen 4,28
n:melanie reger|PBC Bräunlingen,,Melanie Reger,Melanie Reger,PBC Bräunlingen,PBC Bräunlingen 3 | PBC Bräunlingen 4,28
p:369123,369123,Mete Mutlu,Mete Mutlu,PBC Nagoldtal,PBC Nagoldtal 2 | PBC Nagoldtal 3,28
n:michael erhardt|BULL Leonberg-Höfingen,,Michael Erhardt,Michael Erhardt,BULL Leonberg-Höfingen,BULL Leonberg-Höfingen 2,28
n:michael faja|PBC Pfedelbach,,Michael Faja (PBC Pfedelbach),Michael Faja,PBC Pfedelbach,PBC Pfedelbach 2,28
n:michael straub|PBV Schwetzingen,,Michael Straub (PBV Schwetzingen),Michael Straub,PBV Schwetzingen,PBV Schwetzingen 3,28
p:368533,368533,Michael Triffo,Michael Triffo,JS Mingolsheim,JS Mingolsheim 2 | JS Mingolsheim 3,28
n:nikola kremer|Poolsharks Bruchsal,,Nikola Kremer (Poolsharks Bruchsal),Nikola Kremer,Poolsharks Bruchsal,Poolsharks Bruchsal | Poolsharks Bruchsal 3,28
n:nuhid serifovic|TV Cannstatt,,Nuhid Serifovic (TV Cannstatt),Nuhid Serifovic,TV Cannstatt,TV Cannstatt,28
n:oliver süss|PBC Bruchsal,,Oliver Süß,Oliver Süß,PBC Bruchsal,PBC Bruchsal | PBC Bruchsal 2 | PBC Bruchsal 3,28
p:368664,368664,Petar Popov,Petar Popov,BC Feuersee | BC Stuttgart 1891,BC Feuersee 3 | BC Stuttgart 1891 5,28
p:102397,102397,Peter Kleinhans,Peter Kleinhans,PBC Langenargen,PBC Langenargen 2,28
p:353918,353918,Rene Hammann,Rene Hammann,Mannheimer BF,Mannheimer BF 3 | Mannheimer BF 4 | Mannheimer BF 5,28
n:ronny bräse|BSV Pfullingen,,Ronny Bräse,Ronny Bräse,BSV Pfullingen,BSV Pfullingen,28
n:sascha nyffeler|PBC Bad Saulgau,,Sascha Nyffeler (PBC Bad Saulgau),Sascha Nyffeler,PBC Bad Saulgau,PBC Bad Saulgau 3,28
n:sascha werle|BC Breakers Knittlingen,,Sascha Werle (BC Breakers Knittlingen),Sascha Werle,BC Breakers Knittlingen,BC Breakers Knittlingen,28
n:serhat karakaplan|BC Ludwigsburg,,Serhat Karakaplan,Serhat Karakaplan,BC Ludwigsburg,BC Ludwigsburg 2 | BC Ludwigsburg 3,28
n:silvio fadda|BV Markdorf,,Silvio Fadda (BV Markdorf),Silvio Fadda,BV Markdorf,BV Markdorf,28
p:368133,368133,Simon Kaincz,Simon Kaincz,BSV Filderstadt,BSV Filderstadt 4 | BSV Filderstadt 5,28
p:369093,369093,Stefan Jost,Stefan Jost,PP Karlsbad,PP Karlsbad 1,28
n:stefan krüger|PBC Schwäbisch Hall,,Stefan Krüger (PBC Schwäbisch Hall),Stefan Krüger,PBC Schwäbisch Hall,PBC Schwäbisch Hall,28
n:stefan künzl|TV Cannstatt,,Stefan Künzl (TV Cannstatt),Stefan Künzl,TV Cannstatt,TV Cannstatt,28
n:steffen mämecke|BSC Mannheim,,Steffen Mämecke (BSC Mannheim),Steffen Mämecke,BSC Mannheim,BSC Mannheim,28
p:101091,101091,Stephan Faude,Stephan Faude,BC Dätzingen,BC Dätzingen 1 | BC Dätzingen 2 | BC Dätzingen 3,28
n:suayip karadeniz|BC Stuttgart,,Suayip Karadeniz,Suayip Karadeniz,BC Stuttgart,BC Stuttgart 1891,28
n:sven erbrecht|Fast Breakers Karlsruhe,,Sven Erbrecht (Fast Breakers Karlsruhe),Sven Erbrecht,Fast Breakers Karlsruhe,Fast Breakers Karlsruhe,28
p:368203,368203,Tahsin Kirli,Tahsin Kirli,BSV Filderstadt,BSV Filderstadt 3,28
n:tayfun teber|PBV Schwetzingen,,Tayfun Teber (PBV Schwetzingen),Tayfun Teber,PBV Schwetzingen,PBV Schwetzingen,28
n:thomas krüger|BULL Leonberg-Höfingen,,Thomas Krüger (BULL Leonberg-Höfingen),Thomas Krüger,BULL Leonberg-Höfingen,BULL Leonberg-Höfingen 2 | BULL Leonberg-Höfingen 3,28
n:thomas kupfer|PBC Schwäbisch Hall,,Thomas Kupfer (PBC Schwäbisch Hall),Thomas Kupfer,PBC Schwäbisch Hall,PBC Schwäbisch Hall,28
p:368179,368179,Thorsten Möhle,Thorsten Möhle,BC Sindelfingen,BC Sindelfingen 2 | BC Sindelfingen 3,28
n:tina vogelmann|BC Stuttgart,,Tina Vogelmann (BC Stuttgart),Tina Vogelmann,BC Stuttgart,BC Stuttgart 1891,28
n:udo träutlein|PBV Schwetzingen,,Udo Träutlein (PBV Schwetzingen),Udo Träutlein,PBV Schwetzingen,PBV Schwetzingen 2,28
p:369004,369004,Zan Bong Yuen,Zan Bong Yuen,BBV Mannheim,BBV Mannheim 2,28
p:368575,368575,Daniel Doulgeris,Daniel Doulgeris,BULL Leonberg-Höfingen,BULL Leonberg-Höfingen 2,27
p:103842,103842,Dennis Rothaug,Dennis Rothaug,BV Villingen-Schwenningen,BV Villingen-Schwenningen 1 | BV Villingen-Schwenningen 2,27
p:368525,368525,Fabian Gruber,Fabian Gruber,BC Dallau,BC Dallau 2 | BC Dallau 3,27
p:368715,368715,Finn Großmann,Finn Großmann,BULL Leonberg-Höfingen,BULL Leonberg-Höfingen 3,27
p:368670,368670,Florian Rasser,Florian Rasser,BC Dreiländereck,BC Dreiländereck 1,27
n:franz frauenhoffer|PBC Bad Saulgau,,Franz Frauenhoffer (PBC Bad Saulgau),Franz Frauenhoffer,PBC Bad Saulgau,PBC Bad Saulgau 4 | PBC Bad Saulgau 5 | PBC Bad Saulgau 6,27
p:101424,101424,Heinz Gold,Heinz Gold,BSF Kurpfalz,BSF Kurpfalz 2 | BSF Kurpfalz 3,27
p:369064,369064,Ingo Speidel,Ingo Speidel,PBC Reutlingen,PBC Reutlingen 3,27
n:jürgen müller|Jump Shot Mingolsheim,,Jürgen Müller (Jump Shot Mingolsheim),Jürgen Müller,Jump Shot Mingolsheim,Jump Shot Mingolsheim | Jump Shot Mingolsheim 2 | Jump Shot Mingolsheim 3,27
n:konstantin sawal|PP Böblingen,,Konstantin Sawal,Konstantin Sawal,PP Böblingen,PP Böblingen 2 | PP Böblingen 3,27
n:manuela schmid|BF Bronnen,,Manuela Schmid,Manuela Schmid,BF Bronnen,BF Bronnen 2,27
n:mathias schweissing|Fastbreakers Karlsruhe,,Mathias Schweissing,Mathias Schweissing,Fastbreakers Karlsruhe,Fastbreakers Karlsruhe 3,27
n:mehmet gürbüz|PBC Bräunlingen,,Mehmet Gürbüz (PBC Bräunlingen),Mehmet Gürbüz,PBC Bräunlingen,PBC Bräunlingen 2 | PBC Bräunlingen 3,27
n:robert stehr|PBC Bad Saulgau,,Robert Stehr,Robert Stehr,PBC Bad Saulgau,PBC Bad Saulgau 3 | PBC Bad Saulgau 4 | PBC Bad Saulgau 5,27
n:stefan vater|PBC Freudenstadt,,Stefan Vater (PBC Freudenstadt),Stefan Vater,PBC Freudenstadt,PBC Freudenstadt 3 | PBC Freudenstadt 4,27
p:367374,367374,Vuk Izidor Zelunka,Vuk Izidor Zelunka,Mannheimer BF,Mannheimer BF 2 | Mannheimer BF 3,27
n:wolfgang schmidt|PBC Reutlingen,,Wolfgang Schmidt (PBC Reutlingen),Wolfgang Schmidt,PBC Reutlingen,PBC Reutlingen 2,27
n:achim wendeler|TV Cannstatt,,Achim Wendeler (TV Cannstatt),Achim Wendeler,TV Cannstatt,TV Cannstatt,26
n:alfredo di perna|BSV Nürtingen,,Alfredo Di Perna (BSV Nürtingen),Alfredo Di Perna,BSV Nürtingen,BSV Nürtingen,26
p:103690,103690,Andreas Reisinger,Andreas Reisinger,PBC Bietigheim-Bissingen,PBC Bietigheim-Bissingen 1 | PBC Bietigheim-Bissingen 2,26
n:andreas sattler|BC Neckarsulm,,Andreas Sattler (BC Neckarsulm),Andreas Sattler,BC Neckarsulm,BC Neckarsulm 2,26
n:arash dayyani|PF Calw,,Arash Dayyani (PF Calw),Arash Dayyani,PF Calw,PF Calw 4,26
n:attila remete|PBV Rottweil,,Attila Remete (PBV Rottweil),Attila Remete,PBV Rottweil,PBV Rottweil 2 | PBV Rottweil 3,26
n:axel sauter|BC Breakers Knittlingen,,Axel Sauter,Axel Sauter,BC Breakers Knittlingen,BC Breakers Knittlingen | BC Breakers Knittlingen 2,26
n:bernd bergwitz|BBV Mannheim,,Bernd Bergwitz,Bernd Bergwitz,BBV Mannheim,BBV Mannheim 3,26
n:birol caliskan|PP Karlsbad,,Birol Caliskan (PP Karlsbad),Birol Caliskan,PP Karlsbad,PP Karlsbad | PP Karlsbad 2,26
n:christian erl|PBC Offenburg,,Christian Erl,Christian Erl,PBC Offenburg,PBC Offenburg,26
p:242920,242920,Christian Iliadis,Christian Iliadis,BC Aalen | PBC Schwäbisch Gmünd,BC Aalen 3 | BC Aalen 4 | PBC Schwäbisch Gmünd 1,26
p:368394,368394,Christian Thanner,Christian Thanner,BC Feuersee | BC Sindelfingen,BC Feuersee 4 | BC Sindelfingen 7,26
p:242902,242902,Daniel Kimmig,Daniel Kimmig,PBC Offenburg,PBC Offenburg 3,26
p:246672,246672,Dennis Wörthmüller,Dennis Wörthmüller,PBV Schwetzingen,PBV Schwetzingen 3,26
n:detlef ratz|PBDC Kämpfelbach,,Detlef Ratz (PBDC Kämpfelbach),Detlef Ratz,PBDC Kämpfelbach,PBDC Kämpfelbach,26
p:368743,368743,Dieter Ripp,Dieter Ripp,PBV Schwetzingen,PBV Schwetzingen 7 | PBV Schwetzingen 8,26
n:dirk kalinowsky|BSF Kurpfalz,,Dirk Kalinowsky,Dirk Kalinowsky,BSF Kurpfalz,BSF Kurpfalz 2,26
p:368816,368816,Emilio Caracciolo,Emilio Caracciolo,BSV Shooters Fellbach | TV Cannstatt,BSV Shooters Fellbach 3 | TV Cannstatt 3,26
n:florian feil|BSC Göppingen,,Florian Feil,Florian Feil,BSC Göppingen,BSC Göppingen 2 | BSC Göppingen 3,26
n:giuseppe curcio|BSV Filderstadt,,Giuseppe Curcio (BSV Filderstadt),Giuseppe Curcio,BSV Filderstadt,BSV Filderstadt,26
n:harald weiteder|BSV Nürtingen,,Harald Weiteder,Harald Weiteder,BSV Nürtingen,BSV Nürtingen 3,26
n:holger vier|PBC Fr. Lampertheim,,Holger Vier (PBC Fr. Lampertheim),Holger Vier,PBC Fr. Lampertheim,PBC Fr. Lampertheim,26
n:horst bendig|P&S Denzlingen,,Horst Bendig (P&S Denzlingen),Horst Bendig,P&S Denzlingen,P&S Denzlingen 2 | P&S Denzlingen 3,26
p:368536,368536,Jan-Phillip Heilmann,Jan-Phillip Heilmann,JS Mingolsheim,JS Mingolsheim 3 | JS Mingolsheim 4,26
p:176072,176072,Janin Oesterle,Janin Oesterle,BC Neckarsulm,BC Neckarsulm 2,26
n:jens stintz|BSV Filderstadt,,Jens Stintz (BSV Filderstadt),Jens Stintz,BSV Filderstadt,BSV Filderstadt 4,26
n:joachim lechenbauer|BC Stuttgart 1891,,Joachim Lechenbauer (BC Stuttgart 1891),Joachim Lechenbauer,BC Stuttgart 1891,BC Stuttgart 1891 3 | BC Stuttgart 1891 4,26
p:353435,353435,Jochen Geiß,Jochen Geiß,PBC Ochsenhausen,PBC Ochsenhausen 2 | PBC Ochsenhausen 3,26
p:368411,368411,Jürgen Wolf,Jürgen Wolf,Mannheimer BF,Mannheimer BF 4,26
n:kevin fassa|BC Dallau,,Kevin Fassa (BC Dallau),Kevin Fassa,BC Dallau,BC Dallau 2 | BC Dallau 5,26
n:konstantin egle|PBC Ochsenhausen,,Konstantin Egle (PBC Ochsenhausen),Konstantin Egle,PBC Ochsenhausen,PBC Ochsenhausen,26
n:kristian kolthoff|PBC Nagoldtal,,Kristian Kolthoff (PBC Nagoldtal),Kristian Kolthoff,PBC Nagoldtal,PBC Nagoldtal 2,26
n:lionel heit|PBC Offenburg,,Lionel Heit,Lionel Heit,PBC Offenburg,PBC Offenburg | PBC Offenburg 3,26
p:368414,368414,Lulzim Ramliku,Lulzim Ramliku,P&S Denzlingen,P&S Denzlingen 3 | P&S Denzlingen 4,26
n:lutz metzner|BV Markdorf,,Lutz Metzner (BV Markdorf),Lutz Metzner,BV Markdorf,BV Markdorf,26
p:368998,368998,Mahmoud Alkamil,Mahmoud Alkamil,BBV Mannheim,BBV Mannheim 1 | BBV Mannheim 2,26
p:101989,101989,Mathias Hornbach,Mathias Hornbach,P&S Denzlingen,P&S Denzlingen 1,26
n:michael bauer|PBV Rottweil,,Michael Bauer (PBV Rottweil),Michael Bauer,PBV Rottweil,PBV Rottweil 2 | PBV Rottweil 3,26
p:240013,240013,Michael Leupolz,Michael Leupolz,BC Weingarten,BC Weingarten 1,26
n:michael psarras|BC Dreiländereck,,Michael Psarras (BC Dreiländereck),Michael Psarras,BC Dreiländereck,BC Dreiländereck | BC Dreiländereck 2,26
n:nic woywodt|PBC Nagoldtal,,Nic Woywodt (PBC Nagoldtal),Nic Woywodt,PBC Nagoldtal,PBC Nagoldtal | PBC Nagoldtal 3,26
n:norbert rollbühler|BC Aalen,,Norbert Rollbühler (BC Aalen),Norbert Rollbühler,BC Aalen,BC Aalen 2,26
n:nuno brenner miguel|PBV Schwetzingen,,Nuno Brenner Miguel (PBV Schwetzingen),Nuno Brenner Miguel,PBV Schwetzingen,PBV Schwetzingen 5,26
n:orhan cetin|Tübinger BC,,Orhan Cetin (Tübinger BC),Orhan Cetin,Tübinger BC,Tübinger BC,26
n:rene geier|Fast Breakers Karlsruhe,,Rene Geier (Fast Breakers Karlsruhe),Rene Geier,Fast Breakers Karlsruhe,Fast Breakers Karlsruhe,26
n:robert klinec|BSV Weinheim,,Robert Klinec (BSV Weinheim),Robert Klinec,BSV Weinheim,BSV Weinheim | BSV Weinheim 2,26
p:100985,100985,Robin Eisele,Robin Eisele,BSV Tiengen,BSV Tiengen 1,26
n:ruben winkler|PBC Schwäbisch Hall,,Ruben Winkler (PBC Schwäbisch Hall),Ruben Winkler,PBC Schwäbisch Hall,PBC Schwäbisch Hall,26
p:368199,368199,Sagar Paul,Sagar Paul,CC Karlsruhe,CC Karlsruhe 3,26
p:366412,366412,Sascha Link,Sascha Link,BC Dallau,BC Dallau 1 | BC Dallau 2 | BC Dallau 3,26
p:100229,100229,Simone Ganß,Simone Ganß,BF Weinheim-Viernheim,BF Weinheim-Viernheim 4,26
n:sonny weber|BBV Mannheim,,Sonny Weber (BBV Mannheim),Sonny Weber,BBV Mannheim,BBV Mannheim,26
p:102131,102131,Steffen Joos,Steffen Joos,BSV Tiengen,BSV Tiengen 1,26
p:175895,175895,Steffen Mämecke,Steffen Mämecke,JS Mingolsheim,JS Mingolsheim 1,26
n:steven thieltges|PBC Bietigheim-Bissingen,,Steven Thieltges (PBC Bietigheim-Bissingen),Steven Thieltges,PBC Bietigheim-Bissingen,PBC Bietigheim-Bissingen | PBC Bietigheim-Bissingen 2,26
n:thimo hugger|PBC Waldbronn-Karlsbad,,Thimo Hugger (PBC Waldbronn-Karlsbad),Thimo Hugger,PBC Waldbronn-Karlsbad,PBC Waldbronn-Karlsbad 2,26
n:thomas drey|BF Bronnen,,Thomas Drey (BF Bronnen),Thomas Drey,BF Bronnen,BF Bronnen | BF Bronnen 2,26
n:thomas hodrius|PBC Reutlingen,,Thomas Hodrius (PBC Reutlingen),Thomas Hodrius,PBC Reutlingen,PBC Reutlingen 2,26
n:thomas höger|TV Cannstatt,,Thomas Höger (TV Cannstatt),Thomas Höger,TV Cannstatt,TV Cannstatt 2,26
n:thomas mänz|BSV Filderstadt,,Thomas Mänz (BSV Filderstadt),Thomas Mänz,BSV Filderstadt,BSV Filderstadt 4,26
n:thomas schnurr|PBC Offenburg,,Thomas Schnurr,Thomas Schnurr,PBC Offenburg,PBC Offenburg | PBC Offenburg 2,26
n:uwe lang|P&S Denzlingen,,Uwe Lang (P&S Denzlingen),Uwe Lang,P&S Denzlingen,P&S Denzlingen 2,26
p:368643,368643,Viktor Tschin,Viktor Tschin,BV Pforzheim,BV Pforzheim 3 | BV Pforzheim 4,26
n:willi ludwig|PBC Waldbronn-Karlsbad,,Willi Ludwig (PBC Waldbronn-Karlsbad),Willi Ludwig,PBC Waldbronn-Karlsbad,PBC Waldbronn-Karlsbad | PBC Waldbronn-Karlsbad 2,26
p:247116,247116,Witold Kabacinski,Witold Kabacinski,PBC Waghäusel,PBC Waghäusel 2 | PBC Waghäusel 3,26
n:wolfgang heiler|Poolsharks Bruchsal,,Wolfgang Heiler (Poolsharks Bruchsal),Wolfgang Heiler,Poolsharks Bruchsal,Poolsharks Bruchsal,26
n:wolfgang schmidt|BSV Nürtingen,,Wolfgang Schmidt (BSV Nürtingen),Wolfgang Schmidt,BSV Nürtingen,BSV Nürtingen 3,26
n:wolfgang siethoff|PP Karlsbad,,Wolfgang Siethoff (PP Karlsbad),Wolfgang Siethoff,PP Karlsbad,PP Karlsbad 3,26
p:369103,369103,Yvonne Boos,Yvonne Boos,BC Sindelfingen,BC Sindelfingen 7 | BC Sindelfingen 8,26
p:104123,104123,Achim Schmittel,Achim Schmittel,PBC Fr. Lampertheim,PBC Fr. Lampertheim 1 | PBC Fr. Lampertheim 2,25
p:368147,368147,Andre Kroschwald,Andre Kroschwald,BC Sindelfingen,BC Sindelfingen 6 | BC Sindelfingen 7,25
p:240167,240167,Cem Sarigül,Cem Sarigül,BF Bruchsal,BF Bruchsal 1 | BF Bruchsal 2,25
p:369008,369008,Dario Borkovic,Dario Borkovic,PBC Rastatt,PBC Rastatt 2 | PBC Rastatt 3,25
p:101588,101588,Dieter Haberkorn,Dieter Haberkorn,PBC Bad Saulgau,PBC Bad Saulgau 3,25
n:evelin thoma-schuck|BC Weingarten,,Evelin Thoma-Schuck,Evelin Thoma-Schuck,BC Weingarten,BC Weingarten 4,25
p:103211,103211,Fabian Müller,Fabian Müller,BV Markdorf,BV Markdorf 1,25
n:harald schwarz|BC Weingarten,,Harald Schwarz,Harald Schwarz,BC Weingarten,BC Weingarten 2 | BC Weingarten 3,25
n:hayrettin bozkurt|PP Böblingen,,Hayrettin Bozkurt (PP Böblingen),Hayrettin Bozkurt,PP Böblingen,PP Böblingen | PP Böblingen 2,25
n:jan wagner|BV Villingen-Schwenningen,,Jan Wagner,Jan Wagner,BV Villingen-Schwenningen,BV Villingen-Schwenningen,25
p:104638,104638,Jens Todt,Jens Todt,PBC Bietigheim-Bissingen,PBC Bietigheim-Bissingen 2 | PBC Bietigheim-Bissingen 3,25
p:101221,101221,Klaus Friedrich,Klaus Friedrich,P&S Denzlingen,P&S Denzlingen 1 | P&S Denzlingen 2 | P&S Denzlingen 3,25
p:353634,353634,Liem Dang Ngoc,Liem Dang Ngoc,JS Mingolsheim,JS Mingolsheim 2 | JS Mingolsheim 3,25
p:103275,103275,Marcus Mutschler,Marcus Mutschler,PBC Bietigheim-Bissingen,PBC Bietigheim-Bissingen 1,25
n:peggy hessland|BSV Filderstadt,,Peggy Heßland (BSV Filderstadt),Peggy Heßland,BSV Filderstadt,BSV Filderstadt 3,25
p:368707,368707,Peter Gerlach,Peter Gerlach,PBC Aalen,PBC Aalen 1 | PBC Aalen 2,25
n:stephan huber|CC Karlsruhe,,Stephan Huber (CC Karlsruhe),Stephan Huber,CC Karlsruhe,CC Karlsruhe,25
n:steven ascione|BC Dallau,,Steven Ascione (BC Dallau),Steven Ascione,BC Dallau,BC Dallau | BC Dallau 2 | BC Dallau 3,25
n:swetlana boguslawska|BSC Mannheim,,Swetlana Boguslawska,Swetlana Boguslawska,BSC Mannheim,BSC Mannheim | BSC Mannheim 2,25
n:thomas maier|Heidenheimer BC,,Thomas Maier,Thomas Maier,Heidenheimer BC,Heidenheimer BC 2,25
n:thorsten roth|PBV Schwetzingen,,Thorsten Roth (PBV Schwetzingen),Thorsten Roth,PBV Schwetzingen,PBV Schwetzingen | PBV Schwetzingen 3,25
n:witold kabacinski|PBC Waghäusel,,Witold Kabacinski (PBC Waghäusel),Witold Kabacinski,PBC Waghäusel,PBC Waghäusel 2 | PBC Waghäusel 4,25
n:adriano viviani|Fastbreakers Karlsruhe,,Adriano Viviani (Fastbreakers Karlsruhe),Adriano Viviani,Fastbreakers Karlsruhe,Fastbreakers Karlsruhe | Fastbreakers Karlsruhe 2 | Fastbreakers Karlsruhe 3,24
p:367645,367645,Anan Zaity,Anan Zaity,BV Villingen-Schwenningen,BV Villingen-Schwenningen 2,24
p:368884,368884,Armin Mahmoudi,Armin Mahmoudi,BC Sindelfingen,BC Sindelfingen 3,24
n:benni bever|Poolsharks Bruchsal,,Benni Bever,Benni Bever,Poolsharks Bruchsal,Poolsharks Bruchsal | Poolsharks Bruchsal 3,24
n:bernd schmidt|BSV Weinheim,,Bernd Schmidt (BSV Weinheim),Bernd Schmidt,BSV Weinheim,BSV Weinheim 5,24
n:boris golic|PBC Ochsenhausen,,Boris Golic (PBC Ochsenhausen),Boris Golic,PBC Ochsenhausen,PBC Ochsenhausen | PBC Ochsenhausen 2,24
n:dennis göricke|Tübinger BC,,Dennis Göricke (Tübinger BC),Dennis Göricke,Tübinger BC,Tübinger BC | Tübinger BC 3,24
p:368841,368841,Diego Meier,Diego Meier,BULL Leonberg-Höfingen,BULL Leonberg-Höfingen 3,24
n:engin dogan|BC Neckarsulm,,Engin Dogan,Engin Dogan,BC Neckarsulm,BC Neckarsulm,24
p:245733,245733,Fabio Li Vigni,Fabio Li Vigni,JS Mingolsheim,JS Mingolsheim 1,24
n:fabio romano|BULL Leonberg-Höfingen,,Fabio Romano (BULL Leonberg-Höfingen),Fabio Romano,BULL Leonberg-Höfingen,BULL Leonberg-Höfingen,24
n:fiorenzo de nuzzo|BV Pforzheim,,Fiorenzo De Nuzzo (BV Pforzheim),Fiorenzo De Nuzzo,BV Pforzheim,BV Pforzheim | BV Pforzheim 2,24
n:florian kurzmann|PF Calw,,Florian Kurzmann,Florian Kurzmann,PF Calw,PF Calw | PF Calw 2,24
n:florian walther|PBC Bruchsal,,Florian Walther (PBC Bruchsal),Florian Walther,PBC Bruchsal,PBC Bruchsal 2 | PBC Bruchsal 3,24
p:103651,103651,Frank Reichert,Frank Reichert,PBC Freudenstadt,PBC Freudenstadt 3 | PBC Freudenstadt 4,24
n:frank vorauer|BBC Plochingen,,Frank Vorauer (BBC Plochingen),Frank Vorauer,BBC Plochingen,BBC Plochingen 2,24
n:franz hof|BULL Leonberg-Höfingen,,Franz Hof,Franz Hof,BULL Leonberg-Höfingen,BULL Leonberg-Höfingen 2,24
n:heiko difflipp|PBC Schwäbisch-Hall,,Heiko Difflipp (PBC Schwäbisch-Hall),Heiko Difflipp,PBC Schwäbisch-Hall,PBC Schwäbisch-Hall,24
p:368257,368257,Ihor Lialin,Ihor Lialin,BSV Tiengen,BSV Tiengen 1 | BSV Tiengen 2,24
n:ismet mehmeti|PBC Bietigheim-Bissingen,,Ismet Mehmeti,Ismet Mehmeti,PBC Bietigheim-Bissingen,PBC Bietigheim-Bissingen,24
p:368100,368100,Jens Clemens,Jens Clemens,BC Aalen,BC Aalen 3,24
n:jens michel|CC Karlsruhe,,Jens Michel,Jens Michel,CC Karlsruhe,CC Karlsruhe 2 | CC Karlsruhe 3,24
n:jeremy nauert|CC Karlsruhe,,Jeremy Nauert,Jeremy Nauert,CC Karlsruhe,CC Karlsruhe 2 | CC Karlsruhe 3,24
p:240290,240290,Jonas Ruff,Jonas Ruff,PBC Schwäbisch Hall,PBC Schwäbisch Hall 2,24
n:jürgen hodrius|Tübinger BC,,Jürgen Hodrius,Jürgen Hodrius,Tübinger BC,Tübinger BC 2,24
n:jürgen wilke|BSC Göppingen,,Jürgen Wilke (BSC Göppingen),Jürgen Wilke,BSC Göppingen,BSC Göppingen 2 | BSC Göppingen 3,24
n:konstantin egle|BSV Filderstadt,,Konstantin Egle (BSV Filderstadt),Konstantin Egle,BSV Filderstadt,BSV Filderstadt 2,24
p:368766,368766,Levend Bas,Levend Bas,BC Weingarten,BC Weingarten 1 | BC Weingarten 2,24
n:luka galic|BSV Filderstadt,,Luka Galic,Luka Galic,BSV Filderstadt,BSV Filderstadt 2,24
n:marco giusa|PBC Bietigheim-Bissingen,,Marco Giusa (PBC Bietigheim-Bissingen),Marco Giusa,PBC Bietigheim-Bissingen,PBC Bietigheim-Bissingen,24
n:markus pfaff|BF Bruchsal,,Markus Pfaff (BF Bruchsal),Markus Pfaff,BF Bruchsal,BF Bruchsal 2 | BF Bruchsal 3,24
n:martin heinrich|PBV Schwetzingen,,Martin Heinrich (PBV Schwetzingen),Martin Heinrich,PBV Schwetzingen,PBV Schwetzingen 3 | PBV Schwetzingen 4,24
n:maxime martin|PBC Offenburg,,Maxime Martin,Maxime Martin,PBC Offenburg,PBC Offenburg 3,24
p:368444,368444,Michael Hetjens,Michael Hetjens,Pool Knights Bensheim,Pool Knights Bensheim 2,24
p:103865,103865,Mike Rüffert,Mike Rüffert,BV Villingen-Schwenningen,BV Villingen-Schwenningen 1,24
p:240293,240293,Niklas Vogel,Niklas Vogel,BULL Leonberg-Höfingen,BULL Leonberg-Höfingen 1,24
n:niklas vogel|BULL Leonberg-Höfingen,,Niklas Vogel (BULL Leonberg-Höfingen),Niklas Vogel,BULL Leonberg-Höfingen,BULL Leonberg-Höfingen,24
n:oliver kother|PBC Bruchsal,,Oliver Kother (PBC Bruchsal),Oliver Kother,PBC Bruchsal,PBC Bruchsal 2,24
p:368763,368763,Peter Arndt Marroquin,Peter Arndt Marroquin,BC Weingarten,BC Weingarten 2,24
n:richard rössler|PP Karlsbad,,Richard Rößler (PP Karlsbad),Richard Rößler,PP Karlsbad,PP Karlsbad 2,24
n:rita neef-bächle|PBC Bräunlingen,,Rita Neef-Bächle,Rita Neef-Bächle,PBC Bräunlingen,PBC Bräunlingen 3 | PBC Bräunlingen 4,24
n:sandra höll|PBC Nagoldtal,,Sandra Höll (PBC Nagoldtal),Sandra Höll,PBC Nagoldtal,PBC Nagoldtal 2,24
n:saskia essig|BULL Leonberg-Höfingen,,Saskia Essig,Saskia Essig,BULL Leonberg-Höfingen,BULL Leonberg-Höfingen 2 | BULL Leonberg-Höfingen 3,24
p:368871,368871,Sebastian Engel,Sebastian Engel,PF Calw,PF Calw 1 | PF Calw 2 | PF Calw 3,24
n:sven schulz|PBC Nagoldtal,,Sven Schulz (PBC Nagoldtal),Sven Schulz,PBC Nagoldtal,PBC Nagoldtal 2 | PBC Nagoldtal 4,24
p:353139,353139,Tamara Grad,Tamara Grad,BSV Pfullingen,BSV Pfullingen 3 | BSV Pfullingen 4,24
n:thimo hugger|PP Karlsbad,,Thimo Hugger (PP Karlsbad),Thimo Hugger,PP Karlsbad,PP Karlsbad 2,24
n:thomas handler|BC Ludwigsburg,,Thomas Handler (BC Ludwigsburg),Thomas Handler,BC Ludwigsburg,BC Ludwigsburg,24
p:101874,101874,Thomas Hetzel,Thomas Hetzel,PBC Sand,PBC Sand 2,24
n:thorsten vohl|BSV Filderstadt,,Thorsten Vohl,Thorsten Vohl,BSV Filderstadt,BSV Filderstadt 3,24
n:tobias reiling|PBDC Kämpfelbach,,Tobias Reiling,Tobias Reiling,PBDC Kämpfelbach,PBDC Kämpfelbach,24
n:tobias walz|PBC Nagoldtal,,Tobias Walz (PBC Nagoldtal),Tobias Walz,PBC Nagoldtal,PBC Nagoldtal | PBC Nagoldtal 3,24
n:tobias wähler|BV Pforzheim,,Tobias Wähler (BV Pforzheim),Tobias Wähler,BV Pforzheim,BV Pforzheim 2 | BV Pforzheim 3 | BV Pforzheim 4,24
n:tom mischner|BC Weingarten,,Tom Mischner (BC Weingarten),Tom Mischner,BC Weingarten,BC Weingarten 3 | BC Weingarten 4,24
p:369104,369104,Vladimir Poplakov,Vladimir Poplakov,BC Sindelfingen,BC Sindelfingen 7 | BC Sindelfingen 8,24
n:volker gutzeit|BBC Plochingen,,Volker Gutzeit (BBC Plochingen),Volker Gutzeit,BBC Plochingen,BBC Plochingen,24
p:369032,369032,Waldemar Müller,Waldemar Müller,JS Mingolsheim,JS Mingolsheim 3 | JS Mingolsheim 4,24
n:achim schmittel|PBC Fr. Lampertheim,,Achim Schmittel (PBC Fr. Lampertheim),Achim Schmittel,PBC Fr. Lampertheim,PBC Fr. Lampertheim | PBC Fr. Lampertheim 2 | PBC Fr. Lampertheim 3,23
n:alexander lahnert|BSC Mannheim,,Alexander Lahnert,Alexander Lahnert,BSC Mannheim,BSC Mannheim | BSC Mannheim 2,23
p:368698,368698,Alexander Seil,Alexander Seil,BC Stuttgart 1891,BC Stuttgart 1891 3 | BC Stuttgart 1891 4,23
p:228690,228690,Andreas Dirlewanger,Andreas Dirlewanger,PBC Bad Saulgau,PBC Bad Saulgau 3,23
n:daniel nieter|TV Cannstatt,,Daniel Nieter (TV Cannstatt),Daniel Nieter,TV Cannstatt,TV Cannstatt 2 | TV Cannstatt 3,23
n:eberhard sauter|PBC Freudenstadt,,Eberhard Sauter (PBC Freudenstadt),Eberhard Sauter,PBC Freudenstadt,PBC Freudenstadt,23
p:368771,368771,Florian Krieg,Florian Krieg,BC Sindelfingen,BC Sindelfingen 7,23
n:frank stöckel|Poolsharks Bruchsal,,Frank Stöckel,Frank Stöckel,Poolsharks Bruchsal,Poolsharks Bruchsal 2,23
p:102460,102460,Gerhard Koch,Gerhard Koch,TV Cannstatt,TV Cannstatt 2 | TV Cannstatt 4,23
n:habib karadal|BV Pforzheim,,Habib Karadal (BV Pforzheim),Habib Karadal,BV Pforzheim,BV Pforzheim | BV Pforzheim 2,23
n:harald fleck|PBC Bruchsal,,Harald Fleck,Harald Fleck,PBC Bruchsal,PBC Bruchsal,23
p:367831,367831,Hugo Uhrig,Hugo Uhrig,Mannheimer BF,Mannheimer BF 5,23
p:368185,368185,Ibrahim Alaani,Ibrahim Alaani,BC Dallau,BC Dallau 3,23
n:jan stauber|BSV Pfullingen,,Jan Stauber,Jan Stauber,BSV Pfullingen,BSV Pfullingen 2,23
p:367991,367991,Jennifer Bianca Metz,Jennifer Bianca Metz,BC Weingarten,BC Weingarten 1,23
n:jens schnaidt|PP Böblingen,,Jens  Schnaidt,Jens  Schnaidt,PP Böblingen,PP Böblingen 2,23
p:355161,355161,Klaus Hirthe,Klaus Hirthe,PBC Ochsenhausen,PBC Ochsenhausen 1 | PBC Ochsenhausen 2 | PBC Ochsenhausen 3,23
p:368659,368659,Lukas Marx,Lukas Marx,BC Sindelfingen | BULL Leonberg-Höfingen,BC Sindelfingen 6 | BULL Leonberg-Höfingen 2,23
p:230448,230448,Marco Schmitt,Marco Schmitt,Mannheimer BF,Mannheimer BF 1 | Mannheimer BF 3,23
p:143960,143960,Markus Graml,Markus Graml,PBC Langenargen,PBC Langenargen 1 | PBC Langenargen 2,23
n:martin wistuba|BSV Pfullingen,,Martin Wistuba (BSV Pfullingen),Martin Wistuba,BSV Pfullingen,BSV Pfullingen 4,23
n:nicolas bernhardt|PBC Fr. Lampertheim,,Nicolas Bernhardt,Nicolas Bernhardt,PBC Fr. Lampertheim,PBC Fr. Lampertheim 3,23
p:103864,103864,Peter Rueff,Peter Rueff,BC Stuttgart 1891,BC Stuttgart 1891 2 | BC Stuttgart 1891 3,23
n:rudolf schulz|PBV Schwetzingen,,Rudolf Schulz (PBV Schwetzingen),Rudolf Schulz,PBV Schwetzingen,PBV Schwetzingen 3 | PBV Schwetzingen 4,23
p:240517,240517,Sebastian Roßberg,Sebastian Roßberg,BC Dätzingen,BC Dätzingen 1 | BC Dätzingen 2 | BC Dätzingen 3,23
n:sergej meiser|PBC Reutlingen,,Sergej Meiser,Sergej Meiser,PBC Reutlingen,PBC Reutlingen 2,23
p:100362,100362,Sonja Bieser,Sonja Bieser,PBC Offenburg,PBC Offenburg 3 | PBC Offenburg 4 | PBC Offenburg 5,23
p:369089,369089,Sven Dastig,Sven Dastig,PBC Bietigheim-Bissingen,PBC Bietigheim-Bissingen 1 | PBC Bietigheim-Bissingen 2,23
p:369061,369061,Thorsten Löffler,Thorsten Löffler,BC Dreiländereck,BC Dreiländereck 1,23
p:102317,102317,Tobias Kessler,Tobias Kessler,BULL Leonberg-Höfingen,BULL Leonberg-Höfingen 1,23
p:368961,368961,Tobias Sven Stockenberger,Tobias Sven Stockenberger,BF Bruchsal,BF Bruchsal 2,23
p:103725,103725,Walter Riebeling,Walter Riebeling,PBC Sand,PBC Sand 2,23
p:354395,354395,Wilfried Scheibel,Wilfried Scheibel,BV Markdorf,BV Markdorf 3,23
p:251970,251970,Yves Jordan,Yves Jordan,BSC Göppingen,BSC Göppingen 2 | BSC Göppingen 3,23
n:alexander haass|BC Dallau,,Alexander Haass (BC Dallau),Alexander Haass,BC Dallau,BC Dallau,22
n:andreas augustin|BC Aalen,,Andreas Augustin (BC Aalen),Andreas Augustin,BC Aalen,BC Aalen 2,22
n:benjamin eiberger|BC Breakers Knittlingen,,Benjamin Eiberger (BC Breakers Knittlingen),Benjamin Eiberger,BC Breakers Knittlingen,BC Breakers Knittlingen,22
n:bernd füess|BC Sindelfingen,,Bernd Füess (BC Sindelfingen),Bernd Füess,BC Sindelfingen,BC Sindelfingen 2 | BC Sindelfingen 3,22
n:berthold moser|PBC Bräunlingen,,Berthold Moser (PBC Bräunlingen),Berthold Moser,PBC Bräunlingen,PBC Bräunlingen | PBC Bräunlingen 2,22
n:bianca duttlinger|BSV Tiengen,,Bianca Duttlinger (BSV Tiengen),Bianca Duttlinger,BSV Tiengen,BSV Tiengen 3,22
n:brian biercher|BSC Waldshut,,Brian Biercher (BSC Waldshut),Brian Biercher,BSC Waldshut,BSC Waldshut,22
n:bruno miletic|BC Dreiländereck,,Bruno Miletic (BC Dreiländereck),Bruno Miletic,BC Dreiländereck,BC Dreiländereck,22
n:carlo hartmann|BSG Albstadt,,Carlo Hartmann (BSG Albstadt),Carlo Hartmann,BSG Albstadt,BSG Albstadt,22
n:carmen seifert|PBC Fr. Lampertheim,,Carmen Seifert (PBC Fr. Lampertheim),Carmen Seifert,PBC Fr. Lampertheim,PBC Fr. Lampertheim,22
p:369039,369039,Carsten Kalitz,Carsten Kalitz,BF Bruchsal,BF Bruchsal 2 | BF Bruchsal 3,22
p:253049,253049,Christina Hirschfeld,Christina Hirschfeld,CC Karlsruhe,CC Karlsruhe 3 | CC Karlsruhe 5,22
n:christoph kugel|BSV Weinheim,,Christoph Kugel,Christoph Kugel,BSV Weinheim,BSV Weinheim,22
n:daniel montfort|P&S Denzlingen,,Daniel Montfort (P&S Denzlingen),Daniel Montfort,P&S Denzlingen,P&S Denzlingen 3,22
n:daniel zmalec|PBC Bietigheim-Bissingen,,Daniel Zmalec (PBC Bietigheim-Bissingen),Daniel Zmalec,PBC Bietigheim-Bissingen,PBC Bietigheim-Bissingen | PBC Bietigheim-Bissingen 2,22
n:desiree humblot|BSC Göppingen,,Desiree Humblot,Desiree Humblot,BSC Göppingen,BSC Göppingen 3,22
n:dominic pfisterer|PBV Schwetzingen,,Dominic Pfisterer,Dominic Pfisterer,PBV Schwetzingen,PBV Schwetzingen 5,22
n:dominik fessner|Poolsharks Bruchsal,,Dominik Fessner,Dominik Fessner,Poolsharks Bruchsal,Poolsharks Bruchsal,22
p:368779,368779,Fabian Klausmann,Fabian Klausmann,BF Bruchsal,BF Bruchsal 3,22
n:franco stano|PBC Waldbronn-Karlsbad,,Franco Stano (PBC Waldbronn-Karlsbad),Franco Stano,PBC Waldbronn-Karlsbad,PBC Waldbronn-Karlsbad,22
n:frank blaser|PBC Waghäusel,,Frank Blaser,Frank Blaser,PBC Waghäusel,PBC Waghäusel 2 | PBC Waghäusel 3 | PBC Waghäusel 4,22
p:368761,368761,Frank Vollath,Frank Vollath,TV Cannstatt,TV Cannstatt 2 | TV Cannstatt 3 | TV Cannstatt 4,22
n:frank weiss|BBC Plochingen,,Frank Weiß (BBC Plochingen),Frank Weiß,BBC Plochingen,BBC Plochingen 2,22
n:georg vujovic|PBC Trossingen,,Georg Vujovic,Georg Vujovic,PBC Trossingen,PBC Trossingen,22
n:gero fähnle|BSV Nürtingen,,Gero Fähnle (BSV Nürtingen),Gero Fähnle,BSV Nürtingen,BSV Nürtingen 2,22
p:102051,102051,Hajredin Idrizi,Hajredin Idrizi,PBC Pfedelbach,PBC Pfedelbach 1,22
n:heiko rawiel|PBV Schwetzingen,,Heiko Rawiel,Heiko Rawiel,PBV Schwetzingen,PBV Schwetzingen 4,22
n:heinz obergfell|PBC Trossingen,,Heinz Obergfell,Heinz Obergfell,PBC Trossingen,PBC Trossingen | PBC Trossingen 2,22
n:henning wilkner|BBV Mannheim,,Henning Wilkner (BBV Mannheim),Henning Wilkner,BBV Mannheim,BBV Mannheim,22
n:hikmet yüksel|PBSV Südbaden,,Hikmet Yüksel (PBSV Südbaden),Hikmet Yüksel,PBSV Südbaden,PBSV Südbaden,22
n:ibrahim uzun|Heidenheimer BC,,Ibrahim Uzun (Heidenheimer BC),Ibrahim Uzun,Heidenheimer BC,Heidenheimer BC | Heidenheimer BC 2,22
n:joel nothstein|BV Villingen-Schwenningen,,Joel Nothstein,Joel Nothstein,BV Villingen-Schwenningen,BV Villingen-Schwenningen,22
p:244905,244905,Johannes Müller,Johannes Müller,P&S Denzlingen,P&S Denzlingen 2 | P&S Denzlingen 3,22
p:356030,356030,Johannes Seith,Johannes Seith,CC Karlsruhe,CC Karlsruhe 2 | CC Karlsruhe 3,22
n:jonas entenmann|Tübinger BC,,Jonas Entenmann (Tübinger BC),Jonas Entenmann,Tübinger BC,Tübinger BC | Tübinger BC 3,22
n:jürgen baumgärtner|BC Aalen,,Jürgen Baumgärtner (BC Aalen),Jürgen Baumgärtner,BC Aalen,BC Aalen | BC Aalen 2,22
n:jürgen häfner|BSV Filderstadt,,Jürgen Häfner,Jürgen Häfner,BSV Filderstadt,BSV Filderstadt 2 | BSV Filderstadt 3,22
n:kai kiss|BSV Tiengen,,Kai Kiss (BSV Tiengen),Kai Kiss,BSV Tiengen,BSV Tiengen 3,22
n:kevin bergwitz|BBV Mannheim,,Kevin Bergwitz,Kevin Bergwitz,BBV Mannheim,BBV Mannheim 3,22
p:368969,368969,Klaus Mülbert,Klaus Mülbert,PBV Schwetzingen,PBV Schwetzingen 7 | PBV Schwetzingen 8,22
n:klaus zobrekis|BSV Weinheim,,Klaus Zobrekis (BSV Weinheim),Klaus Zobrekis,BSV Weinheim,BSV Weinheim,22
p:230942,230942,Lisa Knost,Lisa Knost,BSF Kurpfalz,BSF Kurpfalz 2 | BSF Kurpfalz 3,22
n:lothar schwarz|BSC St. Georgen,,Lothar Schwarz,Lothar Schwarz,BSC St. Georgen,BSC St. Georgen,22
n:luciano abruzzese|BV Markdorf,,Luciano Abruzzese (BV Markdorf),Luciano Abruzzese,BV Markdorf,BV Markdorf,22
n:manuel klappstein|Fast Breakers Karlsruhe,,Manuel Klappstein (Fast Breakers Karlsruhe),Manuel Klappstein,Fast Breakers Karlsruhe,Fast Breakers Karlsruhe,22
n:manuel kunze|BC Dreiländereck,,Manuel Kunze,Manuel Kunze,BC Dreiländereck,BC Dreiländereck 2,22
p:248413,248413,Manuel Letzel,Manuel Letzel,PBV Schwetzingen,PBV Schwetzingen 3,22
n:manuel thamm|BV Pforzheim,,Manuel Thamm (BV Pforzheim),Manuel Thamm,BV Pforzheim,BV Pforzheim 2 | BV Pforzheim 3 | BV Pforzheim 4,22
n:marc-andre barisch|TV Cannstatt,,Marc-Andre Barisch (TV Cannstatt),Marc-Andre Barisch,TV Cannstatt,TV Cannstatt | TV Cannstatt 2,22
n:marcel rossow|BBV Mannheim,,Marcel Rossow (BBV Mannheim),Marcel Rossow,BBV Mannheim,BBV Mannheim,22
p:368874,368874,Marcus Winter,Marcus Winter,Pool Knights Bensheim,Pool Knights Bensheim 2 | Pool Knights Bensheim 3,22
p:100570,100570,Markus Buck,Markus Buck,BSC Göppingen,BSC Göppingen 1 | BSC Göppingen 2,22
n:markus schulz|BC Dallau,,Markus Schulz,Markus Schulz,BC Dallau,BC Dallau,22
n:martin kloos|BF Bronnen,,Martin Kloos,Martin Kloos,BF Bronnen,BF Bronnen | BF Bronnen 2,22
p:369028,369028,Matthias Adler,Matthias Adler,PBC Offenburg,PBC Offenburg 3 | PBC Offenburg 4,22
p:252972,252972,Mergim Zekaj,Mergim Zekaj,PBC Pfedelbach,PBC Pfedelbach 1 | PBC Pfedelbach 2,22
p:368281,368281,Michael Czeringer,Michael Czeringer,BC Feuersee,BC Feuersee 5 | BC Feuersee 6,22
p:101443,101443,Michael Götz,Michael Götz,PBC Fr. Lampertheim,PBC Fr. Lampertheim 1,22
n:michael hemminger|BSV Nürtingen,,Michael Hemminger,Michael Hemminger,BSV Nürtingen,BSV Nürtingen,22
n:mike dörfler|PBSV Südbaden,,Mike Dörfler (PBSV Südbaden),Mike Dörfler,PBSV Südbaden,PBSV Südbaden,22
p:242784,242784,Mustafa Basaran,Mustafa Basaran,BSV Filderstadt,BSV Filderstadt 2 | BSV Filderstadt 4,22
n:mustafa benk|PBC Bietigheim-Bissingen,,Mustafa Benk (PBC Bietigheim-Bissingen),Mustafa Benk,PBC Bietigheim-Bissingen,PBC Bietigheim-Bissingen,22
p:368530,368530,Oliver Macco,Oliver Macco,JS Mingolsheim,JS Mingolsheim 3 | JS Mingolsheim 4,22
n:pedro lazaro|PBC Waldbronn-Karlsbad,,Pedro Lazaro (PBC Waldbronn-Karlsbad),Pedro Lazaro,PBC Waldbronn-Karlsbad,PBC Waldbronn-Karlsbad 3,22
n:peter dörfler|PBSV Südbaden,,Peter Dörfler,Peter Dörfler,PBSV Südbaden,PBSV Südbaden,22
n:petra sannwald|BC Ludwigsburg,,Petra Sannwald (BC Ludwigsburg),Petra Sannwald,BC Ludwigsburg,BC Ludwigsburg,22
n:rainer heilmann|BSC Waldshut,,Rainer Heilmann (BSC Waldshut),Rainer Heilmann,BSC Waldshut,BSC Waldshut,22
n:ralf lederer|BSV Filderstadt,,Ralf Lederer,Ralf Lederer,BSV Filderstadt,BSV Filderstadt 3,22
n:richard gromann|PBC Bräunlingen,,Richard Gromann,Richard Gromann,PBC Bräunlingen,PBC Bräunlingen 2,22
n:richard hartmann|PBC Sand,,Richard Hartmann (PBC Sand),Richard Hartmann,PBC Sand,PBC Sand | PBC Sand 2,22
n:robin eisele|BSV Tiengen,,Robin Eisele (BSV Tiengen),Robin Eisele,BSV Tiengen,BSV Tiengen 3,22
n:roland knecht|BF Bruchsal,,Roland Knecht (BF Bruchsal),Roland Knecht,BF Bruchsal,BF Bruchsal 2 | BF Bruchsal 3,22
n:rolf mangelsdorf|BSV Tiengen,,Rolf Mangelsdorf (BSV Tiengen),Rolf Mangelsdorf,BSV Tiengen,BSV Tiengen 3,22
n:ronny frank|BSC Waldshut,,Ronny Frank (BSC Waldshut),Ronny Frank,BSC Waldshut,BSC Waldshut,22
n:sam wetzel|BC Weingarten,,Sam Wetzel,Sam Wetzel,BC Weingarten,BC Weingarten,22
n:sebastian albrecht|BC Neckarsulm,,Sebastian Albrecht (BC Neckarsulm),Sebastian Albrecht,BC Neckarsulm,BC Neckarsulm,22
p:368137,368137,Semsettin Özkan,Semsettin Özkan,BC Feuersee,BC Feuersee 5 | BC Feuersee 6,22
p:102549,102549,Sergej Kovalev,Sergej Kovalev,BV Pforzheim,BV Pforzheim 3,22
n:simon kemmerling|PBC Bräunlingen,,Simon Kemmerling (PBC Bräunlingen),Simon Kemmerling,PBC Bräunlingen,PBC Bräunlingen 2 | PBC Bräunlingen 3 | PBC Bräunlingen 4,22
p:368206,368206,Stephan Mahler,Stephan Mahler,BC Aalen,BC Aalen 3,22
n:thomas dieckmann|Tübinger BC,,Thomas Dieckmann (Tübinger BC),Thomas Dieckmann,Tübinger BC,Tübinger BC | Tübinger BC 2 | Tübinger BC 3,22
n:thomas hodrius|Tübinger BC,,Thomas Hodrius (Tübinger BC),Thomas Hodrius,Tübinger BC,Tübinger BC 2,22
n:thomas mänz|BSV Nürtingen,,Thomas Mänz (BSV Nürtingen),Thomas Mänz,BSV Nürtingen,BSV Nürtingen 2,22
p:103881,103881,Thomas Russow,Thomas Russow,BF Weinheim-Viernheim,BF Weinheim-Viernheim 2,22
n:timo weis|BC Dreiländereck,,Timo Weis,Timo Weis,BC Dreiländereck,BC Dreiländereck | BC Dreiländereck 2,22
n:tobias kessler|PP Karlsbad,,Tobias Kessler (PP Karlsbad),Tobias Kessler,PP Karlsbad,PP Karlsbad 3,22
n:tobias lesniak|BSC St. Georgen,,Tobias Lesniak (BSC St. Georgen),Tobias Lesniak,BSC St. Georgen,BSC St. Georgen,22
p:102972,102972,Ulrich Märkle,Ulrich Märkle,Tübinger BC,Tübinger BC 2,22
p:102954,102954,Uwe Mann,Uwe Mann,PBC Rastatt,PBC Rastatt 1 | PBC Rastatt 2,22
n:valentin marten|BC Neckarsulm,,Valentin Marten (BC Neckarsulm),Valentin Marten,BC Neckarsulm,BC Neckarsulm 2 | BC Neckarsulm 3,22
n:xhemajil ibrahimi|PBC Freudenstadt,,Xhemajil Ibrahimi (PBC Freudenstadt),Xhemajil Ibrahimi,PBC Freudenstadt,PBC Freudenstadt,22
p:368367,368367,Bernd Sehner,Bernd Sehner,PBC Nagoldtal,PBC Nagoldtal 2 | PBC Nagoldtal 3,21
p:100137,100137,Bernhard Back,Bernhard Back,PBC Offenburg,PBC Offenburg 3 | PBC Offenburg 4 | PBC Offenburg 5,21
p:368972,368972,Bessim Bessim Oglou,Bessim Bessim Oglou,BC Aalen,BC Aalen 2 | BC Aalen 3,21
p:242818,242818,Bianca Duttlinger,Bianca Duttlinger,BSV Tiengen,BSV Tiengen 3,21
p:369007,369007,Christian Herre,Christian Herre,PBC Rastatt,PBC Rastatt 3,21
n:christian kraut|CC Karlsruhe,,Christian Kraut,Christian Kraut,CC Karlsruhe,CC Karlsruhe 2 | CC Karlsruhe 3,21
n:christian orosz|BSV Pfullingen,,Christian Orosz (BSV Pfullingen),Christian Orosz,BSV Pfullingen,BSV Pfullingen 4 | BSV Pfullingen 5,21
p:368954,368954,Dirk Bastian,Dirk Bastian,BSV Filderstadt,BSV Filderstadt 3,21
p:368116,368116,Ervin Lika,Ervin Lika,BSV Filderstadt,BSV Filderstadt 4 | BSV Filderstadt 5,21
n:garry wong|PBC Schwäbisch Gmünd,,Garry Wong (PBC Schwäbisch Gmünd),Garry Wong,PBC Schwäbisch Gmünd,PBC Schwäbisch Gmünd,21
n:irina killian|BBV Mannheim,,Irina Killian (BBV Mannheim),Irina Killian,BBV Mannheim,BBV Mannheim 4 | BBV Mannheim 5,21
p:101087,101087,Kevin Fassa,Kevin Fassa,BC Dallau,BC Dallau 1,21
p:103889,103889,Luigi Sabia,Luigi Sabia,PBC Bad Saulgau,PBC Bad Saulgau 1,21
p:368580,368580,Oliver Eisele,Oliver Eisele,PBC Langenargen,PBC Langenargen 1 | PBC Langenargen 2,21
p:103876,103876,Peter Rupprecht,Peter Rupprecht,PBC Waghäusel,PBC Waghäusel 4,21
n:priska schiera|PBC Bruchsal,,Priska Schiera,Priska Schiera,PBC Bruchsal,PBC Bruchsal 2,21
n:rainer habelt|TV Cannstatt,,Rainer Habelt (TV Cannstatt),Rainer Habelt,TV Cannstatt,TV Cannstatt | TV Cannstatt 2,21
n:richard cornely|PBV Schwetzingen,,Richard Cornely (PBV Schwetzingen),Richard Cornely,PBV Schwetzingen,PBV Schwetzingen 4,21
p:244987,244987,Robin Kümmerle,Robin Kümmerle,BSV Filderstadt,BSV Filderstadt 4 | BSV Filderstadt 5,21
p:369060,369060,Ronny Gabriel,Ronny Gabriel,BC Dreiländereck,BC Dreiländereck 1,21
n:sabine hort|BC Breakers Knittlingen,,Sabine Hort (BC Breakers Knittlingen),Sabine Hort,BC Breakers Knittlingen,BC Breakers Knittlingen,21
p:240108,240108,Sebastian Czaja,Sebastian Czaja,BSV Filderstadt | PBC Reutlingen,BSV Filderstadt 5 | BSV Filderstadt 6 | PBC Reutlingen 2 | PBC Reutlingen 3,21
p:368960,368960,Tien Dat Le,Tien Dat Le,BC Stuttgart 1891,BC Stuttgart 1891 3 | BC Stuttgart 1891 4,21
p:368762,368762,Tien Dat Ngo,Tien Dat Ngo,BC Weingarten,BC Weingarten 1 | BC Weingarten 2,21
p:123384,123384,Tolga Yasmut,Tolga Yasmut,BC Sindelfingen,BC Sindelfingen 3 | BC Sindelfingen 4 | BC Sindelfingen 5,21
n:veljko andrasic|BSC St. Georgen,,Veljko Andrasic,Veljko Andrasic,BSC St. Georgen,BSC St. Georgen,21
n:ahmad ayshe|BC Feuersee Leonberg,,Ahmad Ayshe (BC Feuersee Leonberg),Ahmad Ayshe,BC Feuersee Leonberg,BC Feuersee Leonberg,20
n:alexander bitschinski|BC Dallau,,Alexander Bitschinski,Alexander Bitschinski,BC Dallau,BC Dallau 4,20
n:ali cetin|PBC Ochsenhausen,,Ali Cetin (PBC Ochsenhausen),Ali Cetin,PBC Ochsenhausen,PBC Ochsenhausen,20
n:anastasios kiriakidis|BC Aalen,,Anastasios Kiriakidis (BC Aalen),Anastasios Kiriakidis,BC Aalen,BC Aalen,20
p:104756,104756,Andreas Vetter,Andreas Vetter,CC Karlsruhe,CC Karlsruhe 2 | CC Karlsruhe 3 | CC Karlsruhe 5,20
n:aristidis michailidis|BA Nürtingen,,Aristidis Michailidis (BA Nürtingen),Aristidis Michailidis,BA Nürtingen,BA Nürtingen,20
n:aryan dayyani|PF Calw,,Aryan Dayyani (PF Calw),Aryan Dayyani,PF Calw,PF Calw 2 | PF Calw 3,20
n:benjamin kötz|BC Dallau,,Benjamin Kötz,Benjamin Kötz,BC Dallau,BC Dallau 4,20
p:100640,100640,Birol Caliskan,Birol Caliskan,CC Karlsruhe,CC Karlsruhe 1,20
p:367852,367852,Damir Kucis,Damir Kucis,PBC Bruchsal,PBC Bruchsal 1 | PBC Bruchsal 2,20
p:368502,368502,Daniel Fahrner,Daniel Fahrner,PBC Freudenstadt,PBC Freudenstadt 3,20
n:denis avila garcia|BC Neckarsulm,,Denis Avila Garcia,Denis Avila Garcia,BC Neckarsulm,BC Neckarsulm 4,20
n:dennis wörthmüller|PBV Schwetzingen,,Dennis Wörthmüller (PBV Schwetzingen),Dennis Wörthmüller,PBV Schwetzingen,PBV Schwetzingen 4,20
p:368310,368310,Dirk Dufner,Dirk Dufner,P&S Denzlingen,P&S Denzlingen 3,20
p:368523,368523,Dominic Spar,Dominic Spar,PBC Rastatt,PBC Rastatt 1 | PBC Rastatt 2,20
n:felix fabry|PBC Reutlingen,,Felix Fabry (PBC Reutlingen),Felix Fabry,PBC Reutlingen,PBC Reutlingen 3,20
n:florian martin luz|BSV Pfullingen,,Florian Martin Luz,Florian Martin Luz,BSV Pfullingen,BSV Pfullingen 4,20
n:frank eisele|BSV Filderstadt,,Frank Eisele (BSV Filderstadt),Frank Eisele,BSV Filderstadt,BSV Filderstadt 2,20
p:101152,101152,Frank Flach,Frank Flach,PBC Ochsenhausen,PBC Ochsenhausen 1 | PBC Ochsenhausen 2,20
n:frank nitsche|CC Karlsruhe,,Frank Nitsche (CC Karlsruhe),Frank Nitsche,CC Karlsruhe,CC Karlsruhe | CC Karlsruhe 2,20
p:368837,368837,Frederik Nyberg,Frederik Nyberg,PBC Langenargen,PBC Langenargen 2,20
p:368211,368211,Gerd Friedl,Gerd Friedl,BSC Göppingen | PBC Aalen,BSC Göppingen 3 | PBC Aalen 1 | PBC Aalen 2,20
n:gerold konnerth|BSC Göppingen,,Gerold Konnerth (BSC Göppingen),Gerold Konnerth,BSC Göppingen,BSC Göppingen | BSC Göppingen 2 | BSC Göppingen 3,20
n:giuseppe mirarchi-molinari|PBC Schwäbisch Hall,,Giuseppe Mirarchi-Molinari (PBC Schwäbisch Hall),Giuseppe Mirarchi-Molinari,PBC Schwäbisch Hall,PBC Schwäbisch Hall 2,20
n:harald wagner|BC Crailsheim,,Harald Wagner,Harald Wagner,BC Crailsheim,BC Crailsheim,20
p:102685,102685,Hayrettin Kurtoglu,Hayrettin Kurtoglu,BC Aalen,BC Aalen 2 | BC Aalen 3,20
n:jan weber|BSG Albstadt,,Jan Weber (BSG Albstadt),Jan Weber,BSG Albstadt,BSG Albstadt,20
n:jens matzel|BSV Weinheim,,Jens Matzel,Jens Matzel,BSV Weinheim,BSV Weinheim 3,20
p:101182,101182,Joannis Fountoukas,Joannis Fountoukas,PBC Bruchsal,PBC Bruchsal 1 | PBC Bruchsal 2,20
p:369120,369120,Jonas Müller,Jonas Müller,PBC Offenburg,PBC Offenburg 5,20
n:jürgen schroff|Jump Shot Mingolsheim,,Jürgen Schroff (Jump Shot Mingolsheim),Jürgen Schroff,Jump Shot Mingolsheim,Jump Shot Mingolsheim,20
n:kevin baumgartner|Poolsharks Bruchsal,,Kevin Baumgartner,Kevin Baumgartner,Poolsharks Bruchsal,Poolsharks Bruchsal,20
n:klaus fischer|BSV Filderstadt,,Klaus Fischer (BSV Filderstadt),Klaus Fischer,BSV Filderstadt,BSV Filderstadt 4,20
p:368769,368769,Kristijan Skokic,Kristijan Skokic,BC Feuersee | BULL Leonberg-Höfingen,BC Feuersee 1 | BULL Leonberg-Höfingen 2,20
p:104595,104595,Manuel Thamm,Manuel Thamm,BV Pforzheim,BV Pforzheim 1 | BV Pforzheim 2,20
n:marcus reber|BULL Leonberg-Höfingen,,Marcus Reber (BULL Leonberg-Höfingen),Marcus Reber,BULL Leonberg-Höfingen,BULL Leonberg-Höfingen 2 | BULL Leonberg-Höfingen 3,20
n:marko stapel|BV Villingen-Schwenningen,,Marko Stapel (BV Villingen-Schwenningen),Marko Stapel,BV Villingen-Schwenningen,BV Villingen-Schwenningen | BV Villingen-Schwenningen 2,20
n:markus könig|BSV Filderstadt,,Markus König (BSV Filderstadt),Markus König,BSV Filderstadt,BSV Filderstadt 3,20
n:markus wetzel|BC Dallau,,Markus Wetzel (BC Dallau),Markus Wetzel,BC Dallau,BC Dallau 3,20
n:martin brunsch|BC Sindelfingen,,Martin Brunsch (BC Sindelfingen),Martin Brunsch,BC Sindelfingen,BC Sindelfingen 2 | BC Sindelfingen 5,20
p:248623,248623,Marvin Diedrich,Marvin Diedrich,PBC Sand,PBC Sand 2,20
p:102729,102729,Mathias Laskus,Mathias Laskus,PBV Rottweil,PBV Rottweil 2,20
p:369072,369072,Matthias Bader,Matthias Bader,BSV Shooters Fellbach | TV Cannstatt,BSV Shooters Fellbach 2 | TV Cannstatt 3,20
n:matthias hardtke|BC Aalen,,Matthias Hardtke (BC Aalen),Matthias Hardtke,BC Aalen,BC Aalen,20
n:maurizio giannachi|PBC Fr. Lampertheim,,Maurizio Giannachi (PBC Fr. Lampertheim),Maurizio Giannachi,PBC Fr. Lampertheim,PBC Fr. Lampertheim 3,20
p:100212,100212,Michael Bauer,Michael Bauer,PBV Rottweil,PBV Rottweil 2,20
p:368822,368822,Michael Maihöfer,Michael Maihöfer,Tübinger BC,Tübinger BC | Tübinger BC 2 | Tübinger BC 3,20
n:michael schneider|PBC Waldbronn-Karlsbad,,Michael Schneider (PBC Waldbronn-Karlsbad),Michael Schneider,PBC Waldbronn-Karlsbad,PBC Waldbronn-Karlsbad 3,20
n:michael schneider|PP Karlsbad,,Michael Schneider (PP Karlsbad),Michael Schneider,PP Karlsbad,PP Karlsbad 3,20
p:102746,102746,Michelangelo Laurano,Michelangelo Laurano,PBC Bad Saulgau,PBC Bad Saulgau 1,20
n:mike dörfler|BC Dreiländereck,,Mike Dörfler (BC Dreiländereck),Mike Dörfler,BC Dreiländereck,BC Dreiländereck | BC Dreiländereck 2,20
p:368692,368692,Mirjan Hidri,Mirjan Hidri,PBC Freudenstadt,PBC Freudenstadt 2 | PBC Freudenstadt 3,20
n:nico zacharowski|Fastbreakers Karlsruhe,,Nico Zacharowski (Fastbreakers Karlsruhe),Nico Zacharowski,Fastbreakers Karlsruhe,Fastbreakers Karlsruhe,20
p:369018,369018,Niklas Schilling,Niklas Schilling,PBV Schwetzingen,PBV Schwetzingen 7,20
n:norbert hell|BSV Nürtingen,,Norbert Hell (BSV Nürtingen),Norbert Hell,BSV Nürtingen,BSV Nürtingen 2,20
n:oezer bulunmaz|PBC Waldbronn-Karlsbad,,Oezer Bulunmaz (PBC Waldbronn-Karlsbad),Oezer Bulunmaz,PBC Waldbronn-Karlsbad,PBC Waldbronn-Karlsbad,20
n:osman büyük|BA Nürtingen,,Osman Büyük (BA Nürtingen),Osman Büyük,BA Nürtingen,BA Nürtingen,20
n:patricia kaffesi|PBC Freudenstadt,,Patricia Kaffesi (PBC Freudenstadt),Patricia Kaffesi,PBC Freudenstadt,PBC Freudenstadt 2 | PBC Freudenstadt 4,20
n:patrick schuhmacher|PBV Schwetzingen,,Patrick Schuhmacher,Patrick Schuhmacher,PBV Schwetzingen,PBV Schwetzingen 5,20
n:peter tulner|BSC Mannheim,,Peter Tulner,Peter Tulner,BSC Mannheim,BSC Mannheim,20
p:103814,103814,Phillip Rosenkranz,Phillip Rosenkranz,PBC Bräunlingen,PBC Bräunlingen 1,20
n:phillip rosenkranz|PBC Bräunlingen,,Phillip Rosenkranz (PBC Bräunlingen),Phillip Rosenkranz,PBC Bräunlingen,PBC Bräunlingen,20
n:rene geier|Fastbreakers Karlsruhe,,Rene Geier (Fastbreakers Karlsruhe),Rene Geier,Fastbreakers Karlsruhe,Fastbreakers Karlsruhe,20
p:368585,368585,Richard Diopa,Richard Diopa,BC Feuersee,BC Feuersee 3 | BC Feuersee 4 | BC Feuersee 5,20
n:robert karaica|BC Aalen,,Robert Karaica (BC Aalen),Robert Karaica,BC Aalen,BC Aalen,20
p:369070,369070,Robert Pinczker,Robert Pinczker,TV Cannstatt,TV Cannstatt 4,20
p:368498,368498,Roberto Savcic,Roberto Savcic,BC Sindelfingen,BC Sindelfingen 8,20
n:roland sauter|PBC Bräunlingen,,Roland Sauter (PBC Bräunlingen),Roland Sauter,PBC Bräunlingen,PBC Bräunlingen,20
p:101972,101972,Roman Holzhauser,Roman Holzhauser,PBC Sand,PBC Sand 1 | PBC Sand 2,20
p:369031,369031,Rudolf Rolsin,Rudolf Rolsin,JS Mingolsheim,JS Mingolsheim 3 | JS Mingolsheim 4,20
n:rüdiger theis|PBC Reutlingen,,Rüdiger Theis (PBC Reutlingen),Rüdiger Theis,PBC Reutlingen,PBC Reutlingen 2 | PBC Reutlingen 3,20
n:salvatore noto|PP Karlsbad,,Salvatore Noto (PP Karlsbad),Salvatore Noto,PP Karlsbad,PP Karlsbad,20
p:368442,368442,Sandra Lutz,Sandra Lutz,PBC Rastatt,PBC Rastatt 2 | PBC Rastatt 4,20
p:369085,369085,Sascha Baltschukat,Sascha Baltschukat,CC Karlsruhe,CC Karlsruhe 4 | CC Karlsruhe 5,20
n:stefan neuberger|BC Neckarsulm,,Stefan Neuberger (BC Neckarsulm),Stefan Neuberger,BC Neckarsulm,BC Neckarsulm 4,20
n:stefan walloch|BC Aalen,,Stefan Walloch,Stefan Walloch,BC Aalen,BC Aalen 2,20
n:thierry kalb|PBC Offenburg,,Thierry Kalb,Thierry Kalb,PBC Offenburg,PBC Offenburg | PBC Offenburg 3,20
p:103239,103239,Thomas Müller,Thomas Müller,PBC Fr. Lampertheim,PBC Fr. Lampertheim 1,20
p:104183,104183,Thomas Schöpfer,Thomas Schöpfer,Tübinger BC,Tübinger BC 1 | Tübinger BC 2,20
n:thomas stoll|BC Sindelfingen,,Thomas Stoll (BC Sindelfingen),Thomas Stoll,BC Sindelfingen,BC Sindelfingen 2 | BC Sindelfingen 4,20
n:tilman beck|BC Crailsheim,,Tilman Beck,Tilman Beck,BC Crailsheim,BC Crailsheim,20
n:tobias hirt|BSG Albstadt,,Tobias Hirt (BSG Albstadt),Tobias Hirt,BSG Albstadt,BSG Albstadt,20
n:tobias wetzel|BC Dallau,,Tobias Wetzel (BC Dallau),Tobias Wetzel,BC Dallau,BC Dallau 3,20
n:toni grieco|PBC Bräunlingen,,Toni Grieco,Toni Grieco,PBC Bräunlingen,PBC Bräunlingen 2,20
p:100718,100718,Uwe Cordes,Uwe Cordes,Tübinger BC,Tübinger BC | Tübinger BC 1,20
n:witalij brendel|BC Crailsheim,,Witalij Brendel,Witalij Brendel,BC Crailsheim,BC Crailsheim,20
n:wolfgang engelhardt|PBV Schwetzingen,,Wolfgang Engelhardt (PBV Schwetzingen),Wolfgang Engelhardt,PBV Schwetzingen,PBV Schwetzingen 4 | PBV Schwetzingen 5,20
n:wolfgang frei|BV Villingen-Schwenningen,,Wolfgang Frei,Wolfgang Frei,BV Villingen-Schwenningen,BV Villingen-Schwenningen,20
n:achim schwab|PBC Waldbronn-Karlsbad,,Achim Schwab (PBC Waldbronn-Karlsbad),Achim Schwab,PBC Waldbronn-Karlsbad,PBC Waldbronn-Karlsbad 4,19
p:368249,368249,Ali Deyhimi,Ali Deyhimi,Tübinger BC,Tübinger BC | Tübinger BC 2,19
n:anita massow|PBC Reutlingen,,Anita Massow (PBC Reutlingen),Anita Massow,PBC Reutlingen,PBC Reutlingen 2,19
n:bernhard sutor|PBC Offenburg,,Bernhard Sutor (PBC Offenburg),Bernhard Sutor,PBC Offenburg,PBC Offenburg 3,19
n:cerem karakaplan|BC Ludwigsburg,,Cerem Karakaplan,Cerem Karakaplan,BC Ludwigsburg,BC Ludwigsburg 2 | BC Ludwigsburg 3,19
n:frank störzer|PBC Freudenstadt,,Frank Störzer,Frank Störzer,PBC Freudenstadt,PBC Freudenstadt 3 | PBC Freudenstadt 4,19
n:goran schwab|BSV Filderstadt,,Goran Schwab,Goran Schwab,BSV Filderstadt,BSV Filderstadt 3,19
n:hakan yaratici|PBC Bräunlingen,,Hakan Yaratici (PBC Bräunlingen),Hakan Yaratici,PBC Bräunlingen,PBC Bräunlingen 2,19
n:jörg heinze|PBC Bruchsal,,Jörg Heinze (PBC Bruchsal),Jörg Heinze,PBC Bruchsal,PBC Bruchsal 2,19
p:369013,369013,Marius-Ionut Baniceru,Marius-Ionut Baniceru,BC Stuttgart 1891,BC Stuttgart 1891 4 | BC Stuttgart 1891 6,19
n:oliver geuder|BSV Weinheim,,Oliver Geuder (BSV Weinheim),Oliver Geuder,BSV Weinheim,BSV Weinheim 4 | BSV Weinheim 5,19
n:ralf ganz|CC Karlsruhe,,Ralf Ganz (CC Karlsruhe),Ralf Ganz,CC Karlsruhe,CC Karlsruhe | CC Karlsruhe 2,19
n:ralf horstmann|BC Sindelfingen,,Ralf Horstmann (BC Sindelfingen),Ralf Horstmann,BC Sindelfingen,BC Sindelfingen 3,19
n:ralf rabold|PBC Waldbronn-Karlsbad,,Ralf Rabold (PBC Waldbronn-Karlsbad),Ralf Rabold,PBC Waldbronn-Karlsbad,PBC Waldbronn-Karlsbad 4,19
n:robin kemter|Jump Shot Mingolsheim,,Robin Kemter,Robin Kemter,Jump Shot Mingolsheim,Jump Shot Mingolsheim | Jump Shot Mingolsheim 3,19
p:249669,249669,Stefan Estenfeld,Stefan Estenfeld,PBC Schwäbisch Hall,PBC Schwäbisch Hall 2,19
n:uwe lang|PBC Offenburg,,Uwe Lang (PBC Offenburg),Uwe Lang,PBC Offenburg,PBC Offenburg,19
p:368651,368651,Adhurim Tafa,Adhurim Tafa,BSC Göppingen,BSC Göppingen 1 | BSC Göppingen 3,18
n:agostino rodrigues|PBC Bruchsal,,Agostino Rodrigues,Agostino Rodrigues,PBC Bruchsal,PBC Bruchsal 2,18
p:243479,243479,Alen Salic,Alen Salic,BBV Mannheim,BBV Mannheim 1,18
n:alexander mack|PBC Schwäbisch Hall,,Alexander Mack (PBC Schwäbisch Hall),Alexander Mack,PBC Schwäbisch Hall,PBC Schwäbisch Hall 2,18
n:andreas blumenthal|BSV Filderstadt,,Andreas Blumenthal,Andreas Blumenthal,BSV Filderstadt,BSV Filderstadt 3,18
n:andreas jörg|BBC Plochingen,,Andreas Jörg (BBC Plochingen),Andreas Jörg,BBC Plochingen,BBC Plochingen,18
n:damir vidovic|PBC Bräunlingen,,Damir Vidovic (PBC Bräunlingen),Damir Vidovic,PBC Bräunlingen,PBC Bräunlingen,18
n:daniel merbitz|BC Stuttgart,,Daniel Merbitz (BC Stuttgart),Daniel Merbitz,BC Stuttgart,BC Stuttgart 1891,18
n:dany baron|TV Cannstatt,,Dany Baron (TV Cannstatt),Dany Baron,TV Cannstatt,TV Cannstatt,18
p:369144,369144,David Birau,David Birau,Mannheimer BF,Mannheimer BF 3,18
p:369112,369112,Dennis Rhein,Dennis Rhein,BC Dallau,BC Dallau 2,18
n:detlef müller|PBDC Kämpfelbach,,Detlef Müller,Detlef Müller,PBDC Kämpfelbach,PBDC Kämpfelbach,18
n:dieter haberkorn|PBC Bad Saulgau,,Dieter Haberkorn (PBC Bad Saulgau),Dieter Haberkorn,PBC Bad Saulgau,PBC Bad Saulgau 3,18
n:dieter habiger|BV Pforzheim,,Dieter Habiger,Dieter Habiger,BV Pforzheim,BV Pforzheim 3 | BV Pforzheim 4,18
n:dominik kasper|Fastbreakers Karlsruhe,,Dominik Kasper (Fastbreakers Karlsruhe),Dominik Kasper,Fastbreakers Karlsruhe,Fastbreakers Karlsruhe,18
n:egon raach|BSG Albstadt,,Egon Raach (BSG Albstadt),Egon Raach,BSG Albstadt,BSG Albstadt | BSG Albstadt 2,18
p:368471,368471,Eugenio Sousa Blanco,Eugenio Sousa Blanco,Pool Knights Bensheim,Pool Knights Bensheim 3,18
n:frank schwenk|BSC Göppingen,,Frank Schwenk (BSC Göppingen),Frank Schwenk,BSC Göppingen,BSC Göppingen 3,18
n:frank vorauer|PBC Nagoldtal,,Frank Vorauer (PBC Nagoldtal),Frank Vorauer,PBC Nagoldtal,PBC Nagoldtal,18
n:freilos|PBSV Südbaden,,Freilos (PBSV Südbaden),Freilos,PBSV Südbaden,PBSV Südbaden,18
n:georgios skempes|PBC Reutlingen,,Georgios Skempes,Georgios Skempes,PBC Reutlingen,PBC Reutlingen,18
n:gerhard koch|TV Cannstatt,,Gerhard Koch (TV Cannstatt),Gerhard Koch,TV Cannstatt,TV Cannstatt 2 | TV Cannstatt 3,18
n:giuseppe curcio|TV Cannstatt,,Giuseppe Curcio (TV Cannstatt),Giuseppe Curcio,TV Cannstatt,TV Cannstatt,18
n:giuseppe dellaquercia|PBC Bietigheim-Bissingen,,Giuseppe Dellaquercia (PBC Bietigheim-Bissingen),Giuseppe Dellaquercia,PBC Bietigheim-Bissingen,PBC Bietigheim-Bissingen | PBC Bietigheim-Bissingen 2 | PBC Bietigheim-Bissingen 4,18
n:hartmut wegner|BSV Weinheim,,Hartmut Wegner (BSV Weinheim),Hartmut Wegner,BSV Weinheim,BSV Weinheim 6,18
p:105147,105147,Hikmet Yüksel,Hikmet Yüksel,BC Dreiländereck,BC Dreiländereck 1 | BC Dreiländereck 2,18
n:igor koba|PP Böblingen,,Igor Koba,Igor Koba,PP Böblingen,PP Böblingen 2,18
n:julian tremmel|BSV Konstanz,,Julian Tremmel (BSV Konstanz),Julian Tremmel,BSV Konstanz,BSV Konstanz | BSV Konstanz 2,18
p:368330,368330,Kalea Hemminger,Kalea Hemminger,BV Pforzheim,BV Pforzheim 3,18
p:369023,369023,Luciano Galman,Luciano Galman,BSC Göppingen,BSC Göppingen 3,18
n:ludwig sandrik|PBV Rottweil,,Ludwig Sandrik (PBV Rottweil),Ludwig Sandrik,PBV Rottweil,PBV Rottweil 2 | PBV Rottweil 3,18
n:manuel kreuz|PP Karlsbad,,Manuel Kreuz (PP Karlsbad),Manuel Kreuz,PP Karlsbad,PP Karlsbad 3,18
p:100665,100665,Marcel Cecotti,Marcel Cecotti,BC Dätzingen,BC Dätzingen 1 | BC Dätzingen 2,18
n:marcus vonderstrass|P&S Denzlingen,,Marcus Vonderstraß,Marcus Vonderstraß,P&S Denzlingen,P&S Denzlingen 3,18
n:marcus wittner|FB Handicap Karlsruhe,,Marcus Wittner (FB Handicap Karlsruhe),Marcus Wittner,FB Handicap Karlsruhe,FB Handicap Karlsruhe,18
p:369015,369015,Marouen Marzouki,Marouen Marzouki,BC Stuttgart 1891,BC Stuttgart 1891 4 | BC Stuttgart 1891 6,18
n:martin burmeister|BC Sindelfingen,,Martin Burmeister (BC Sindelfingen),Martin Burmeister,BC Sindelfingen,BC Sindelfingen 2,18
p:367425,367425,Matthias Höfler,Matthias Höfler,PBC Bräunlingen,PBC Bräunlingen 2,18
p:242716,242716,Matthias Orth,Matthias Orth,BC Dreiländereck,BC Dreiländereck 2,18
n:mehmet kirli|PBC Schwäbisch Gmünd,,Mehmet Kirli (PBC Schwäbisch Gmünd),Mehmet Kirli,PBC Schwäbisch Gmünd,PBC Schwäbisch Gmünd,18
n:michael haag|PBC Nagoldtal,,Michael Haag (PBC Nagoldtal),Michael Haag,PBC Nagoldtal,PBC Nagoldtal 3 | PBC Nagoldtal 4,18
n:michele riccardo colamonaco|Fastbreakers Karlsruhe,,Michele Riccardo Colamonaco,Michele Riccardo Colamonaco,Fastbreakers Karlsruhe,Fastbreakers Karlsruhe 3,18
n:nils stadler|BC Weingarten,,Nils Stadler,Nils Stadler,BC Weingarten,BC Weingarten 3 | BC Weingarten 4,18
n:norbert puwek|BV Villingen-Schwenningen,,Norbert Puwek,Norbert Puwek,BV Villingen-Schwenningen,BV Villingen-Schwenningen,18
n:oliver kandula|PBC Schwäbisch Hall,,Oliver Kandula (PBC Schwäbisch Hall),Oliver Kandula,PBC Schwäbisch Hall,PBC Schwäbisch Hall 2,18
n:peter schmidt|BSV Tiengen,,Peter Schmidt (BSV Tiengen),Peter Schmidt,BSV Tiengen,BSV Tiengen 2 | BSV Tiengen 4,18
p:353295,353295,Rainer Kenzler,Rainer Kenzler,BULL Leonberg-Höfingen,BULL Leonberg-Höfingen 2,18
n:ralph fritz|PBC Waghäusel,,Ralph Fritz,Ralph Fritz,PBC Waghäusel,PBC Waghäusel 3,18
p:368197,368197,Sebastian Hilgarth,Sebastian Hilgarth,PBC Bruchsal,PBC Bruchsal 3,18
p:368571,368571,Simon Stoß,Simon Stoß,Poolsharks Bruchsal,Poolsharks Bruchsal 1,18
n:stefan krüger|PBC Schwäbisch-Hall,,Stefan Krüger (PBC Schwäbisch-Hall),Stefan Krüger,PBC Schwäbisch-Hall,PBC Schwäbisch-Hall,18
n:stefan weiner|PBC Trossingen,,Stefan Weiner (PBC Trossingen),Stefan Weiner,PBC Trossingen,PBC Trossingen,18
n:stephan rau|P&S Denzlingen,,Stephan Rau (P&S Denzlingen),Stephan Rau,P&S Denzlingen,P&S Denzlingen 2,18
n:sven erbrecht|Fastbreakers Karlsruhe,,Sven Erbrecht (Fastbreakers Karlsruhe),Sven Erbrecht,Fastbreakers Karlsruhe,Fastbreakers Karlsruhe,18
p:367119,367119,Thomas Munz,Thomas Munz,BC Neckarsulm,BC Neckarsulm 3,18
n:timo sillner|BC Stuttgart 1891,,Timo Sillner (BC Stuttgart 1891),Timo Sillner,BC Stuttgart 1891,BC Stuttgart 1891 2,18
n:uwe drawert|BSV Pfullingen,,Uwe Drawert,Uwe Drawert,BSV Pfullingen,BSV Pfullingen 4,18
n:uwe lang|BC Dreiländereck,,Uwe Lang (BC Dreiländereck),Uwe Lang,BC Dreiländereck,BC Dreiländereck,18
p:368355,368355,Vincent Wiesehügel,Vincent Wiesehügel,PBC Bruchsal,PBC Bruchsal 4,18
n:volker debus|BC Feuersee Leonberg,,Volker Debus,Volker Debus,BC Feuersee Leonberg,BC Feuersee Leonberg,18
n:woldai wagner|BSV Konstanz,,Woldai Wagner (BSV Konstanz),Woldai Wagner,BSV Konstanz,BSV Konstanz,18
n:yang yu|PBC Reutlingen,,Yang Yu,Yang Yu,PBC Reutlingen,PBC Reutlingen 2,18
p:367921,367921,Alexander Rommel,Alexander Rommel,BSC Göppingen,BSC Göppingen 2 | BSC Göppingen 3,17
p:368011,368011,Alfi Müller,Alfi Müller,BC Feuersee,BC Feuersee 3 | BC Feuersee 4,17
p:368438,368438,Andreas Rapp,Andreas Rapp,BSC Göppingen,BSC Göppingen 1 | BSC Göppingen 3,17
n:axel förderer|Poolsharks Bruchsal,,Axel Förderer,Axel Förderer,Poolsharks Bruchsal,Poolsharks Bruchsal 2,17
n:dietmar lübke|BSV Filderstadt,,Dietmar Lübke (BSV Filderstadt),Dietmar Lübke,BSV Filderstadt,BSV Filderstadt 7,17
n:dominik kant|Tübinger BC,,Dominik Kant,Dominik Kant,Tübinger BC,Tübinger BC | Tübinger BC 3,17
n:fabian danner|PBC Reutlingen,,Fabian Danner (PBC Reutlingen),Fabian Danner,PBC Reutlingen,PBC Reutlingen 3,17
n:florian stubert|BSV Filderstadt,,Florian Stubert (BSV Filderstadt),Florian Stubert,BSV Filderstadt,BSV Filderstadt 3 | BSV Filderstadt 4,17
n:frank reichert|PBC Freudenstadt,,Frank Reichert (PBC Freudenstadt),Frank Reichert,PBC Freudenstadt,PBC Freudenstadt 4,17
n:frank-bernd wieczorek|BC Dallau,,Frank-Bernd Wieczorek (BC Dallau),Frank-Bernd Wieczorek,BC Dallau,BC Dallau 5,17
p:251258,251258,Gerold Konnerth,Gerold Konnerth,BSC Göppingen,BSC Göppingen 1 | BSC Göppingen 2,17
p:369171,369171,Hamza Benslimane,Hamza Benslimane,BSV Pfullingen,BSV Pfullingen 1,17
p:368517,368517,Hannes Reißner,Hannes Reißner,Tübinger BC,Tübinger BC | Tübinger BC 1 | Tübinger BC 2,17
p:175404,175404,Hans-Peter Benzinger,Hans-Peter Benzinger,BC Sindelfingen,BC Sindelfingen 2 | BC Sindelfingen 6,17
n:heiko kadel|BSV Weinheim,,Heiko Kadel,Heiko Kadel,BSV Weinheim,BSV Weinheim | BSV Weinheim 2 | BSV Weinheim 3,17
n:james atkinson|BC Sindelfingen,,James Atkinson,James Atkinson,BC Sindelfingen,BC Sindelfingen 3,17
p:102831,102831,Jörg Lingl,Jörg Lingl,PBC Ochsenhausen,PBC Ochsenhausen 3,17
n:kai-uwe ludwig|PBC Rastatt,,Kai-Uwe Ludwig,Kai-Uwe Ludwig,PBC Rastatt,PBC Rastatt | PBC Rastatt 2,17
p:368982,368982,Markus Schneider [368982],Markus Schneider,,,17
p:368139,368139,Michael Schreiber,Michael Schreiber,BC Dreiländereck,BC Dreiländereck 2,17
p:353693,353693,Michael Schulz,Michael Schulz,BSV Konstanz,BSV Konstanz 1,17
n:roland möbus|CC Karlsruhe,,Roland Möbus (CC Karlsruhe),Roland Möbus,CC Karlsruhe,CC Karlsruhe 4,17
p:369067,369067,Sasa Kikic,Sasa Kikic,BF Bronnen,BF Bronnen 1,17
n:senol sengün|BSC Mannheim,,Senol Sengün (BSC Mannheim),Senol Sengün,BSC Mannheim,BSC Mannheim 2,17
p:368393,368393,Thomas Frommer,Thomas Frommer,BC Feuersee | BC Sindelfingen,BC Feuersee 4 | BC Sindelfingen 7,17
n:timo heim|PBC Offenburg,,Timo Heim (PBC Offenburg),Timo Heim,PBC Offenburg,PBC Offenburg 4,17
p:368183,368183,Tobias Banzhaf,Tobias Banzhaf,BSC Göppingen,BSC Göppingen 2,17
p:368135,368135,Tobias Zeller,Tobias Zeller,BC Aalen,BC Aalen 4 | BC Aalen 5,17
n:tom wacker|PBC Waldbronn-Karlsbad,,Tom Wacker (PBC Waldbronn-Karlsbad),Tom Wacker,PBC Waldbronn-Karlsbad,PBC Waldbronn-Karlsbad 4,17
n:volker vögele|BSF Kurpfalz,,Volker Vögele (BSF Kurpfalz),Volker Vögele,BSF Kurpfalz,BSF Kurpfalz 2,17
p:103083,103083,Adrian Mernik,Adrian Mernik,PBC Reutlingen,PBC Reutlingen 2,16
n:ahmet gümüs|PBV Rottweil,,Ahmet Gümüs (PBV Rottweil),Ahmet Gümüs,PBV Rottweil,PBV Rottweil 2,16
p:368730,368730,Alex Vuong,Alex Vuong,BBV Mannheim,BBV Mannheim 3,16
n:andreas hepp|BSV Weinheim,,Andreas Hepp,Andreas Hepp,BSV Weinheim,BSV Weinheim 2,16
n:andreas schneider|BC Stuttgart 1891,,Andreas Schneider,Andreas Schneider,BC Stuttgart 1891,BC Stuttgart 1891 2,16
p:103698,103698,Attila Remete,Attila Remete,PBV Rottweil,PBV Rottweil 2,16
n:bernd füess|BULL Leonberg-Höfingen,,Bernd Füess (BULL Leonberg-Höfingen),Bernd Füess,BULL Leonberg-Höfingen,BULL Leonberg-Höfingen,16
n:brian biercher|BSV Tiengen,,Brian Biercher (BSV Tiengen),Brian Biercher,BSV Tiengen,BSV Tiengen 3,16
n:carlos weber|BV Pforzheim,,Carlos Weber (BV Pforzheim),Carlos Weber,BV Pforzheim,BV Pforzheim 2,16
p:250690,250690,Christian Lorenz,Christian Lorenz,BSV Tiengen,BSV Tiengen 2,16
p:251152,251152,Christian Schuler,Christian Schuler,CC Karlsruhe,CC Karlsruhe 2,16
n:christine lachenmann|BC Stuttgart 1891,,Christine Lachenmann,Christine Lachenmann,BC Stuttgart 1891,BC Stuttgart 1891 2,16
p:100714,100714,Cong Phan Tran,Cong Phan Tran,BSV Pfullingen,BSV Pfullingen 1,16
n:cong phan tran|BSV Pfullingen,,Cong Phan Tran (BSV Pfullingen),Cong Phan Tran,BSV Pfullingen,BSV Pfullingen 2,16
p:368582,368582,Corinna Weigelt,Corinna Weigelt,BC Sindelfingen,BC Sindelfingen 7 | BC Sindelfingen 8,16
p:102396,102396,Daniel Kleine,Daniel Kleine,Mannheimer BF,Mannheimer BF 4,16
n:daniel sanchez goncalves|PBC Schwäbisch-Gmünd,,Daniel Sanchez Goncalves (PBC Schwäbisch-Gmünd),Daniel Sanchez Goncalves,PBC Schwäbisch-Gmünd,PBC Schwäbisch-Gmünd,16
p:251206,251206,Dietmar Lübke,Dietmar Lübke,BSV Filderstadt | PBC Reutlingen,BSV Filderstadt 5 | PBC Reutlingen 2,16
n:dirk müller|PP Karlsbad,,Dirk Müller (PP Karlsbad),Dirk Müller,PP Karlsbad,PP Karlsbad 3,16
n:fabian gollerthan|BC Neckarsulm,,Fabian Gollerthan,Fabian Gollerthan,BC Neckarsulm,BC Neckarsulm 4,16
n:francisco gatsby|BV Villingen-Schwenningen,,Francisco Gatsby,Francisco Gatsby,BV Villingen-Schwenningen,BV Villingen-Schwenningen,16
n:frank tatarkowski|PBC Offenburg,,Frank Tatarkowski (PBC Offenburg),Frank Tatarkowski,PBC Offenburg,PBC Offenburg 3,16
p:101463,101463,Gerald Greene,Gerald Greene,PBC Pfedelbach,PBC Pfedelbach 2,16
n:gerald greene|BC Neckarsulm,,Gerald Greene (BC Neckarsulm),Gerald Greene,BC Neckarsulm,BC Neckarsulm 3 | BC Neckarsulm 4,16
p:102159,102159,Gerhard Junker,Gerhard Junker,PBC Offenburg,PBC Offenburg 2 | PBC Offenburg 3,16
n:halil seker|BA Nürtingen,,Halil Seker (BA Nürtingen),Halil Seker,BA Nürtingen,BA Nürtingen,16
n:hans-jürgen bailer|PBC Bietigheim-Bissingen,,Hans-Jürgen Bailer (PBC Bietigheim-Bissingen),Hans-Jürgen Bailer,PBC Bietigheim-Bissingen,PBC Bietigheim-Bissingen 2 | PBC Bietigheim-Bissingen 3 | PBC Bietigheim-Bissingen 4,16
p:368479,368479,Hartmut Wegner,Hartmut Wegner,Pool Knights Bensheim,Pool Knights Bensheim 2,16
n:heiko thomas|BC Feuersee Ludwigsburg,,Heiko Thomas (BC Feuersee Ludwigsburg),Heiko Thomas,BC Feuersee Ludwigsburg,BC Feuersee Ludwigsburg,16
n:holger maier|BC Stuttgart 1891,,Holger Maier (BC Stuttgart 1891),Holger Maier,BC Stuttgart 1891,BC Stuttgart 1891 2,16
n:jochen köhler|BSV Weinheim,,Jochen Köhler (BSV Weinheim),Jochen Köhler,BSV Weinheim,BSV Weinheim 6,16
n:johannes lange|Tübinger BC,,Johannes Lange,Johannes Lange,Tübinger BC,Tübinger BC | Tübinger BC 2,16
n:jonathan nestler|PBC Freudenstadt,,Jonathan Nestler (PBC Freudenstadt),Jonathan Nestler,PBC Freudenstadt,PBC Freudenstadt 2,16
n:kevin künstler|BSC Göppingen,,Kevin Künstler (BSC Göppingen),Kevin Künstler,BSC Göppingen,BSC Göppingen 2,16
p:368156,368156,Kevin Patrick Fischer,Kevin Patrick Fischer,BSV Pfullingen,BSV Pfullingen 2,16
n:manfred hess|BSV Nürtingen,,Manfred Hess (BSV Nürtingen),Manfred Hess,BSV Nürtingen,BSV Nürtingen 2,16
p:354316,354316,Marco Weise,Marco Weise,BSV Konstanz,BSV Konstanz 1,16
p:103813,103813,Mario Rosenkranz,Mario Rosenkranz,PBC Bräunlingen,PBC Bräunlingen 2,16
n:marius thomanek|BC Sindelfingen,,Marius Thomanek (BC Sindelfingen),Marius Thomanek,BC Sindelfingen,BC Sindelfingen 3 | BC Sindelfingen 5,16
n:markus kamuf|BF Bruchsal,,Markus Kamuf (BF Bruchsal),Markus Kamuf,BF Bruchsal,BF Bruchsal,16
p:369117,369117,Markus Wiedermann,Markus Wiedermann,BV Pforzheim,BV Pforzheim 4,16
p:369141,369141,Marvin Schneider,Marvin Schneider,Pool Knights Bensheim,Pool Knights Bensheim 3 | Pool Knights Bensheim 4,16
n:matthias blech|PBV Schwetzingen,,Matthias Blech,Matthias Blech,PBV Schwetzingen,PBV Schwetzingen 4 | PBV Schwetzingen 5,16
n:matthias orth|BC Dreiländereck,,Matthias Orth (BC Dreiländereck),Matthias Orth,BC Dreiländereck,BC Dreiländereck 2,16
p:242727,242727,Matthias Raible,Matthias Raible,TV Cannstatt,TV Cannstatt 2 | TV Cannstatt 4,16
n:michael herr|PBC Sand,,Michael Herr,Michael Herr,PBC Sand,PBC Sand 2,16
n:mustafa yilmaz|BBC Plochingen,,Mustafa Yilmaz,Mustafa Yilmaz,BBC Plochingen,BBC Plochingen 2,16
n:nenad malinovic|PBC Trossingen,,Nenad Malinovic,Nenad Malinovic,PBC Trossingen,PBC Trossingen,16
n:norbert hell|BSV Filderstadt,,Norbert Hell (BSV Filderstadt),Norbert Hell,BSV Filderstadt,BSV Filderstadt 4,16
n:norbert rollbühler|PBC Schwäbisch-Hall,,Norbert Rollbühler (PBC Schwäbisch-Hall),Norbert Rollbühler,PBC Schwäbisch-Hall,PBC Schwäbisch-Hall,16
n:pascal habiger|BV Pforzheim,,Pascal Habiger (BV Pforzheim),Pascal Habiger,BV Pforzheim,BV Pforzheim 3 | BV Pforzheim 4,16
p:101831,101831,Ralf Herdtfelder,Ralf Herdtfelder,BC Neckarsulm,BC Neckarsulm 2 | BC Neckarsulm 3,16
n:raoul-robert ronto|PBC Rastatt,,Raoul-Robert Ronto (PBC Rastatt),Raoul-Robert Ronto,PBC Rastatt,PBC Rastatt | PBC Rastatt 2,16
n:rasul ghanavat|PBC Reutlingen,,Rasul Ghanavat (PBC Reutlingen),Rasul Ghanavat,PBC Reutlingen,PBC Reutlingen | PBC Reutlingen 2,16
n:rené wieczorek|BC Dallau,,René Wieczorek (BC Dallau),René Wieczorek,BC Dallau,BC Dallau 5,16
n:ronny frank|BSV Tiengen,,Ronny Frank (BSV Tiengen),Ronny Frank,BSV Tiengen,BSV Tiengen 3,16
p:367938,367938,Samir Javor,Samir Javor,BC Bad Schussenried,BC Bad Schussenried 2 | BC Bad Schussenried 3 | BC Bad Schussenried 4,16
p:159092,159092,Sascha Schmidt,Sascha Schmidt,JS Mingolsheim,JS Mingolsheim 1 | JS Mingolsheim 3,16
n:stefan duttlinger|BSV Tiengen,,Stefan Duttlinger (BSV Tiengen),Stefan Duttlinger,BSV Tiengen,BSV Tiengen | BSV Tiengen 2,16
p:101854,101854,Stefan Herzer,Stefan Herzer,PBC Schwäbisch Gmünd,PBC Schwäbisch Gmünd 2,16
p:368470,368470,Stefan Kling,Stefan Kling,Pool Knights Bensheim,Pool Knights Bensheim 4,16
n:stefan weiner|BV Villingen-Schwenningen,,Stefan Weiner (BV Villingen-Schwenningen),Stefan Weiner,BV Villingen-Schwenningen,BV Villingen-Schwenningen,16
n:steffen feuerbacher|PBC Freudenstadt,,Steffen Feuerbacher (PBC Freudenstadt),Steffen Feuerbacher,PBC Freudenstadt,PBC Freudenstadt 3 | PBC Freudenstadt 4,16
n:stephan nimführ|PBC Schwäbisch Gmünd,,Stephan Nimführ (PBC Schwäbisch Gmünd),Stephan Nimführ,PBC Schwäbisch Gmünd,PBC Schwäbisch Gmünd,16
n:stephan nimführ|PBC Schwäbisch-Gmünd,,Stephan Nimführ (PBC Schwäbisch-Gmünd),Stephan Nimführ,PBC Schwäbisch-Gmünd,PBC Schwäbisch-Gmünd,16
n:sven deschner|BV Villingen-Schwenningen,,Sven Deschner (BV Villingen-Schwenningen),Sven Deschner,BV Villingen-Schwenningen,BV Villingen-Schwenningen,16
p:367960,367960,Thomas Doussos,Thomas Doussos,BC Bad Schussenried,BC Bad Schussenried 1,16
n:thomas eichberg|BC Crailsheim,,Thomas Eichberg,Thomas Eichberg,BC Crailsheim,BC Crailsheim,16
p:239636,239636,Thomas Kammerer,Thomas Kammerer,Mannheimer BF,Mannheimer BF 2 | Mannheimer BF 3,16
n:tim beilicke|Poolsharks Bruchsal,,Tim Beilicke,Tim Beilicke,Poolsharks Bruchsal,Poolsharks Bruchsal 3,16
p:101013,101013,Timo Engel,Timo Engel,BULL Leonberg-Höfingen,BULL Leonberg-Höfingen 2,16
p:104776,104776,Tina Riedel,Tina Riedel,,,16
p:241999,241999,Tobias Jung,Tobias Jung,P&S Denzlingen,P&S Denzlingen 1,16
p:354552,354552,Woldai Wagner,Woldai Wagner,BSV Konstanz,BSV Konstanz 1,16
p:242951,242951,Yunus Ayvaz,Yunus Ayvaz,PP Böblingen,PP Böblingen 2 | PP Böblingen 3,16
n:yunus ayvaz|PF Calw,,Yunus Ayvaz (PF Calw),Yunus Ayvaz,PF Calw,PF Calw | PF Calw 2 | PF Calw 3,16
n:zlatko rosin|BC Aalen,,Zlatko Rosin (BC Aalen),Zlatko Rosin,BC Aalen,BC Aalen 2,16
n:adrian weller|PBC Reutlingen,,Adrian Weller (PBC Reutlingen),Adrian Weller,PBC Reutlingen,PBC Reutlingen 3,15
n:alexander bailer|BC Feuersee Leonberg,,Alexander Bailer,Alexander Bailer,BC Feuersee Leonberg,BC Feuersee Leonberg,15
p:367975,367975,Alpay Gürkal,Alpay Gürkal,BC Aalen | PBC Aalen,BC Aalen 4 | BC Aalen 5 | PBC Aalen 2,15
p:103922,103922,Andreas Sattler,Andreas Sattler,PBC Pfedelbach,PBC Pfedelbach 1,15
n:armin epp|BSV Weinheim,,Armin  Epp,Armin  Epp,BSV Weinheim,BSV Weinheim 3 | BSV Weinheim 5,15
n:arndt siebert|BSV Weinheim,,Arndt Siebert,Arndt Siebert,BSV Weinheim,BSV Weinheim 4,15
p:368993,368993,Athanasios Sarafoudis,Athanasios Sarafoudis,TV Cannstatt,TV Cannstatt 4 | TV Cannstatt 5,15
p:355293,355293,Aurel Casagrande,Aurel Casagrande,BC Feuersee | BSV Shooters Fellbach | TV Cannstatt,BC Feuersee 4 | BSV Shooters Fellbach 3 | TV Cannstatt 3,15
p:367916,367916,Benjamin Repphun,Benjamin Repphun,BC Feuersee,BC Feuersee 3,15
n:christian klein|Poolsharks Bruchsal,,Christian Klein,Christian Klein,Poolsharks Bruchsal,Poolsharks Bruchsal 2,15
n:christian lorenz|BSV Tiengen,,Christian Lorenz (BSV Tiengen),Christian Lorenz,BSV Tiengen,BSV Tiengen 3,15
n:daniel sanchez goncalves|PBC Schwäbisch Gmünd,,Daniel Sanchez Goncalves (PBC Schwäbisch Gmünd),Daniel Sanchez Goncalves,PBC Schwäbisch Gmünd,PBC Schwäbisch Gmünd,15
p:100553,100553,Florian Brugger,Florian Brugger,PBC Bräunlingen,PBC Bräunlingen 2,15
n:hakan öz|PBC Ochsenhausen,,Hakan Öz,Hakan Öz,PBC Ochsenhausen,PBC Ochsenhausen 2 | PBC Ochsenhausen 3,15
n:hans-peter benzinger|FB Handicap Karlsruhe,,Hans-Peter Benzinger (FB Handicap Karlsruhe),Hans-Peter Benzinger,FB Handicap Karlsruhe,FB Handicap Karlsruhe,15
n:joshua armbruster|PBC Freudenstadt,,Joshua Armbruster (PBC Freudenstadt),Joshua Armbruster,PBC Freudenstadt,PBC Freudenstadt | PBC Freudenstadt 4,15
p:369132,369132,Jürgen Großkopf,Jürgen Großkopf,PBC Bad Saulgau,PBC Bad Saulgau 2,15
n:luis beilicke|Poolsharks Bruchsal,,Luis Beilicke,Luis Beilicke,Poolsharks Bruchsal,Poolsharks Bruchsal | Poolsharks Bruchsal 3,15
p:176381,176381,Marcus Strey,Marcus Strey,Mannheimer BF,Mannheimer BF 1 | Mannheimer BF 2,15
n:martin jelitte|PBC Ochsenhausen,,Martin Jelitte,Martin Jelitte,PBC Ochsenhausen,PBC Ochsenhausen 2 | PBC Ochsenhausen 3,15
n:matthias maier|PBC Bräunlingen,,Matthias Maier (PBC Bräunlingen),Matthias Maier,PBC Bräunlingen,PBC Bräunlingen | PBC Bräunlingen 2,15
p:369065,369065,Mustafa Ilkaya,Mustafa Ilkaya,BF Bronnen,BF Bronnen 1,15
n:oliver fechter|PBC Bad Saulgau,,Oliver Fechter,Oliver Fechter,PBC Bad Saulgau,PBC Bad Saulgau 4 | PBC Bad Saulgau 5,15
p:366961,366961,Peter Stadelmaier,Peter Stadelmaier,BV Pforzheim,BV Pforzheim 1 | BV Pforzheim 2 | BV Pforzheim 3,15
n:sascha nyffeler|BC Weingarten,,Sascha Nyffeler (BC Weingarten),Sascha Nyffeler,BC Weingarten,BC Weingarten 2 | BC Weingarten 3,15
n:simon theodoropoulos|Tübinger BC,,Simon Theodoropoulos (Tübinger BC),Simon Theodoropoulos,Tübinger BC,Tübinger BC | Tübinger BC 2,15
n:stefan barth|FB Handicap Karlsruhe,,Stefan Barth,Stefan Barth,FB Handicap Karlsruhe,FB Handicap Karlsruhe,15
n:thilo scherbacher|BSV Pfullingen,,Thilo Scherbacher,Thilo Scherbacher,BSV Pfullingen,BSV Pfullingen,15
n:thomas hetzel|PBC Sand,,Thomas Hetzel (PBC Sand),Thomas Hetzel,PBC Sand,PBC Sand 2,15
n:thomas teufel|PBC Offenburg,,Thomas Teufel (PBC Offenburg),Thomas Teufel,PBC Offenburg,PBC Offenburg 3 | PBC Offenburg 4,15
n:winfried netzer|PBC Ochsenhausen,,Winfried Netzer,Winfried Netzer,PBC Ochsenhausen,PBC Ochsenhausen 2 | PBC Ochsenhausen 3,15
p:368703,368703,Adrian Sam,Adrian Sam,JS Mingolsheim,JS Mingolsheim 3 | JS Mingolsheim 4,14
n:ahmet gümüs|PBC Trossingen,,Ahmet Gümüs (PBC Trossingen),Ahmet Gümüs,PBC Trossingen,PBC Trossingen,14
n:ahmet yilmaz|PBC Waghäusel,,Ahmet Yilmaz (PBC Waghäusel),Ahmet Yilmaz,PBC Waghäusel,PBC Waghäusel,14
n:alfred rutkowski|PBC Rastatt,,Alfred Rutkowski (PBC Rastatt),Alfred Rutkowski,PBC Rastatt,PBC Rastatt 2,14
p:100272,100272,Andreas Begau,Andreas Begau,TV Cannstatt,TV Cannstatt 1,14
n:andreas wittmeier|BV Pforzheim,,Andreas Wittmeier (BV Pforzheim),Andreas Wittmeier,BV Pforzheim,BV Pforzheim 2,14
n:anja stiesch|PBC Bräunlingen,,Anja Stiesch,Anja Stiesch,PBC Bräunlingen,PBC Bräunlingen 3 | PBC Bräunlingen 4,14
p:350538,350538,Annette Köster,Annette Köster,PBC Langenargen,PBC Langenargen 3,14
n:benjamin eiberger|BV Pforzheim,,Benjamin Eiberger (BV Pforzheim),Benjamin Eiberger,BV Pforzheim,BV Pforzheim 2,14
n:björn gabriel|BSC Mannheim,,Björn Gabriel,Björn Gabriel,BSC Mannheim,BSC Mannheim 2,14
n:christian kälbli|BF Bruchsal,,Christian Kälbli (BF Bruchsal),Christian Kälbli,BF Bruchsal,BF Bruchsal,14
n:christian thome|Jump Shot Mingolsheim,,Christian Thome,Christian Thome,Jump Shot Mingolsheim,Jump Shot Mingolsheim 3,14
p:104726,104726,Christian Utz,Christian Utz,JS Mingolsheim,JS Mingolsheim 1,14
n:daniel hörth|PBC Offenburg,,Daniel Hörth,Daniel Hörth,PBC Offenburg,PBC Offenburg 3,14
n:daniel kucharz|PBC Aalen,,Daniel Kucharz,Daniel Kucharz,PBC Aalen,PBC Aalen 2 | PBC Aalen 3,14
n:danny golling|PBC Freudenstadt,,Danny Golling (PBC Freudenstadt),Danny Golling,PBC Freudenstadt,PBC Freudenstadt 4,14
p:368814,368814,Eduard Ewert,Eduard Ewert,CC Karlsruhe,CC Karlsruhe 5,14
n:fabian glaser|PBC Trossingen,,Fabian Glaser,Fabian Glaser,PBC Trossingen,PBC Trossingen,14
p:368300,368300,Fabian Schaber,Fabian Schaber,PBC Langenargen,PBC Langenargen 3,14
p:368764,368764,Franz Hochenegg,Franz Hochenegg,BC Weingarten,BC Weingarten 1 | BC Weingarten 2,14
n:gabriel correia|PBC Offenburg,,Gabriel Correia,Gabriel Correia,PBC Offenburg,PBC Offenburg 3,14
p:352444,352444,Glen Corcoran,Glen Corcoran,PBC Ochsenhausen,PBC Ochsenhausen 1 | PBC Ochsenhausen 3,14
n:gottlob mrugala|CC Karlsruhe,,Gottlob Mrugala (CC Karlsruhe),Gottlob Mrugala,CC Karlsruhe,CC Karlsruhe 4,14
n:guido ulmer|BSV Pfullingen,,Guido Ulmer (BSV Pfullingen),Guido Ulmer,BSV Pfullingen,BSV Pfullingen 4,14
n:hans-henning schmid|BC Weingarten,,Hans-Henning Schmid (BC Weingarten),Hans-Henning Schmid,BC Weingarten,BC Weingarten 2 | BC Weingarten 3 | BC Weingarten 4,14
n:heike salch|PBV Schwetzingen,,Heike Salch (PBV Schwetzingen),Heike Salch,PBV Schwetzingen,PBV Schwetzingen 4 | PBV Schwetzingen 5,14
n:ibrahim uzun|BA Nürtingen,,Ibrahim Uzun (BA Nürtingen),Ibrahim Uzun,BA Nürtingen,BA Nürtingen,14
p:104508,104508,Jonny Stojanovic,Jonny Stojanovic,BC Stuttgart 1891,BC Stuttgart 1891 2 | BC Stuttgart 1891 3,14
n:juan condello|BC Stuttgart,,Juan Condello,Juan Condello,BC Stuttgart,BC Stuttgart 1891,14
p:369208,369208,Katharina Schnelle,Katharina Schnelle,,,14
n:leonhard dietzel|TV Cannstatt,,Leonhard Dietzel,Leonhard Dietzel,TV Cannstatt,TV Cannstatt 2 | TV Cannstatt 3,14
n:lucia birsner|BSV Tiengen,,Lucia Birsner (BSV Tiengen),Lucia Birsner,BSV Tiengen,BSV Tiengen 4,14
n:luciano abruzzese|BC Weingarten,,Luciano Abruzzese (BC Weingarten),Luciano Abruzzese,BC Weingarten,BC Weingarten 2,14
n:manfred wussler|PBC Offenburg,,Manfred Wußler (PBC Offenburg),Manfred Wußler,PBC Offenburg,PBC Offenburg 2,14
n:marcel biegler|BSV Pfullingen,,Marcel Biegler (BSV Pfullingen),Marcel Biegler,BSV Pfullingen,BSV Pfullingen 2 | BSV Pfullingen 3,14
n:marco huber|BV Pforzheim,,Marco Huber (BV Pforzheim),Marco Huber,BV Pforzheim,BV Pforzheim 2,14
n:marcus deuchler|PBC Waldbronn-Karlsbad,,Marcus  Deuchler,Marcus  Deuchler,PBC Waldbronn-Karlsbad,PBC Waldbronn-Karlsbad 3,14
n:mario becker|BBV Mannheim,,Mario Becker,Mario Becker,BBV Mannheim,BBV Mannheim 5,14
p:242833,242833,Markus Stehle,Markus Stehle,BV Villingen-Schwenningen,BV Villingen-Schwenningen 2,14
n:martin derzapf|BC Dallau,,Martin Derzapf,Martin Derzapf,BC Dallau,BC Dallau 4,14
n:matthias frank|PBC Schwäbisch Gmünd,,Matthias Frank (PBC Schwäbisch Gmünd),Matthias Frank,PBC Schwäbisch Gmünd,PBC Schwäbisch Gmünd,14
n:matthias schurer|BSV Konstanz,,Matthias Schurer,Matthias Schurer,BSV Konstanz,BSV Konstanz 2,14
p:351228,351228,Max Löhle,Max Löhle,,,14
n:maxim buchstab|PBC Schwäbisch Gmünd,,Maxim Buchstab (PBC Schwäbisch Gmünd),Maxim Buchstab,PBC Schwäbisch Gmünd,PBC Schwäbisch Gmünd 3,14
n:mehmet kirli|PBC Schwäbisch-Gmünd,,Mehmet Kirli (PBC Schwäbisch-Gmünd),Mehmet Kirli,PBC Schwäbisch-Gmünd,PBC Schwäbisch-Gmünd,14
p:367820,367820,Michael Funk,Michael Funk,BC Neckarsulm | BSV Pfullingen,BC Neckarsulm 2 | BSV Pfullingen 3,14
n:michael lauble|PBC Bräunlingen,,Michael Lauble,Michael Lauble,PBC Bräunlingen,PBC Bräunlingen 2 | PBC Bräunlingen 3 | PBC Bräunlingen 4,14
n:michael miller|TV Cannstatt,,Michael Miller,Michael Miller,TV Cannstatt,TV Cannstatt 2 | TV Cannstatt 3,14
n:michael minnerop|PF Calw,,Michael Minnerop (PF Calw),Michael Minnerop,PF Calw,PF Calw 3 | PF Calw 4,14
n:michael schreiner|BSV Filderstadt,,Michael Schreiner,Michael Schreiner,BSV Filderstadt,BSV Filderstadt 2,14
n:mike reissberg|PBC Waghäusel,,Mike Reißberg,Mike Reißberg,PBC Waghäusel,PBC Waghäusel 5,14
n:murat kocin|BC Neckarsulm,,Murat Kocin,Murat Kocin,BC Neckarsulm,BC Neckarsulm 4,14
n:nicole hummel|BSC St. Georgen,,Nicole Hummel (BSC St. Georgen),Nicole Hummel,BSC St. Georgen,BSC St. Georgen,14
n:norbert mallin|BSC Göppingen,,Norbert Mallin,Norbert Mallin,BSC Göppingen,BSC Göppingen 2 | BSC Göppingen 3,14
n:norman hopson|FB Handicap Karlsruhe,,Norman Hopson,Norman Hopson,FB Handicap Karlsruhe,FB Handicap Karlsruhe,14
p:102633,102633,Oliver Kruse,Oliver Kruse,PBC Offenburg,PBC Offenburg 2,14
n:oliver schmalz|Poolsharks Bruchsal,,Oliver Schmalz,Oliver Schmalz,Poolsharks Bruchsal,Poolsharks Bruchsal | Poolsharks Bruchsal 3,14
n:pascal sanna|PBC Freudenstadt,,Pascal Sanna (PBC Freudenstadt),Pascal Sanna,PBC Freudenstadt,PBC Freudenstadt 3,14
n:peter puff|PBC Waghäusel,,Peter Puff (PBC Waghäusel),Peter Puff,PBC Waghäusel,PBC Waghäusel 4 | PBC Waghäusel 5,14
n:peter vosseler|PBC Ochsenhausen,,Peter Vosseler,Peter Vosseler,PBC Ochsenhausen,PBC Ochsenhausen 2,14
p:368366,368366,Raed Jaafar,Raed Jaafar,PP Böblingen,PP Böblingen 1,14
n:rainer heilmann|BSV Tiengen,,Rainer Heilmann (BSV Tiengen),Rainer Heilmann,BSV Tiengen,BSV Tiengen 4,14
n:ralf annamaier|PBC Schwäbisch Gmünd,,Ralf Annamaier (PBC Schwäbisch Gmünd),Ralf Annamaier,PBC Schwäbisch Gmünd,PBC Schwäbisch Gmünd 2,14
n:ralf bachert|PBC Bietigheim-Bissingen,,Ralf Bachert (PBC Bietigheim-Bissingen),Ralf Bachert,PBC Bietigheim-Bissingen,PBC Bietigheim-Bissingen 3 | PBC Bietigheim-Bissingen 4,14
p:368515,368515,Ruben Lorch,Ruben Lorch,BSV Pfullingen,BSV Pfullingen 5,14
n:rudolf turna|BC Feuersee Leonberg,,Rudolf Turna,Rudolf Turna,BC Feuersee Leonberg,BC Feuersee Leonberg,14
n:sercan özdemir|PP Böblingen,,Sercan Özdemir (PP Böblingen),Sercan Özdemir,PP Böblingen,PP Böblingen,14
n:silvio massow|BSV Tiengen,,Silvio Massow (BSV Tiengen),Silvio Massow,BSV Tiengen,BSV Tiengen 3,14
p:368465,368465,Stephan Lorenz,Stephan Lorenz,Pool Knights Bensheim,Pool Knights Bensheim 4,14
p:231078,231078,Tayfun Teber,Tayfun Teber,,,14
p:368909,368909,Thilo Ertmann,Thilo Ertmann,PBC Bietigheim-Bissingen,PBC Bietigheim-Bissingen 3,14
n:thomas buchstab|PBC Schwäbisch Gmünd,,Thomas Buchstab,Thomas Buchstab,PBC Schwäbisch Gmünd,PBC Schwäbisch Gmünd 3,14
n:thomas kammerer|BBV Mannheim,,Thomas Kammerer (BBV Mannheim),Thomas Kammerer,BBV Mannheim,BBV Mannheim 3 | BBV Mannheim 4 | BBV Mannheim 5,14
n:thomas weniger|BSC Waldshut,,Thomas Weniger (BSC Waldshut),Thomas Weniger,BSC Waldshut,BSC Waldshut,14
n:thorsten bruder|BC Neckarsulm,,Thorsten Bruder,Thorsten Bruder,BC Neckarsulm,BC Neckarsulm | BC Neckarsulm 2,14
n:timur susuz|PBC Aalen,,Timur Susuz (PBC Aalen),Timur Susuz,PBC Aalen,PBC Aalen 2,14
p:366175,366175,Tomislav Knezevic,Tomislav Knezevic,BSC Lions Bietigheim,BSC Lions Bietigheim 2,14
n:vanessa terzic|BF Bruchsal,,Vanessa Terzic,Vanessa Terzic,BF Bruchsal,BF Bruchsal 3,14
n:willi ludwig|PP Karlsbad,,Willi Ludwig (PP Karlsbad),Willi Ludwig,PP Karlsbad,PP Karlsbad | PP Karlsbad 2,14
n:yasar mak|BV Backnang/Welzheim,,Yasar Mak (BV Backnang/Welzheim),Yasar Mak,BV Backnang/Welzheim,BV Backnang/Welzheim,14
n:zvonimir jembrih|PBC Schwäbisch Gmünd,,Zvonimir Jembrih (PBC Schwäbisch Gmünd),Zvonimir Jembrih,PBC Schwäbisch Gmünd,PBC Schwäbisch Gmünd 2,14
n:alexander pinneker|BSG Albstadt,,Alexander Pinneker,Alexander Pinneker,BSG Albstadt,BSG Albstadt | BSG Albstadt 2,13
n:christian gnamm|BC Weingarten,,Christian Gnamm,Christian Gnamm,BC Weingarten,BC Weingarten,13
p:368553,368553,Christian Oetken,Christian Oetken,BC Neckarsulm,BC Neckarsulm 2,13
p:369092,369092,Daniela Heide,Daniela Heide,PBC Offenburg,PBC Offenburg 6,13
n:dietmar lauer|PBC Bietigheim-Bissingen,,Dietmar Lauer (PBC Bietigheim-Bissingen),Dietmar Lauer,PBC Bietigheim-Bissingen,PBC Bietigheim-Bissingen 4,13
n:harry kowalczyk|CC Karlsruhe,,Harry Kowalczyk (CC Karlsruhe),Harry Kowalczyk,CC Karlsruhe,CC Karlsruhe 4,13
p:368340,368340,Idris Abanuzoglu,Idris Abanuzoglu,BSC Göppingen,BSC Göppingen 3,13
n:ivan franz|CC Karlsruhe,,Ivan Franz (CC Karlsruhe),Ivan Franz,CC Karlsruhe,CC Karlsruhe 3,13
p:100304,100304,Janina Benzinger,Janina Benzinger,BC Sindelfingen,BC Sindelfingen 2,13
n:marco wolfsegger|BC Breakers Knittlingen,,Marco Wolfsegger,Marco Wolfsegger,BC Breakers Knittlingen,BC Breakers Knittlingen | BC Breakers Knittlingen 2,13
n:maximilian theis|PBC Reutlingen,,Maximilian Theis (PBC Reutlingen),Maximilian Theis,PBC Reutlingen,PBC Reutlingen 2,13
p:367897,367897,Mohammed Alhila,Mohammed Alhila,PBC Reutlingen,PBC Reutlingen 3,13
n:mustafa özyürük|PBC Aalen,,Mustafa Özyürük (PBC Aalen),Mustafa Özyürük,PBC Aalen,PBC Aalen 2,13
p:366201,366201,Patrik Graf,Patrik Graf,BV Pforzheim,BV Pforzheim 3 | BV Pforzheim 4,13
n:senol sengün|BBV Mannheim,,Senol Sengün (BBV Mannheim),Senol Sengün,BBV Mannheim,BBV Mannheim 4,13
p:367993,367993,Simon Koch,Simon Koch,BSV Filderstadt,BSV Filderstadt 5,13
p:368702,368702,Tajana Dürr-Smokovic,Tajana Dürr-Smokovic,BSC Göppingen,BSC Göppingen 3,13
"n:thomas vincenzo ""enzo"" campo|PBC Waldbronn-Karlsbad",,"Thomas Vincenzo ""Enzo"" Campo (PBC Waldbronn-Karlsbad)","Thomas Vincenzo ""Enzo"" Campo",PBC Waldbronn-Karlsbad,PBC Waldbronn-Karlsbad,13
p:244941,244941,Torsten Herold,Torsten Herold,BSV Filderstadt,BSV Filderstadt 6,13
p:253468,253468,Umut Akinci,Umut Akinci,PBC Bad Saulgau,PBC Bad Saulgau 2 | PBC Bad Saulgau 3,13
n:uwe machalett|PBC Freudenstadt,,Uwe Machalett (PBC Freudenstadt),Uwe Machalett,PBC Freudenstadt,PBC Freudenstadt 2 | PBC Freudenstadt 3,13
p:367814,367814,Abdul Mecit Kul,Abdul Mecit Kul,BC Blaustein,BC Blaustein 1,12
p:353732,353732,Adriana Siddi,Adriana Siddi,PP Karlsbad,PP Karlsbad 2,12
n:alexander khesin|TV Cannstatt,,Alexander  Khesin,Alexander  Khesin,TV Cannstatt,TV Cannstatt 2 | TV Cannstatt 3,12
n:alexander sachs|BBV Mannheim,,Alexander Sachs,Alexander Sachs,BBV Mannheim,BBV Mannheim 3,12
n:alicia baum|PBC Rastatt,,Alicia Baum (PBC Rastatt),Alicia Baum,PBC Rastatt,PBC Rastatt 2,12
n:andre sondermann|PBC Waghäusel,,Andre Sondermann,Andre Sondermann,PBC Waghäusel,PBC Waghäusel 5,12
p:368293,368293,Andrea Zenner,Andrea Zenner,,,12
p:100778,100778,Andreas Decker,Andreas Decker,BV Pforzheim,BV Pforzheim 3 | BV Pforzheim 4,12
n:andreas remete|PBV Rottweil,,Andreas Remete,Andreas Remete,PBV Rottweil,PBV Rottweil 2,12
p:369068,369068,Artur Maximow,Artur Maximow,BF Bronnen,BF Bronnen 1,12
n:axel klimmer|PBC Bräunlingen,,Axel Klimmer (PBC Bräunlingen),Axel Klimmer,PBC Bräunlingen,PBC Bräunlingen 2 | PBC Bräunlingen 3,12
p:245238,245238,Bernd Umann,Bernd Umann,BC Feuersee,BC Feuersee 3,12
n:bernhard gneiting|PBC Reutlingen,,Bernhard Gneiting (PBC Reutlingen),Bernhard Gneiting,PBC Reutlingen,PBC Reutlingen 3,12
p:242287,242287,Carlos Weber,Carlos Weber,BV Pforzheim,BV Pforzheim 1 | BV Pforzheim 2,12
n:christoph stewering|PBC Bräunlingen,,Christoph Stewering,Christoph Stewering,PBC Bräunlingen,PBC Bräunlingen 2 | PBC Bräunlingen 3 | PBC Bräunlingen 4,12
n:daniel jarke|PBC Bruchsal,,Daniel Jarke (PBC Bruchsal),Daniel Jarke,PBC Bruchsal,PBC Bruchsal,12
n:daniel kimmig|PBC Offenburg,,Daniel Kimmig (PBC Offenburg),Daniel Kimmig,PBC Offenburg,PBC Offenburg | PBC Offenburg 3,12
n:darko sattler|PBC Nagoldtal,,Darko Sattler (PBC Nagoldtal),Darko Sattler,PBC Nagoldtal,PBC Nagoldtal,12
n:dennie kremer|Poolsharks Bruchsal,,Dennie Kremer,Dennie Kremer,Poolsharks Bruchsal,Poolsharks Bruchsal 2,12
p:369168,369168,Dennis Kamuf,Dennis Kamuf,BF Bruchsal,BF Bruchsal 2 | BF Bruchsal 3,12
p:248594,248594,Diana Schäfauer,Diana Schäfauer,BC Neckarsulm,BC Neckarsulm 2 | BC Neckarsulm 3,12
p:100493,100493,Dieter Braun,Dieter Braun,BC Feuersee,BC Feuersee 1 | BC Feuersee 2,12
n:dirk straka|BC Ludwigsburg,,Dirk Straka,Dirk Straka,BC Ludwigsburg,BC Ludwigsburg 5,12
n:dominik netzhammer|BSV Tiengen,,Dominik Netzhammer (BSV Tiengen),Dominik Netzhammer,BSV Tiengen,BSV Tiengen 4,12
n:eric sorg|PBC Aalen,,Eric Sorg (PBC Aalen),Eric Sorg,PBC Aalen,PBC Aalen 2,12
n:fevzi kirkgöze|BC Ludwigsburg,,Fevzi Kirkgöze,Fevzi Kirkgöze,BC Ludwigsburg,BC Ludwigsburg 2 | BC Ludwigsburg 5,12
n:florian fellhauer|PBC Waghäusel,,Florian Fellhauer,Florian Fellhauer,PBC Waghäusel,PBC Waghäusel 5,12
n:franco miccoli|BC Ludwigsburg,,Franco Miccoli,Franco Miccoli,BC Ludwigsburg,BC Ludwigsburg 3,12
n:frank etter|BC Breakers Knittlingen,,Frank Etter,Frank Etter,BC Breakers Knittlingen,BC Breakers Knittlingen 2,12
n:garry wong|PBC Schwäbisch-Gmünd,,Garry Wong (PBC Schwäbisch-Gmünd),Garry Wong,PBC Schwäbisch-Gmünd,PBC Schwäbisch-Gmünd,12
p:368354,368354,Georg Wiesehügel,Georg Wiesehügel,PBC Bruchsal,PBC Bruchsal 4,12
n:glen corcoran|PBC Ochsenhausen,,Glen Corcoran (PBC Ochsenhausen),Glen Corcoran,PBC Ochsenhausen,PBC Ochsenhausen 2 | PBC Ochsenhausen 3,12
p:102225,102225,Habib Karadal,Habib Karadal,BV Pforzheim,BV Pforzheim 2 | BV Pforzheim 3 | BV Pforzheim 4,12
n:harald schmidt|BC Ludwigsburg,,Harald Schmidt,Harald Schmidt,BC Ludwigsburg,BC Ludwigsburg 5,12
n:heinz gold|BSF Kurpfalz,,Heinz Gold (BSF Kurpfalz),Heinz Gold,BSF Kurpfalz,BSF Kurpfalz 3,12
n:helmut motsch|PF Calw,,Helmut Motsch (PF Calw),Helmut Motsch,PF Calw,PF Calw 4,12
n:hermann möst|BBV Mannheim,,Hermann Möst (BBV Mannheim),Hermann Möst,BBV Mannheim,BBV Mannheim 3,12
p:349970,349970,Jacco van de Streek,Jacco van de Streek,P&S Denzlingen,P&S Denzlingen 1 | P&S Denzlingen 2,12
p:368767,368767,Jagaganmohan Reddy,Jagaganmohan Reddy,BC Weingarten,BC Weingarten 2,12
n:jan bitsch-bras|BSV Weinheim,,Jan Bitsch-Bras,Jan Bitsch-Bras,BSV Weinheim,BSV Weinheim 6,12
n:jennifer ring|BSC Göppingen,,Jennifer Ring,Jennifer Ring,BSC Göppingen,BSC Göppingen,12
n:jochen fiedler|BSC Mannheim,,Jochen Fiedler (BSC Mannheim),Jochen Fiedler,BSC Mannheim,BSC Mannheim,12
n:johann keppler|BC Dallau,,Johann Keppler,Johann Keppler,BC Dallau,BC Dallau 3,12
n:jürgen wurster|Heidenheimer BC,,Jürgen Wurster,Jürgen Wurster,Heidenheimer BC,Heidenheimer BC 3,12
n:kathrin karwath|PBC Reutlingen,,Kathrin Karwath (PBC Reutlingen),Kathrin Karwath,PBC Reutlingen,PBC Reutlingen 3,12
p:350343,350343,Kim Simon,Kim Simon,Mannheimer BF,Mannheimer BF 4,12
n:klaus fischer|BSV Nürtingen,,Klaus Fischer (BSV Nürtingen),Klaus Fischer,BSV Nürtingen,BSV Nürtingen 4,12
p:242885,242885,Kristian Kolthoff,Kristian Kolthoff,PBV Schwetzingen,PBV Schwetzingen 3,12
n:marcel bailey|BSF Kurpfalz,,Marcel Bailey,Marcel Bailey,BSF Kurpfalz,BSF Kurpfalz 2,12
p:351040,351040,Marcel Twardon,Marcel Twardon,BC Feuersee,BC Feuersee 2 | BC Feuersee 5,12
p:350621,350621,Marco Conrad,Marco Conrad,PBC Langenargen,PBC Langenargen 3,12
p:351423,351423,Marco Klotzer,Marco Klotzer,BSV Filderstadt,BSV Filderstadt 4,12
n:marco lang|Fastbreakers Karlsruhe,,Marco Lang,Marco Lang,Fastbreakers Karlsruhe,Fastbreakers Karlsruhe 2,12
n:marco poggiolini|BC Dreiländereck,,Marco Poggiolini,Marco Poggiolini,BC Dreiländereck,BC Dreiländereck 2,12
n:marco weise|BSV Konstanz,,Marco Weise (BSV Konstanz),Marco Weise,BSV Konstanz,BSV Konstanz 2,12
p:368514,368514,Mario Kraus,Mario Kraus,BSV Pfullingen,BSV Pfullingen 4 | BSV Pfullingen 5,12
n:mark hug|Heidenheimer BC,,Mark Hug,Mark Hug,Heidenheimer BC,Heidenheimer BC 3,12
p:150319,150319,Martin Kurschatke,Martin Kurschatke,PBC Schwäbisch Hall,PBC Schwäbisch Hall 2,12
n:martin repp|BC Sindelfingen,,Martin Repp (BC Sindelfingen),Martin Repp,BC Sindelfingen,BC Sindelfingen 5,12
n:martin weber|Bühler SBC,,Martin Weber (Bühler SBC),Martin Weber,Bühler SBC,Bühler SBC,12
n:mathias fritsche|BSG Albstadt,,Mathias Fritsche,Mathias Fritsche,BSG Albstadt,BSG Albstadt 2,12
p:101191,101191,Matthias Frank,Matthias Frank,PBC Schwäbisch Gmünd,PBC Schwäbisch Gmünd 1,12
n:matthias frank|PBC Schwäbisch-Gmünd,,Matthias Frank (PBC Schwäbisch-Gmünd),Matthias Frank,PBC Schwäbisch-Gmünd,PBC Schwäbisch-Gmünd,12
n:maximilian jentsch|PBC Schwäbisch Gmünd,,Maximilian Jentsch (PBC Schwäbisch Gmünd),Maximilian Jentsch,PBC Schwäbisch Gmünd,PBC Schwäbisch Gmünd 3,12
n:mete mutlu|PBC Freudenstadt,,Mete Mutlu (PBC Freudenstadt),Mete Mutlu,PBC Freudenstadt,PBC Freudenstadt,12
n:michael reich|BC Sindelfingen,,Michael Reich (BC Sindelfingen),Michael Reich,BC Sindelfingen,BC Sindelfingen 5,12
n:michaela hug-erhardt|Heidenheimer BC,,Michaela Hug-Erhardt,Michaela Hug-Erhardt,Heidenheimer BC,Heidenheimer BC 3,12
n:miroslaw kolodziej|BC Dallau,,Miroslaw Kolodziej,Miroslaw Kolodziej,BC Dallau,BC Dallau 4,12
p:368649,368649,Mohammad Jiroudi,Mohammad Jiroudi,PBC Bräunlingen,PBC Bräunlingen 2,12
n:moritz rutkowski|PBC Rastatt,,Moritz Rutkowski (PBC Rastatt),Moritz Rutkowski,PBC Rastatt,PBC Rastatt | PBC Rastatt 2,12
p:242702,242702,Muzaffer Günay,Muzaffer Günay,BC Aalen,BC Aalen 4,12
n:necmi kolbasar|PBC Bietigheim-Bissingen,,Necmi Kolbasar (PBC Bietigheim-Bissingen),Necmi Kolbasar,PBC Bietigheim-Bissingen,PBC Bietigheim-Bissingen | PBC Bietigheim-Bissingen 2,12
n:olaf drischel|PF Calw,,Olaf Drischel,Olaf Drischel,PF Calw,PF Calw 4,12
n:oliver-harry rapp|BSC Göppingen,,Oliver-Harry  Rapp,Oliver-Harry  Rapp,BSC Göppingen,BSC Göppingen 2 | BSC Göppingen 3 | BSC Göppingen 4,12
n:ottmar auzinger|PBC Ochsenhausen,,Ottmar Auzinger (PBC Ochsenhausen),Ottmar Auzinger,PBC Ochsenhausen,PBC Ochsenhausen | PBC Ochsenhausen 3,12
n:pascal ranzmann|CC Karlsruhe,,Pascal Ranzmann,Pascal Ranzmann,CC Karlsruhe,CC Karlsruhe 2,12
n:patrick mungiuri|BV Pforzheim,,Patrick Mungiuri (BV Pforzheim),Patrick Mungiuri,BV Pforzheim,BV Pforzheim 2,12
p:100510,100510,Peter Brehm,Peter Brehm,TV Cannstatt,TV Cannstatt 4,12
n:peter link|TV Cannstatt,,Peter Link (TV Cannstatt),Peter Link,TV Cannstatt,TV Cannstatt,12
p:367907,367907,Phi Dang,Phi Dang,P&S Denzlingen,P&S Denzlingen 2 | P&S Denzlingen 3,12
n:philip smarczny|BC Sindelfingen,,Philip Smarczny,Philip Smarczny,BC Sindelfingen,BC Sindelfingen 3,12
n:quang gan hoang|BBV Mannheim,,Quang Gan Hoang,Quang Gan Hoang,BBV Mannheim,BBV Mannheim 3 | BBV Mannheim 4,12
n:raffaelo federico|PBDC Kämpfelbach,,Raffaelo Federico,Raffaelo Federico,PBDC Kämpfelbach,PBDC Kämpfelbach,12
n:rainer seemann|PBC Schwäbisch Hall,,Rainer Seemann (PBC Schwäbisch Hall),Rainer Seemann,PBC Schwäbisch Hall,PBC Schwäbisch Hall 2,12
n:reinhold bayer|BC Ludwigsburg,,Reinhold Bayer,Reinhold Bayer,BC Ludwigsburg,BC Ludwigsburg 2,12
n:richard rössler|Fastbreakers Karlsruhe,,Richard Rößler (Fastbreakers Karlsruhe),Richard Rößler,Fastbreakers Karlsruhe,Fastbreakers Karlsruhe | Fastbreakers Karlsruhe 2,12
n:roland lindauer|PBC Waldbronn-Karlsbad,,Roland  Lindauer (PBC Waldbronn-Karlsbad),Roland  Lindauer,PBC Waldbronn-Karlsbad,PBC Waldbronn-Karlsbad 4,12
n:rolf alex|CC Karlsruhe,,Rolf Alex,Rolf Alex,CC Karlsruhe,CC Karlsruhe,12
n:roman holzhauser|PBC Sand,,Roman Holzhauser (PBC Sand),Roman Holzhauser,PBC Sand,PBC Sand 2,12
n:sabine günter|BC Weingarten,,Sabine Günter,Sabine Günter,BC Weingarten,BC Weingarten 4,12
n:sabine hort|BV Pforzheim,,Sabine Hort (BV Pforzheim),Sabine Hort,BV Pforzheim,BV Pforzheim 2,12
n:sebastian gähler|BSV Konstanz,,Sebastian Gähler,Sebastian Gähler,BSV Konstanz,BSV Konstanz,12
n:stefan bätzler|Bühler SBC,,Stefan Bätzler (Bühler SBC),Stefan Bätzler,Bühler SBC,Bühler SBC,12
n:stefan herzer|PBC Schwäbisch Gmünd,,Stefan Herzer (PBC Schwäbisch Gmünd),Stefan Herzer,PBC Schwäbisch Gmünd,PBC Schwäbisch Gmünd 2,12
n:steffen joos|BSV Tiengen,,Steffen Joos (BSV Tiengen),Steffen Joos,BSV Tiengen,BSV Tiengen | BSV Tiengen 2,12
p:103803,103803,Steffen Röschinger,Steffen Röschinger,BBC Plochingen,BBC Plochingen 2,12
n:sven kaupp|PBC Rastatt,,Sven Kaupp (PBC Rastatt),Sven Kaupp,PBC Rastatt,PBC Rastatt 2,12
p:245567,245567,Tanja Falk,Tanja Falk,BSC Göppingen,BSC Göppingen 2 | BSC Göppingen 3,12
n:thomas kramhöller|PBC Bietigheim-Bissingen,,Thomas Kramhöller (PBC Bietigheim-Bissingen),Thomas Kramhöller,PBC Bietigheim-Bissingen,PBC Bietigheim-Bissingen,12
p:368682,368682,Tilman Rivinius,Tilman Rivinius,PBV Schwetzingen,PBV Schwetzingen 5 | PBV Schwetzingen 7 | PBV Schwetzingen 8,12
n:timo nittel|BV Pforzheim,,Timo Nittel,Timo Nittel,BV Pforzheim,BV Pforzheim 3 | BV Pforzheim 4,12
p:368839,368839,Viet Anh Nguyen,Viet Anh Nguyen,BBV Mannheim,BBV Mannheim 1 | BBV Mannheim 2,12
n:volkmar lorenz|PBC Schwäbisch Gmünd,,Volkmar Lorenz (PBC Schwäbisch Gmünd),Volkmar Lorenz,PBC Schwäbisch Gmünd,PBC Schwäbisch Gmünd 2,12
n:walter riebeling|PBC Sand,,Walter Riebeling (PBC Sand),Walter Riebeling,PBC Sand,PBC Sand 2,12
p:369055,369055,Yahya Bouchikhi,Yahya Bouchikhi,P&S Denzlingen,P&S Denzlingen 2,12
p:355903,355903,Anil Celikbilek,Anil Celikbilek,PBC Pfedelbach,PBC Pfedelbach 1 | PBC Pfedelbach 2,11
n:cyrus naimi|BSV Pfullingen,,Cyrus Naimi,Cyrus Naimi,BSV Pfullingen,BSV Pfullingen 3 | BSV Pfullingen 4,11
n:elke thomas|BSC Mannheim,,Elke Thomas,Elke Thomas,BSC Mannheim,BSC Mannheim 2,11
n:fabian danner|BSV Nürtingen,,Fabian Danner (BSV Nürtingen),Fabian Danner,BSV Nürtingen,BSV Nürtingen 6,11
n:felix fabry|BSV Nürtingen,,Felix Fabry (BSV Nürtingen),Felix Fabry,BSV Nürtingen,BSV Nürtingen 3 | BSV Nürtingen 6,11
n:francesco miccoli|BC Ludwigsburg,,Francesco Miccoli,Francesco Miccoli,BC Ludwigsburg,BC Ludwigsburg 3,11
n:giridhar chalamcharla|CC Karlsruhe,,Giridhar Chalamcharla,Giridhar Chalamcharla,CC Karlsruhe,CC Karlsruhe 2 | CC Karlsruhe 3,11
p:252672,252672,Hartmut Jäggle,Hartmut Jäggle,,,11
p:368840,368840,Hasanian Altamermi,Hasanian Altamermi,JS Mingolsheim,JS Mingolsheim 3 | JS Mingolsheim 4,11
p:368625,368625,Ilona Proissl,Ilona Proissl,Pool Knights Bensheim,Pool Knights Bensheim 3 | Pool Knights Bensheim 4,11
p:368511,368511,Ismail Hileh,Ismail Hileh,PBC Reutlingen,PBC Reutlingen 3,11
p:369066,369066,Izet Nokic,Izet Nokic,BF Bronnen,BF Bronnen 1,11
p:368456,368456,Janis Lenz,Janis Lenz,BBV Mannheim,BBV Mannheim 3,11
n:jochen köhler|PBC Fr. Lampertheim,,Jochen Köhler (PBC Fr. Lampertheim),Jochen Köhler,PBC Fr. Lampertheim,PBC Fr. Lampertheim 3,11
p:350713,350713,Jonas Entenmann,Jonas Entenmann,Tübinger BC,Tübinger BC 2,11
n:jörg mader|BSV Nürtingen,,Jörg Mader,Jörg Mader,BSV Nürtingen,BSV Nürtingen 4,11
n:marcel drischel|PF Calw,,Marcel Drischel,Marcel Drischel,PF Calw,PF Calw 4,11
n:marcus krakowsky|PBC Trossingen,,Marcus Krakowsky,Marcus Krakowsky,PBC Trossingen,PBC Trossingen 2,11
p:368151,368151,Mario Jurica,Mario Jurica,PBDC Kämpfelbach,PBDC Kämpfelbach 1,11
p:368937,368937,Mauro Di Gennaro,Mauro Di Gennaro,JS Mingolsheim,JS Mingolsheim 3 | JS Mingolsheim 4,11
p:353758,353758,Michael Leonhard,Michael Leonhard,BBV Mannheim,BBV Mannheim 1 | BBV Mannheim 2 | BBV Mannheim 3,11
n:michael leupolz|BC Weingarten,,Michael Leupolz (BC Weingarten),Michael Leupolz,BC Weingarten,BC Weingarten | BC Weingarten 4,11
p:244751,244751,Michael Sdrzallek,Michael Sdrzallek,BSV Filderstadt,BSV Filderstadt 4,11
n:mladen milicevic|PBC Offenburg,,Mladen Milicevic,Mladen Milicevic,PBC Offenburg,PBC Offenburg 2 | PBC Offenburg 3,11
p:368457,368457,Niklas Materia,Niklas Materia,BBV Mannheim,BBV Mannheim 3,11
p:368003,368003,Nikolaos Michailidis,Nikolaos Michailidis,BSV Filderstadt,BSV Filderstadt 4 | BSV Filderstadt 5,11
n:ovidiu jompan|BSC Göppingen,,Ovidiu Jompan,Ovidiu Jompan,BSC Göppingen,BSC Göppingen,11
p:368399,368399,Peter Mielke,Peter Mielke,Mannheimer BF,Mannheimer BF 4,11
n:ronald blöchle|PBC Freudenstadt,,Ronald Blöchle,Ronald Blöchle,PBC Freudenstadt,PBC Freudenstadt 3 | PBC Freudenstadt 4,11
p:101210,101210,Ruben Frick,Ruben Frick,,,11
p:368390,368390,Sebastian König,Sebastian König,BC Sindelfingen,BC Sindelfingen 8,11
n:simon dupper|BV Villingen-Schwenningen,,Simon Dupper,Simon Dupper,BV Villingen-Schwenningen,BV Villingen-Schwenningen,11
n:suna brunnemer|Jump Shot Mingolsheim,,Suna Brunnemer,Suna Brunnemer,Jump Shot Mingolsheim,Jump Shot Mingolsheim 3,11
n:thomas haas|BSC Göppingen,,Thomas  Haas,Thomas  Haas,BSC Göppingen,BSC Göppingen | BSC Göppingen 2,11
n:thomas wilczek|BV Backnang/Welzheim,,Thomas Wilczek (BV Backnang/Welzheim),Thomas Wilczek,BV Backnang/Welzheim,BV Backnang/Welzheim,11
n:thorsten goetzke|Bühler SBC,,Thorsten Goetzke,Thorsten Goetzke,Bühler SBC,Bühler SBC,11
n:thorsten schmieder|Bühler SBC,,Thorsten Schmieder,Thorsten Schmieder,Bühler SBC,Bühler SBC,11
p:368911,368911,Tobias Simmon,Tobias Simmon,Pool Knights Bensheim,Pool Knights Bensheim 3,11
p:100966,100966,Wolfgang Ehni,Wolfgang Ehni,BC Dreiländereck,BC Dreiländereck 2,11
p:104252,104252,Achim Schwab,Achim Schwab,PP Karlsbad,PP Karlsbad 2,10
p:355184,355184,Ahad Suleimanjar,Ahad Suleimanjar,BV Markdorf,BV Markdorf 2,10
n:alexander baur|PBC Bad Saulgau,,Alexander Baur (PBC Bad Saulgau),Alexander Baur,PBC Bad Saulgau,PBC Bad Saulgau 3 | PBC Bad Saulgau 5,10
p:104656,104656,Alexander Eck,Alexander Eck,BC Sindelfingen,BC Sindelfingen 2,10
n:alexander fischer|BC Weingarten,,Alexander Fischer (BC Weingarten),Alexander Fischer,BC Weingarten,BC Weingarten 4,10
n:alexander srp|BC Feuersee,,Alexander Srp (BC Feuersee),Alexander Srp,BC Feuersee,BC Feuersee,10
p:100814,100814,Alfredo Di Perna,Alfredo Di Perna,BSV Filderstadt,BSV Filderstadt 2,10
n:andrea frommknecht|BC Weingarten,,Andrea Frommknecht,Andrea Frommknecht,BC Weingarten,BC Weingarten 2,10
n:andreas schoknecht|PBC Bietigheim-Bissingen,,Andreas Schoknecht (PBC Bietigheim-Bissingen),Andreas Schoknecht,PBC Bietigheim-Bissingen,PBC Bietigheim-Bissingen 2 | PBC Bietigheim-Bissingen 3,10
p:368829,368829,Anja Gaßmann,Anja Gaßmann,BF Weinheim-Viernheim,BF Weinheim-Viernheim 3 | BF Weinheim-Viernheim 4,10
n:anton skalistiras|PBC Waldbronn-Karlsbad,,Anton Skalistiras (PBC Waldbronn-Karlsbad),Anton Skalistiras,PBC Waldbronn-Karlsbad,PBC Waldbronn-Karlsbad,10
n:antonio bello|BSV Filderstadt,,Antonio Bello,Antonio Bello,BSV Filderstadt,BSV Filderstadt 3,10
n:arman rasoli|PBC Bad Saulgau,,Arman Rasoli (PBC Bad Saulgau),Arman Rasoli,PBC Bad Saulgau,PBC Bad Saulgau 5 | PBC Bad Saulgau 6 | PBC Bad Saulgau 7,10
n:asghar ghashghaie|BSV Pfullingen,,Asghar Ghashghaie,Asghar Ghashghaie,BSV Pfullingen,BSV Pfullingen 3,10
p:242924,242924,Barbaros Tokbas,Barbaros Tokbas,PBC Schwäbisch Gmünd,PBC Schwäbisch Gmünd 2,10
n:benjamin andreas ropertz|BC Feuersee Ludwigsburg,,Benjamin Andreas Ropertz,Benjamin Andreas Ropertz,BC Feuersee Ludwigsburg,BC Feuersee Ludwigsburg 2,10
n:birol caliskan|Fastbreakers Karlsruhe,,Birol Caliskan (Fastbreakers Karlsruhe),Birol Caliskan,Fastbreakers Karlsruhe,Fastbreakers Karlsruhe 2,10
n:christoph tropschuh|BBC Plochingen,,Christoph Tropschuh (BBC Plochingen),Christoph Tropschuh,BBC Plochingen,BBC Plochingen,10
n:daniel hannusch|BSV Filderstadt,,Daniel Hannusch,Daniel Hannusch,BSV Filderstadt,BSV Filderstadt 2,10
p:353157,353157,Daniel Naumann,Daniel Naumann,BSC St. Georgen,BSC St. Georgen 1,10
n:dany baron|PP Böblingen,,Dany Baron (PP Böblingen),Dany Baron,PP Böblingen,PP Böblingen,10
n:david geimer|BC Dallau,,David Geimer,David Geimer,BC Dallau,BC Dallau 5,10
n:draoui el mokhtar|BV Pforzheim,,Draoui El Mokhtar (BV Pforzheim),Draoui El Mokhtar,BV Pforzheim,BV Pforzheim 4,10
n:eugen spähn|PBC Ochsenhausen,,Eugen Spähn (PBC Ochsenhausen),Eugen Spähn,PBC Ochsenhausen,PBC Ochsenhausen,10
n:fabian geiger|PBV Schwetzingen,,Fabian Geiger,Fabian Geiger,PBV Schwetzingen,PBV Schwetzingen 5,10
n:fabio sciuto|Fastbreakers Karlsruhe,,Fabio Sciuto,Fabio Sciuto,Fastbreakers Karlsruhe,Fastbreakers Karlsruhe 2,10
n:felix kärcher|Poolsharks Bruchsal,,Felix Kärcher,Felix Kärcher,Poolsharks Bruchsal,Poolsharks Bruchsal 2,10
n:franjo antunovic|SBSC Denkendorf,,Franjo Antunovic (SBSC Denkendorf),Franjo Antunovic,SBSC Denkendorf,SBSC Denkendorf 3,10
n:gerald greene|PBC Pfedelbach,,Gerald Greene (PBC Pfedelbach),Gerald Greene,PBC Pfedelbach,PBC Pfedelbach 2,10
p:351620,351620,Goran Antunovic,Goran Antunovic,Tübinger BC,Tübinger BC 1 | Tübinger BC 2,10
n:hannes simon|Heidenheimer BC,,Hannes Simon,Hannes Simon,Heidenheimer BC,Heidenheimer BC 3,10
n:harald preuss|PBC Bad Saulgau,,Harald Preuß,Harald Preuß,PBC Bad Saulgau,PBC Bad Saulgau 4 | PBC Bad Saulgau 5,10
p:367922,367922,Heiko Schmeil,Heiko Schmeil,BSC Göppingen,BSC Göppingen 2,10
p:355894,355894,Henrique Barbosa,Henrique Barbosa,BSV Pfullingen,BSV Pfullingen 3 | BSV Pfullingen 4,10
p:368897,368897,Isabelle Hülskötter,Isabelle Hülskötter,,,10
n:jan weber|BSV Filderstadt,,Jan Weber (BSV Filderstadt),Jan Weber,BSV Filderstadt,BSV Filderstadt 3,10
n:janosch kersten|PBV Schwetzingen,,Janosch Kersten,Janosch Kersten,PBV Schwetzingen,PBV Schwetzingen | PBV Schwetzingen 2,10
n:jutta klaussner|CC Karlsruhe,,Jutta Klaussner,Jutta Klaussner,CC Karlsruhe,CC Karlsruhe 4,10
n:jörg brenner|BC Breakers Knittlingen,,Jörg Brenner,Jörg Brenner,BC Breakers Knittlingen,BC Breakers Knittlingen 2,10
n:jürgen klatt|BC Feuersee Ludwigsburg,,Jürgen Klatt (BC Feuersee Ludwigsburg),Jürgen Klatt,BC Feuersee Ludwigsburg,BC Feuersee Ludwigsburg 2,10
p:250917,250917,Ludwig Sandrik,Ludwig Sandrik,PBV Rottweil,PBV Rottweil 2,10
p:353668,353668,Manuel Schröder,Manuel Schröder,BC Feuersee,BC Feuersee 3,10
p:368581,368581,Marcin Rossa,Marcin Rossa,BSV Pfullingen,BSV Pfullingen 5,10
p:368284,368284,Marco Paletta,Marco Paletta,P&S Denzlingen,P&S Denzlingen 2 | P&S Denzlingen 3,10
n:marek adam|PBC Waghäusel,,Marek Adam (PBC Waghäusel),Marek Adam,PBC Waghäusel,PBC Waghäusel | PBC Waghäusel 2,10
p:368578,368578,Marian Lacatus,Marian Lacatus,BC Dallau,BC Dallau 3,10
n:mark epple|PF Calw,,Mark Epple (PF Calw),Mark Epple,PF Calw,PF Calw 4,10
n:martin kögel|PBC Rastatt,,Martin Kögel,Martin Kögel,PBC Rastatt,PBC Rastatt 2,10
n:mathias frey|P&S Denzlingen,,Mathias Frey (P&S Denzlingen),Mathias Frey,P&S Denzlingen,P&S Denzlingen 3,10
n:mathias klaus|P&S Denzlingen,,Mathias Klaus,Mathias Klaus,P&S Denzlingen,P&S Denzlingen 2,10
n:matthias ludersdorfer|Tübinger BC,,Matthias Ludersdorfer (Tübinger BC),Matthias Ludersdorfer,Tübinger BC,Tübinger BC 2,10
n:maximilien koch|PBC Offenburg,,Maximilien Koch,Maximilien Koch,PBC Offenburg,PBC Offenburg 3,10
n:michael füess|BC Sindelfingen,,Michael Füess (BC Sindelfingen),Michael Füess,BC Sindelfingen,BC Sindelfingen 2 | BC Sindelfingen 3,10
n:michaeli karipidis|BC Neckarsulm,,Michaeli Karipidis (BC Neckarsulm),Michaeli Karipidis,BC Neckarsulm,BC Neckarsulm 2,10
n:michaeli karipidis|PBC Pfedelbach,,Michaeli Karipidis (PBC Pfedelbach),Michaeli Karipidis,PBC Pfedelbach,PBC Pfedelbach | PBC Pfedelbach 2,10
n:michal radwan|BULL Leonberg-Höfingen,,Michal Radwan (BULL Leonberg-Höfingen),Michal Radwan,BULL Leonberg-Höfingen,BULL Leonberg-Höfingen 2,10
n:nils dannhauer|BC Feuersee,,Nils Dannhauer (BC Feuersee),Nils Dannhauer,BC Feuersee,BC Feuersee,10
p:100599,100599,Oezer Bulunmaz,Oezer Bulunmaz,BV Pforzheim,BV Pforzheim 1,10
n:olaf arnold|BC Weingarten,,Olaf Arnold,Olaf Arnold,BC Weingarten,BC Weingarten,10
n:oliver grimm|PBC Freudenstadt,,Oliver Grimm,Oliver Grimm,PBC Freudenstadt,PBC Freudenstadt,10
n:petra braun|BC Ludwigsburg,,Petra Braun (BC Ludwigsburg),Petra Braun,BC Ludwigsburg,BC Ludwigsburg,10
p:368784,368784,Phillip Woods,Phillip Woods,PBC Offenburg,PBC Offenburg 3,10
n:pietro calo|BC Weingarten,,Pietro Calo (BC Weingarten),Pietro Calo,BC Weingarten,BC Weingarten 3,10
n:ralf kempermann|Poolsharks Bruchsal,,Ralf Kempermann (Poolsharks Bruchsal),Ralf Kempermann,Poolsharks Bruchsal,Poolsharks Bruchsal 2,10
n:ralf nimtz|BSC Mannheim,,Ralf Nimtz,Ralf Nimtz,BSC Mannheim,BSC Mannheim | BSC Mannheim 2,10
n:ralph stegmüller|BC Feuersee Ludwigsburg,,Ralph Stegmüller,Ralph Stegmüller,BC Feuersee Ludwigsburg,BC Feuersee Ludwigsburg 2,10
n:romina kobelt|BSV Nürtingen,,Romina Kobelt,Romina Kobelt,BSV Nürtingen,BSV Nürtingen 4,10
p:367949,367949,Savvas Kourpanidis,Savvas Kourpanidis,BC Sindelfingen,BC Sindelfingen 2,10
n:sebastian oswald|BSV Pfullingen,,Sebastian Oswald (BSV Pfullingen),Sebastian Oswald,BSV Pfullingen,BSV Pfullingen 4,10
n:soner öz|PP Böblingen,,Soner  Öz,Soner  Öz,PP Böblingen,PP Böblingen 2,10
p:101838,101838,Stefan Herms,Stefan Herms,PBC Bräunlingen,PBC Bräunlingen 2,10
p:102928,102928,Stephan Maier,Stephan Maier,TV Cannstatt,TV Cannstatt 1 | TV Cannstatt 2,10
n:sven kaupp|Fastbreakers Karlsruhe,,Sven Kaupp (Fastbreakers Karlsruhe),Sven Kaupp,Fastbreakers Karlsruhe,Fastbreakers Karlsruhe 2,10
n:sven wezstein|PBC Bietigheim-Bissingen,,Sven Wezstein (PBC Bietigheim-Bissingen),Sven Wezstein,PBC Bietigheim-Bissingen,PBC Bietigheim-Bissingen 2 | PBC Bietigheim-Bissingen 3,10
n:thomas stoll|BSV Nürtingen,,Thomas Stoll (BSV Nürtingen),Thomas Stoll,BSV Nürtingen,BSV Nürtingen 5,10
p:105087,105087,Thomas Wochner,Thomas Wochner,P&S Denzlingen,P&S Denzlingen 2,10
p:368724,368724,Thorsten Späth,Thorsten Späth,Mannheimer BF,Mannheimer BF 5,10
p:369027,369027,Tien Tan Nguyen,Tien Tan Nguyen,BC Stuttgart 1891,BC Stuttgart 1891 3,10
n:timm urschinger|BSV Tiengen,,Timm Urschinger (BSV Tiengen),Timm Urschinger,BSV Tiengen,BSV Tiengen,10
p:103509,103509,Tobias Petter,Tobias Petter,BC Aalen,BC Aalen 3 | BC Aalen 4,10
n:vedran rako|BULL Leonberg-Höfingen,,Vedran Rako (BULL Leonberg-Höfingen),Vedran Rako,BULL Leonberg-Höfingen,BULL Leonberg-Höfingen 2,10
p:167821,167821,Veit Heller,Veit Heller,Mannheimer BF,Mannheimer BF 2,10
n:volker gutzeit|SBSC Denkendorf,,Volker Gutzeit (SBSC Denkendorf),Volker Gutzeit,SBSC Denkendorf,SBSC Denkendorf 3,10
p:242978,242978,Wasilios Kagelidis,Wasilios Kagelidis,PP Böblingen,PP Böblingen 2 | PP Böblingen 3,10
n:wilhelm schaier|PBDC Kämpfelbach,,Wilhelm Schaier (PBDC Kämpfelbach),Wilhelm Schaier,PBDC Kämpfelbach,PBDC Kämpfelbach,10
n:yannick redl|PBC Rastatt,,Yannick Redl (PBC Rastatt),Yannick Redl,PBC Rastatt,PBC Rastatt 2,10
p:368507,368507,Zeeshan Khan,Zeeshan Khan,PBC Ochsenhausen,PBC Ochsenhausen 2,10
n:adrian weller|BSV Nürtingen,,Adrian Weller (BSV Nürtingen),Adrian Weller,BSV Nürtingen,BSV Nürtingen 6,9
p:369014,369014,Alexandru-Nicolae Baniceru,Alexandru-Nicolae Baniceru,BC Stuttgart 1891,BC Stuttgart 1891 4,9
n:andreas schmid|PBC Nagoldtal,,Andreas Schmid (PBC Nagoldtal),Andreas Schmid,PBC Nagoldtal,PBC Nagoldtal 3 | PBC Nagoldtal 4,9
n:andrei deliman|PP Böblingen,,Andrei Deliman (PP Böblingen),Andrei Deliman,PP Böblingen,PP Böblingen,9
n:benjamin heck|BSG Albstadt,,Benjamin Heck (BSG Albstadt),Benjamin Heck,BSG Albstadt,BSG Albstadt | BSG Albstadt 2,9
p:368894,368894,Christian Di Lella,Christian Di Lella,BC Stuttgart 1891,BC Stuttgart 1891 3,9
n:christian lata|BSC Göppingen,,Christian Lata,Christian Lata,BSC Göppingen,BSC Göppingen 2 | BSC Göppingen 3,9
p:369114,369114,Cuma Seker,Cuma Seker,BBV Mannheim,BBV Mannheim 2,9
n:daniel klapper|PBC Nagoldtal,,Daniel Klapper (PBC Nagoldtal),Daniel Klapper,PBC Nagoldtal,PBC Nagoldtal 3,9
p:368773,368773,Dragan Pajovic,Dragan Pajovic,BC Sindelfingen,BC Sindelfingen 7 | BC Sindelfingen 8,9
p:369167,369167,Dusan Livaja,Dusan Livaja,PBC Ochsenhausen,PBC Ochsenhausen 3,9
n:friedrich kamuf|BF Bruchsal,,Friedrich Kamuf,Friedrich Kamuf,BF Bruchsal,BF Bruchsal 2 | BF Bruchsal 3,9
n:gerrit heinecke|BV Backnang/Welzheim,,Gerrit Heinecke,Gerrit Heinecke,BV Backnang/Welzheim,BV Backnang/Welzheim,9
n:goran antunovic|Tübinger BC,,Goran Antunovic (Tübinger BC),Goran Antunovic,Tübinger BC,Tübinger BC | Tübinger BC 3,9
n:günther deckenbach|SBSC Denkendorf,,Günther Deckenbach,Günther Deckenbach,SBSC Denkendorf,SBSC Denkendorf 3,9
n:harald thomas|PBC Fr. Lampertheim,,Harald Thomas,Harald Thomas,PBC Fr. Lampertheim,PBC Fr. Lampertheim 3,9
n:hüsamettin tunbek|BBV Mannheim,,Hüsamettin Tunbek,Hüsamettin Tunbek,BBV Mannheim,BBV Mannheim 4,9
n:janina benzinger|BC Ludwigsburg,,Janina Benzinger (BC Ludwigsburg),Janina Benzinger,BC Ludwigsburg,BC Ludwigsburg 5,9
n:jörg lingl|PBC Ochsenhausen,,Jörg Lingl (PBC Ochsenhausen),Jörg Lingl,PBC Ochsenhausen,PBC Ochsenhausen 2,9
n:jürgen brunner|PBC Pfedelbach,,Jürgen Brunner,Jürgen Brunner,PBC Pfedelbach,PBC Pfedelbach 2,9
n:katharina wieczorek|BC Dallau,,Katharina Wieczorek,Katharina Wieczorek,BC Dallau,BC Dallau 5,9
n:kathrin karwath|BSV Nürtingen,,Kathrin Karwath (BSV Nürtingen),Kathrin Karwath,BSV Nürtingen,BSV Nürtingen 6,9
p:369131,369131,Lukas Heinz,Lukas Heinz,JS Mingolsheim,JS Mingolsheim 3 | JS Mingolsheim 4,9
n:manfred hess|BC Sindelfingen,,Manfred Hess (BC Sindelfingen),Manfred Hess,BC Sindelfingen,BC Sindelfingen 3,9
n:martin korbar|PBC Schwäbisch-Hall,,Martin Korbar (PBC Schwäbisch-Hall),Martin Korbar,PBC Schwäbisch-Hall,PBC Schwäbisch-Hall 2,9
n:michael martini|BSV Pfullingen,,Michael Martini (BSV Pfullingen),Michael Martini,BSV Pfullingen,BSV Pfullingen 4,9
p:369006,369006,Michael Rozmann,Michael Rozmann,PBC Rastatt,PBC Rastatt 3,9
p:368509,368509,Minh Tien Vo,Minh Tien Vo,Tübinger BC,Tübinger BC 1,9
n:mohsen abbas-kashi|PBV Schwetzingen,,Mohsen Abbas-Kashi,Mohsen Abbas-Kashi,PBV Schwetzingen,PBV Schwetzingen 4,9
p:369024,369024,Nikolai Lupena,Nikolai Lupena,BSC Göppingen,BSC Göppingen 3,9
p:368143,368143,Oliver Nies,Oliver Nies,BC Dallau,BC Dallau 3,9
n:ralf koppenhöfer|CC Karlsruhe,,Ralf Koppenhöfer (CC Karlsruhe),Ralf Koppenhöfer,CC Karlsruhe,CC Karlsruhe 4,9
p:368040,368040,Rico Horst,Rico Horst,PBC Bad Saulgau,PBC Bad Saulgau 3,9
n:sebastian denuell|BC Feuersee Leonberg,,Sebastian Denuell,Sebastian Denuell,BC Feuersee Leonberg,BC Feuersee Leonberg,9
n:sebastian schweyer|BSC Mannheim,,Sebastian Schweyer,Sebastian Schweyer,BSC Mannheim,BSC Mannheim,9
n:sebastian schöffer|PF Calw,,Sebastian Schöffer (PF Calw),Sebastian Schöffer,PF Calw,PF Calw 4,9
p:369019,369019,Stefan Schilling,Stefan Schilling,PBV Schwetzingen,PBV Schwetzingen 9,9
p:100645,100645,Thomas Vincenzo Campo,Thomas Vincenzo Campo,PP Karlsbad,PP Karlsbad 1,9
n:wahib jaradat|Tübinger BC,,Wahib Jaradat,Wahib Jaradat,Tübinger BC,Tübinger BC 3,9
p:368650,368650,Zeki-Kaan Koyun,Zeki-Kaan Koyun,PBC Bräunlingen,PBC Bräunlingen 2,9
n:achim schwab|PP Karlsbad,,Achim Schwab (PP Karlsbad),Achim Schwab,PP Karlsbad,PP Karlsbad 3,8
n:alexander garmatz|PBC Bad Saulgau,,Alexander Garmatz (PBC Bad Saulgau),Alexander Garmatz,PBC Bad Saulgau,PBC Bad Saulgau 2,8
p:368376,368376,Alexandros Satrazanis,Alexandros Satrazanis,BSC Göppingen,BSC Göppingen 1,8
n:alfred pfaff|Fastbreakers Karlsruhe,,Alfred Pfaff (Fastbreakers Karlsruhe),Alfred Pfaff,Fastbreakers Karlsruhe,Fastbreakers Karlsruhe 2,8
n:andreas greitmann|BC Unterteuringen,,Andreas Greitmann (BC Unterteuringen),Andreas Greitmann,BC Unterteuringen,BC Unterteuringen,8
n:andreas horn|BSG Albstadt,,Andreas Horn (BSG Albstadt),Andreas Horn,BSG Albstadt,BSG Albstadt | BSG Albstadt 2,8
n:andreas jeschka|PBC Reutlingen,,Andreas Jeschka (PBC Reutlingen),Andreas Jeschka,PBC Reutlingen,PBC Reutlingen | PBC Reutlingen 2,8
n:andreas sattler|PBC Pfedelbach,,Andreas Sattler (PBC Pfedelbach),Andreas Sattler,PBC Pfedelbach,PBC Pfedelbach,8
p:105093,105093,Andreas Wolf,Andreas Wolf,PBC Freudenstadt,PBC Freudenstadt 2 | PBC Freudenstadt 3 | PBC Freudenstadt 4,8
n:athanassios psimenidis|BA Nürtingen,,Athanassios Psimenidis (BA Nürtingen),Athanassios Psimenidis,BA Nürtingen,BA Nürtingen,8
n:athanassios psimenidis|BSV Filderstadt,,Athanassios Psimenidis (BSV Filderstadt),Athanassios Psimenidis,BSV Filderstadt,BSV Filderstadt 2,8
n:benjamin busse|PBC Waldbronn-Karlsbad,,Benjamin Busse (PBC Waldbronn-Karlsbad),Benjamin Busse,PBC Waldbronn-Karlsbad,PBC Waldbronn-Karlsbad 3,8
n:benno amann|BC Unterteuringen,,Benno Amann (BC Unterteuringen),Benno Amann,BC Unterteuringen,BC Unterteuringen,8
p:368758,368758,Bernd Wasserrab,Bernd Wasserrab,Pool Knights Bensheim,Pool Knights Bensheim 3,8
n:bernhard block|BSC Mannheim,,Bernhard Block,Bernhard Block,BSC Mannheim,BSC Mannheim,8
n:bernhard gneiting|BSV Nürtingen,,Bernhard Gneiting (BSV Nürtingen),Bernhard Gneiting,BSV Nürtingen,BSV Nürtingen 6,8
p:100600,100600,Celal Bulut,Celal Bulut,BV Markdorf,BV Markdorf 2,8
n:charalampos antonogiorgakis|BULL Leonberg-Höfingen,,Charalampos Antonogiorgakis (BULL Leonberg-Höfingen),Charalampos Antonogiorgakis,BULL Leonberg-Höfingen,BULL Leonberg-Höfingen 3,8
n:christian endres|BULL Leonberg-Höfingen,,Christian Endres (BULL Leonberg-Höfingen),Christian Endres,BULL Leonberg-Höfingen,BULL Leonberg-Höfingen,8
p:369214,369214,Claudio Severino,Claudio Severino,Tübinger BC,Tübinger BC | Tübinger BC 3,8
n:cornelius ryan|Tübinger BC,,Cornelius Ryan (Tübinger BC),Cornelius Ryan,Tübinger BC,Tübinger BC 2,8
p:226928,226928,Dandy Kohlhaw,Dandy Kohlhaw,PBC Fr. Lampertheim,PBC Fr. Lampertheim 1,8
p:356080,356080,Daniel Fleischmann,Daniel Fleischmann,BC Feuersee,BC Feuersee 3,8
n:daniel la cognata|PBC Freudenstadt,,Daniel La Cognata (PBC Freudenstadt),Daniel La Cognata,PBC Freudenstadt,PBC Freudenstadt 4,8
n:daniel stohler|BSV Tiengen,,Daniel Stohler (BSV Tiengen),Daniel Stohler,BSV Tiengen,BSV Tiengen,8
n:david berkemeyer|BC Feuersee,,David Berkemeyer (BC Feuersee),David Berkemeyer,BC Feuersee,BC Feuersee,8
n:denis maric|BC Sindelfingen,,Denis Maric (BC Sindelfingen),Denis Maric,BC Sindelfingen,BC Sindelfingen 5,8
n:dietmar lübke|BSV Nürtingen,,Dietmar Lübke (BSV Nürtingen),Dietmar Lübke,BSV Nürtingen,BSV Nürtingen 5,8
p:354741,354741,Eckart Schmidt,Eckart Schmidt,BC Dätzingen,BC Dätzingen 2 | BC Dätzingen 3,8
p:368496,368496,Edis Eminovic,Edis Eminovic,BC Sindelfingen,BC Sindelfingen 7,8
p:368495,368495,Enis Eminovic,Enis Eminovic,BC Sindelfingen,BC Sindelfingen 7,8
n:erkan karakaplan|BC Ludwigsburg,,Erkan Karakaplan,Erkan Karakaplan,BC Ludwigsburg,BC Ludwigsburg 2 | BC Ludwigsburg 3,8
n:ernst barran|PBC Schwäbisch Gmünd,,Ernst Barran (PBC Schwäbisch Gmünd),Ernst Barran,PBC Schwäbisch Gmünd,PBC Schwäbisch Gmünd 3,8
n:evi siddi|CC Karlsruhe,,Evi Siddi,Evi Siddi,CC Karlsruhe,CC Karlsruhe 2 | CC Karlsruhe 3,8
n:fabian rapp|BSV Pfullingen,,Fabian Rapp (BSV Pfullingen),Fabian Rapp,BSV Pfullingen,BSV Pfullingen 2 | BSV Pfullingen 3,8
p:369173,369173,Fatjon Balloshi,Fatjon Balloshi,TV Cannstatt,TV Cannstatt 4,8
n:florian hayn|BV Villingen-Schwenningen,,Florian Hayn,Florian Hayn,BV Villingen-Schwenningen,BV Villingen-Schwenningen 2,8
n:franjo antunovic|BBC Plochingen,,Franjo Antunovic (BBC Plochingen),Franjo Antunovic,BBC Plochingen,BBC Plochingen,8
n:frank wagenmann|PBC Sand,,Frank Wagenmann (PBC Sand),Frank Wagenmann,PBC Sand,PBC Sand,8
n:frank weiss|SBSC Denkendorf,,Frank Weiß (SBSC Denkendorf),Frank Weiß,SBSC Denkendorf,SBSC Denkendorf 2,8
n:freilos|BSC Waldshut,,Freilos (BSC Waldshut),Freilos,BSC Waldshut,BSC Waldshut,8
n:freilos|BV Markdorf,,Freilos (BV Markdorf),Freilos,BV Markdorf,BV Markdorf 3,8
n:freilos|Fast Breakers Karlsruhe,,Freilos (Fast Breakers Karlsruhe),Freilos,Fast Breakers Karlsruhe,Fast Breakers Karlsruhe,8
n:freilos|PBC Langenargen,,Freilos (PBC Langenargen),Freilos,PBC Langenargen,PBC Langenargen 2,8
p:102445,102445,Gerald Kny,Gerald Kny,BV Pforzheim,BV Pforzheim 1,8
p:368025,368025,Halil Seker,Halil Seker,BSV Filderstadt,BSV Filderstadt 2 | BSV Filderstadt 3,8
n:harry luxenhofer|BULL Leonberg-Höfingen,,Harry Luxenhofer (BULL Leonberg-Höfingen),Harry Luxenhofer,BULL Leonberg-Höfingen,BULL Leonberg-Höfingen | BULL Leonberg-Höfingen 3,8
p:101730,101730,Helmut Heck,Helmut Heck,PBC Rastatt,PBC Rastatt 1 | PBC Rastatt 2,8
p:350700,350700,Helmut Schröder,Helmut Schröder,BC Dätzingen,BC Dätzingen 1 | BC Dätzingen 2,8
n:ingo fehr|BC Unterteuringen,,Ingo Fehr (BC Unterteuringen),Ingo Fehr,BC Unterteuringen,BC Unterteuringen,8
n:jaqueline roll|BSV Tiengen,,Jaqueline Roll,Jaqueline Roll,BSV Tiengen,BSV Tiengen 5,8
n:joannis fountoukas|PBC Bruchsal,,Joannis Fountoukas (PBC Bruchsal),Joannis Fountoukas,PBC Bruchsal,PBC Bruchsal 2 | PBC Bruchsal 3,8
n:jochen woywodt|PBC Nagoldtal,,Jochen Woywodt,Jochen Woywodt,PBC Nagoldtal,PBC Nagoldtal 3,8
p:368740,368740,Jürgen Pallmer,Jürgen Pallmer,PBC Bruchsal,PBC Bruchsal 4,8
n:jürgen steimer|BBC Plochingen,,Jürgen Steimer (BBC Plochingen),Jürgen Steimer,BBC Plochingen,BBC Plochingen 2,8
n:klaus zobrekis|PBC Bad Saulgau,,Klaus Zobrekis (PBC Bad Saulgau),Klaus Zobrekis,PBC Bad Saulgau,PBC Bad Saulgau 2,8
p:369147,369147,Kristan Bailey,Kristan Bailey,BC Stuttgart 1891,BC Stuttgart 1891 4,8
n:kristijan drljo|BBC Plochingen,,Kristijan Drljo (BBC Plochingen),Kristijan Drljo,BBC Plochingen,BBC Plochingen,8
p:368492,368492,Kyra Ernst,Kyra Ernst,PP Karlsbad,PP Karlsbad 2,8
n:köksal albayrak|BC Dallau,,Köksal Albayrak,Köksal Albayrak,BC Dallau,BC Dallau 2 | BC Dallau 3,8
p:368513,368513,Lisa Maria Kunz,Lisa Maria Kunz,BSV Pfullingen,BSV Pfullingen 5,8
p:100799,100799,Lutz Denk,Lutz Denk,BBC Plochingen,BBC Plochingen 1,8
p:369118,369118,Lutz Steinbach,Lutz Steinbach,BV Pforzheim,BV Pforzheim 4,8
n:manuel böhm|BC Dallau,,Manuel Böhm,Manuel Böhm,BC Dallau,BC Dallau 2,8
n:marcel rossow|PBV Schwetzingen,,Marcel Rossow (PBV Schwetzingen),Marcel Rossow,PBV Schwetzingen,PBV Schwetzingen,8
n:marco klotzer|BSV Filderstadt,,Marco Klotzer (BSV Filderstadt),Marco Klotzer,BSV Filderstadt,BSV Filderstadt 4,8
n:marco seybold|PBC Bietigheim-Bissingen,,Marco Seybold (PBC Bietigheim-Bissingen),Marco Seybold,PBC Bietigheim-Bissingen,PBC Bietigheim-Bissingen 2 | PBC Bietigheim-Bissingen 3,8
n:mario bauch|Fastbreakers Karlsruhe,,Mario Bauch,Mario Bauch,Fastbreakers Karlsruhe,Fastbreakers Karlsruhe 2,8
n:mark hast|Tübinger BC,,Mark Hast (Tübinger BC),Mark Hast,Tübinger BC,Tübinger BC,8
n:markus appenowitz|BSV Filderstadt,,Markus Appenowitz (BSV Filderstadt),Markus Appenowitz,BSV Filderstadt,BSV Filderstadt 4,8
n:markus rütten|BC Dreiländereck,,Markus Rütten (BC Dreiländereck),Markus Rütten,BC Dreiländereck,BC Dreiländereck | BC Dreiländereck 2,8
n:markus schneider|BV Pforzheim,,Markus Schneider (BV Pforzheim),Markus Schneider,BV Pforzheim,BV Pforzheim 4,8
p:368830,368830,Martin Schröder,Martin Schröder,BF Weinheim-Viernheim,BF Weinheim-Viernheim 4,8
n:martin stegmann|BSC Göppingen,,Martin Stegmann,Martin Stegmann,BSC Göppingen,BSC Göppingen 2,8
n:max löhle|PBC Bad Saulgau,,Max Löhle (PBC Bad Saulgau),Max Löhle,PBC Bad Saulgau,PBC Bad Saulgau 5 | PBC Bad Saulgau 7,8
n:maximilian vogel|BSC Göppingen,,Maximilian Vogel,Maximilian Vogel,BSC Göppingen,BSC Göppingen 4,8
n:mehdi yassine|PBC Offenburg,,Mehdi Yassine,Mehdi Yassine,PBC Offenburg,PBC Offenburg 3,8
n:mustafa ciftci|PBC Pfedelbach,,Mustafa Ciftci,Mustafa Ciftci,PBC Pfedelbach,PBC Pfedelbach 2,8
n:mustafa fidan|PBC Schwäbisch-Hall,,Mustafa Fidan,Mustafa Fidan,PBC Schwäbisch-Hall,PBC Schwäbisch-Hall,8
p:368481,368481,Norbert Arnt,Norbert Arnt,Pool Knights Bensheim,Pool Knights Bensheim 3,8
n:norbert scheinpflug|BSV Tiengen,,Norbert Scheinpflug (BSV Tiengen),Norbert Scheinpflug,BSV Tiengen,BSV Tiengen 5,8
n:nuhid serifovic|BULL Leonberg-Höfingen,,Nuhid Serifovic (BULL Leonberg-Höfingen),Nuhid Serifovic,BULL Leonberg-Höfingen,BULL Leonberg-Höfingen 2,8
n:oktay aydinoglu|BV Backnang/Welzheim,,Oktay Aydinoglu (BV Backnang/Welzheim),Oktay Aydinoglu,BV Backnang/Welzheim,BV Backnang/Welzheim,8
n:rainer braun|BSV Tiengen,,Rainer Braun (BSV Tiengen),Rainer Braun,BSV Tiengen,BSV Tiengen 5,8
n:roberto d`elia|BC Unterteuringen,,Roberto D`Elia (BC Unterteuringen),Roberto D`Elia,BC Unterteuringen,BC Unterteuringen,8
p:240193,240193,Roland Möbus,Roland Möbus,CC Karlsruhe,CC Karlsruhe 2,8
n:roland scheinpflug|BSV Tiengen,,Roland Scheinpflug (BSV Tiengen),Roland Scheinpflug,BSV Tiengen,BSV Tiengen 5,8
n:roy martin|BULL Leonberg-Höfingen,,Roy Martin,Roy Martin,BULL Leonberg-Höfingen,BULL Leonberg-Höfingen,8
p:368395,368395,Sabrina Hammer,Sabrina Hammer,BC Sindelfingen,BC Sindelfingen 2,8
n:salvatore noto|PBC Waldbronn-Karlsbad,,Salvatore Noto (PBC Waldbronn-Karlsbad),Salvatore Noto,PBC Waldbronn-Karlsbad,PBC Waldbronn-Karlsbad 2,8
n:sascha vollmer|BSC Göppingen,,Sascha Vollmer,Sascha Vollmer,BSC Göppingen,BSC Göppingen 4,8
p:368855,368855,Stefan Behr,Stefan Behr,PBC Bietigheim-Bissingen,PBC Bietigheim-Bissingen 3,8
n:stefan burmeister|PBC Nagoldtal,,Stefan Burmeister (PBC Nagoldtal),Stefan Burmeister,PBC Nagoldtal,PBC Nagoldtal 3,8
n:stefan kling|BSV Weinheim,,Stefan Kling (BSV Weinheim),Stefan Kling,BSV Weinheim,BSV Weinheim 4 | BSV Weinheim 6,8
n:stefan kuhn|BSV Tiengen,,Stefan Kuhn (BSV Tiengen),Stefan Kuhn,BSV Tiengen,BSV Tiengen,8
n:steffen röschinger|SBSC Denkendorf,,Steffen Röschinger (SBSC Denkendorf),Steffen Röschinger,SBSC Denkendorf,SBSC Denkendorf 2,8
n:steffen wanner|PBC Trossingen,,Steffen Wanner,Steffen Wanner,PBC Trossingen,PBC Trossingen | PBC Trossingen 2,8
p:102661,102661,Stephan Kuka,Stephan Kuka,BV Pforzheim,BV Pforzheim 1,8
p:104342,104342,Sven Sibbus,Sven Sibbus,BV Pforzheim,BV Pforzheim 1 | BV Pforzheim 2,8
n:sven sibbus|BV Pforzheim,,Sven Sibbus (BV Pforzheim),Sven Sibbus,BV Pforzheim,BV Pforzheim 2,8
n:tankred volkmer|BV Backnang/Welzheim,,Tankred Volkmer (BV Backnang/Welzheim),Tankred Volkmer,BV Backnang/Welzheim,BV Backnang/Welzheim,8
n:thomas enge|PBC Reutlingen,,Thomas Enge (PBC Reutlingen),Thomas Enge,PBC Reutlingen,PBC Reutlingen | PBC Reutlingen 2,8
n:thorsten kupske|BC Feuersee Ludwigsburg,,Thorsten Kupske (BC Feuersee Ludwigsburg),Thorsten Kupske,BC Feuersee Ludwigsburg,BC Feuersee Ludwigsburg 2,8
p:103839,103839,Thorsten Roth,Thorsten Roth,PBV Schwetzingen,PBV Schwetzingen 8,8
n:timo rebstock|BV Villingen-Schwenningen,,Timo Rebstock,Timo Rebstock,BV Villingen-Schwenningen,BV Villingen-Schwenningen,8
n:tina vogelmann|BULL Leonberg-Höfingen,,Tina Vogelmann (BULL Leonberg-Höfingen),Tina Vogelmann,BULL Leonberg-Höfingen,BULL Leonberg-Höfingen,8
n:umut akinci|PBC Bad Saulgau,,Umut Akinci (PBC Bad Saulgau),Umut Akinci,PBC Bad Saulgau,PBC Bad Saulgau 5 | PBC Bad Saulgau 7,8
n:vincent enderlin|PBC Offenburg,,Vincent Enderlin,Vincent Enderlin,PBC Offenburg,PBC Offenburg 3,8
n:bernd streib|BSC Göppingen,,Bernd Streib,Bernd Streib,BSC Göppingen,BSC Göppingen,7
p:369016,369016,Catalin-Florin Petrescu,Catalin-Florin Petrescu,BC Stuttgart 1891,BC Stuttgart 1891 4,7
p:368999,368999,Christian Oest,Christian Oest,BBV Mannheim,BBV Mannheim 2 | BBV Mannheim 3,7
n:claudia müller|BSV Nürtingen,,Claudia Müller,Claudia Müller,BSV Nürtingen,BSV Nürtingen 4,7
n:dixi|Tübinger BC,,Dixi,Dixi,Tübinger BC,Tübinger BC,7
n:dominik schilling|PBV Schwetzingen,,Dominik Schilling,Dominik Schilling,PBV Schwetzingen,PBV Schwetzingen 5,7
n:ferhat cayli|BC Neckarsulm,,Ferhat Cayli (BC Neckarsulm),Ferhat Cayli,BC Neckarsulm,BC Neckarsulm 3,7
p:368535,368535,Joschua Bareiss,Joschua Bareiss,JS Mingolsheim,JS Mingolsheim 3,7
n:julian koten|BSV Filderstadt,,Julian Koten,Julian Koten,BSV Filderstadt,BSV Filderstadt 4 | BSV Filderstadt 6,7
p:368099,368099,Juliane Breunig,Juliane Breunig,BC Aalen,BC Aalen 5,7
n:jürgen hartmann|PBC Pfedelbach,,Jürgen Hartmann,Jürgen Hartmann,PBC Pfedelbach,PBC Pfedelbach 2,7
n:manfred kreusel|BC Neckarsulm,,Manfred Kreusel,Manfred Kreusel,BC Neckarsulm,BC Neckarsulm 4,7
p:252203,252203,Maximilian Theis,Maximilian Theis,PBC Reutlingen,PBC Reutlingen 2,7
n:michael boike|BC Ludwigsburg,,Michael Boike,Michael Boike,BC Ludwigsburg,BC Ludwigsburg 5,7
p:100617,100617,Michael Burmeister,Michael Burmeister,PBC Nagoldtal,PBC Nagoldtal 2 | PBC Nagoldtal 3,7
n:michael kling|PBC Waldbronn-Karlsbad,,Michael Kling,Michael Kling,PBC Waldbronn-Karlsbad,PBC Waldbronn-Karlsbad 4,7
p:368466,368466,Michael Sigloch,Michael Sigloch,Pool Knights Bensheim,Pool Knights Bensheim 3,7
n:michael wanjek|PBC Waghäusel,,Michael Wanjek (PBC Waghäusel),Michael Wanjek,PBC Waghäusel,PBC Waghäusel 5,7
n:mladen mesic|PBC Bruchsal,,Mladen Mesic,Mladen Mesic,PBC Bruchsal,PBC Bruchsal | PBC Bruchsal 2,7
n:olaf schwarz|BC Sindelfingen,,Olaf Schwarz (BC Sindelfingen),Olaf Schwarz,BC Sindelfingen,BC Sindelfingen 3,7
n:ralf rabold|PP Karlsbad,,Ralf Rabold (PP Karlsbad),Ralf Rabold,PP Karlsbad,PP Karlsbad 3,7
n:sandro hirn|BSV Pfullingen,,Sandro Hirn,Sandro Hirn,BSV Pfullingen,BSV Pfullingen 4 | BSV Pfullingen 5,7
n:simon pietro lombardo|Heidenheimer BC,,Simon Pietro Lombardo,Simon Pietro Lombardo,Heidenheimer BC,Heidenheimer BC 2,7
p:368712,368712,Stefanie Rudolf,Stefanie Rudolf,Mannheimer BF,Mannheimer BF 5,7
p:368936,368936,Steffen Runge,Steffen Runge,BC Feuersee,BC Feuersee 3,7
n:stephan huber|BSV Konstanz,,Stephan Huber (BSV Konstanz),Stephan Huber,BSV Konstanz,BSV Konstanz 2,7
p:103185,103185,Stephan Moser,Stephan Moser,BV Villingen-Schwenningen,BV Villingen-Schwenningen 2,7
n:tanja mader|BSV Nürtingen,,Tanja Mader,Tanja Mader,BSV Nürtingen,BSV Nürtingen 4,7
n:thomas haug|PBC Trossingen,,Thomas Haug (PBC Trossingen),Thomas Haug,PBC Trossingen,PBC Trossingen 2,7
p:354369,354369,Uwe Jansen,Uwe Jansen,Tübinger BC,Tübinger BC 3,7
p:368408,368408,Yilmaz Bulut,Yilmaz Bulut,PBC Bietigheim-Bissingen,PBC Bietigheim-Bissingen 3,7
n:zeljko stefanac|BSV Filderstadt,,Zeljko Stefanac,Zeljko Stefanac,BSV Filderstadt,BSV Filderstadt 2,7
n:abdurrahim akdag|BV Pforzheim,,Abdurrahim Akdag,Abdurrahim Akdag,BV Pforzheim,BV Pforzheim,6
p:369205,369205,Alexander Gaffal,Alexander Gaffal,TV Cannstatt,TV Cannstatt 3 | TV Cannstatt 4,6
p:244908,244908,Alexander Gohlke,Alexander Gohlke,P&S Denzlingen,P&S Denzlingen 2,6
n:alexander ragg|PBC Bräunlingen,,Alexander Ragg,Alexander Ragg,PBC Bräunlingen,PBC Bräunlingen 4,6
n:alexander sumpf|BSC Waldshut,,Alexander Sumpf,Alexander Sumpf,BSC Waldshut,BSC Waldshut,6
n:alexander weiss|BF Weinheim-Viernheim,,Alexander Weiß,Alexander Weiß,BF Weinheim-Viernheim,BF Weinheim-Viernheim 2,6
n:andre schwanhäuser|BSC St. Georgen,,Andre Schwanhäuser,Andre Schwanhäuser,BSC St. Georgen,BSC St. Georgen 2,6
n:andreas dirlewanger|PBC Bad Saulgau,,Andreas Dirlewanger (PBC Bad Saulgau),Andreas Dirlewanger,PBC Bad Saulgau,PBC Bad Saulgau 3 | PBC Bad Saulgau 4,6
n:andré hajdu|PBC Nagoldtal,,André Hajdu (PBC Nagoldtal),André Hajdu,PBC Nagoldtal,PBC Nagoldtal,6
n:azad mak|BV Backnang/Welzheim,,Azad Mak,Azad Mak,BV Backnang/Welzheim,BV Backnang/Welzheim,6
n:benedikt laux|PBV Schwetzingen,,Benedikt Laux,Benedikt Laux,PBV Schwetzingen,PBV Schwetzingen 5,6
n:cedric neugebauer|PBC Kirchheim/Teck,,Cedric Neugebauer,Cedric Neugebauer,PBC Kirchheim/Teck,PBC Kirchheim/Teck,6
n:christian götemann|CC Karlsruhe,,Christian Götemann,Christian Götemann,CC Karlsruhe,CC Karlsruhe,6
n:christian wolf|BSV Weinheim,,Christian Wolf,Christian Wolf,BSV Weinheim,BSV Weinheim,6
p:368772,368772,Dani Omar El-Rajab,Dani Omar El-Rajab,BC Sindelfingen,BC Sindelfingen 8,6
n:daniel schmid|BSV Filderstadt,,Daniel Schmid (BSV Filderstadt),Daniel Schmid,BSV Filderstadt,BSV Filderstadt 2,6
p:350088,350088,Dennis Göricke,Dennis Göricke,Tübinger BC,Tübinger BC 2,6
n:dieter braun|BC Feuersee Ludwigsburg,,Dieter Braun (BC Feuersee Ludwigsburg),Dieter Braun,BC Feuersee Ludwigsburg,BC Feuersee Ludwigsburg,6
n:dieter nass|PBC Ochsenhausen,,Dieter Naß,Dieter Naß,PBC Ochsenhausen,PBC Ochsenhausen 2,6
n:dragan vasiljevic|PF Calw,,Dragan Vasiljevic,Dragan Vasiljevic,PF Calw,PF Calw 2,6
n:emre gürbüz|PBC Bräunlingen,,Emre Gürbüz,Emre Gürbüz,PBC Bräunlingen,PBC Bräunlingen 3 | PBC Bräunlingen 4,6
p:100863,100863,Ernad Dindic,Ernad Dindic,BSV Pfullingen,BSV Pfullingen 1,6
p:160734,160734,Farhad Shahverdi,Farhad Shahverdi,BC Sindelfingen,BC Sindelfingen 3,6
p:242739,242739,Faton Dzini,Faton Dzini,PF Calw,PF Calw 2 | PF Calw 3,6
p:221451,221451,Florian Geike,Florian Geike,BV Pforzheim,BV Pforzheim 2,6
p:103085,103085,Florian Merz,Florian Merz,BC Sindelfingen,BC Sindelfingen 2,6
n:florian rericha|BV Pforzheim,,Florian Rericha,Florian Rericha,BV Pforzheim,BV Pforzheim 4,6
n:florian schwägler|PBC Freudenstadt,,Florian Schwägler (PBC Freudenstadt),Florian Schwägler,PBC Freudenstadt,PBC Freudenstadt 4,6
p:239640,239640,Francisco Loresto,Francisco Loresto,BBV Mannheim,BBV Mannheim 3,6
n:frank eisele|PBC Reutlingen,,Frank Eisele (PBC Reutlingen),Frank Eisele,PBC Reutlingen,PBC Reutlingen,6
n:frank vorauer|SBSC Denkendorf,,Frank Vorauer (SBSC Denkendorf),Frank Vorauer,SBSC Denkendorf,SBSC Denkendorf 2,6
p:164408,164408,Frank Weiß,Frank Weiß,BBC Plochingen,BBC Plochingen 1,6
n:gerald kny|BV Pforzheim,,Gerald Kny (BV Pforzheim),Gerald Kny,BV Pforzheim,BV Pforzheim,6
n:gero fähnle|BSV Filderstadt,,Gero Fähnle (BSV Filderstadt),Gero Fähnle,BSV Filderstadt,BSV Filderstadt 4,6
n:gordon fenske|PBDC Kämpfelbach,,Gordon Fenske (PBDC Kämpfelbach),Gordon Fenske,PBDC Kämpfelbach,PBDC Kämpfelbach,6
n:günther bastian|PBC Langenargen,,Günther Bastian (PBC Langenargen),Günther Bastian,PBC Langenargen,PBC Langenargen | PBC Langenargen 2,6
n:hasan orman|PBC Trossingen,,Hasan Orman,Hasan Orman,PBC Trossingen,PBC Trossingen 2,6
n:herbert kieninger|BSC St. Georgen,,Herbert Kieninger,Herbert Kieninger,BSC St. Georgen,BSC St. Georgen 2,6
n:horst adelmann|BSV Weinheim,,Horst Adelmann,Horst Adelmann,BSV Weinheim,BSV Weinheim 5 | BSV Weinheim 6,6
n:hubert kratschmann|PBC Kirchheim/Teck,,Hubert Kratschmann,Hubert Kratschmann,PBC Kirchheim/Teck,PBC Kirchheim/Teck | PBC Kirchheim/Teck 2,6
p:368905,368905,Irina Wörle,Irina Wörle,BC Sindelfingen,BC Sindelfingen 8,6
p:248468,248468,Ivan Franz,Ivan Franz,CC Karlsruhe,CC Karlsruhe 2 | CC Karlsruhe 3,6
n:ivan hodzic|PP Böblingen,,Ivan Hodzic (PP Böblingen),Ivan Hodzic,PP Böblingen,PP Böblingen,6
n:jan weber|PBC Bad Saulgau,,Jan Weber (PBC Bad Saulgau),Jan Weber,PBC Bad Saulgau,PBC Bad Saulgau 5 | PBC Bad Saulgau 6,6
n:jens butenschön|PBC Langenargen,,Jens Butenschön (PBC Langenargen),Jens Butenschön,PBC Langenargen,PBC Langenargen 2,6
n:jens todt|PBC Bietigheim-Bissingen,,Jens Todt (PBC Bietigheim-Bissingen),Jens Todt,PBC Bietigheim-Bissingen,PBC Bietigheim-Bissingen | PBC Bietigheim-Bissingen 2,6
p:354166,354166,Julian Tremmel,Julian Tremmel,BSV Konstanz,BSV Konstanz 1,6
p:104892,104892,Jürgen Weber,Jürgen Weber,Mannheimer BF,Mannheimer BF 5,6
p:369244,369244,Kagan Güler,Kagan Güler,BBV Mannheim,BBV Mannheim 3,6
n:karim gampper|BC Feuersee,,Karim Gampper (BC Feuersee),Karim Gampper,BC Feuersee,BC Feuersee,6
n:kemal elma|PP Böblingen,,Kemal Elma,Kemal Elma,PP Böblingen,PP Böblingen 2 | PP Böblingen 3,6
n:kevin kudell|BSV Filderstadt,,Kevin  Kudell,Kevin  Kudell,BSV Filderstadt,BSV Filderstadt 5,6
p:103273,103273,Klaus Mutenzer,Klaus Mutenzer,BC Blaustein,BC Blaustein 1,6
n:long werner|PBC Waldbronn-Karlsbad,,Long Werner (PBC Waldbronn-Karlsbad),Long Werner,PBC Waldbronn-Karlsbad,PBC Waldbronn-Karlsbad 4,6
n:louis hahn|BC Weingarten,,Louis Hahn,Louis Hahn,BC Weingarten,BC Weingarten 3,6
n:luigi sarullo|PBDC Kämpfelbach,,Luigi Sarullo (PBDC Kämpfelbach),Luigi Sarullo,PBDC Kämpfelbach,PBDC Kämpfelbach,6
n:lutz denk|BBC Plochingen,,Lutz Denk (BBC Plochingen),Lutz Denk,BBC Plochingen,BBC Plochingen,6
n:manfred wesemeyer|BC Weingarten,,Manfred Wesemeyer,Manfred Wesemeyer,BC Weingarten,BC Weingarten 4,6
n:marco conrad|PBC Langenargen,,Marco Conrad (PBC Langenargen),Marco Conrad,PBC Langenargen,PBC Langenargen | PBC Langenargen 2,6
n:marcus erbe|BC Sindelfingen,,Marcus Erbe,Marcus Erbe,BC Sindelfingen,BC Sindelfingen 2,6
p:103629,103629,Marcus Reber,Marcus Reber,PBC Freudenstadt,PBC Freudenstadt 2 | PBC Freudenstadt 3,6
n:markus gessinger|PBC Bietigheim-Bissingen,,Markus Geßinger (PBC Bietigheim-Bissingen),Markus Geßinger,PBC Bietigheim-Bissingen,PBC Bietigheim-Bissingen 2,6
n:markus jentsch|PBC Schwäbisch Gmünd,,Markus Jentsch (PBC Schwäbisch Gmünd),Markus Jentsch,PBC Schwäbisch Gmünd,PBC Schwäbisch Gmünd 3,6
n:markus stehle|BV Villingen-Schwenningen,,Markus Stehle (BV Villingen-Schwenningen),Markus Stehle,BV Villingen-Schwenningen,BV Villingen-Schwenningen 2,6
n:markus strauss|PBC Bad Saulgau,,Markus Strauß (PBC Bad Saulgau),Markus Strauß,PBC Bad Saulgau,PBC Bad Saulgau 2 | PBC Bad Saulgau 3,6
p:228911,228911,Martin Brunsch,Martin Brunsch,,,6
n:martin korbar|PBC Schwäbisch Hall,,Martin Korbar (PBC Schwäbisch Hall),Martin Korbar,PBC Schwäbisch Hall,PBC Schwäbisch Hall 2,6
p:367972,367972,Massimo Gabriele,Massimo Gabriele,BC Bad Schussenried,BC Bad Schussenried 2 | BC Bad Schussenried 3,6
p:368734,368734,Maximilian Hetjens,Maximilian Hetjens,Pool Knights Bensheim,Pool Knights Bensheim 1,6
n:michael merz|FB Handicap Karlsruhe,,Michael Merz,Michael Merz,FB Handicap Karlsruhe,FB Handicap Karlsruhe,6
n:michael single|Tübinger BC,,Michael Single,Michael Single,Tübinger BC,Tübinger BC 3,6
n:michael würz|BC Dallau,,Michael Würz (BC Dallau),Michael Würz,BC Dallau,BC Dallau,6
p:368704,368704,Michael Zimmermann,Michael Zimmermann,JS Mingolsheim,JS Mingolsheim 3,6
n:milos topalovic|BC Weingarten,,Milos Topalovic,Milos Topalovic,BC Weingarten,BC Weingarten 4,6
n:mustafa basaran|BSC Göppingen,,Mustafa Basaran (BSC Göppingen),Mustafa Basaran,BSC Göppingen,BSC Göppingen 2,6
n:münir aydogan|BBV Mannheim,,Münir Aydogan,Münir Aydogan,BBV Mannheim,BBV Mannheim 4 | BBV Mannheim 5,6
n:necmi kolbasar|PBSC Pforzheim,,Necmi Kolbasar (PBSC Pforzheim),Necmi Kolbasar,PBSC Pforzheim,PBSC Pforzheim,6
n:nico stein|BSV Filderstadt,,Nico Stein,Nico Stein,BSV Filderstadt,BSV Filderstadt 5,6
n:nikola mitrovic|unassigned,,Nikola Mitrovic,Nikola Mitrovic,,,6
n:norman rink|BC Dallau,,Norman Rink,Norman Rink,BC Dallau,BC Dallau | BC Dallau 2,6
p:238915,238915,Oktay Aydinoglu,Oktay Aydinoglu,BV Backnang/Welzheim,BV Backnang/Welzheim 1,6
n:oliver krieger|PBC Aalen,,Oliver Krieger (PBC Aalen),Oliver Krieger,PBC Aalen,PBC Aalen 2 | PBC Aalen 3,6
p:368705,368705,Pascal Ueltzhoffer,Pascal Ueltzhoffer,JS Mingolsheim,JS Mingolsheim 3,6
n:patrick haudek|PBV Rottweil,,Patrick Haudek (PBV Rottweil),Patrick Haudek,PBV Rottweil,PBV Rottweil 2 | PBV Rottweil 3,6
p:366907,366907,Patrick Lampert,Patrick Lampert,JS Mingolsheim,JS Mingolsheim 2 | JS Mingolsheim 3,6
n:patrick lauinger|Fastbreakers Karlsruhe,,Patrick Lauinger (Fastbreakers Karlsruhe),Patrick Lauinger,Fastbreakers Karlsruhe,Fastbreakers Karlsruhe 2,6
n:pedro lazaro|PBSC Pforzheim,,Pedro Lazaro (PBSC Pforzheim),Pedro Lazaro,PBSC Pforzheim,PBSC Pforzheim,6
n:philipp zundl|PBSV Südbaden,,Philipp Zundl,Philipp Zundl,PBSV Südbaden,PBSV Südbaden,6
n:pietro calo|BV Markdorf,,Pietro Calo (BV Markdorf),Pietro Calo,BV Markdorf,BV Markdorf | BV Markdorf 2,6
n:rachid bouchareb|PBC Offenburg,,Rachid Bouchareb,Rachid Bouchareb,PBC Offenburg,PBC Offenburg 3,6
n:rainer biedermann|BULL Leonberg-Höfingen,,Rainer Biedermann,Rainer Biedermann,BULL Leonberg-Höfingen,BULL Leonberg-Höfingen 2 | BULL Leonberg-Höfingen 3,6
n:ralf herdtfelder|BC Neckarsulm,,Ralf Herdtfelder (BC Neckarsulm),Ralf Herdtfelder,BC Neckarsulm,BC Neckarsulm 4,6
p:367994,367994,Reaven Zhang,Reaven Zhang,P&S Denzlingen,P&S Denzlingen 1 | P&S Denzlingen 2,6
p:367950,367950,Reiner Nies,Reiner Nies,BC Dallau,BC Dallau 1,6
n:richard rössler|Fast Breakers Karlsruhe,,Richard Rößler (Fast Breakers Karlsruhe),Richard Rößler,Fast Breakers Karlsruhe,Fast Breakers Karlsruhe,6
p:100319,100319,Rolf Berkowitz,Rolf Berkowitz,PBC Freudenstadt,PBC Freudenstadt 2 | PBC Freudenstadt 3,6
p:368836,368836,Selina Jakob,Selina Jakob,JS Mingolsheim,JS Mingolsheim 4,6
n:sinan aydogan|BBV Mannheim,,Sinan Aydogan,Sinan Aydogan,BBV Mannheim,BBV Mannheim 5,6
p:100618,100618,Stefan Burmeister,Stefan Burmeister,PBC Nagoldtal,PBC Nagoldtal 1 | PBC Nagoldtal 2,6
n:steffen paukner|BC Dallau,,Steffen Paukner,Steffen Paukner,BC Dallau,BC Dallau 5,6
p:103631,103631,Stephan Reber,Stephan Reber,PBC Freudenstadt,PBC Freudenstadt 3,6
n:steve heeb|PBC Nagoldtal,,Steve Heeb,Steve Heeb,PBC Nagoldtal,PBC Nagoldtal,6
n:susi harbrecht-berndt|BULL Leonberg-Höfingen,,Susi Harbrecht-Berndt (BULL Leonberg-Höfingen),Susi Harbrecht-Berndt,BULL Leonberg-Höfingen,BULL Leonberg-Höfingen 3,6
n:svenja heide|BC Weingarten,,Svenja Heide,Svenja Heide,BC Weingarten,BC Weingarten 3,6
n:szidónia székely|Jump Shot Mingolsheim,,Szidónia Székely,Szidónia Székely,Jump Shot Mingolsheim,Jump Shot Mingolsheim 2 | Jump Shot Mingolsheim 3,6
n:thilo muff|BBC Plochingen,,Thilo Muff,Thilo Muff,BBC Plochingen,BBC Plochingen,6
n:thomas helmling|BSV Weinheim,,Thomas Helmling,Thomas Helmling,BSV Weinheim,BSV Weinheim 3 | BSV Weinheim 4,6
n:thomas hörauf|BC Feuersee Ludwigsburg,,Thomas Hörauf (BC Feuersee Ludwigsburg),Thomas Hörauf,BC Feuersee Ludwigsburg,BC Feuersee Ludwigsburg,6
n:thomas kraus|PBC Bad Saulgau,,Thomas Kraus,Thomas Kraus,PBC Bad Saulgau,PBC Bad Saulgau 4 | PBC Bad Saulgau 5,6
n:thomas krämer|BF Weinheim-Viernheim,,Thomas Krämer,Thomas Krämer,BF Weinheim-Viernheim,BF Weinheim-Viernheim,6
n:thomas schöpfer|Tübinger BC,,Thomas Schöpfer (Tübinger BC),Thomas Schöpfer,Tübinger BC,Tübinger BC,6
n:tim farrenkopf|BC Dallau,,Tim Farrenkopf,Tim Farrenkopf,BC Dallau,BC Dallau 3,6
n:timm urschinger|BC Dreiländereck,,Timm Urschinger (BC Dreiländereck),Timm Urschinger,BC Dreiländereck,BC Dreiländereck,6
n:tobias kessler|PBSC Pforzheim,,Tobias Kessler (PBSC Pforzheim),Tobias Kessler,PBSC Pforzheim,PBSC Pforzheim,6
n:tobias petter|BC Aalen,,Tobias Petter (BC Aalen),Tobias Petter,BC Aalen,BC Aalen 2,6
n:uwe bitsch|PBC Fr. Lampertheim,,Uwe Bitsch (PBC Fr. Lampertheim),Uwe Bitsch,PBC Fr. Lampertheim,PBC Fr. Lampertheim 2 | PBC Fr. Lampertheim 3,6
n:uwe cordes|Tübinger BC,,Uwe Cordes (Tübinger BC),Uwe Cordes,Tübinger BC,Tübinger BC | Tübinger BC 2,6
n:wilhelm engelbrecht|BC Feuersee Ludwigsburg,,Wilhelm Engelbrecht (BC Feuersee Ludwigsburg),Wilhelm Engelbrecht,BC Feuersee Ludwigsburg,BC Feuersee Ludwigsburg,6
n:wilhelm zängler|PBV Rottweil,,Wilhelm Zängler,Wilhelm Zängler,PBV Rottweil,PBV Rottweil,6
n:zeynel benk|PBC Bietigheim-Bissingen,,Zeynel Benk,Zeynel Benk,PBC Bietigheim-Bissingen,PBC Bietigheim-Bissingen 3,6
n:zlatko martinovic|TV Cannstatt,,Zlatko Martinovic (TV Cannstatt),Zlatko Martinovic,TV Cannstatt,TV Cannstatt 2,6
n:albert terzic|BF Bruchsal,,Albert Terzic,Albert Terzic,BF Bruchsal,BF Bruchsal 3,5
n:alexander wibisono|BSV Pfullingen,,Alexander Wibisono,Alexander Wibisono,BSV Pfullingen,BSV Pfullingen 2 | BSV Pfullingen 3,5
n:alfredo di perna|BSV Filderstadt,,Alfredo Di Perna (BSV Filderstadt),Alfredo Di Perna,BSV Filderstadt,BSV Filderstadt 2,5
n:andreas begau|TV Cannstatt,,Andreas Begau (TV Cannstatt),Andreas Begau,TV Cannstatt,TV Cannstatt,5
p:242912,242912,Anita Massow,Anita Massow,BSV Tiengen,BSV Tiengen 3,5
p:369242,369242,Bernd Ulrich,Bernd Ulrich,BSV Shooters Fellbach,BSV Shooters Fellbach 3,5
n:carsten fuchs|BC Sindelfingen,,Carsten Fuchs,Carsten Fuchs,BC Sindelfingen,BC Sindelfingen 3,5
n:daniel schwarz|BC Neckarsulm,,Daniel Schwarz,Daniel Schwarz,BC Neckarsulm,BC Neckarsulm 2,5
n:daniel stohler|BC Dreiländereck,,Daniel Stohler (BC Dreiländereck),Daniel Stohler,BC Dreiländereck,BC Dreiländereck,5
n:denys kovrishkin|Poolsharks Bruchsal,,Denys Kovrishkin,Denys Kovrishkin,Poolsharks Bruchsal,Poolsharks Bruchsal 2 | Poolsharks Bruchsal 3,5
n:hans-peter huy|BC Dallau,,Hans-Peter Huy,Hans-Peter Huy,BC Dallau,BC Dallau,5
n:harun ahmadi|PP Karlsbad,,Harun Ahmadi (PP Karlsbad),Harun Ahmadi,PP Karlsbad,PP Karlsbad 3,5
p:368273,368273,Jan Simon,Jan Simon,BV Villingen-Schwenningen,BV Villingen-Schwenningen 2,5
n:joachim bruggesser|PBC Bad Saulgau,,Joachim Bruggesser (PBC Bad Saulgau),Joachim Bruggesser,PBC Bad Saulgau,PBC Bad Saulgau 7,5
p:368085,368085,Klaus Kappel,Klaus Kappel,PBC Schwäbisch Hall,PBC Schwäbisch Hall 2,5
p:242795,242795,Max Schmidtke,Max Schmidtke,BSC Göppingen,BSC Göppingen 3,5
p:104447,104447,Michael Stegmaier,Michael Stegmaier,BSV Filderstadt,BSV Filderstadt 5,5
n:moritz körber|BC Sindelfingen,,Moritz Körber,Moritz Körber,BC Sindelfingen,BC Sindelfingen 3,5
p:369017,369017,Oliver Hasenfuß,Oliver Hasenfuß,BC Stuttgart 1891,BC Stuttgart 1891 4,5
n:raffaele manobianco|BULL Leonberg-Höfingen,,Raffaele Manobianco,Raffaele Manobianco,BULL Leonberg-Höfingen,BULL Leonberg-Höfingen 2,5
n:ramazan akdag|BV Pforzheim,,Ramazan Akdag (BV Pforzheim),Ramazan Akdag,BV Pforzheim,BV Pforzheim,5
p:369215,369215,Raphael Müller,Raphael Müller,BC Sindelfingen,BC Sindelfingen 5,5
n:robert zivanovic|SBSC Denkendorf,,Robert Zivanovic (SBSC Denkendorf),Robert Zivanovic,SBSC Denkendorf,SBSC Denkendorf 2,5
n:stefan bätzler|Jump Shot Mingolsheim,,Stefan Bätzler (Jump Shot Mingolsheim),Stefan Bätzler,Jump Shot Mingolsheim,Jump Shot Mingolsheim 3,5
n:stefanie arndt|BSV Tiengen,,Stefanie Arndt (BSV Tiengen),Stefanie Arndt,BSV Tiengen,BSV Tiengen 2 | BSV Tiengen 3,5
n:steffen behnke|BC Ludwigsburg,,Steffen Behnke,Steffen Behnke,BC Ludwigsburg,BC Ludwigsburg 2,5
p:369225,369225,Steffen Höfer-Achatz,Steffen Höfer-Achatz,PBV Schwetzingen,PBV Schwetzingen 7,5
p:354401,354401,Stephan Huber [354401],Stephan Huber,,,5
n:tobias auer|BC Ludwigsburg,,Tobias Auer (BC Ludwigsburg),Tobias Auer,BC Ludwigsburg,BC Ludwigsburg 5,5
n:tom wacker|PP Karlsbad,,Tom Wacker (PP Karlsbad),Tom Wacker,PP Karlsbad,PP Karlsbad 3,5
p:100445,100445,Ulf Bojus,Ulf Bojus,BC Neckarsulm,BC Neckarsulm 3,5
n:wolfgang duffner|BSC St. Georgen,,Wolfgang Duffner,Wolfgang Duffner,BSC St. Georgen,BSC St. Georgen | BSC St. Georgen 2,5
p:369269,369269,Alex Wei,Alex Wei,PBC Rastatt,PBC Rastatt 3,4
n:alexander friederich|PBC Pfedelbach,,Alexander Friederich (PBC Pfedelbach),Alexander Friederich,PBC Pfedelbach,PBC Pfedelbach,4
n:alexander haass|BV Pforzheim,,Alexander Haass (BV Pforzheim),Alexander Haass,BV Pforzheim,BV Pforzheim,4
n:ali kilic|BSG Albstadt,,Ali Kilic,Ali Kilic,BSG Albstadt,BSG Albstadt 2,4
n:andre bayer|BC Ludwigsburg,,Andre Bayer,Andre Bayer,BC Ludwigsburg,BC Ludwigsburg 2,4
n:andre neumann|BBV Mannheim,,Andre Neumann,Andre Neumann,BBV Mannheim,BBV Mannheim 2,4
n:andreas einsiedler|PBC Langenargen,,Andreas Einsiedler (PBC Langenargen),Andreas Einsiedler,PBC Langenargen,PBC Langenargen,4
n:andreas gut|BV Villingen-Schwenningen,,Andreas Gut (BV Villingen-Schwenningen),Andreas Gut,BV Villingen-Schwenningen,BV Villingen-Schwenningen,4
n:andreas kiefer|BV Markdorf,,Andreas Kiefer (BV Markdorf),Andreas Kiefer,BV Markdorf,BV Markdorf 2,4
p:102668,102668,Andreas Kunellis,Andreas Kunellis,PBC Reutlingen,PBC Reutlingen 2,4
n:andreas menzel|Tübinger BC,,Andreas Menzel,Andreas Menzel,Tübinger BC,Tübinger BC 3,4
n:andreas müller|BC Sindelfingen,,Andreas Müller (BC Sindelfingen),Andreas Müller,BC Sindelfingen,BC Sindelfingen 2 | BC Sindelfingen 3,4
p:369169,369169,Andreas Picl,Andreas Picl,CC Karlsruhe,CC Karlsruhe 4,4
n:andreas schoknecht|CC Karlsruhe,,Andreas Schoknecht (CC Karlsruhe),Andreas Schoknecht,CC Karlsruhe,CC Karlsruhe 2,4
p:368532,368532,Andrej Leber,Andrej Leber,JS Mingolsheim,JS Mingolsheim 3,4
p:253317,253317,Ardalan Mirahmadi,Ardalan Mirahmadi,BSV Filderstadt,BSV Filderstadt 2,4
n:artur kantz|BC Sindelfingen,,Artur Kantz (BC Sindelfingen),Artur Kantz,BC Sindelfingen,BC Sindelfingen 2,4
n:artur kantz|PP Böblingen,,Artur Kantz (PP Böblingen),Artur Kantz,PP Böblingen,PP Böblingen 2,4
n:benedikt schramek|PBC Aalen,,Benedikt Schramek,Benedikt Schramek,PBC Aalen,PBC Aalen 2,4
p:240515,240515,Bernd Hafner,Bernd Hafner,PF Calw,PF Calw 2 | PF Calw 3,4
p:368696,368696,Bersan Cavildak,Bersan Cavildak,PP Böblingen,PP Böblingen 2,4
n:björn spiegel|BC Feuersee Ludwigsburg,,Björn Spiegel (BC Feuersee Ludwigsburg),Björn Spiegel,BC Feuersee Ludwigsburg,BC Feuersee Ludwigsburg | BC Feuersee Ludwigsburg 2,4
p:368356,368356,Bünyamin Öner,Bünyamin Öner,,,4
p:354553,354553,Carsten Lendwei,Carsten Lendwei,PBV Schwetzingen,PBV Schwetzingen 7,4
n:celal bulut|BV Markdorf,,Celal Bulut (BV Markdorf),Celal Bulut,BV Markdorf,BV Markdorf 2 | BV Markdorf 3,4
n:christian herzenberger|PBC Schwäbisch-Gmünd,,Christian Herzenberger,Christian Herzenberger,PBC Schwäbisch-Gmünd,PBC Schwäbisch-Gmünd 3,4
n:christian hofmann|PBC Nagoldtal,,Christian Hofmann,Christian Hofmann,PBC Nagoldtal,PBC Nagoldtal | PBC Nagoldtal 2,4
n:christian iliadis|PBC Schwäbisch Gmünd,,Christian Iliadis (PBC Schwäbisch Gmünd),Christian Iliadis,PBC Schwäbisch Gmünd,PBC Schwäbisch Gmünd,4
p:247968,247968,Christian Orosz,Christian Orosz,BSV Pfullingen,BSV Pfullingen 3,4
p:369282,369282,Christian Rundel,Christian Rundel,BC Weingarten,BC Weingarten 2,4
n:christian skadlubowicz|BC Weingarten,,Christian Skadlubowicz,Christian Skadlubowicz,BC Weingarten,BC Weingarten 4,4
n:christian van dorstern|PBC Nagoldtal,,Christian van Dorstern,Christian van Dorstern,PBC Nagoldtal,PBC Nagoldtal 3,4
n:christopher hopp|BC Sindelfingen,,Christopher Hopp (BC Sindelfingen),Christopher Hopp,BC Sindelfingen,BC Sindelfingen 4,4
n:christopher stevenson|BSV Weinheim,,Christopher Stevenson,Christopher Stevenson,BSV Weinheim,BSV Weinheim 4,4
n:claudio pontuti|BULL Leonberg-Höfingen,,Claudio Pontuti (BULL Leonberg-Höfingen),Claudio Pontuti,BULL Leonberg-Höfingen,BULL Leonberg-Höfingen,4
n:daniel bonin|PBC Schwäbisch Hall,,Daniel Bonin (PBC Schwäbisch Hall),Daniel Bonin,PBC Schwäbisch Hall,PBC Schwäbisch Hall 2,4
n:daniel fisch|Tübinger BC,,Daniel Fisch,Daniel Fisch,Tübinger BC,Tübinger BC 2,4
n:daniel klapper|PP Böblingen,,Daniel Klapper (PP Böblingen),Daniel Klapper,PP Böblingen,PP Böblingen 3,4
p:102767,102767,Daniel Lehmann,Daniel Lehmann,PBC Bräunlingen,PBC Bräunlingen 2,4
p:369139,369139,Daniel Montfort,Daniel Montfort,P&S Denzlingen,P&S Denzlingen 2 | P&S Denzlingen 3,4
n:daniel naumann|BSC St. Georgen,,Daniel Naumann (BSC St. Georgen),Daniel Naumann,BSC St. Georgen,BSC St. Georgen 2,4
n:daniel vidackovic|PBC Offenburg,,Daniel Vidackovic,Daniel Vidackovic,PBC Offenburg,PBC Offenburg,4
p:369176,369176,David Hermann,David Hermann,BSV Filderstadt,BSV Filderstadt 4,4
p:369270,369270,David Nguyen,David Nguyen,PBC Rastatt,PBC Rastatt 3,4
n:denis dimster|BSV Pfullingen,,Denis Dimster,Denis Dimster,BSV Pfullingen,BSV Pfullingen 2,4
n:dennis rothaug|BV Villingen-Schwenningen,,Dennis Rothaug (BV Villingen-Schwenningen),Dennis Rothaug,BV Villingen-Schwenningen,BV Villingen-Schwenningen,4
n:diana schäfauer|BC Neckarsulm,,Diana Schäfauer (BC Neckarsulm),Diana Schäfauer,BC Neckarsulm,BC Neckarsulm 4,4
p:368304,368304,Dimitrios Vafiadis,Dimitrios Vafiadis,PBC Langenargen,PBC Langenargen 2 | PBC Langenargen 3,4
n:donald oreskovic|PBC Bad Saulgau,,Donald Oreskovic (PBC Bad Saulgau),Donald Oreskovic,PBC Bad Saulgau,PBC Bad Saulgau 4,4
n:ernst barran|PBC Schwäbisch-Gmünd,,Ernst Barran (PBC Schwäbisch-Gmünd),Ernst Barran,PBC Schwäbisch-Gmünd,PBC Schwäbisch-Gmünd 4,4
n:fabian müller|BV Markdorf,,Fabian Müller (BV Markdorf),Fabian Müller,BV Markdorf,BV Markdorf,4
n:fabian snijder|Mannheimer BF,,Fabian Snijder (Mannheimer BF),Fabian Snijder,Mannheimer BF,Mannheimer BF,4
p:369286,369286,Fabian Wieser,Fabian Wieser,BSC Lions Bietigheim,BSC Lions Bietigheim 2,4
p:104951,104951,Fabienne Weiß,Fabienne Weiß,BBC Plochingen,BBC Plochingen 2,4
n:fabienne weiss|SBSC Denkendorf,,Fabienne Weiß (SBSC Denkendorf),Fabienne Weiß,SBSC Denkendorf,SBSC Denkendorf 3,4
p:100580,100580,Florian Bühler,Florian Bühler,Tübinger BC,Tübinger BC 1,4
n:florian bühler|Tübinger BC,,Florian Bühler (Tübinger BC),Florian Bühler,Tübinger BC,Tübinger BC,4
n:florian stier|PBC Bad Saulgau,,Florian Stier,Florian Stier,PBC Bad Saulgau,PBC Bad Saulgau 6,4
p:104888,104888,Florian Weber,Florian Weber,PBC Ochsenhausen,PBC Ochsenhausen 2 | PBC Ochsenhausen 3,4
p:368681,368681,Franz Rehberger,Franz Rehberger,PBV Schwetzingen,PBV Schwetzingen 8,4
n:frederik binder|BSV Filderstadt,,Frederik Binder (BSV Filderstadt),Frederik Binder,BSV Filderstadt,BSV Filderstadt 5,4
n:freilos|BC Crailsheim,,Freilos (BC Crailsheim),Freilos,BC Crailsheim,BC Crailsheim,4
n:freilos|PBC Schwäbisch Hall,,Freilos (PBC Schwäbisch Hall),Freilos,PBC Schwäbisch Hall,PBC Schwäbisch Hall | PBC Schwäbisch Hall 2,4
n:gerald giessler|PBC Offenburg,,Gerald Gießler,Gerald Gießler,PBC Offenburg,PBC Offenburg 2 | PBC Offenburg 4,4
n:gerold birmili|BC Sindelfingen,,Gerold Birmili (BC Sindelfingen),Gerold Birmili,BC Sindelfingen,BC Sindelfingen 4,4
n:grigorios pavlidis|PBC Schwäbisch Gmünd,,Grigorios Pavlidis (PBC Schwäbisch Gmünd),Grigorios Pavlidis,PBC Schwäbisch Gmünd,PBC Schwäbisch Gmünd 2,4
n:hanno bernauer|BC Dreiländereck,,Hanno  Bernauer,Hanno  Bernauer,BC Dreiländereck,BC Dreiländereck 2,4
n:hans heuschmid|BF Bronnen,,Hans Heuschmid (BF Bronnen),Hans Heuschmid,BF Bronnen,BF Bronnen 2,4
p:249433,249433,Hans Rothas,Hans Rothas,PBC Rastatt,PBC Rastatt 2,4
p:245225,245225,Hans Schäfer,Hans Schäfer,BC Feuersee,BC Feuersee 3,4
p:245438,245438,Heiko Heinrich,Heiko Heinrich,BSV Filderstadt,BSV Filderstadt 6,4
n:heinz-günter schliffer|BSV Filderstadt,,Heinz-Günter  Schliffer,Heinz-Günter  Schliffer,BSV Filderstadt,BSV Filderstadt 5,4
n:hendrik snijder|Mannheimer BF,,Hendrik Snijder (Mannheimer BF),Hendrik Snijder,Mannheimer BF,Mannheimer BF,4
n:holger schmalz|PBSV Südbaden,,Holger Schmalz,Holger Schmalz,PBSV Südbaden,PBSV Südbaden,4
p:351710,351710,Homayoun Nikzat,Homayoun Nikzat,BSV Konstanz,BSV Konstanz 1,4
n:horst hardtke|BC Aalen,,Horst Hardtke (BC Aalen),Horst Hardtke,BC Aalen,BC Aalen 2,4
n:jaber judeh|BSV Konstanz,,Jaber Judeh,Jaber Judeh,BSV Konstanz,BSV Konstanz 2,4
n:jacco van de streek|P&S Denzlingen,,Jacco van de Streek (P&S Denzlingen),Jacco van de Streek,P&S Denzlingen,P&S Denzlingen 2,4
p:368346,368346,Jan Fischer,Jan Fischer,BC Dätzingen,BC Dätzingen 3,4
n:joachim luft|PBC Bietigheim-Bissingen,,Joachim Luft (PBC Bietigheim-Bissingen),Joachim Luft,PBC Bietigheim-Bissingen,PBC Bietigheim-Bissingen 4,4
p:369271,369271,Johannes Genter,Johannes Genter,PBC Rastatt,PBC Rastatt 3,4
n:jürgen bressel|BC Sindelfingen,,Jürgen Bressel,Jürgen Bressel,BC Sindelfingen,BC Sindelfingen 2,4
n:jürgen reisner|BC Aalen,,Jürgen Reisner (BC Aalen),Jürgen Reisner,BC Aalen,BC Aalen 5,4
p:105178,105178,Jürgen Zemke,Jürgen Zemke,Mannheimer BF,Mannheimer BF 3 | Mannheimer BF 4,4
n:kadir özkök|CC Karlsruhe,,Kadir Özkök,Kadir Özkök,CC Karlsruhe,CC Karlsruhe 2,4
p:369183,369183,Kevin Horvath,Kevin Horvath,PBC Ochsenhausen,PBC Ochsenhausen 4,4
p:369174,369174,Kevin Hähnel,Kevin Hähnel,BV Backnang/Welzheim,BV Backnang/Welzheim 1,4
n:klaus kubelka|BC Sindelfingen,,Klaus Kubelka,Klaus Kubelka,BC Sindelfingen,BC Sindelfingen 3,4
p:102987,102987,Klaus Martin,Klaus Martin,PBC Waghäusel,PBC Waghäusel 3 | PBC Waghäusel 4,4
p:369156,369156,Klaus Meier,Klaus Meier,PBC Ochsenhausen,PBC Ochsenhausen 4,4
n:krischan dostal|BV Markdorf,,Krischan Dostal (BV Markdorf),Krischan Dostal,BV Markdorf,BV Markdorf 2,4
p:368935,368935,Laith Tabakha,Laith Tabakha,PF Calw,PF Calw 3,4
p:102469,102469,Lynn Kohl,Lynn Kohl,PBC Offenburg,PBC Offenburg 4 | PBC Offenburg 5,4
p:368186,368186,Maherr Raad Sada,Maherr Raad Sada,BC Dallau,BC Dallau 3,4
p:245244,245244,Marcel Biegler,Marcel Biegler,BSV Pfullingen,BSV Pfullingen 3,4
n:marco schmitt|Mannheimer BF,,Marco Schmitt (Mannheimer BF),Marco Schmitt,Mannheimer BF,Mannheimer BF,4
n:markus hardtke|BC Aalen,,Markus Hardtke (BC Aalen),Markus Hardtke,BC Aalen,BC Aalen 2,4
n:markus könig|PBC Bad Saulgau,,Markus König (PBC Bad Saulgau),Markus König,PBC Bad Saulgau,PBC Bad Saulgau 3,4
p:369170,369170,Martin Gießler,Martin Gießler,PBC Offenburg,PBC Offenburg 6,4
n:martin trippel|PBC Langenargen,,Martin Trippel (PBC Langenargen),Martin Trippel,PBC Langenargen,PBC Langenargen 2,4
n:marvin gierden|PBV Schwetzingen,,Marvin Gierden,Marvin Gierden,PBV Schwetzingen,PBV Schwetzingen 5,4
p:101553,101553,Mehmet Gürbüz,Mehmet Gürbüz,PBC Bräunlingen,PBC Bräunlingen 2,4
n:michael burmeister|PBC Nagoldtal,,Michael Burmeister (PBC Nagoldtal),Michael Burmeister,PBC Nagoldtal,PBC Nagoldtal 3,4
n:michael hofmann|PBC Waldbronn-Karlsbad,,Michael Hofmann,Michael Hofmann,PBC Waldbronn-Karlsbad,PBC Waldbronn-Karlsbad 3,4
n:michael kersting|BF Weinheim-Viernheim,,Michael Kersting,Michael Kersting,BF Weinheim-Viernheim,BF Weinheim-Viernheim 2,4
n:michael schulz|BSV Konstanz,,Michael Schulz (BSV Konstanz),Michael Schulz,BSV Konstanz,BSV Konstanz,4
n:michael strohmaier|BSV Tiengen,,Michael Strohmaier (BSV Tiengen),Michael Strohmaier,BSV Tiengen,BSV Tiengen 2,4
n:michael thelen|BC Stuttgart 1891,,Michael Thelen,Michael Thelen,BC Stuttgart 1891,BC Stuttgart 1891 4,4
p:369303,369303,Michael Trost,Michael Trost,JS Mingolsheim,JS Mingolsheim 2,4
n:michael ufrecht|BC Breakers Knittlingen,,Michael Ufrecht,Michael Ufrecht,BC Breakers Knittlingen,BC Breakers Knittlingen 2,4
n:michael welchner|SBSC Denkendorf,,Michael Welchner,Michael Welchner,SBSC Denkendorf,SBSC Denkendorf 3,4
p:100286,100286,Mike Belke,Mike Belke,PBC Sand,PBC Sand 1,4
p:368804,368804,Mohammad Al Hariri,Mohammad Al Hariri,BC Stuttgart 1891,BC Stuttgart 1891 3,4
n:mürsel inci|PP Böblingen,,Mürsel  Inci,Mürsel  Inci,PP Böblingen,PP Böblingen 2,4
n:nemanja gligoric|PBC Kirchheim/Teck,,Nemanja Gligoric,Nemanja Gligoric,PBC Kirchheim/Teck,PBC Kirchheim/Teck,4
p:369291,369291,Nguyen Tien Dung,Nguyen Tien Dung,PBC Reutlingen,PBC Reutlingen 3,4
n:olcay zabun|BC Dallau,,Olcay Zabun,Olcay Zabun,BC Dallau,BC Dallau,4
p:368023,368023,Oleg Kuhn,Oleg Kuhn,BSC Göppingen,BSC Göppingen 2,4
p:102539,102539,Oliver Kother,Oliver Kother,PBC Bruchsal,PBC Bruchsal 1,4
p:105197,105197,Pascal Ziegler,Pascal Ziegler,PF Calw,PF Calw 2,4
p:350519,350519,Patrick Haudek,Patrick Haudek,PBV Rottweil,PBV Rottweil 2,4
n:patrick lauinger|Fast Breakers Karlsruhe,,Patrick Lauinger (Fast Breakers Karlsruhe),Patrick Lauinger,Fast Breakers Karlsruhe,Fast Breakers Karlsruhe,4
n:peter jürgens|BULL Leonberg-Höfingen,,Peter Jürgens,Peter Jürgens,BULL Leonberg-Höfingen,BULL Leonberg-Höfingen,4
n:peter kleinhans|PBC Langenargen,,Peter Kleinhans (PBC Langenargen),Peter Kleinhans,PBC Langenargen,PBC Langenargen 2,4
n:peter polzer|Jump Shot Mingolsheim,,Peter Polzer (Jump Shot Mingolsheim),Peter Polzer,Jump Shot Mingolsheim,Jump Shot Mingolsheim,4
n:peter strobel|BC Feuersee Ludwigsburg,,Peter Strobel,Peter Strobel,BC Feuersee Ludwigsburg,BC Feuersee Ludwigsburg 2,4
n:philip krätzer|BSV Filderstadt,,Philip Krätzer,Philip Krätzer,BSV Filderstadt,BSV Filderstadt 3,4
n:ralf horstmann|PP Böblingen,,Ralf Horstmann (PP Böblingen),Ralf Horstmann,PP Böblingen,PP Böblingen 3,4
p:240252,240252,Ralf Markanycz,Ralf Markanycz,BF Bruchsal | Poolsharks Bruchsal,BF Bruchsal 1 | Poolsharks Bruchsal 1,4
n:ralf markanycz|Poolsharks Bruchsal,,Ralf Markanycz (Poolsharks Bruchsal),Ralf Markanycz,Poolsharks Bruchsal,Poolsharks Bruchsal 2 | Poolsharks Bruchsal 3,4
p:368097,368097,Ramazan Yildirim,Ramazan Yildirim,TV Cannstatt,TV Cannstatt 1,4
p:368589,368589,Reshawn Spann,Reshawn Spann,P&S Denzlingen,P&S Denzlingen 3,4
n:roland frei|BV Villingen-Schwenningen,,Roland Frei,Roland Frei,BV Villingen-Schwenningen,BV Villingen-Schwenningen,4
p:104550,104550,Sabine Stubits,Sabine Stubits,PBC Nagoldtal,PBC Nagoldtal 2,4
n:saman hadi|PF Calw,,Saman Hadi (PF Calw),Saman Hadi,PF Calw,PF Calw 4,4
p:369233,369233,Sami Kadriolli,Sami Kadriolli,BV Markdorf,BV Markdorf 1,4
n:sascha jungwirth|Fastbreakers Karlsruhe,,Sascha Jungwirth (Fastbreakers Karlsruhe),Sascha Jungwirth,Fastbreakers Karlsruhe,Fastbreakers Karlsruhe 2,4
p:102625,102625,Stefan Krüger,Stefan Krüger,PBC Schwäbisch Hall,PBC Schwäbisch Hall 2,4
n:stefan kuhn|BC Dreiländereck,,Stefan Kuhn (BC Dreiländereck),Stefan Kuhn,BC Dreiländereck,BC Dreiländereck,4
n:stefan rieger|PBC Schwäbisch-Gmünd,,Stefan Rieger,Stefan Rieger,PBC Schwäbisch-Gmünd,PBC Schwäbisch-Gmünd 3,4
n:steffen graf|BV Villingen-Schwenningen,,Steffen Graf (BV Villingen-Schwenningen),Steffen Graf,BV Villingen-Schwenningen,BV Villingen-Schwenningen,4
n:stephan mahler|PBC Aalen,,Stephan Mahler (PBC Aalen),Stephan Mahler,PBC Aalen,PBC Aalen 3,4
n:stephan reber|PBC Freudenstadt,,Stephan Reber (PBC Freudenstadt),Stephan Reber,PBC Freudenstadt,PBC Freudenstadt 4,4
n:suphi yalman|BV Villingen-Schwenningen,,Suphi Yalman,Suphi Yalman,BV Villingen-Schwenningen,BV Villingen-Schwenningen,4
p:369268,369268,Sven Erbrecht,Sven Erbrecht,,,4
n:sven müller|PBV Schwetzingen,,Sven Müller,Sven Müller,PBV Schwetzingen,PBV Schwetzingen 4,4
p:368896,368896,Tamino Lázaro Colucci,Tamino Lázaro Colucci,BV Pforzheim,BV Pforzheim 3,4
p:241919,241919,Thomas Dieckmann,Thomas Dieckmann,Tübinger BC,Tübinger BC 1,4
n:thomas mooshammer|PP Böblingen,,Thomas Mooshammer (PP Böblingen),Thomas Mooshammer,PP Böblingen,PP Böblingen 3,4
p:104208,104208,Thomas Schubert,Thomas Schubert,BC Stuttgart 1891,BC Stuttgart 1891 2,4
p:369285,369285,Thomas Zaltenbach,Thomas Zaltenbach,BSC Lions Bietigheim,BSC Lions Bietigheim 2,4
p:104357,104357,Timo Sillner,Timo Sillner,BC Stuttgart 1891,BC Stuttgart 1891 2,4
n:tobias reisner|BC Aalen,,Tobias Reisner (BC Aalen),Tobias Reisner,BC Aalen,BC Aalen 5,4
p:103268,103268,Vincenzo Murano,Vincenzo Murano,BSC Göppingen,BSC Göppingen 1,4
n:volkmar lorenz|PBC Schwäbisch-Gmünd,,Volkmar Lorenz (PBC Schwäbisch-Gmünd),Volkmar Lorenz,PBC Schwäbisch-Gmünd,PBC Schwäbisch-Gmünd 3,4
n:walter utz|PBC Ochsenhausen,,Walter Utz,Walter Utz,PBC Ochsenhausen,PBC Ochsenhausen 2 | PBC Ochsenhausen 3,4
p:249710,249710,Wilhelm Schaier,Wilhelm Schaier,BF Bruchsal,BF Bruchsal 3,4
p:369266,369266,Wilmer Rivera Bruno,Wilmer Rivera Bruno,BC Stuttgart 1891,BC Stuttgart 1891 6,4
n:wolfgang steidle|BC Aalen,,Wolfgang Steidle,Wolfgang Steidle,BC Aalen,BC Aalen 5,4
p:368834,368834,Alexander Haas,Alexander Haas,TV Cannstatt,TV Cannstatt 4,3
n:anita massow|Tübinger BC,,Anita Massow (Tübinger BC),Anita Massow,Tübinger BC,Tübinger BC 3,3
n:annette köster|PBC Langenargen,,Annette Köster (PBC Langenargen),Annette Köster,PBC Langenargen,PBC Langenargen 2,3
n:axel schmucker|Mannheimer BF,,Axel Schmucker (Mannheimer BF),Axel Schmucker,Mannheimer BF,Mannheimer BF,3
n:bahram abbasi|BSV Pfullingen,,Bahram Abbasi,Bahram Abbasi,BSV Pfullingen,BSV Pfullingen 4,3
n:benjamin busse|PP Karlsbad,,Benjamin Busse (PP Karlsbad),Benjamin Busse,PP Karlsbad,PP Karlsbad 3,3
n:christopher diederichs|BSC Mannheim,,Christopher Diederichs,Christopher Diederichs,BSC Mannheim,BSC Mannheim,3
n:daniel göricke|Tübinger BC,,Daniel Göricke,Daniel Göricke,Tübinger BC,Tübinger BC 3,3
n:dominic seeger|BC Feuersee Ludwigsburg,,Dominic Seeger (BC Feuersee Ludwigsburg),Dominic Seeger,BC Feuersee Ludwigsburg,BC Feuersee Ludwigsburg 2,3
n:dorothee hammerschmidt|BBV Mannheim,,Dorothee Hammerschmidt,Dorothee Hammerschmidt,BBV Mannheim,BBV Mannheim 5,3
n:felix häntschel|PF Calw,,Felix Häntschel (PF Calw),Felix Häntschel,PF Calw,PF Calw 4,3
p:369181,369181,Florian Trifan,Florian Trifan,JS Mingolsheim,JS Mingolsheim 1,3
p:369206,369206,Hans Müller,Hans Müller,BC Aalen,BC Aalen 4,3
n:hans rothas|PBC Rastatt,,Hans Rothas (PBC Rastatt),Hans Rothas,PBC Rastatt,PBC Rastatt 2,3
n:hansjörg doll|PBC Rastatt,,Hansjörg Doll,Hansjörg Doll,PBC Rastatt,PBC Rastatt 2,3
n:jochen eberhard|PBC Fr. Lampertheim,,Jochen  Eberhard,Jochen  Eberhard,PBC Fr. Lampertheim,PBC Fr. Lampertheim 3,3
n:jörg hennze|BSV Weinheim,,Jörg Hennze,Jörg Hennze,BSV Weinheim,BSV Weinheim 5,3
n:jürgen grimm|PF Calw,,Jürgen Grimm,Jürgen Grimm,PF Calw,PF Calw 4,3
n:jürgen steimer|SBSC Denkendorf,,Jürgen Steimer (SBSC Denkendorf),Jürgen Steimer,SBSC Denkendorf,SBSC Denkendorf 2,3
n:kevin wiedensohler|PBC Bräunlingen,,Kevin Wiedensohler,Kevin Wiedensohler,PBC Bräunlingen,PBC Bräunlingen 3 | PBC Bräunlingen 4,3
p:369297,369297,Lars Deffner,Lars Deffner,PBC Bad Saulgau,PBC Bad Saulgau 2,3
n:markus knöll|BSV Nürtingen,,Markus Knöll,Markus Knöll,BSV Nürtingen,BSV Nürtingen 5,3
n:maximilian haug|BV Villingen-Schwenningen,,Maximilian Haug,Maximilian Haug,BV Villingen-Schwenningen,BV Villingen-Schwenningen,3
n:michael schneider|PBSC Pforzheim,,Michael Schneider (PBSC Pforzheim),Michael Schneider,PBSC Pforzheim,PBSC Pforzheim,3
p:240244,240244,Michael Wanjek,Michael Wanjek,PBC Waghäusel,PBC Waghäusel 3 | PBC Waghäusel 4,3
p:368824,368824,Mohammed Saleh Haji Goyan,Mohammed Saleh Haji Goyan,BC Sindelfingen,BC Sindelfingen 8,3
p:369142,369142,Paul Ehrlich,Paul Ehrlich,Pool Knights Bensheim,Pool Knights Bensheim 4,3
p:369022,369022,Robert Holzinger,Robert Holzinger,PBV Schwetzingen,PBV Schwetzingen 9,3
n:rüdiger theis|Tübinger BC,,Rüdiger Theis (Tübinger BC),Rüdiger Theis,Tübinger BC,Tübinger BC,3
p:368195,368195,Sabrina Heinze,Sabrina Heinze,PBC Bruchsal,PBC Bruchsal 3,3
p:369235,369235,Tobias Linnow,Tobias Linnow,BSV Shooters Fellbach,BSV Shooters Fellbach 3,3
p:366236,366236,Abdulhussain Nad Ali,Abdulhussain Nad Ali,P&S Denzlingen,P&S Denzlingen 2,2
n:achim stoll|BSV Filderstadt,,Achim Stoll (BSV Filderstadt),Achim Stoll,BSV Filderstadt,BSV Filderstadt 4,2
p:252173,252173,Ahmad Ayshe,Ahmad Ayshe,BC Feuersee,BC Feuersee 2,2
p:369293,369293,Alex Nusser,Alex Nusser,BC Bad Schussenried,BC Bad Schussenried 4,2
n:alexander adelhelm|PBC Bietigheim-Bissingen,,Alexander Adelhelm,Alexander Adelhelm,PBC Bietigheim-Bissingen,PBC Bietigheim-Bissingen 3,2
n:alexander bohr|PP Böblingen,,Alexander Bohr,Alexander Bohr,PP Böblingen,PP Böblingen 2,2
p:101308,101308,Alexander Garmatz,Alexander Garmatz,BULL Leonberg-Höfingen,BULL Leonberg-Höfingen 1,2
n:alexander hemmer|BBC Plochingen,,Alexander Hemmer (BBC Plochingen),Alexander Hemmer,BBC Plochingen,BBC Plochingen,2
p:369231,369231,Alexander Ponherr,Alexander Ponherr,CC Karlsruhe,CC Karlsruhe 4,2
n:alf hahn|FB Handicap Karlsruhe,,Alf Hahn,Alf Hahn,FB Handicap Karlsruhe,FB Handicap Karlsruhe,2
p:368433,368433,Alper Köreken,Alper Köreken,,,2
n:anastasia archipov|BC Feuersee Ludwigsburg,,Anastasia Archipov,Anastasia Archipov,BC Feuersee Ludwigsburg,BC Feuersee Ludwigsburg 2,2
p:102355,102355,Anastasios Kiriakidis,Anastasios Kiriakidis,,,2
n:andreas augustin|PBC Aalen,,Andreas Augustin (PBC Aalen),Andreas Augustin,PBC Aalen,PBC Aalen,2
n:andreas decker|BV Pforzheim,,Andreas Decker (BV Pforzheim),Andreas Decker,BV Pforzheim,BV Pforzheim 3,2
n:andreas reisinger|PBC Bietigheim-Bissingen,,Andreas Reisinger (PBC Bietigheim-Bissingen),Andreas Reisinger,PBC Bietigheim-Bissingen,PBC Bietigheim-Bissingen 2,2
n:andreas witzigmann|PBC Langenargen,,Andreas Witzigmann (PBC Langenargen),Andreas Witzigmann,PBC Langenargen,PBC Langenargen,2
n:andreas wolf|PBC Freudenstadt,,Andreas Wolf (PBC Freudenstadt),Andreas Wolf,PBC Freudenstadt,PBC Freudenstadt 4,2
n:andrè hirn|BSV Pfullingen,,Andrè Hirn,Andrè Hirn,BSV Pfullingen,BSV Pfullingen 5,2
p:101629,101629,André Hajdu,André Hajdu,PBC Nagoldtal,PBC Nagoldtal 3,2
n:andré-maurice breuil|BBV Mannheim,,André-Maurice Breuil,André-Maurice Breuil,BBV Mannheim,BBV Mannheim 4,2
p:369284,369284,Andy Laue,Andy Laue,PBC Nagoldtal,PBC Nagoldtal 4,2
p:245224,245224,Annette Popp,Annette Popp,BC Feuersee,BC Feuersee 3,2
n:anthea schühle|BULL Leonberg-Höfingen,,Anthea Schühle,Anthea Schühle,BULL Leonberg-Höfingen,BULL Leonberg-Höfingen 3,2
n:arno marotz|BSV Filderstadt,,Arno Marotz (BSV Filderstadt),Arno Marotz,BSV Filderstadt,BSV Filderstadt 4,2
p:369251,369251,Arzic Omer,Arzic Omer,BC Weingarten,BC Weingarten 2,2
n:aurel casagrande|BC Feuersee Ludwigsburg,,Aurel Casagrande (BC Feuersee Ludwigsburg),Aurel Casagrande,BC Feuersee Ludwigsburg,BC Feuersee Ludwigsburg 2,2
n:axel eberle|PBDC Kämpfelbach,,Axel Eberle (PBDC Kämpfelbach),Axel Eberle,PBDC Kämpfelbach,PBDC Kämpfelbach,2
n:barbaros tokbas|PBC Schwäbisch Gmünd,,Barbaros Tokbas (PBC Schwäbisch Gmünd),Barbaros Tokbas,PBC Schwäbisch Gmünd,PBC Schwäbisch Gmünd 3,2
n:barbaros tokbas|PBC Schwäbisch-Gmünd,,Barbaros Tokbas (PBC Schwäbisch-Gmünd),Barbaros Tokbas,PBC Schwäbisch-Gmünd,PBC Schwäbisch-Gmünd 3,2
n:benedikt mais|Bühler SBC,,Benedikt Mais,Benedikt Mais,Bühler SBC,Bühler SBC,2
n:benjamin pfau|BC Fellbach,,Benjamin Pfau,Benjamin Pfau,BC Fellbach,BC Fellbach 3,2
n:bernd amend|PBC Fr. Lampertheim,,Bernd Amend,Bernd Amend,PBC Fr. Lampertheim,PBC Fr. Lampertheim 2,2
n:bernd gentner|BC Aalen,,Bernd Gentner,Bernd Gentner,BC Aalen,BC Aalen 2,2
n:bernd hafner|PF Calw,,Bernd Hafner (PF Calw),Bernd Hafner,PF Calw,PF Calw 2,2
n:bernd hauenstein|PBC Aalen,,Bernd Hauenstein (PBC Aalen),Bernd Hauenstein,PBC Aalen,PBC Aalen,2
n:bernd messing|PBC Offenburg,,Bernd Messing (PBC Offenburg),Bernd Messing,PBC Offenburg,PBC Offenburg 3,2
n:berthold gillich|BV Pforzheim,,Berthold Gillich (BV Pforzheim),Berthold Gillich,BV Pforzheim,BV Pforzheim 3,2
n:bescheer muhammed|BSC Göppingen,,Bescheer Muhammed,Bescheer Muhammed,BSC Göppingen,BSC Göppingen,2
n:birol caliskan|Fast Breakers Karlsruhe,,Birol Caliskan (Fast Breakers Karlsruhe),Birol Caliskan,Fast Breakers Karlsruhe,Fast Breakers Karlsruhe,2
n:björn welte|PBC Bräunlingen,,Björn Welte (PBC Bräunlingen),Björn Welte,PBC Bräunlingen,PBC Bräunlingen 2,2
n:björn welte|PBV Rottweil,,Björn Welte (PBV Rottweil),Björn Welte,PBV Rottweil,PBV Rottweil 2,2
p:369255,369255,Chayangkun Phawongram,Chayangkun Phawongram,PBC Ochsenhausen,PBC Ochsenhausen 4,2
n:christian betting|BC Dreiländereck,,Christian Betting,Christian Betting,BC Dreiländereck,BC Dreiländereck,2
n:christine gharbi|BC Stuttgart 1891,,Christine Gharbi,Christine Gharbi,BC Stuttgart 1891,BC Stuttgart 1891 2,2
p:369113,369113,Christoph Brandt,Christoph Brandt,PBC Freudenstadt,PBC Freudenstadt 1,2
n:christoph klotz|Tübinger BC,,Christoph Klotz,Christoph Klotz,Tübinger BC,Tübinger BC 2,2
p:368358,368358,Cüneyt Öner,Cüneyt Öner,BC Sindelfingen,BC Sindelfingen 8,2
n:damir memeyagi|PBC Bad Saulgau,,Damir Memeyagi,Damir Memeyagi,PBC Bad Saulgau,PBC Bad Saulgau 6,2
p:351878,351878,Daniel Bonin,Daniel Bonin,PBC Schwäbisch Hall,PBC Schwäbisch Hall 2,2
n:daniel fischer|BC Ludwigsburg,,Daniel Fischer (BC Ludwigsburg),Daniel Fischer,BC Ludwigsburg,BC Ludwigsburg 2,2
n:daniel jarke|Jump Shot Mingolsheim,,Daniel Jarke (Jump Shot Mingolsheim),Daniel Jarke,Jump Shot Mingolsheim,Jump Shot Mingolsheim,2
n:daniel jovaisas|PBC Schwäbisch-Gmünd,,Daniel Jovaisas,Daniel Jovaisas,PBC Schwäbisch-Gmünd,PBC Schwäbisch-Gmünd 4,2
n:daniela benz|BSV Weinheim,,Daniela Benz,Daniela Benz,BSV Weinheim,BSV Weinheim 3,2
p:103923,103923,Darko Sattler,Darko Sattler,PBC Nagoldtal,PBC Nagoldtal 3,2
n:david hermann|BSC Göppingen,,David Hermann (BSC Göppingen),David Hermann,BSC Göppingen,BSC Göppingen 2,2
n:david kugler|BSV Filderstadt,,David Kugler,David Kugler,BSV Filderstadt,BSV Filderstadt 5,2
p:369116,369116,Dieter Woitanowski,Dieter Woitanowski,JS Mingolsheim,JS Mingolsheim 2,2
p:354626,354626,Dirk Ostendorf,Dirk Ostendorf,BSV Filderstadt,BSV Filderstadt 1,2
p:369256,369256,Dirk Rehtanz,Dirk Rehtanz,PBC Offenburg,PBC Offenburg 4,2
p:368210,368210,Dmitrij Matiske,Dmitrij Matiske,PBC Aalen,PBC Aalen 2,2
n:dominik kasper|Fast Breakers Karlsruhe,,Dominik Kasper (Fast Breakers Karlsruhe),Dominik Kasper,Fast Breakers Karlsruhe,Fast Breakers Karlsruhe,2
n:dr. björn brenner|PBC Bad Saulgau,,Dr. Björn Brenner,Dr. Björn Brenner,PBC Bad Saulgau,PBC Bad Saulgau 6,2
n:driton sahiti|PP Böblingen,,Driton Sahiti,Driton Sahiti,PP Böblingen,PP Böblingen,2
n:dudan duong|BC Stuttgart 1891,,Dudan Duong,Dudan Duong,BC Stuttgart 1891,BC Stuttgart 1891 4,2
n:eckart grabe|BSV Filderstadt,,Eckart Grabe (BSV Filderstadt),Eckart Grabe,BSV Filderstadt,BSV Filderstadt 4,2
n:eduard hartter|Fastbreakers Karlsruhe,,Eduard Hartter (Fastbreakers Karlsruhe),Eduard Hartter,Fastbreakers Karlsruhe,Fastbreakers Karlsruhe,2
p:245063,245063,Egon Raach,Egon Raach,BSG Albstadt,BSG Albstadt 1,2
p:368377,368377,Emin Kajkus,Emin Kajkus,BSV Filderstadt,BSV Filderstadt 5,2
p:367580,367580,Emir Musinovic,Emir Musinovic,BSV Konstanz,BSV Konstanz 1,2
n:ender aggül|PBC Schwäbisch-Gmünd,,Ender  Aggül,Ender  Aggül,PBC Schwäbisch-Gmünd,PBC Schwäbisch-Gmünd 4,2
n:ewald hwan krzic|BC Feuersee,,Ewald Hwan Krzic,Ewald Hwan Krzic,BC Feuersee,BC Feuersee,2
n:fabian neglein|PBC Bad Saulgau,,Fabian Neglein (PBC Bad Saulgau),Fabian Neglein,PBC Bad Saulgau,PBC Bad Saulgau 2,2
p:368847,368847,Felix Gloge,Felix Gloge,PBC Bruchsal,PBC Bruchsal 3,2
p:369012,369012,Florian-Madalin Baniceru,Florian-Madalin Baniceru,BC Stuttgart 1891,BC Stuttgart 1891 4,2
n:frank nitsche|Fastbreakers Karlsruhe,,Frank Nitsche (Fastbreakers Karlsruhe),Frank Nitsche,Fastbreakers Karlsruhe,Fastbreakers Karlsruhe 2,2
p:101198,101198,Franz Frauenhoffer,Franz Frauenhoffer,PBC Bad Saulgau,PBC Bad Saulgau 3,2
n:frederic dachs|BSV Filderstadt,,Frederic Dachs,Frederic Dachs,BSV Filderstadt,BSV Filderstadt 3,2
n:gerald ströbele|PBC Langenargen,,Gerald Ströbele (PBC Langenargen),Gerald Ströbele,PBC Langenargen,PBC Langenargen,2
n:gerhard gryschka|BV Pforzheim,,Gerhard Gryschka (BV Pforzheim),Gerhard Gryschka,BV Pforzheim,BV Pforzheim 2,2
p:368056,368056,Gerhard Holzer,Gerhard Holzer,Mannheimer BF,Mannheimer BF 3,2
p:368076,368076,Grofo Gomann,Grofo Gomann,Mannheimer BF,Mannheimer BF 3,2
n:guido burkhardt|PBC Offenburg,,Guido Burkhardt,Guido Burkhardt,PBC Offenburg,PBC Offenburg 2,2
p:369304,369304,Günter Bauer,Günter Bauer,PBC Ochsenhausen,PBC Ochsenhausen 4,2
n:haidar abbass hadi|PBC Schwäbisch-Gmünd,,Haidar  Abbass Hadi,Haidar  Abbass Hadi,PBC Schwäbisch-Gmünd,PBC Schwäbisch-Gmünd 4,2
n:hans walter|PBSV Südbaden,,Hans Walter,Hans Walter,PBSV Südbaden,PBSV Südbaden,2
n:hardi engel|BV Markdorf,,Hardi Engel (BV Markdorf),Hardi Engel,BV Markdorf,BV Markdorf 3,2
n:harun ahmadi|PBC Waldbronn-Karlsbad,,Harun Ahmadi (PBC Waldbronn-Karlsbad),Harun Ahmadi,PBC Waldbronn-Karlsbad,PBC Waldbronn-Karlsbad 3,2
n:henrique barbosa|BSV Pfullingen,,Henrique Barbosa (BSV Pfullingen),Henrique Barbosa,BSV Pfullingen,BSV Pfullingen 4,2
n:hikmet yüksel|BC Dreiländereck,,Hikmet Yüksel (BC Dreiländereck),Hikmet Yüksel,BC Dreiländereck,BC Dreiländereck 2,2
p:369264,369264,Hoora Dabbaghian,Hoora Dabbaghian,BC Stuttgart 1891,BC Stuttgart 1891 7,2
n:hubert keller|PF Calw,,Hubert Keller,Hubert Keller,PF Calw,PF Calw 4,2
p:368854,368854,Hülya Kaya-Yesil,Hülya Kaya-Yesil,PP Karlsbad,PP Karlsbad 2,2
p:368686,368686,Ilyas Fölker,Ilyas Fölker,PBC Bad Saulgau,PBC Bad Saulgau 3,2
n:ingo mann|BC Sindelfingen,,Ingo Mann (BC Sindelfingen),Ingo Mann,BC Sindelfingen,BC Sindelfingen 4,2
n:jennifer zehentner|BV Pforzheim,,Jennifer Zehentner,Jennifer Zehentner,BV Pforzheim,BV Pforzheim 2,2
p:102155,102155,Jens Jung,Jens Jung,PBV Schwetzingen,PBV Schwetzingen 3,2
n:jochen sannwald|BC Stuttgart 1891,,Jochen Sannwald,Jochen Sannwald,BC Stuttgart 1891,BC Stuttgart 1891 2,2
n:jonas kerker|PBC Nagoldtal,,Jonas Kerker,Jonas Kerker,PBC Nagoldtal,PBC Nagoldtal 4,2
n:jonathan zimmermann|PF Calw,,Jonathan Zimmermann,Jonathan Zimmermann,PF Calw,PF Calw 2,2
n:jonny stojanovic|BC Stuttgart 1891,,Jonny Stojanovic (BC Stuttgart 1891),Jonny Stojanovic,BC Stuttgart 1891,BC Stuttgart 1891 4,2
p:369216,369216,Joshua Rinaldi Hermawan,Joshua Rinaldi Hermawan,BC Sindelfingen,BC Sindelfingen 8,2
p:368427,368427,Jozsef Mark,Jozsef Mark,PBC Nagoldtal,PBC Nagoldtal 3,2
p:355119,355119,Julian Wolf,Julian Wolf,BSC Göppingen,BSC Göppingen 2,2
n:justus quitsch|PBC Bruchsal,,Justus Quitsch (PBC Bruchsal),Justus Quitsch,PBC Bruchsal,PBC Bruchsal 4,2
p:170568,170568,Jörg Hechler,Jörg Hechler,BSG Albstadt,BSG Albstadt 1,2
p:101766,101766,Jörg Heinze,Jörg Heinze,PBC Bruchsal,PBC Bruchsal 3,2
n:jörg schwager|BSC Göppingen,,Jörg Schwager (BSC Göppingen),Jörg Schwager,BSC Göppingen,BSC Göppingen,2
n:kai niklas hausdorf|PBC Nagoldtal,,Kai Niklas Hausdorf,Kai Niklas Hausdorf,PBC Nagoldtal,PBC Nagoldtal 3,2
n:karl-heinz liebhardt|PBC Kirchheim/Teck,,Karl-Heinz Liebhardt,Karl-Heinz Liebhardt,PBC Kirchheim/Teck,PBC Kirchheim/Teck 2,2
n:kathleen jung|PF Calw,,Kathleen Jung,Kathleen Jung,PF Calw,PF Calw 2,2
n:kevin adamczyk|BC Aalen,,Kevin Adamczyk (BC Aalen),Kevin Adamczyk,BC Aalen,BC Aalen 2,2
n:klaus dietrich|BV Markdorf,,Klaus Dietrich (BV Markdorf),Klaus Dietrich,BV Markdorf,BV Markdorf 2,2
n:klaus kemp|PBC Bräunlingen,,Klaus Kemp,Klaus Kemp,PBC Bräunlingen,PBC Bräunlingen 3,2
n:klaus lehleiter|PBC Bad Saulgau,,Klaus Lehleiter,Klaus Lehleiter,PBC Bad Saulgau,PBC Bad Saulgau 6,2
p:102925,102925,Klaus Maier,Klaus Maier,BSC St. Georgen,BSC St. Georgen 1,2
n:klaus merdes|BF Bruchsal,,Klaus Merdes,Klaus Merdes,BF Bruchsal,BF Bruchsal,2
n:kristijan drljo|SBSC Denkendorf,,Kristijan Drljo (SBSC Denkendorf),Kristijan Drljo,SBSC Denkendorf,SBSC Denkendorf,2
n:lars quitsch|PBC Bruchsal,,Lars Quitsch (PBC Bruchsal),Lars Quitsch,PBC Bruchsal,PBC Bruchsal 4,2
n:lasse quitsch|PBC Bruchsal,,Lasse Quitsch (PBC Bruchsal),Lasse Quitsch,PBC Bruchsal,PBC Bruchsal 4,2
n:louise wong|BC Feuersee,,Louise Wong (BC Feuersee),Louise Wong,BC Feuersee,BC Feuersee,2
p:369146,369146,Lukas Bruchmann,Lukas Bruchmann,PBC Aalen,PBC Aalen 2,2
n:lukas jäckel|PBV Rottweil,,Lukas Jäckel,Lukas Jäckel,PBV Rottweil,PBV Rottweil 2,2
n:lutz denk|SBSC Denkendorf,,Lutz Denk (SBSC Denkendorf),Lutz Denk,SBSC Denkendorf,SBSC Denkendorf,2
n:manfred kalliehs|PF Calw,,Manfred Kalliehs (PF Calw),Manfred Kalliehs,PF Calw,PF Calw 3,2
n:manfred lutz|PBC Nagoldtal,,Manfred Lutz,Manfred Lutz,PBC Nagoldtal,PBC Nagoldtal 4,2
n:manuel aschenbrenner|BC Weingarten,,Manuel Aschenbrenner (BC Weingarten),Manuel Aschenbrenner,BC Weingarten,BC Weingarten,2
n:manuel aschenbrenner|PBC Bad Saulgau,,Manuel Aschenbrenner (PBC Bad Saulgau),Manuel Aschenbrenner,PBC Bad Saulgau,PBC Bad Saulgau 6,2
n:manuel kreiter|BV Markdorf,,Manuel Kreiter,Manuel Kreiter,BV Markdorf,BV Markdorf,2
p:245476,245476,Manuel Kreuz,Manuel Kreuz,BV Pforzheim,BV Pforzheim 3,2
p:367958,367958,Marc Kölling,Marc Kölling,PBC Fr. Lampertheim,PBC Fr. Lampertheim 2,2
n:marcel twardon|BC Feuersee,,Marcel Twardon (BC Feuersee),Marcel Twardon,BC Feuersee,BC Feuersee,2
n:marcel wohlgemuth|BC Weingarten,,Marcel Wohlgemuth,Marcel Wohlgemuth,BC Weingarten,BC Weingarten 4,2
p:100813,100813,Marco Di Martino,Marco Di Martino,BBV Mannheim,BBV Mannheim 3,2
n:marco post|BC Dallau,,Marco Post,Marco Post,BC Dallau,BC Dallau 5,2
n:mario janssen|BC Ludwigsburg,,Mario Janssen (BC Ludwigsburg),Mario Janssen,BC Ludwigsburg,BC Ludwigsburg 2,2
n:mario janssen|BC Stuttgart,,Mario Janssen (BC Stuttgart),Mario Janssen,BC Stuttgart,BC Stuttgart 1891,2
p:367978,367978,Mario Mayer,Mario Mayer,PBC Rastatt,PBC Rastatt 2,2
n:mario mayer|PBC Rastatt,,Mario Mayer (PBC Rastatt),Mario Mayer,PBC Rastatt,PBC Rastatt,2
n:markus jentsch|PBC Schwäbisch-Gmünd,,Markus Jentsch (PBC Schwäbisch-Gmünd),Markus Jentsch,PBC Schwäbisch-Gmünd,PBC Schwäbisch-Gmünd 4,2
p:369020,369020,Markus Schneider [369020],Markus Schneider,,,2
n:martin brandt|BV Markdorf,,Martin Brandt (BV Markdorf),Martin Brandt,BV Markdorf,BV Markdorf 3,2
p:369119,369119,Martin Seyfer,Martin Seyfer,CC Karlsruhe,CC Karlsruhe 2,2
n:martin stachowitz|PBC Bräunlingen,,Martin Stachowitz,Martin Stachowitz,PBC Bräunlingen,PBC Bräunlingen 4,2
n:matthias ade|BSV Filderstadt,,Matthias Ade,Matthias Ade,BSV Filderstadt,BSV Filderstadt,2
n:matthias raible|BC Fellbach,,Matthias Raible (BC Fellbach),Matthias Raible,BC Fellbach,BC Fellbach 3,2
n:matthias raible|TV Cannstatt,,Matthias Raible (TV Cannstatt),Matthias Raible,TV Cannstatt,TV Cannstatt 2,2
p:368189,368189,Mattis Wasner,Mattis Wasner,BC Dallau,BC Dallau 3,2
p:101368,101368,Maurizio Giannachi,Maurizio Giannachi,PBC Fr. Lampertheim,PBC Fr. Lampertheim 2,2
p:369182,369182,Max Barthold,Max Barthold,PBC Ochsenhausen,PBC Ochsenhausen 4,2
p:369261,369261,Max Miedzianowski,Max Miedzianowski,BC Stuttgart 1891,BC Stuttgart 1891 7,2
n:maximilian jentsch|PBC Schwäbisch-Gmünd,,Maximilian Jentsch (PBC Schwäbisch-Gmünd),Maximilian Jentsch,PBC Schwäbisch-Gmünd,PBC Schwäbisch-Gmünd 4,2
n:mehmet özkan|PBC Nagoldtal,,Mehmet Özkan,Mehmet Özkan,PBC Nagoldtal,PBC Nagoldtal,2
n:mena kelada|BSV Konstanz,,Mena Kelada,Mena Kelada,BSV Konstanz,BSV Konstanz 2,2
p:368806,368806,Mendbayar Renchin,Mendbayar Renchin,BC Stuttgart 1891,BC Stuttgart 1891 3,2
n:michael gaspar|PBC Kirchheim/Teck,,Michael Gaspar,Michael Gaspar,PBC Kirchheim/Teck,PBC Kirchheim/Teck,2
p:240320,240320,Michael Häfele,Michael Häfele,BC Feuersee,BC Feuersee 3,2
n:michael häfele|BC Feuersee Ludwigsburg,,Michael Häfele (BC Feuersee Ludwigsburg),Michael Häfele,BC Feuersee Ludwigsburg,BC Feuersee Ludwigsburg 2,2
p:368031,368031,Michael Kunz,Michael Kunz,BSV Konstanz,BSV Konstanz 1,2
p:350161,350161,Michael Martini,Michael Martini,BSV Pfullingen,BSV Pfullingen 3,2
n:michael reiser|PF Calw,,Michael Reiser (PF Calw),Michael Reiser,PF Calw,PF Calw 2,2
n:michael steinmüller|BSV Weinheim,,Michael Steinmüller,Michael Steinmüller,BSV Weinheim,BSV Weinheim 5,2
p:368843,368843,Michael Vollmer,Michael Vollmer,,,2
n:michael wahl|BSV Pfullingen,,Michael Wahl,Michael Wahl,BSV Pfullingen,BSV Pfullingen 4,2
n:mike belke|PBC Sand,,Mike Belke (PBC Sand),Mike Belke,PBC Sand,PBC Sand 2,2
n:ming cai|CC Karlsruhe,,Ming  Cai,Ming  Cai,CC Karlsruhe,CC Karlsruhe,2
p:369273,369273,Muho Dizdarevic,Muho Dizdarevic,BULL Leonberg-Höfingen,BULL Leonberg-Höfingen 3,2
p:100798,100798,Murat Deniz,Murat Deniz,BC Dallau,BC Dallau 2,2
n:murat niyazi|BC Ludwigsburg,,Murat Niyazi,Murat Niyazi,BC Ludwigsburg,BC Ludwigsburg 2,2
n:muzaffer günay|BC Aalen,,Muzaffer Günay (BC Aalen),Muzaffer Günay,BC Aalen,BC Aalen 5,2
n:nathalie rohmer|PBC Offenburg,,Nathalie Rohmer,Nathalie Rohmer,PBC Offenburg,PBC Offenburg 3,2
p:369263,369263,Nicholas Hoeldtke,Nicholas Hoeldtke,BC Stuttgart 1891,BC Stuttgart 1891 7,2
n:nicole riedl|BC Fellbach,,Nicole Riedl,Nicole Riedl,BC Fellbach,BC Fellbach 3,2
p:102600,102600,Nikola Kremer,Nikola Kremer,Poolsharks Bruchsal,Poolsharks Bruchsal 1,2
n:pascal alix|PBC Offenburg,,Pascal Alix,Pascal Alix,PBC Offenburg,PBC Offenburg 2,2
n:patrick haag|BC Stuttgart 1891,,Patrick Haag,Patrick Haag,BC Stuttgart 1891,BC Stuttgart 1891 4,2
p:368542,368542,Patrick Regan,Patrick Regan,BF Bruchsal,BF Bruchsal 1,2
n:patrick steimer|PBV Rottweil,,Patrick Steimer,Patrick Steimer,PBV Rottweil,PBV Rottweil 2,2
p:103122,103122,Patrik Meyer,Patrik Meyer,PBC Offenburg,PBC Offenburg 2,2
n:patrik meyer|PBC Offenburg,,Patrik Meyer (PBC Offenburg),Patrik Meyer,PBC Offenburg,PBC Offenburg,2
n:peter brehm|BC Fellbach,,Peter Brehm (BC Fellbach),Peter Brehm,BC Fellbach,BC Fellbach 3,2
n:peter gerhards|PBV Schwetzingen,,Peter Gerhards,Peter Gerhards,PBV Schwetzingen,PBV Schwetzingen 3,2
n:peter holstein|PBC Fr. Lampertheim,,Peter Holstein,Peter Holstein,PBC Fr. Lampertheim,PBC Fr. Lampertheim 3,2
p:368981,368981,Peter Polzer,Peter Polzer,JS Mingolsheim,JS Mingolsheim 1,2
n:peter rupprecht|PBC Waghäusel,,Peter Rupprecht (PBC Waghäusel),Peter Rupprecht,PBC Waghäusel,PBC Waghäusel 5,2
n:peter schwanhäuser|BSC St. Georgen,,Peter Schwanhäuser,Peter Schwanhäuser,BSC St. Georgen,BSC St. Georgen 2,2
n:philipp maier|BSC Waldshut,,Philipp Maier,Philipp Maier,BSC Waldshut,BSC Waldshut,2
p:104807,104807,Philipp Vosseler,Philipp Vosseler,PBC Ochsenhausen,PBC Ochsenhausen 2,2
p:351910,351910,Qayssar Al Saedi,Qayssar Al Saedi,BSV Konstanz,BSV Konstanz 1,2
p:369125,369125,Rainer Glück,Rainer Glück,BSV Filderstadt,BSV Filderstadt 3,2
n:rainer häfele|BSV Nürtingen,,Rainer Häfele,Rainer Häfele,BSV Nürtingen,BSV Nürtingen 6,2
n:rainer kenzler|BULL Leonberg-Höfingen,,Rainer Kenzler (BULL Leonberg-Höfingen),Rainer Kenzler,BULL Leonberg-Höfingen,BULL Leonberg-Höfingen 3,2
n:rainer rurländer|PBC Kirchheim/Teck,,Rainer Rurländer,Rainer Rurländer,PBC Kirchheim/Teck,PBC Kirchheim/Teck 2,2
n:rainer schaaf|PBC Kirchheim/Teck,,Rainer Schaaf,Rainer Schaaf,PBC Kirchheim/Teck,PBC Kirchheim/Teck 2,2
n:ralf hespeler|BSV Konstanz,,Ralf Hespeler,Ralf Hespeler,BSV Konstanz,BSV Konstanz,2
n:ralf hohlfeld|BC Feuersee Ludwigsburg,,Ralf Hohlfeld (BC Feuersee Ludwigsburg),Ralf Hohlfeld,BC Feuersee Ludwigsburg,BC Feuersee Ludwigsburg 2,2
p:100037,100037,Ramazan Akdag,Ramazan Akdag,BV Pforzheim,BV Pforzheim 1,2
n:randi ramzi ya´da|BSV Pfullingen,,Randi Ramzi ya´da,Randi Ramzi ya´da,BSV Pfullingen,BSV Pfullingen 4,2
p:369265,369265,Rebeca Romero Ulloa,Rebeca Romero Ulloa,BC Stuttgart 1891,BC Stuttgart 1891 6,2
n:rene scheffel|BSV Weinheim,,Rene Scheffel,Rene Scheffel,BSV Weinheim,BSV Weinheim 3,2
p:369204,369204,Robert Bergmann,Robert Bergmann,PBC Nagoldtal,PBC Nagoldtal 4,2
p:368576,368576,Robert Glen-Novak,Robert Glen-Novak,BULL Leonberg-Höfingen,BULL Leonberg-Höfingen 2,2
n:roland lindauer|PP Karlsbad,,Roland Lindauer (PP Karlsbad),Roland Lindauer,PP Karlsbad,PP Karlsbad 3,2
n:rolf berkowitz|PBC Freudenstadt,,Rolf Berkowitz (PBC Freudenstadt),Rolf Berkowitz,PBC Freudenstadt,PBC Freudenstadt,2
n:rüdiger albrecht|BC Sindelfingen,,Rüdiger Albrecht,Rüdiger Albrecht,BC Sindelfingen,BC Sindelfingen 3,2
n:salvatore badalucco|PBV Rottweil,,Salvatore Badalucco,Salvatore Badalucco,PBV Rottweil,PBV Rottweil 2,2
n:sarah esaias|BF Bruchsal,,Sarah Esaias,Sarah Esaias,BF Bruchsal,BF Bruchsal 3,2
n:sascha baumann|SBSC Denkendorf,,Sascha Baumann,Sascha Baumann,SBSC Denkendorf,SBSC Denkendorf,2
p:369283,369283,Sascha Rißmann,Sascha Rißmann,PBC Nagoldtal,PBC Nagoldtal 4,2
n:sebastian bartsch|PBC Langenargen,,Sebastian Bartsch (PBC Langenargen),Sebastian Bartsch,PBC Langenargen,PBC Langenargen,2
p:369262,369262,Sebastian Zinck,Sebastian Zinck,BC Stuttgart 1891,BC Stuttgart 1891 7,2
p:102369,102369,Sergej Kirtkov,Sergej Kirtkov,PBV Schwetzingen,PBV Schwetzingen 5,2
n:serkan candir|BSV Filderstadt,,Serkan Candir (BSV Filderstadt),Serkan Candir,BSV Filderstadt,BSV Filderstadt 5,2
n:simon wiedemann|CC Karlsruhe,,Simon Wiedemann,Simon Wiedemann,CC Karlsruhe,CC Karlsruhe 2,2
n:stefan gebauer|PBC Ochsenhausen,,Stefan Gebauer,Stefan Gebauer,PBC Ochsenhausen,PBC Ochsenhausen,2
n:stefan herzer|PBC Schwäbisch-Gmünd,,Stefan Herzer (PBC Schwäbisch-Gmünd),Stefan Herzer,PBC Schwäbisch-Gmünd,PBC Schwäbisch-Gmünd 3,2
n:steffen adler|BF Weinheim-Viernheim,,Steffen Adler (BF Weinheim-Viernheim),Steffen Adler,BF Weinheim-Viernheim,BF Weinheim-Viernheim,2
n:stephan huber|unassigned,,Stephan Huber (unassigned),Stephan Huber,,,2
p:351276,351276,Stephan Kathari,Stephan Kathari,CC Karlsruhe,CC Karlsruhe 5,2
n:stephan moser|BV Villingen-Schwenningen,,Stephan Moser (BV Villingen-Schwenningen),Stephan Moser,BV Villingen-Schwenningen,BV Villingen-Schwenningen,2
n:stipe topic|BSV Nürtingen,,Stipe Topic,Stipe Topic,BSV Nürtingen,BSV Nürtingen,2
n:sybille kny|BV Pforzheim,,Sybille Kny,Sybille Kny,BV Pforzheim,BV Pforzheim 3,2
n:tahsin kirli|PBC Aalen,,Tahsin Kirli (PBC Aalen),Tahsin Kirli,PBC Aalen,PBC Aalen,2
n:tamara drischel|PP Karlsbad,,Tamara Drischel,Tamara Drischel,PP Karlsbad,PP Karlsbad 3,2
n:thomas haug|BV Villingen-Schwenningen,,Thomas Haug (BV Villingen-Schwenningen),Thomas Haug,BV Villingen-Schwenningen,BV Villingen-Schwenningen 2,2
n:thomas schubert|BC Stuttgart,,Thomas Schubert (BC Stuttgart),Thomas Schubert,BC Stuttgart,BC Stuttgart 1891,2
p:367985,367985,Thomas Teufel,Thomas Teufel,PBC Offenburg,PBC Offenburg 4,2
n:thorsten günther|Poolsharks Bruchsal,,Thorsten Günther,Thorsten Günther,Poolsharks Bruchsal,Poolsharks Bruchsal,2
n:tina|unassigned,,Tina,Tina,,,2
n:tobias bayer|P&S Denzlingen,,Tobias Bayer,Tobias Bayer,P&S Denzlingen,P&S Denzlingen 2,2
p:353084,353084,Tobias Krieger,Tobias Krieger,PBC Aalen,PBC Aalen 2,2
n:tobias laubenstein|CC Karlsruhe,,Tobias Laubenstein,Tobias Laubenstein,CC Karlsruhe,CC Karlsruhe,2
p:102804,102804,Tobias Lesniak,Tobias Lesniak,BSC St. Georgen,BSC St. Georgen 1,2
n:tobias stengele|PF Calw,,Tobias Stengele,Tobias Stengele,PF Calw,PF Calw 2,2
n:torsten herold|BSV Filderstadt,,Torsten Herold (BSV Filderstadt),Torsten Herold,BSV Filderstadt,BSV Filderstadt 4,2
n:torsten kaufmann|Tübinger BC,,Torsten Kaufmann,Torsten Kaufmann,Tübinger BC,Tübinger BC 3,2
n:tuncay turna|PBC Schwäbisch-Gmünd,,Tuncay  Turna,Tuncay  Turna,PBC Schwäbisch-Gmünd,PBC Schwäbisch-Gmünd 4,2
n:ute kiefer|CC Karlsruhe,,Ute Kiefer (CC Karlsruhe),Ute Kiefer,CC Karlsruhe,CC Karlsruhe 4,2
n:uwe|Tübinger BC,,Uwe,Uwe,Tübinger BC,Tübinger BC,2
n:uwe mann|PBC Rastatt,,Uwe Mann (PBC Rastatt),Uwe Mann,PBC Rastatt,PBC Rastatt 2,2
n:vedran rako|TV Cannstatt,,Vedran Rako (TV Cannstatt),Vedran Rako,TV Cannstatt,TV Cannstatt,2
n:vincent wiesehügel|PBC Bruchsal,,Vincent Wiesehügel (PBC Bruchsal),Vincent Wiesehügel,PBC Bruchsal,PBC Bruchsal 4,2
p:354615,354615,Virginia Eisen,Virginia Eisen,PBC Reutlingen,PBC Reutlingen 2,2
p:368136,368136,Vithyea Thorn,Vithyea Thorn,BC Aalen,BC Aalen 3,2
n:volker auer|PBC Bad Saulgau,,Volker Auer,Volker Auer,PBC Bad Saulgau,PBC Bad Saulgau 6,2
n:wilfried scheibel|BV Markdorf,,Wilfried Scheibel (BV Markdorf),Wilfried Scheibel,BV Markdorf,BV Markdorf 3,2
p:353760,353760,Yannick Redl,Yannick Redl,PBC Rastatt,PBC Rastatt 1,2
n:yavuz güleryüz|P&S Denzlingen,,Yavuz Güleryüz (P&S Denzlingen),Yavuz Güleryüz,P&S Denzlingen,P&S Denzlingen 2,2
n:yunus gürbüz|BV Villingen-Schwenningen,,Yunus Gürbüz,Yunus Gürbüz,BV Villingen-Schwenningen,BV Villingen-Schwenningen,2
n:zeki parlak|PBC Aalen,,Zeki Parlak,Zeki Parlak,PBC Aalen,PBC Aalen,2
p:350827,350827,Zlatko Martinovic,Zlatko Martinovic,TV Cannstatt,TV Cannstatt 2,2
n:zvonimir jembrih|PBC Schwäbisch-Gmünd,,Zvonimir Jembrih (PBC Schwäbisch-Gmünd),Zvonimir Jembrih,PBC Schwäbisch-Gmünd,PBC Schwäbisch-Gmünd,2
n:aaron bruggesser|PBC Bad Saulgau,,Aaron Bruggesser (PBC Bad Saulgau),Aaron Bruggesser,PBC Bad Saulgau,PBC Bad Saulgau 7,1
n:alexander haass aufn.: 20; ø: 3.50|unassigned,,Alexander Haass Aufn.: 20; Ø: 3.50,Alexander Haass Aufn.: 20; Ø: 3.50,,,1
p:368008,368008,Alfred Stöcklein,Alfred Stöcklein,BC Sindelfingen,BC Sindelfingen 6,1
n:andreas keilmann aufn.: 1; ø: 0.00|unassigned,,Andreas Keilmann Aufn.: 1; Ø: 0.00,Andreas Keilmann Aufn.: 1; Ø: 0.00,,,1
n:andy|Tübinger BC,,Andy,Andy,Tübinger BC,Tübinger BC,1
n:catalin damian aufn.: 1; ø: 0.00|unassigned,,Catalin Damian Aufn.: 1; Ø: 0.00,Catalin Damian Aufn.: 1; Ø: 0.00,,,1
n:christian casagrande|BC Feuersee Ludwigsburg,,Christian Casagrande (BC Feuersee Ludwigsburg),Christian Casagrande,BC Feuersee Ludwigsburg,BC Feuersee Ludwigsburg 2,1
n:christian würthwein|Mannheimer BF,,Christian Würthwein (Mannheimer BF),Christian Würthwein,Mannheimer BF,Mannheimer BF,1
n:christina schneider|BC Ludwigsburg,,Christina Schneider,Christina Schneider,BC Ludwigsburg,BC Ludwigsburg 2,1
n:claude bernard breuil|BBV Mannheim,,Claude Bernard Breuil,Claude Bernard Breuil,BBV Mannheim,BBV Mannheim 4,1
n:claudia möst|PBV Schwetzingen,,Claudia Möst,Claudia Möst,PBV Schwetzingen,PBV Schwetzingen 3,1
n:daniel lehmann|PBC Bräunlingen,,Daniel Lehmann (PBC Bräunlingen),Daniel Lehmann,PBC Bräunlingen,PBC Bräunlingen 2,1
n:daniel merbitz aufn.: 6; ø: 0.00|unassigned,,Daniel Merbitz Aufn.: 6; Ø: 0.00,Daniel Merbitz Aufn.: 6; Ø: 0.00,,,1
n:daniel penz|BC Dreiländereck,,Daniel Penz,Daniel Penz,BC Dreiländereck,BC Dreiländereck,1
n:dominik|Tübinger BC,,Dominik,Dominik,Tübinger BC,Tübinger BC,1
p:368233,368233,Enrique Gonzales Vitores,Enrique Gonzales Vitores,PBV Schwetzingen,PBV Schwetzingen 7,1
p:240130,240130,Florian Martin,Florian Martin,PBC Bräunlingen,PBC Bräunlingen 2,1
n:florian stojanoski aufn.: 20; ø: 0.20|unassigned,,Florian Stojanoski Aufn.: 20; Ø: 0.20,Florian Stojanoski Aufn.: 20; Ø: 0.20,,,1
n:florian ungerer|PBC Pfedelbach,,Florian Ungerer,Florian Ungerer,PBC Pfedelbach,PBC Pfedelbach 2,1
n:frank|Tübinger BC,,Frank,Frank,Tübinger BC,Tübinger BC,1
n:frank diedrich aufn.: 1; ø: 0.00|unassigned,,Frank Diedrich Aufn.: 1; Ø: 0.00,Frank Diedrich Aufn.: 1; Ø: 0.00,,,1
p:352583,352583,Harald Feuerlein,Harald Feuerlein,BF Bronnen,BF Bronnen 1,1
p:251068,251068,Helmut Motsch,Helmut Motsch,BULL Leonberg-Höfingen,BULL Leonberg-Höfingen 3,1
n:hermann möst|PBV Schwetzingen,,Hermann Möst (PBV Schwetzingen),Hermann Möst,PBV Schwetzingen,PBV Schwetzingen 3,1
n:hussein|Tübinger BC,,Hussein,Hussein,Tübinger BC,Tübinger BC,1
n:jens heim aufn.: 26; ø: 0.31|unassigned,,Jens Heim Aufn.: 26; Ø: 0.31,Jens Heim Aufn.: 26; Ø: 0.31,,,1
n:luka antic aufn.: 20; ø: 0.45|unassigned,,Luka Antic Aufn.: 20; Ø: 0.45,Luka Antic Aufn.: 20; Ø: 0.45,,,1
n:manfred kocksch|PBC Schwäbisch-Hall,,Manfred Kocksch,Manfred Kocksch,PBC Schwäbisch-Hall,PBC Schwäbisch-Hall 2,1
n:manuel kreuz|PBSC Pforzheim,,Manuel Kreuz (PBSC Pforzheim),Manuel Kreuz,PBSC Pforzheim,PBSC Pforzheim,1
n:marvin gärtner|PBC Aalen,,Marvin Gärtner,Marvin Gärtner,PBC Aalen,PBC Aalen 3,1
n:marvin kucharz|PBC Aalen,,Marvin Kucharz,Marvin Kucharz,PBC Aalen,PBC Aalen 3,1
n:mathias christ|SBSC Denkendorf,,Mathias Christ,Mathias Christ,SBSC Denkendorf,SBSC Denkendorf,1
n:max berghoff|BSV Pfullingen,,Max Berghoff,Max Berghoff,BSV Pfullingen,BSV Pfullingen 3,1
p:369129,369129,Max Piepke,Max Piepke,PBC Reutlingen,PBC Reutlingen 3,1
n:maximilian emig|BSV Konstanz,,Maximilian Emig,Maximilian Emig,BSV Konstanz,BSV Konstanz,1
p:245763,245763,Melanie Wolf,Melanie Wolf,PBC Bräunlingen,PBC Bräunlingen 2,1
p:369130,369130,Moritz Fritsche,Moritz Fritsche,PBC Reutlingen,PBC Reutlingen 3,1
n:nicolas markel|PBC Bietigheim-Bissingen,,Nicolas Markel,Nicolas Markel,PBC Bietigheim-Bissingen,PBC Bietigheim-Bissingen 4,1
n:orhan cetin|BSV Pfullingen,,Orhan Cetin (BSV Pfullingen),Orhan Cetin,BSV Pfullingen,BSV Pfullingen 3,1
n:peter jankowsky|BBV Mannheim,,Peter Jankowsky,Peter Jankowsky,BBV Mannheim,BBV Mannheim 4,1
p:368870,368870,Rachel Silva,Rachel Silva,BC Sindelfingen,BC Sindelfingen 7,1
n:ralf kempermann aufn.: 1; ø: 0.00|unassigned,,Ralf Kempermann Aufn.: 1; Ø: 0.00,Ralf Kempermann Aufn.: 1; Ø: 0.00,,,1
n:sascha sasic|BSV Pfullingen,,Sascha Sasic,Sascha Sasic,BSV Pfullingen,BSV Pfullingen 5,1
n:sean hermann|BSC Göppingen,,Sean Hermann,Sean Hermann,BSC Göppingen,BSC Göppingen 2,1
n:sergei kirtkov|PBV Schwetzingen,,Sergei Kirtkov,Sergei Kirtkov,PBV Schwetzingen,PBV Schwetzingen 4,1
n:siegfried dietl|PBC Langenargen,,Siegfried Dietl,Siegfried Dietl,PBC Langenargen,PBC Langenargen 2,1
n:stephan maier|TV Cannstatt,,Stephan Maier (TV Cannstatt),Stephan Maier,TV Cannstatt,TV Cannstatt,1
n:tobias krieger|PBC Aalen,,Tobias Krieger (PBC Aalen),Tobias Krieger,PBC Aalen,PBC Aalen 2,1
p:104152,104152,Tobias Schneider,Tobias Schneider,BF Bronnen,BF Bronnen 1,1
n:udo kirchgessner aufn.: 5; ø: 12.00|unassigned,,Udo Kirchgeßner Aufn.: 5; Ø: 12.00,Udo Kirchgeßner Aufn.: 5; Ø: 12.00,,,1
