player,team,league,staffel,games,wins,losses,weighted_games,elo,elo_low,elo_high,elo_se,expected_wins,residual
Ricardo Gutjahr,,Einzel,BM 8er Ball Herren Mitte | Kreismeisterschaften 8-Ball Herren Mitte | Landesmeisterschaft 10er Ball Herren | Landesmeisterschaft 14.1e Herren | Landesmeisterschaft 8er Ball Herren | Landesmeisterschaft 9er Ball Herren,99,89,10,99.00,2413,2300,2525,57,88.01,0.99
Eric Mattern,,Einzel,Bezirksmeisterschaften 10er Ball Herren Nord | Bezirksmeisterschaften 14.1e Herren Nord | Bezirksmeisterschaften 8er Ball Herren Nord | Bezirksmeisterschaften 9er Ball Herren Nord | Kreismeisterschaften 10-Ball Herren Nord | Kreismeisterschaften 8-Ball Herren Nord | Kreismeisterschaften 9-Ball Herren Nord | LJM 2023 m-u23 8-Ball | LJM 2023 m-u23 9-Ball | Landesjugendmeisterschaft mU22 10 Ball | Landesjugendmeisterschaft mU22 9 Ball | Landesjugendmeisterschaft u14-u22 10-Ball | Landesjugendmeisterschaft u14-u22 14/1e | Landesjugendmeisterschaft u14-u22 8-Ball | Landesjugendmeisterschaft u14-u22 9-Ball | Landesmeisterschaft 10er Ball Herren | Landesmeisterschaft 14.1e Herren | Landesmeisterschaft 8er Ball Herren | Landesmeisterschaft 9er Ball Herren,115,99,16,115.00,2281,2179,2383,52,98.02,0.98
Markus Kamuf,,Einzel,BM 10er Ball Senioren Nord | Bezirksmeisterschaften 9er Ball Senioren Nord | Landesmeisterschaft 10er Ball Senioren | Landesmeisterschaft 14.1e Senioren | Landesmeisterschaft 14.1e Senioren 45+ | Landesmeisterschaft 8er Ball Senioren | Landesmeisterschaft 8er Ball Senioren 45+ | Landesmeisterschaft 9er Ball Senioren | Landesmeisterschaft 9er Ball Senioren 45+,82,66,16,82.00,2184,2088,2279,49,65.04,0.96
Alexander Haass,,Einzel,BM 10er Ball Herren Nord | BM 10er Ball Herren Nord (Kurpfalz) 2019-2020 | BM 14/1 Einzel Herren Nord | Kreismeisterschaften 8-Ball Herren Nord | Landesmeisterschaft 10er Ball Herren | Landesmeisterschaft 14.1e Herren | Landesmeisterschaft 8er Ball Herren | Landesmeisterschaft 9er Ball Herren,73,51,22,73.00,2139,2044,2235,49,50.05,0.95
Geronimo Rosa,,Einzel,Landesmeisterschaft 10er Ball Herren | Landesmeisterschaft 14.1e Herren | Landesmeisterschaft 8er Ball Herren | Landesmeisterschaft 9er Ball Herren,41,27,14,41.00,2139,2017,2261,62,26.05,0.95
Matthias Hardtke,,Einzel,BM 10er Ball Herren Mitte | BM 14/1 Einzel Herren Mitte | BM 8er Ball Herren Mitte | BM 9er Ball Herren Mitte | Bezirksmeisterschaften 14.1e Herren Mitte | Bezirksmeisterschaften 8er Ball Herren Mitte | Bezirksmeisterschaften 9er Ball Herren Mitte | Kreismeisterschaften 10-Ball Herren Mitte | Kreismeisterschaften 14.1e Herren Mitte | Kreismeisterschaften 8-Ball Herren Mitte | Kreismeisterschaften 9-Ball Herren Mitte | Landesmeisterschaft 10er Ball Herren | Landesmeisterschaft 14.1e Herren | Landesmeisterschaft 8er Ball Herren | Landesmeisterschaft 9er Ball Herren,157,110,47,157.00,2137,2069,2205,35,109.05,0.95
Christian Brehme,,Einzel,Bezirksmeisterschaften 10er Ball Herren Nord | Bezirksmeisterschaften 14.1e Herren Nord | Bezirksmeisterschaften 8er Ball Herren Nord | Bezirksmeisterschaften 9er Ball Herren Nord | Kreismeisterschaften 10-Ball Herren Nord | Kreismeisterschaften 14/1e Herren Nord | Kreismeisterschaften 8-Ball Herren Nord | Kreismeisterschaften 9-Ball Herren Nord | Landesmeisterschaft 10er Ball Herren | Landesmeisterschaft 14.1e Herren | Landesmeisterschaft 8er Ball Herren | Landesmeisterschaft 9er Ball Herren,64,48,16,64.00,2121,2012,2230,56,47.05,0.95
Markus Buck,BSC Göppingen 2,Landesliga,Ost,18,17,1,18.00,2115,1848,2382,136,16.06,0.94
Andreas Schroff,,Einzel,Bezirksmeisterschaften 10er Ball Herren Nord | Bezirksmeisterschaften 14.1e Herren Nord | Bezirksmeisterschaften 8er Ball Herren Nord | Bezirksmeisterschaften 9er Ball Herren Nord | Kreismeisterschaften 10-Ball Herren Nord | Kreismeisterschaften 14/1e Herren Nord | Kreismeisterschaften 8-Ball Herren Nord | Kreismeisterschaften 9-Ball Herren Nord | Landesmeisterschaft 10er Ball Herren | Landesmeisterschaft 14.1e Herren | Landesmeisterschaft 8er Ball Herren | Landesmeisterschaft 9er Ball Herren,68,53,15,68.00,2109,1998,2220,57,52.06,0.94
Daniel Merbitz,,Einzel,BM 10er Ball Senioren Mitte (Sindelfingen) 2019-2020 | Bezirksmeisterschaften 10er Ball Senioren Mitte | Bezirksmeisterschaften 14.1e Senioren Mitte | Bezirksmeisterschaften 8er Ball Senioren Mitte | Bezirksmeisterschaften 9er Ball Senioren Mitte | Landesmeisterschaft 10er Ball Senioren | Landesmeisterschaft 10er Ball Senioren 45+ | Landesmeisterschaft 14.1e Senioren | Landesmeisterschaft 14.1e Senioren 45+ | Landesmeisterschaft 8er Ball Senioren | Landesmeisterschaft 8er Ball Senioren 45+ | Landesmeisterschaft 9er Ball Senioren | Landesmeisterschaft 9er Ball Senioren 45+,117,85,32,117.00,2088,2013,2163,38,84.07,0.93
Martin Schwab,,Einzel,BM 10er Ball Senioren West | BM 14/1 Einzel Senioren West | BM 8er Ball Senioren West | BM 9er Ball Senioren West | Bezirksmeisterschaften 10er Ball Senioren West | Bezirksmeisterschaften 9er Ball Senioren West | Kreismeisterschaften 10-Ball Senioren West | Kreismeisterschaften 8-Ball Senioren West | Kreismeisterschaften 9-Ball Senioren West | Landesmeisterschaft 10er Ball Senioren | Landesmeisterschaft 14.1e Senioren | Landesmeisterschaft 8er Ball Senioren | Landesmeisterschaft 9er Ball Senioren,80,62,18,80.00,2085,1989,2180,49,61.07,0.93
Károly Kis,BC Bad Schussenried 1,Landesliga,Ost,16,14,2,16.00,2064,1838,2289,115,13.07,0.93
Stefan Duttlinger,BSV Tiengen 2,Einzel | Landesliga,BM 10er Ball Herren West | BM 10er Ball Herren West (Offenburg) 2019-2020 | BM 14/1 Einzel Herren West | BM 9er Ball Herren West | Bezirksmeisterschaften 10er Ball Herren West | Bezirksmeisterschaften 14.1e Herren West | Bezirksmeisterschaften 8er Ball Herren West | Bezirksmeisterschaften 9er Ball Herren West | Landesmeisterschaft 10er Ball Herren | Landesmeisterschaft 14.1e Herren | Landesmeisterschaft 8er Ball Herren | Landesmeisterschaft 9er Ball Herren | West,117,78,39,117.00,2051,1975,2126,38,77.08,0.92
Hermann Hoyh,,Einzel,Landesmeisterschaft 10er Ball Herren | Landesmeisterschaft 14.1e Herren | Landesmeisterschaft 8er Ball Herren | Landesmeisterschaft 9er Ball Herren,20,12,8,20.00,2042,1870,2213,87,11.08,0.92
Fabian Neglein,,Einzel,Bezirksmeisterschaften 10er Ball Herren Ost | Bezirksmeisterschaften 14.1e Herren Ost | Bezirksmeisterschaften 8er Ball Herren Ost | Bezirksmeisterschaften 9er Ball Herren Ost | Kreismeisterschaften 10-Ball Herren Ost | Kreismeisterschaften 8-Ball Herren Ost | Kreismeisterschaften 9-Ball Herren Ost | Landesmeisterschaft 10er Ball Herren | Landesmeisterschaft 14.1e Herren | Landesmeisterschaft 8er Ball Herren | Landesmeisterschaft 9er Ball Herren,53,39,14,53.00,2041,1916,2166,64,38.08,0.92
Simone Künzl,,Einzel,BM 10er Ball Damen Ost und Mitte | BM 8er Ball Damen Ost - Mitte | BM 9er Ball Damen Ost und Mitte | Landesmeisterschaft 10er Ball Damen | Landesmeisterschaft 14.1e Damen | Landesmeisterschaft 8er Ball Damen | Landesmeisterschaft 9er Ball Damen,65,58,7,65.00,2039,1907,2171,67,57.09,0.91
Petra Braun,,Einzel,Landesmeisterschaft 10er Ball Ladies | Landesmeisterschaft 14.1e Ladies | Landesmeisterschaft 8er Ball Ladies | Landesmeisterschaft 9er Ball Ladies | Landesmeisterschaft 9er Ball Ladies 1,81,65,16,81.00,2037,1938,2136,50,64.08,0.92
Frank Nitsche,,Einzel,BM 10er Ball Senioren Nord (PBC Waghäusel) 2019-2020 | Landesmeisterschaft 10er Ball Senioren,8,6,2,8.00,2032,1774,2289,131,5.09,0.91
Robin Heber,,Einzel,BM 8er Ball Senioren Mitte | Bezirksmeisterschaften 10er Ball Senioren 55+ Mitte | Bezirksmeisterschaften 10er Ball Senioren Mitte | Bezirksmeisterschaften 14.1e Senioren Mitte | Bezirksmeisterschaften 8er Ball Senioren Mitte | Landesmeisterschaft 10er Ball Senioren | Landesmeisterschaft 10er Ball Senioren 55+ | Landesmeisterschaft 14.1e Senioren | Landesmeisterschaft 14.1e Senioren 55+ | Landesmeisterschaft 8er Ball Senioren | Landesmeisterschaft 8er Ball Senioren 55+ | Landesmeisterschaft 9er Ball Senioren | Landesmeisterschaft 9er Ball Senioren 55+,108,72,36,108.00,2031,1957,2105,38,71.09,0.91
Mike Dörfler,BC Dreiländereck 1,Landesliga,West,10,10,0,10.00,2029,1665,2393,186,9.09,0.91
Philipp Lisenko,P&S Denzlingen 1 | P&S Denzlingen 2,Landesliga,West,46,42,4,46.00,2026,1856,2195,87,41.09,0.91
Ruben Frick,,Einzel,Landesmeisterschaft 14.1e Herren | Landesmeisterschaft 9er Ball Herren,11,6,5,11.00,2025,1809,2241,110,5.09,0.91
Lutz Metzner,BV Markdorf 1 | BV Markdorf 2,Bezirksliga | Landesliga,Ost | Ost 2,34,31,3,34.00,2024,1838,2209,94,30.09,0.91
Xanthos Vlassidis,,Einzel,BM 10er Ball Herren Mitte (Sindelfingen) 2019-2020 | Bezirksmeisterschaften 10er Ball Senioren 45+ Mitte | Bezirksmeisterschaften 14.1e Senioren 45+ Mitte | Bezirksmeisterschaften 8er Ball Senioren 45+Mitte | Bezirksmeisterschaften 9er Ball Senioren 45+ Mitte | Kreismeisterschaften 8-Ball Senioren 45+ Mitte | Kreismeisterschaften 9-Ball Senioren 45+ Mitte | Landesmeisterschaft 10er Ball Senioren 45+ | Landesmeisterschaft 8er Ball Senioren 45+ | Landesmeisterschaft 9er Ball Senioren 45+,46,36,10,46.00,2021,1890,2151,67,35.09,0.91
Markus Hardtke,,Einzel,BM 10er Ball Herren Mitte | BM 14/1 Einzel Herren Mitte | BM 8er Ball Herren Mitte | BM 9er Ball Herren Mitte | Bezirksmeisterschaften 10er Ball Herren Mitte | Bezirksmeisterschaften 14.1e Herren Mitte | Bezirksmeisterschaften 8er Ball Herren Mitte | Bezirksmeisterschaften 9er Ball Herren Mitte | Kreismeisterschaften 10-Ball Herren Mitte | Kreismeisterschaften 14.1e Herren Mitte | Kreismeisterschaften 8-Ball Herren Mitte | Kreismeisterschaften 9-Ball Herren Mitte | Landesmeisterschaft 10er Ball Herren | Landesmeisterschaft 14.1e Herren | Landesmeisterschaft 8er Ball Herren | Landesmeisterschaft 9er Ball Herren,159,101,58,159.00,2019,1955,2084,33,100.10,0.90
Steffen Gross,,Einzel,Landesmeisterschaft 10er Ball Senioren | Landesmeisterschaft 14.1e Senioren | Landesmeisterschaft 8er Ball Senioren | Landesmeisterschaft 9er Ball Senioren,41,26,15,41.00,2019,1897,2140,62,25.10,0.90
Bernd Hauenstein,,Einzel,BM 9er Ball Herren Mitte | Kreismeisterschaften 9-Ball Herren Mitte,8,6,2,8.00,2018,1748,2289,138,5.10,0.90
Randee Ramzi Yalda,BSV Pfullingen 1,Einzel | Landesliga,BM 10er Ball Herren Ost | BM 14/1 Einzel Herren Ost | BM 9er Ball Herren Ost | Bezirksmeisterschaften 10er Ball Herren Ost | Bezirksmeisterschaften 14.1e Herren Ost | Bezirksmeisterschaften 8er Ball Herren Ost | Bezirksmeisterschaften 9er Ball Herren Ost | Kreismeisterschaften 10-Ball Herren Ost | Kreismeisterschaften 8-Ball Herren Ost | Kreismeisterschaften 9-Ball Herren Ost | Landesmeisterschaft 10er Ball Herren | Landesmeisterschaft 14.1e Herren | Landesmeisterschaft 8er Ball Herren | Landesmeisterschaft 9er Ball Herren | Ost | West,107,80,27,107.00,2014,1930,2097,43,79.10,0.90
Andreas Keilmann,BC Sindelfingen 5,Bezirksliga | Einzel,BM 10er Ball Herren West (Offenburg) 2019-2020 | BM 10er Ball Senioren West | BM 14/1 Einzel Senioren West | BM 8er Ball Senioren West | BM 9er Ball Senioren West | Bezirksmeisterschaften 14.1e Senioren 45+ Mitte | Bezirksmeisterschaften 8er Ball Senioren Mitte | Bezirksmeisterschaften 9er Ball Senioren Mitte | Kreismeisterschaften 10-Ball Senioren West | Kreismeisterschaften 8-Ball Senioren Mitte | Kreismeisterschaften 8-Ball Senioren West | Kreismeisterschaften 9-Ball Senioren Mitte | Kreismeisterschaften 9-Ball Senioren West | Landesmeisterschaft 10er Ball Herren | Landesmeisterschaft 10er Ball Senioren | Landesmeisterschaft 10er Ball Senioren 45+ | Landesmeisterschaft 14.1e Senioren | Landesmeisterschaft 8er Ball Senioren | Landesmeisterschaft 8er Ball Senioren 45+ | Landesmeisterschaft 9er Ball Senioren | Landesmeisterschaft 9er Ball Senioren 45+ | West 1,135,92,43,135.00,2013,1943,2082,35,91.10,0.90
Marius Sutor,PBC Offenburg 2,Landesliga,West,70,60,10,70.00,2008,1887,2129,62,59.10,0.90
Daniel Moll,BV Markdorf 1 | BV Markdorf 2,Bezirksliga | Landesliga,Ost | Ost 2,42,36,6,42.00,2003,1852,2154,77,35.10,0.90
Christian Schaber,PBC Langenargen 2 | PBC Langenargen 3,Bezirksliga | Einzel,Bezirksmeisterschaften 10er Ball Senioren Ost | Bezirksmeisterschaften 14.1e Senioren 45+ Ost | Bezirksmeisterschaften 8er Ball Senioren Ost | Bezirksmeisterschaften 9er Ball Senioren 45+ Ost | Bezirksmeisterschaften 9er Ball Senioren Ost | Kreismeisterschaften 8-Ball Senioren Ost | Landesmeisterschaft 10er Ball Senioren | Landesmeisterschaft 10er Ball Senioren 45+ | Landesmeisterschaft 14.1e Senioren 45+ | Landesmeisterschaft 8er Ball Senioren | Landesmeisterschaft 9er Ball Senioren | Ost 2,64,51,13,64.00,2000,1888,2112,57,50.11,0.89
Adrian Cabanillas Lora,BSV Shooters Fellbach 1,Bezirksliga | Einzel,BM 10er Ball Herren Mitte | BM 14/1 Einzel Herren Mitte | BM 9er Ball Herren Mitte | Bezirksmeisterschaften 10er Ball Herren Mitte | Bezirksmeisterschaften 14.1e Herren Mitte | Bezirksmeisterschaften 8er Ball Herren Mitte | Bezirksmeisterschaften 9er Ball Herren Mitte | Kreismeisterschaften 10-Ball Herren Mitte | Kreismeisterschaften 14.1e Herren Mitte | Kreismeisterschaften 8-Ball Herren Mitte | Kreismeisterschaften 9-Ball Herren Mitte | Landesmeisterschaft 10er Ball Herren | Landesmeisterschaft 14.1e Herren | Landesmeisterschaft 9er Ball Herren | Ost 2,74,51,23,74.00,1991,1898,2084,48,50.11,0.89
Marco Giusa,TV Cannstatt 2,Einzel | Landesliga,BM 10er Ball Herren Mitte (Sindelfingen) 2019-2020 | Bezirksmeisterschaften 10er Ball Herren Mitte | Bezirksmeisterschaften 14.1e Herren Mitte | Bezirksmeisterschaften 8er Ball Herren Mitte | Bezirksmeisterschaften 9er Ball Herren Mitte | Kreismeisterschaften 10-Ball Herren Mitte | Kreismeisterschaften 14.1e Herren Mitte | Kreismeisterschaften 8-Ball Herren Mitte | Kreismeisterschaften 9-Ball Herren Mitte | Landesmeisterschaft 10er Ball Herren | Landesmeisterschaft 14.1e Herren | Landesmeisterschaft 8er Ball Herren | Ost,86,59,27,86.00,1991,1903,2078,45,58.11,0.89
Ihor Lialin,BSV Tiengen 2,Landesliga,West,12,11,1,12.00,1987,1709,2265,142,10.11,0.89
Gerd Hörrmann,,Einzel,BM 10er Ball Senioren Nord (PBC Waghäusel) 2019-2020 | BM 14/1 Einzel Senioren Nord | BM 9er Ball Senioren Nord | Bezirksmeisterschaften 10er Ball Senioren Nord | Bezirksmeisterschaften 14.1e Senioren 55+ Mitte | Bezirksmeisterschaften 14.1e Senioren Nord | Bezirksmeisterschaften 8er Ball Senioren Nord | Bezirksmeisterschaften 9er Ball Senioren 55+ Mitte | Bezirksmeisterschaften 9er Ball Senioren Nord | Kreismeisterschaften 10-Ball Senioren Nord | Kreismeisterschaften 8-Ball Senioren Nord | Kreismeisterschaften 9-Ball Senioren 55+ Mitte | Kreismeisterschaften 9-Ball Senioren Nord | Landesmeisterschaft 14.1e Senioren | Landesmeisterschaft 14.1e Senioren 55+ | Landesmeisterschaft 8er Ball Senioren | Landesmeisterschaft 9er Ball Senioren | Landesmeisterschaft 9er Ball Senioren 55+,106,80,26,106.00,1984,1900,2067,43,79.12,0.88
Andreas Kullmann,,Einzel,Bezirksmeisterschaften 10er Ball Senioren 55+ Nord | Bezirksmeisterschaften 14.1e Senioren 55+ Nord | Bezirksmeisterschaften 14.1e Senioren Nord | Bezirksmeisterschaften 8er Ball Senioren 55+Nord | Bezirksmeisterschaften 8er Ball Senioren Nord | Bezirksmeisterschaften 9er Ball Senioren 55+ Nord | Bezirksmeisterschaften 9er Ball Senioren Nord | Kreismeisterschaften 14.1e Senioren Nord | Kreismeisterschaften 14/1e Senioren 55+ Nord | Kreismeisterschaften 8-Ball Senioren Nord | Kreismeisterschaften 9-Ball Senioren Nord | Landesmeisterschaft 10er Ball Senioren 55+ | Landesmeisterschaft 14.1e Senioren | Landesmeisterschaft 14.1e Senioren 55+ | Landesmeisterschaft 8er Ball Senioren | Landesmeisterschaft 8er Ball Senioren 55+ | Landesmeisterschaft 9er Ball Senioren 55+,85,67,18,85.00,1983,1889,2077,48,66.12,0.88
Markus Strauß,BV Villingen-Schwenningen 1,Einzel | Landesliga,Bezirksmeisterschaften 10er Ball Senioren 55+ West | Bezirksmeisterschaften 14.1e Senioren 55+ West | Landesmeisterschaft 10er Ball Senioren 55+ | Landesmeisterschaft 14.1e Senioren 55+ | West,32,26,6,32.00,1982,1825,2140,80,25.12,0.88
Michael Matschewsky,PBC Freudenstadt 1,Einzel | Landesliga,BM 9er Ball Herren West | Kreismeisterschaften 9-Ball Herren West | LJM 2023 m-u23 8-Ball | LJM 2023 m-u23 9-Ball | Landesmeisterschaft 9er Ball Herren | West,42,30,12,42.00,1981,1843,2120,71,29.12,0.88
Andreas Jeschka,PBC Reutlingen 1,Einzel | Landesliga,BM 10er Ball Senioren Ost | BM 14/1 Einzel Senioren Ost | BM 8er Ball Senioren Ost | Kreismeisterschaften 10-Ball Senioren Ost | Kreismeisterschaften 8-Ball Senioren Ost | Kreismeisterschaften 9-Ball Senioren Ost | Landesmeisterschaft 10er Ball Senioren | Landesmeisterschaft 14.1e Senioren | Landesmeisterschaft 8er Ball Senioren | West,40,31,9,40.00,1978,1844,2113,69,30.12,0.88
Tayfun Teber,,Einzel,Kreismeisterschaften 9-Ball Herren Nord,6,6,0,6.00,1977,1573,2381,206,5.12,0.88
Holger Maier,,Einzel,Bezirksmeisterschaften 10er Ball Senioren Mitte | Bezirksmeisterschaften 8er Ball Senioren Mitte | Bezirksmeisterschaften 9er Ball Senioren Mitte | Kreismeisterschaften 10-Ball Senioren Mitte | Kreismeisterschaften 8-Ball Senioren Mitte | Kreismeisterschaften 9-Ball Senioren Mitte | Landesmeisterschaft 10er Ball Senioren | Landesmeisterschaft 10er Ball Senioren 45+ | Landesmeisterschaft 8er Ball Senioren | Landesmeisterschaft 8er Ball Senioren 45+ | Landesmeisterschaft 9er Ball Senioren | Landesmeisterschaft 9er Ball Senioren 45+,80,51,29,80.00,1974,1885,2062,45,50.12,0.88
Hendrik Reckers,,Einzel,BM 10er Ball Herren Nord | BM 8er Ball Herren Nord | BM 9er Ball Herren Nord | Bezirksmeisterschaften 10er Ball Herren Nord | Bezirksmeisterschaften 8er Ball Herren Nord | Bezirksmeisterschaften 9er Ball Herren Nord | Kreismeisterschaften 10-Ball Herren Nord | Kreismeisterschaften 9-Ball Herren Nord | Landesmeisterschaft 10er Ball Herren | Landesmeisterschaft 14.1e Herren | Landesmeisterschaft 8er Ball Herren | Landesmeisterschaft 9er Ball Herren,70,45,25,70.00,1972,1875,2070,50,44.12,0.88
Frank Gebert,BC Blaustein 1 | BSV Filderstadt 3,Einzel | Landesliga,Bezirksmeisterschaften 10er Ball Senioren 55+ Ost | Bezirksmeisterschaften 10er Ball Senioren Ost | Bezirksmeisterschaften 14.1e Senioren 55+ Ost | Bezirksmeisterschaften 9er Ball Senioren 55+ Ost | Bezirksmeisterschaften 9er Ball Senioren Ost | Kreismeisterschaften 10-Ball Senioren Ost | Kreismeisterschaften 9-Ball Senioren Ost | Landesmeisterschaft 14.1e Senioren | Landesmeisterschaft 14.1e Senioren 55+ | Landesmeisterschaft 8er Ball Senioren | Landesmeisterschaft 9er Ball Senioren | Ost,84,65,19,84.00,1970,1875,2064,48,64.13,0.87
Tina Riedel,,Einzel,Landesmeisterschaft 10er Ball Damen | Landesmeisterschaft 14.1e Damen | Landesmeisterschaft 8er Ball Damen | Landesmeisterschaft 9er Ball Damen,16,14,2,16.00,1969,1747,2192,114,13.13,0.87
Robert Schwarz,,Einzel,Bezirksmeisterschaften 14.1e Senioren Mitte | Kreismeisterschaften 14.1e Senioren Mitte | Kreismeisterschaften 8-Ball Senioren Mitte | Landesmeisterschaft 14.1e Senioren | Landesmeisterschaft 14.1e Senioren 45+,25,19,6,25.00,1964,1799,2129,84,18.13,0.87
Dieter Neumann,,Einzel,Bezirksmeisterschaften 10er Ball Herren Nord | Bezirksmeisterschaften 10er Ball Senioren 45+ Nord | Bezirksmeisterschaften 14.1e Herren Nord | Bezirksmeisterschaften 14.1e Senioren 45+ Nord | Bezirksmeisterschaften 8er Ball Herren Nord | Bezirksmeisterschaften 8er Ball Senioren 45+Nord | Bezirksmeisterschaften 9er Ball Herren Nord | Bezirksmeisterschaften 9er Ball Senioren 45+ Nord | Kreismeisterschaften 10-Ball Herren Nord | Kreismeisterschaften 14.1e Herren Nord | Kreismeisterschaften 8-Ball Herren Nord | Kreismeisterschaften 9-Ball Herren Nord | Landesmeisterschaft 14.1e Herren | Landesmeisterschaft 8er Ball Herren | Landesmeisterschaft 8er Ball Senioren 45+ | Landesmeisterschaft 9er Ball Herren,107,70,37,107.00,1957,1878,2036,40,69.13,0.87
Dieter Seitz,BC Bad Schussenried 2,Bezirksliga | Einzel | Landesliga,Bezirksmeisterschaften 14.1e Senioren 55+ Ost | Bezirksmeisterschaften 9er Ball Senioren 55+ Ost | Kreismeisterschaften 8-Ball Senioren 55+ Ost | Ost | Ost 2,60,50,10,60.00,1951,1830,2073,62,49.14,0.86
Fabian Snijder,,Einzel,BM 10er Ball Herren Nord | BM 10er Ball Herren Nord (Kurpfalz) 2019-2020 | Bezirksmeisterschaften 10er Ball Herren Nord | Bezirksmeisterschaften 14.1e Herren Nord | Bezirksmeisterschaften 8er Ball Herren Nord | Bezirksmeisterschaften 9er Ball Herren Nord | Kreismeisterschaften 10-Ball Herren Nord | Kreismeisterschaften 14.1e Herren Nord | Kreismeisterschaften 14/1e Herren Nord | Kreismeisterschaften 8-Ball Herren Nord | Kreismeisterschaften 9-Ball Herren Nord | Landesmeisterschaft 10er Ball Herren | Landesmeisterschaft 8er Ball Herren | Landesmeisterschaft 9er Ball Herren,107,69,38,107.00,1951,1871,2030,41,68.14,0.86
Pavlos Dadakos,PBC Reutlingen 1,Einzel | Landesliga,Bezirksmeisterschaften 10er Ball Herren Ost | Bezirksmeisterschaften 14.1e Herren Ost | Bezirksmeisterschaften 8er Ball Herren Ost | Bezirksmeisterschaften 9er Ball Herren Ost | Kreismeisterschaften 10-Ball Herren Ost | Kreismeisterschaften 14.1e Herren Ost | Kreismeisterschaften 8-Ball Herren Ost | Kreismeisterschaften 9-Ball Herren Ost | Landesmeisterschaft 10er Ball Herren | Landesmeisterschaft 14.1e Herren | Landesmeisterschaft 8er Ball Herren | Landesmeisterschaft 9er Ball Herren | West,119,77,42,119.00,1939,1866,2013,37,76.15,0.85
Florian Menzel,,Einzel,BM 10er Ball Herren Nord | BM 10er Ball Herren Nord (Kurpfalz) 2019-2020 | BM 8er Ball Herren Nord | BM 9er Ball Herren Nord | Bezirksmeisterschaften 14.1e Herren Nord | Bezirksmeisterschaften 8er Ball Herren Nord | Kreismeisterschaften 14.1e Herren Nord | Kreismeisterschaften 14/1e Herren Nord | Kreismeisterschaften 8-Ball Herren Nord | Kreismeisterschaften 9-Ball Herren Nord | Landesmeisterschaft 8er Ball Herren,68,46,22,68.00,1938,1840,2035,50,45.15,0.85
Frank Wagenmann,PBC Offenburg 2,Einzel | Landesliga,BM 10er Ball Senioren West (Sand) 2019-2020 | BM 9er Ball Senioren West | Landesmeisterschaft 10er Ball Senioren | Landesmeisterschaft 8er Ball Senioren | Landesmeisterschaft 9er Ball Senioren | West,35,22,13,35.00,1938,1806,2070,67,21.15,0.85
Jens Heim,,Einzel,BM 10er Ball Herren Nord | BM 14/1 Einzel Herren Nord | BM 9er Ball Herren Nord | Bezirksmeisterschaften 10er Ball Herren Nord | Bezirksmeisterschaften 10er Ball Senioren 45+ Nord | Bezirksmeisterschaften 14.1e Senioren 45+ Nord | Bezirksmeisterschaften 8er Ball Senioren 45+Nord | Bezirksmeisterschaften 9er Ball Senioren 45+ Nord | Kreismeisterschaften 10-Ball Herren Nord | Kreismeisterschaften 14.1e Herren Nord | Kreismeisterschaften 9-Ball Herren Nord | Landesmeisterschaft 10er Ball Senioren 45+ | Landesmeisterschaft 14.1e Herren | Landesmeisterschaft 14.1e Senioren 45+ | Landesmeisterschaft 9er Ball Herren | Landesmeisterschaft 9er Ball Senioren 45+,79,51,28,79.00,1935,1848,2022,44,50.15,0.85
Matthias Ludersdorfer,Tübinger BC 1 | Tübinger BC 2,Bezirksliga | Einzel | Kreisliga A | Landesliga,Bezirksmeisterschaften 14.1e Herren Mitte | Kreismeisterschaften 14.1e Herren Mitte | Landesmeisterschaft 14.1e Herren | Ost | Ost 1,37,29,8,37.00,1934,1786,2082,76,28.15,0.85
Sabine Hort,,Einzel,Landesmeisterschaft 10er Ball Ladies | Landesmeisterschaft 14.1e Ladies | Landesmeisterschaft 8er Ball Ladies | Landesmeisterschaft 9er Ball Ladies,55,39,16,55.00,1933,1818,2049,59,38.15,0.85
Patrick Mungiuri,,Einzel,BM 10er Ball Herren Mitte | BM 8er Ball Herren Mitte | Bezirksmeisterschaften 10er Ball Herren Mitte | Bezirksmeisterschaften 14.1e Herren Mitte | Bezirksmeisterschaften 8er Ball Herren Mitte | Bezirksmeisterschaften 9er Ball Herren Mitte | Kreismeisterschaften 10-Ball Herren Mitte | Kreismeisterschaften 14.1e Herren Mitte | Kreismeisterschaften 14/1e Herren Mitte | Kreismeisterschaften 8-Ball Herren Mitte | Kreismeisterschaften 9-Ball Herren Mitte | Landesmeisterschaft 8er Ball Herren | Landesmeisterschaft 9er Ball Herren,108,73,35,108.00,1932,1855,2010,40,72.15,0.85
Jürgen Baumgärtner,,Einzel,BM 9er Ball Herren Mitte | Kreismeisterschaften 9-Ball Herren Mitte,8,6,2,8.00,1931,1661,2201,138,5.15,0.85
Ralf Grießhaber,BV Villingen-Schwenningen 1,Einzel | Landesliga,BM 10er Ball Herren West | BM 10er Ball Herren West (Offenburg) 2019-2020 | BM 14/1 Einzel Herren West | BM 8er Ball Herren West | Bezirksmeisterschaften 10er Ball Herren West | Bezirksmeisterschaften 14.1e Herren West | Bezirksmeisterschaften 8er Ball Herren West | Bezirksmeisterschaften 9er Ball Herren West | Kreismeisterschaften 14.1e Herren West | Kreismeisterschaften 9-Ball Herren West | Landesmeisterschaft 10er Ball Herren | Landesmeisterschaft 14.1e Herren | Landesmeisterschaft 8er Ball Herren | Landesmeisterschaft 9er Ball Herren | West,145,93,52,145.00,1931,1864,1999,34,92.15,0.85
Carmen Leiser,,Einzel,Bezirksmeisterschaften 10er Ball Ladies Nord Mitte West | Bezirksmeisterschaften 14.1e Ladies Nord Mitte West | Bezirksmeisterschaften 8er Ball Ladies Nord-Mitte-West | Bezirksmeisterschaften 9er Ball Ladies Nord-Mitte-West | Landesmeisterschaft 10er Ball Ladies | Landesmeisterschaft 14.1e Ladies | Landesmeisterschaft 8er Ball Ladies | Landesmeisterschaft 9er Ball Ladies | Landesmeisterschaft 9er Ball Ladies 1,73,53,20,73.00,1930,1825,2035,54,52.15,0.85
Marvin Zimmer,BSC Lions Bietigheim 1,Landesliga,West,2,2,0,2.00,1927,1499,2355,218,1.16,0.84
Calvin Waldecker,,Einzel,Bezirksmeisterschaften 9er Ball Herren Nord | Kreismeisterschaften 10-Ball Herren Nord | Kreismeisterschaften 14/1e Herren Nord | Kreismeisterschaften 8-Ball Herren Nord | Kreismeisterschaften 9-Ball Herren Nord,38,25,13,38.00,1926,1787,2065,71,24.16,0.84
Stefan Weiß,BC Dreiländereck 2,Einzel | Landesliga,BM 10er Ball Herren West | BM 8er Ball Herren West | BM 9er Ball Herren West | Bezirksmeisterschaften 10er Ball Herren West | Bezirksmeisterschaften 14.1e Herren West | Bezirksmeisterschaften 8er Ball Herren West | Bezirksmeisterschaften 9er Ball Herren West | Kreismeisterschaften 10-Ball Herren West | Kreismeisterschaften 14.1e Herren West | Kreismeisterschaften 8-Ball Herren West | Kreismeisterschaften 9-Ball Herren West | Landesmeisterschaft 10er Ball Herren | Landesmeisterschaft 14.1e Herren | Landesmeisterschaft 8er Ball Herren | Landesmeisterschaft 9er Ball Herren | West,123,77,46,123.00,1921,1848,1995,37,76.16,0.84
Fikret Tasdemir,P&S Denzlingen 1,Landesliga,West,72,60,12,72.00,1920,1807,2033,58,59.16,0.84
Florian Rasser,BC Dreiländereck 1,Bezirksliga | Einzel,Bezirksmeisterschaften 8er Ball Senioren 45+West | West 1,27,25,2,27.00,1914,1687,2140,116,24.17,0.83
Sven Deschner,BV Villingen-Schwenningen 1,Einzel | Landesliga,BM 10er Ball Senioren West | BM 14/1 Einzel Senioren West | BM 8er Ball Senioren West | BM 9er Ball Senioren West | Kreismeisterschaften 10-Ball Senioren West | Landesmeisterschaft 14.1e Senioren | Landesmeisterschaft 8er Ball Senioren | West,42,27,15,42.00,1912,1794,2030,60,26.17,0.83
Daniel Kimmig,PBC Offenburg 3,Einzel | Landesliga,Bezirksmeisterschaften 10er Ball Senioren West | Bezirksmeisterschaften 14.1e Senioren West | Bezirksmeisterschaften 9er Ball Senioren West | Kreismeisterschaften 10-Ball Senioren West | Kreismeisterschaften 8-Ball Senioren West | Kreismeisterschaften 9-Ball Senioren West | West,26,19,7,26.00,1910,1755,2064,79,18.17,0.83
Marcus Mutschler,,Einzel,Kreismeisterschaften 10-Ball Herren Mitte | Kreismeisterschaften 9-Ball Herren Mitte | Landesmeisterschaft 8er Ball Herren,15,10,5,15.00,1909,1711,2108,101,9.17,0.83
Michael Diedrich,,Einzel,BM 14/1 Einzel Senioren West | BM 8er Ball Senioren West | BM 9er Ball Senioren West | Bezirksmeisterschaften 10er Ball Senioren 45+ West | Bezirksmeisterschaften 10er Ball Senioren West | Bezirksmeisterschaften 14.1e Senioren 45+ West | Bezirksmeisterschaften 14.1e Senioren West | Bezirksmeisterschaften 8er Ball Senioren West | Bezirksmeisterschaften 9er Ball Senioren 45+ West | Bezirksmeisterschaften 9er Ball Senioren West | Kreismeisterschaften 9-Ball Senioren West | Landesmeisterschaft 10er Ball Senioren | Landesmeisterschaft 10er Ball Senioren 45+ | Landesmeisterschaft 14.1e Senioren | Landesmeisterschaft 14.1e Senioren 45+ | Landesmeisterschaft 8er Ball Senioren | Landesmeisterschaft 8er Ball Senioren 45+ | Landesmeisterschaft 9er Ball Senioren | Landesmeisterschaft 9er Ball Senioren 45+,121,69,52,121.00,1909,1841,1977,35,68.17,0.83
Daniel Kalnak,BSV Pfullingen 1 | BSV Pfullingen 2 | BSV Pfullingen 3 | BSV Pfullingen 4,Bezirksliga | Einzel | Kreisliga A | Landesliga,Kreismeisterschaften 10-Ball Herren Ost | Kreismeisterschaften 8-Ball Herren Ost | Ost | Ost 1,56,48,8,56.00,1908,1776,2040,67,47.17,0.83
Rainer Hermann,BSC Göppingen 1 | BSC Göppingen 2,Bezirksliga | Einzel | Kreisliga A | Landesliga,BM 8er Ball Herren Ost | Bezirksmeisterschaften 10er Ball Herren Ost | Bezirksmeisterschaften 8er Ball Herren Ost | Bezirksmeisterschaften 9er Ball Herren Ost | Kreismeisterschaften 10-Ball Herren Ost | Kreismeisterschaften 14.1e Herren Ost | Kreismeisterschaften 8-Ball Herren Ost | Kreismeisterschaften 9-Ball Herren Ost | Landesmeisterschaft 10er Ball Herren | Landesmeisterschaft 8er Ball Herren | Landesmeisterschaft 9er Ball Herren | Ost | Ost 1,168,124,44,168.00,1907,1838,1975,35,123.17,0.83
Ingo Nassall,,Einzel,BM 10er Ball Senioren Mitte | BM 10er Ball Senioren Nord (PBC Waghäusel) 2019-2020 | BM 14/1 Einzel Senioren Mitte | BM 8er Ball Senioren Mitte | Bezirksmeisterschaften 10er Ball Senioren Mitte | Bezirksmeisterschaften 14.1e Senioren 55+ Mitte | Bezirksmeisterschaften 14.1e Senioren Mitte | Bezirksmeisterschaften 8er Ball Senioren 55+Mitte | Bezirksmeisterschaften 8er Ball Senioren Mitte | Bezirksmeisterschaften 9er Ball Senioren 55+ Mitte | Bezirksmeisterschaften 9er Ball Senioren Mitte | Kreismeisterschaften 10-Ball Senioren Mitte | Kreismeisterschaften 8-Ball Senioren 55+ Mitte | Kreismeisterschaften 9-Ball Senioren Mitte | Landesmeisterschaft 10er Ball Senioren | Landesmeisterschaft 10er Ball Senioren 55+ | Landesmeisterschaft 14.1e Senioren | Landesmeisterschaft 14.1e Senioren 55+ | Landesmeisterschaft 8er Ball Senioren | Landesmeisterschaft 8er Ball Senioren 55+ | Landesmeisterschaft 9er Ball Senioren | Landesmeisterschaft 9er Ball Senioren 55+,150,96,54,150.00,1894,1827,1960,34,95.19,0.81
Drazen Smolcic,,Einzel,BM 10er Ball Senioren West | BM 8er Ball Senioren West | BM 9er Ball Senioren West | Bezirksmeisterschaften 10er Ball Senioren 45+ West | Bezirksmeisterschaften 10er Ball Senioren West | Bezirksmeisterschaften 14.1e Senioren 45+ West | Bezirksmeisterschaften 8er Ball Senioren 45+West | Bezirksmeisterschaften 8er Ball Senioren West | Bezirksmeisterschaften 9er Ball Senioren 45+ West | Bezirksmeisterschaften 9er Ball Senioren West | Kreismeisterschaften 10-Ball Senioren West | Kreismeisterschaften 8-Ball Senioren West | Kreismeisterschaften 9-Ball Senioren West | Landesmeisterschaft 8er Ball Senioren | Landesmeisterschaft 9er Ball Senioren,91,59,32,91.00,1893,1810,1976,42,58.19,0.81
Berthold Moser,PBC Bräunlingen 1,Einzel | Landesliga,BM 10er Ball Senioren West | BM 10er Ball Senioren West (Sand) 2019-2020 | BM 8er Ball Senioren West | Bezirksmeisterschaften 10er Ball Senioren 45+ West | Bezirksmeisterschaften 10er Ball Senioren West | Bezirksmeisterschaften 8er Ball Senioren 45+West | Bezirksmeisterschaften 8er Ball Senioren West | Bezirksmeisterschaften 9er Ball Senioren 45+ West | Bezirksmeisterschaften 9er Ball Senioren West | Kreismeisterschaften 8-Ball Senioren West | Landesmeisterschaft 10er Ball Senioren | Landesmeisterschaft 8er Ball Senioren | Landesmeisterschaft 8er Ball Senioren 45+ | Landesmeisterschaft 9er Ball Senioren | West,138,92,46,138.00,1892,1822,1962,36,91.19,0.81
Erdal Akinci,,Einzel,BM 10er Ball Herren Ost (Pfullingen) 2019-2020 | BM 10er Ball Senioren Ost | BM 14/1 Einzel Senioren Ost | BM 8er Ball Senioren Ost | BM 9er Ball Senioren Ost | Bezirksmeisterschaften 10er Ball Senioren 45+ Ost | Bezirksmeisterschaften 10er Ball Senioren Ost | Bezirksmeisterschaften 14.1e Senioren 45+ Ost | Bezirksmeisterschaften 14.1e Senioren Ost | Bezirksmeisterschaften 8er Ball Senioren 45+Ost | Bezirksmeisterschaften 8er Ball Senioren Ost | Bezirksmeisterschaften 9er Ball Senioren Ost | Kreismeisterschaften 10-Ball Senioren Ost | Kreismeisterschaften 8-Ball Senioren Ost | Kreismeisterschaften 9-Ball Senioren Ost | Landesmeisterschaft 10er Ball Herren | Landesmeisterschaft 10er Ball Senioren | Landesmeisterschaft 10er Ball Senioren 45+ | Landesmeisterschaft 14.1e Herren | Landesmeisterschaft 14.1e Senioren | Landesmeisterschaft 14.1e Senioren 45+ | Landesmeisterschaft 8er Ball Herren | Landesmeisterschaft 8er Ball Senioren | Landesmeisterschaft 9er Ball Herren | Landesmeisterschaft 9er Ball Senioren | Landesmeisterschaft 9er Ball Senioren 45+,157,92,65,157.00,1889,1826,1952,32,91.19,0.81
Andreas Loderer,BC Bad Schussenried 1,Bezirksliga | Einzel | Landesliga,BM 8er Ball Herren Ost | BM 9er Ball Herren Ost | Bezirksmeisterschaften 10er Ball Herren Ost | Bezirksmeisterschaften 10er Ball Senioren 45+ Ost | Bezirksmeisterschaften 14.1e Herren Ost | Bezirksmeisterschaften 14.1e Senioren 45+ Ost | Bezirksmeisterschaften 8er Ball Herren Ost | Bezirksmeisterschaften 8er Ball Senioren 45+Ost | Bezirksmeisterschaften 9er Ball Herren Ost | Bezirksmeisterschaften 9er Ball Senioren 45+ Ost | Kreismeisterschaften 10-Ball Herren Ost | Kreismeisterschaften 8-Ball Herren Ost | Kreismeisterschaften 9-Ball Herren Ost | Landesmeisterschaft 10er Ball Senioren 45+ | Landesmeisterschaft 8er Ball Herren | Landesmeisterschaft 8er Ball Senioren 45+ | Landesmeisterschaft 9er Ball Herren | Landesmeisterschaft 9er Ball Senioren 45+ | Ost | Ost 2,178,125,53,178.00,1888,1827,1949,31,124.19,0.81
Michael Reichert,PBC Freudenstadt 1 | PBC Freudenstadt 2,Landesliga,West,40,32,8,40.00,1888,1751,2024,70,31.19,0.81
Zeljko Burmazovic,,Einzel,BM 10er Ball Herren Mitte | BM 9er Ball Herren Mitte | Bezirksmeisterschaften 10er Ball Herren Mitte | Bezirksmeisterschaften 8er Ball Herren Mitte | Kreismeisterschaften 10-Ball Herren Mitte | Kreismeisterschaften 8-Ball Herren Mitte | Kreismeisterschaften 9-Ball Herren Mitte,52,32,20,52.00,1887,1782,1993,54,31.19,0.81
Thomas Gäckle,PF Calw 2,Bezirksliga | Einzel,BM 10er Ball Herren Mitte | BM 10er Ball Herren Mitte (Sindelfingen) 2019-2020 | BM 14/1 Einzel Herren Mitte | BM 8er Ball Herren Mitte | BM 9er Ball Herren Mitte | Bezirksmeisterschaften 10er Ball Herren Mitte | Bezirksmeisterschaften 10er Ball Senioren 45+ Mitte | Bezirksmeisterschaften 14.1e Herren Mitte | Bezirksmeisterschaften 14.1e Senioren 45+ Mitte | Bezirksmeisterschaften 8er Ball Herren Mitte | Bezirksmeisterschaften 8er Ball Senioren 45+Mitte | Bezirksmeisterschaften 9er Ball Herren Mitte | Bezirksmeisterschaften 9er Ball Senioren 45+ Mitte | Kreismeisterschaften 10-Ball Herren Mitte | Kreismeisterschaften 14.1e Herren Mitte | Kreismeisterschaften 8-Ball Herren Mitte | Kreismeisterschaften 8-Ball Senioren 45+ Mitte | Kreismeisterschaften 9-Ball Herren Mitte | Kreismeisterschaften 9-Ball Senioren 45+ Mitte | Landesmeisterschaft 10er Ball Herren | Landesmeisterschaft 10er Ball Senioren 45+ | Landesmeisterschaft 14.1e Herren | Landesmeisterschaft 14.1e Senioren 45+ | Landesmeisterschaft 8er Ball Senioren 45+ | Landesmeisterschaft 9er Ball Herren | Landesmeisterschaft 9er Ball Senioren 45+ | West 1,131,81,50,131.00,1884,1814,1954,36,80.20,0.80
Wadea Al Mahamid,Tübinger BC 1,Bezirksliga | Einzel | Landesliga,BM 9er Ball Herren Ost | Bezirksmeisterschaften 8er Ball Herren Ost | Kreismeisterschaften 8-Ball Herren Ost | Kreismeisterschaften 9-Ball Herren Ost | Landesmeisterschaft 8er Ball Herren | Ost | Ost 1,118,94,24,118.00,1882,1798,1966,43,93.20,0.80
Christian Würthwein,,Einzel,Bezirksmeisterschaften 14.1e Senioren 55+ Nord | Bezirksmeisterschaften 8er Ball Senioren 55+Nord | Kreismeisterschaften 14.1e Senioren Nord | Kreismeisterschaften 14/1e Senioren 55+ Nord | Kreismeisterschaften 8-Ball Senioren 55+ Nord | Landesmeisterschaft 14.1e Senioren 55+ | Landesmeisterschaft 8er Ball Senioren 55+,38,27,11,38.00,1881,1750,2013,67,26.20,0.80
Orhan Parama,BSC Göppingen 1 | BSC Göppingen 2,Einzel | Landesliga,Bezirksmeisterschaften 10er Ball Herren Ost | Bezirksmeisterschaften 9er Ball Herren Ost | Kreismeisterschaften 10-Ball Herren Ost | Kreismeisterschaften 9-Ball Herren Ost | Ost,69,52,17,69.00,1874,1774,1974,51,51.21,0.79
Sercan Özdemir,PP Böblingen 1,Einzel | Landesliga,Bezirksmeisterschaften 14.1e Senioren 45+ Mitte | Bezirksmeisterschaften 14.1e Senioren Mitte | Bezirksmeisterschaften 9er Ball Senioren 45+ Mitte | Bezirksmeisterschaften 9er Ball Senioren Mitte | Kreismeisterschaften 14.1e Senioren Mitte | Kreismeisterschaften 9-Ball Senioren Mitte | Landesmeisterschaft 14.1e Senioren 45+ | Landesmeisterschaft 9er Ball Senioren 45+ | West,36,24,12,36.00,1872,1735,2009,70,23.21,0.79
Kalin-Felix Stefanov,,Einzel,Bezirksmeisterschaften 14.1e Herren Mitte | Bezirksmeisterschaften 8er Ball Herren Mitte | Kreismeisterschaften 10-Ball Herren Mitte | Kreismeisterschaften 14.1e Herren Mitte | Kreismeisterschaften 8-Ball Herren Mitte | Kreismeisterschaften 9-Ball Herren Mitte | Landesmeisterschaft 14.1e Herren | Landesmeisterschaft 8er Ball Herren,49,30,19,49.00,1868,1758,1978,56,29.21,0.79
Steffen Joos,,Einzel,BM 9er Ball Herren West | Kreismeisterschaften 10-Ball Herren West | Kreismeisterschaften 8-Ball Herren West | Kreismeisterschaften 9-Ball Herren West,16,11,5,16.00,1868,1680,2057,96,10.21,0.79
Petra Sannwald,,Einzel,Landesmeisterschaft 10er Ball Ladies | Landesmeisterschaft 14.1e Ladies | Landesmeisterschaft 8er Ball Ladies | Landesmeisterschaft 9er Ball Ladies | Landesmeisterschaft 9er Ball Ladies 1,85,52,33,85.00,1867,1773,1961,48,51.21,0.79
Goran Švab,BSV Filderstadt 3 | BSV Filderstadt 4,Bezirksliga | Landesliga,Ost | Ost 1,30,23,7,30.00,1862,1718,2007,74,22.22,0.78
Udo Kirchgeßner,,Einzel,BM 14/1 Einzel Herren Nord | Bezirksmeisterschaften 14.1e Senioren 55+ Nord | Kreismeisterschaften 14.1e Herren Nord | Kreismeisterschaften 14/1e Senioren 55+ Nord | Kreismeisterschaften 8-Ball Senioren Nord | Landesmeisterschaft 14.1e Senioren 55+,29,20,9,29.00,1862,1717,2007,74,19.22,0.78
Michael Grad,BSV Pfullingen 3 | BSV Pfullingen 4,Bezirksliga | Kreisliga A,Ost 1,29,26,3,29.00,1861,1670,2053,98,25.22,0.78
Thomas Rehmann,BV Markdorf 1 | BV Markdorf 2,Bezirksliga | Einzel | Landesliga,BM 10er Ball Senioren Ost | BM 9er Ball Senioren Ost | Kreismeisterschaften 10-Ball Senioren Ost | Kreismeisterschaften 8-Ball Senioren Ost | Ost | Ost 2,80,57,23,80.00,1860,1768,1952,47,56.22,0.78
Andreas Jörg,BBC Plochingen 1,Bezirksliga | Landesliga,Ost | Ost 1,33,28,5,33.00,1859,1698,2020,82,27.22,0.78
Marek Adam,,Einzel,Landesmeisterschaft 14.1e Herren | Landesmeisterschaft 9er Ball Herren,6,3,3,6.00,1859,1574,2143,145,2.23,0.77
Holger Vier,,Einzel,BM 10er Ball Senioren Nord (PBC Waghäusel) 2019-2020 | Landesmeisterschaft 10er Ball Senioren | Landesmeisterschaft 8er Ball Senioren | Landesmeisterschaft 9er Ball Senioren,17,9,8,17.00,1852,1670,2034,93,8.23,0.77
Oliver Kielwein,,Einzel,Bezirksmeisterschaften 8er Ball Senioren Mitte | Kreismeisterschaften 10-Ball Senioren Mitte | Kreismeisterschaften 8-Ball Senioren Mitte | Kreismeisterschaften 9-Ball Senioren Mitte,30,23,7,30.00,1852,1698,2007,79,22.23,0.77
Thomas Metzler,PBC Bad Saulgau 2 | PBC Bad Saulgau 3 | PBC Bad Saulgau 4,Bezirksliga | Kreisliga A,Ost 2,87,75,12,87.00,1851,1741,1961,56,74.23,0.77
Wolfgang Stimmer,PBC Ochsenhausen 2,Bezirksliga | Kreisliga A,Ost 2,52,44,8,52.00,1845,1711,1978,68,43.24,0.76
Gerhard Junker,PBC Offenburg 2 | PBC Offenburg 3,Landesliga,West,16,13,3,16.00,1844,1636,2053,106,12.24,0.76
Jörg Schick-Bringer,,Einzel,Bezirksmeisterschaften 10er Ball Senioren 55+ Nord | Bezirksmeisterschaften 14.1e Senioren 55+ Nord | Bezirksmeisterschaften 14.1e Senioren Nord | Bezirksmeisterschaften 8er Ball Senioren 55+Nord | Bezirksmeisterschaften 8er Ball Senioren Nord | Bezirksmeisterschaften 9er Ball Senioren 55+ Nord | Kreismeisterschaften 10-Ball Senioren Nord | Kreismeisterschaften 14.1e Senioren Nord | Kreismeisterschaften 14/1e Senioren 55+ Nord | Kreismeisterschaften 8-Ball Senioren Nord | Landesmeisterschaft 10er Ball Senioren 55+ | Landesmeisterschaft 8er Ball Senioren | Landesmeisterschaft 8er Ball Senioren 55+ | Landesmeisterschaft 9er Ball Senioren 55+,69,44,25,69.00,1839,1747,1931,47,43.25,0.75
Rolf Mangelsdorf,,Einzel,BM 14/1 Einzel Senioren West | BM 9er Ball Senioren West | Bezirksmeisterschaften 10er Ball Senioren West | Bezirksmeisterschaften 14.1e Senioren 55+ West | Bezirksmeisterschaften 14.1e Senioren West | Bezirksmeisterschaften 8er Ball Senioren West | Bezirksmeisterschaften 9er Ball Senioren West | Kreismeisterschaften 10-Ball Senioren West | Kreismeisterschaften 8-Ball Senioren West | Landesmeisterschaft 10er Ball Senioren | Landesmeisterschaft 14.1e Senioren | Landesmeisterschaft 14.1e Senioren 55+ | Landesmeisterschaft 8er Ball Senioren | Landesmeisterschaft 8er Ball Senioren 55+ | Landesmeisterschaft 9er Ball Senioren | Landesmeisterschaft 9er Ball Senioren 55+,104,54,50,104.00,1838,1764,1913,38,53.25,0.75
Christian Rossa,BSV Pfullingen 1,Einzel | Landesliga,BM 8er Ball Herren Ost | Bezirksmeisterschaften 14.1e Herren Ost | Kreismeisterschaften 14.1e Herren Ost | Kreismeisterschaften 8-Ball Herren Ost | Landesmeisterschaft 14.1e Herren | Ost,41,26,15,41.00,1836,1716,1955,61,25.25,0.75
Haydar Chehade,,Einzel,Bezirksmeisterschaften 10er Ball Herren Nord | Bezirksmeisterschaften 8er Ball Herren Nord | Bezirksmeisterschaften 9er Ball Herren Nord | Kreismeisterschaften 10-Ball Herren Nord | Kreismeisterschaften 8-Ball Herren Nord | Kreismeisterschaften 9-Ball Herren Nord | Landesmeisterschaft 10er Ball Herren | Landesmeisterschaft 9er Ball Herren,51,30,21,51.00,1836,1721,1950,58,29.25,0.75
Marco Warlies,,Einzel,BM 8er Ball Herren Mitte | Bezirksmeisterschaften 10er Ball Herren Mitte | Bezirksmeisterschaften 8er Ball Herren Mitte | Bezirksmeisterschaften 9er Ball Herren Mitte | Kreismeisterschaften 10-Ball Herren Mitte | Kreismeisterschaften 14.1e Herren Mitte | Kreismeisterschaften 14/1e Herren Mitte | Kreismeisterschaften 8-Ball Herren Mitte | Kreismeisterschaften 9-Ball Herren Mitte | Landesmeisterschaft 10er Ball Herren | Landesmeisterschaft 8er Ball Herren | Landesmeisterschaft 9er Ball Herren,88,51,37,88.00,1832,1748,1916,43,50.26,0.74
Stefan Künzl,BSV Shooters Fellbach 1,Bezirksliga | Einzel,Bezirksmeisterschaften 14.1e Herren Mitte | Bezirksmeisterschaften 8er Ball Herren Mitte | Kreismeisterschaften 10-Ball Herren Mitte | Kreismeisterschaften 14.1e Herren Mitte | Kreismeisterschaften 8-Ball Herren Mitte | Kreismeisterschaften 9-Ball Herren Mitte | Landesmeisterschaft 14.1e Herren | Ost 2,41,24,17,41.00,1831,1709,1954,62,23.26,0.74
Marc Wegenast,BC Weingarten 1,Bezirksliga | Kreisliga A | Landesliga,Ost | Ost 2,54,41,13,54.00,1830,1711,1949,61,40.26,0.74
Raphael Titzmann,BSV Filderstadt 1 | BSV Filderstadt 2 | BSV Filderstadt 3 | BSV Filderstadt 4,Bezirksliga | Einzel | Kreisliga A | Landesliga,BM 10er Ball Senioren Ost (Pfullingen) 2019-2020 | Bezirksmeisterschaften 10er Ball Senioren 55+ Ost | Bezirksmeisterschaften 14.1e Senioren 55+ Ost | Bezirksmeisterschaften 8er Ball Senioren 55+Ost | Bezirksmeisterschaften 8er Ball Senioren Ost | Bezirksmeisterschaften 9er Ball Senioren 55+ Ost | Bezirksmeisterschaften 9er Ball Senioren Ost | Kreismeisterschaften 8-Ball Senioren Ost | Kreismeisterschaften 9-Ball Senioren Ost | Landesmeisterschaft 10er Ball Senioren 55+ | Landesmeisterschaft 14.1e Senioren 55+ | Landesmeisterschaft 8er Ball Senioren | Landesmeisterschaft 9er Ball Senioren | Ost | Ost 1,107,73,34,107.00,1828,1748,1908,41,72.26,0.74
Stanislaw Kretz,,Einzel,Bezirksmeisterschaften 10er Ball Herren Mitte | Bezirksmeisterschaften 14.1e Herren Mitte | Bezirksmeisterschaften 9er Ball Herren Mitte | Kreismeisterschaften 10-Ball Herren Mitte | Kreismeisterschaften 14.1e Herren Mitte | Kreismeisterschaften 9-Ball Herren Mitte | Landesmeisterschaft 14.1e Herren,66,40,26,66.00,1828,1732,1924,49,39.26,0.74
Benjamin Pran,,Einzel,BM 10er Ball Herren Nord | BM 8er Ball Herren Nord | Kreismeisterschaften 10-Ball Herren Nord | Kreismeisterschaften 8-Ball Herren Nord,24,16,8,24.00,1827,1671,1983,80,15.26,0.74
Markus Mauch,PBC Langenargen 2 | PBC Langenargen 3,Bezirksliga | Einzel | Kreisliga A,Kreismeisterschaften 10-Ball Herren Ost | Kreismeisterschaften 9-Ball Herren Ost | Ost 2,41,35,6,41.00,1827,1676,1977,77,34.26,0.74
Alexander Striker,,Einzel,BM 10er Ball Herren Mitte | BM 14/1 Einzel Herren Mitte | Bezirksmeisterschaften 10er Ball Herren Mitte | Bezirksmeisterschaften 9er Ball Herren Mitte | Kreismeisterschaften 10-Ball Herren Mitte | Kreismeisterschaften 14.1e Herren Mitte | Kreismeisterschaften 14/1e Herren Mitte | Kreismeisterschaften 8-Ball Herren Mitte | Kreismeisterschaften 9-Ball Herren Mitte | Landesmeisterschaft 9er Ball Herren,74,42,32,74.00,1825,1738,1912,44,41.27,0.73
Michael Greiner,,Einzel,BM 9er Ball Herren West | Kreismeisterschaften 8-Ball Herren West | Kreismeisterschaften 9-Ball Herren West,14,8,6,14.00,1824,1623,2024,102,7.27,0.73
Michael Roth,,Einzel,BM 10er Ball Senioren Nord | BM 9er Ball Senioren Nord | Kreismeisterschaften 10-Ball Senioren Nord | Kreismeisterschaften 14.1e Senioren Nord | Kreismeisterschaften 8-Ball Senioren Nord | Kreismeisterschaften 9-Ball Senioren Nord,48,34,14,48.00,1824,1709,1938,58,33.27,0.73
Markus Rütten,BC Dreiländereck 1,Bezirksliga | Einzel | Landesliga,BM 10er Ball Senioren West | BM 10er Ball Senioren West (Sand) 2019-2020 | BM 14/1 Einzel Senioren West | BM 8er Ball Senioren West | BM 9er Ball Senioren West | Bezirksmeisterschaften 10er Ball Senioren 45+ West | Bezirksmeisterschaften 10er Ball Senioren West | Bezirksmeisterschaften 14.1e Senioren 45+ West | Bezirksmeisterschaften 14.1e Senioren West | Bezirksmeisterschaften 8er Ball Senioren West | Bezirksmeisterschaften 9er Ball Senioren 45+ West | Bezirksmeisterschaften 9er Ball Senioren West | Kreismeisterschaften 10-Ball Senioren West | Kreismeisterschaften 9-Ball Senioren West | Landesmeisterschaft 10er Ball Senioren | Landesmeisterschaft 14.1e Senioren | Landesmeisterschaft 14.1e Senioren 45+ | Landesmeisterschaft 8er Ball Senioren | Landesmeisterschaft 8er Ball Senioren 45+ | Landesmeisterschaft 9er Ball Senioren | West | West 1,127,67,60,127.00,1823,1754,1892,35,66.27,0.73
Manuel Letzel,,Einzel,Landesmeisterschaft 8er Ball Herren,4,2,2,4.00,1822,1483,2161,173,1.27,0.73
Bülent Gürkan,,Einzel,Kreismeisterschaften 9-Ball Senioren Nord,6,5,1,6.00,1820,1505,2136,161,4.27,0.73
Jonathan Nestler,PBC Freudenstadt 2,Bezirksliga | Einzel | Landesliga,BM 14/1 Einzel Herren West | Bezirksmeisterschaften 14.1e Herren West | Bezirksmeisterschaften 9er Ball Herren West | Kreismeisterschaften 9-Ball Herren West | Landesmeisterschaft 14.1e Herren | West | West 1,54,32,22,54.00,1820,1715,1925,54,31.27,0.73
Machmut Turan,PBC Nagoldtal 1,Einzel | Landesliga,BM 14/1 Einzel Senioren Mitte | BM 8er Ball Senioren Mitte | BM 9er Ball Senioren Mitte | Bezirksmeisterschaften 10er Ball Senioren 55+ Mitte | Bezirksmeisterschaften 14.1e Senioren 55+ Mitte | Bezirksmeisterschaften 14.1e Senioren Mitte | Bezirksmeisterschaften 8er Ball Senioren 55+Mitte | Bezirksmeisterschaften 8er Ball Senioren Mitte | Bezirksmeisterschaften 9er Ball Senioren 55+ Mitte | Kreismeisterschaften 10-Ball Senioren 55+ Mitte | Kreismeisterschaften 14.1e Senioren Mitte | Kreismeisterschaften 14/1e Senioren 55+ Mitte | Kreismeisterschaften 8-Ball Senioren 55+ Mitte | Kreismeisterschaften 8-Ball Senioren Mitte | Kreismeisterschaften 9-Ball Senioren 55+ Mitte | Kreismeisterschaften 9-Ball Senioren Mitte | Landesmeisterschaft 10er Ball Senioren 55+ | Landesmeisterschaft 14.1e Senioren | Landesmeisterschaft 14.1e Senioren 55+ | Landesmeisterschaft 8er Ball Senioren | Landesmeisterschaft 8er Ball Senioren 55+ | Landesmeisterschaft 9er Ball Senioren 55+ | West,115,74,41,115.00,1818,1743,1892,38,73.28,0.72
Celina Visconti,,Einzel,BM 8er Ball Damen Nord | Bezirksmeisterschaften 8er Ball Damen Nord | Bezirksmeisterschaften 9er Ball Damen Nord | Landesmeisterschaft 10er Ball Damen | Landesmeisterschaft 14.1e Damen | Landesmeisterschaft 8er Ball Damen | Landesmeisterschaft 9er Ball Damen,101,70,31,101.00,1817,1735,1899,42,69.28,0.72
Dany Baron,,Einzel,BM 14/1 Einzel Herren Mitte | BM 9er Ball Herren Mitte | Bezirksmeisterschaften 10er Ball Herren Mitte | Bezirksmeisterschaften 14.1e Herren Mitte | Bezirksmeisterschaften 8er Ball Herren Mitte | Bezirksmeisterschaften 9er Ball Herren Mitte | Kreismeisterschaften 10-Ball Herren Mitte | Kreismeisterschaften 14.1e Herren Mitte | Kreismeisterschaften 14/1e Herren Mitte | Kreismeisterschaften 8-Ball Herren Mitte | Kreismeisterschaften 9-Ball Herren Mitte,91,56,35,91.00,1817,1736,1898,41,55.28,0.72
Christina Schneider-Radunovic,,Einzel,Bezirksmeisterschaften 10er Ball Damen Mitte-Ost | Landesmeisterschaft 10er Ball Damen | Landesmeisterschaft 14.1e Damen | Landesmeisterschaft 8er Ball Damen | Landesmeisterschaft 9er Ball Damen,59,40,19,59.00,1816,1708,1924,55,39.28,0.72
Benny-Michel Mildenberger,,Einzel,Bezirksmeisterschaften 9er Ball Herren Nord | Kreismeisterschaften 10-Ball Herren Nord | Kreismeisterschaften 8-Ball Herren Nord | Kreismeisterschaften 9-Ball Herren Nord,24,15,9,24.00,1814,1645,1984,86,14.28,0.72
Florian Stojanoski,,Einzel,BM 10er Ball Herren Nord | BM 14/1 Einzel Herren Nord | BM 8er Ball Herren Nord | BM 9er Ball Herren Nord | Bezirksmeisterschaften 10er Ball Herren Nord | Bezirksmeisterschaften 14.1e Herren Nord | Bezirksmeisterschaften 8er Ball Herren Nord | Bezirksmeisterschaften 9er Ball Herren Nord | Kreismeisterschaften 10-Ball Herren Nord | Kreismeisterschaften 14.1e Herren Nord | Kreismeisterschaften 8-Ball Herren Nord | Kreismeisterschaften 9-Ball Herren Nord | Landesmeisterschaft 10er Ball Herren | Landesmeisterschaft 8er Ball Herren | Landesmeisterschaft 9er Ball Herren,81,41,40,81.00,1814,1726,1901,45,40.28,0.72
Maurizio Reith,PBC Offenburg 4,Einzel | Landesliga,Bezirksmeisterschaften 10er Ball Herren West | Bezirksmeisterschaften 8er Ball Herren West | Bezirksmeisterschaften 9er Ball Herren West | Kreismeisterschaften 10-Ball Herren West | Kreismeisterschaften 14.1e Herren West | Kreismeisterschaften 8-Ball Herren West | Kreismeisterschaften 9-Ball Herren West | West,57,38,19,57.00,1812,1711,1914,52,37.28,0.72
Holger Domdey,BC Blaustein 1,Bezirksliga | Einzel | Kreisliga A | Landesliga,Bezirksmeisterschaften 14.1e Senioren 55+ Ost | Bezirksmeisterschaften 14.1e Senioren Ost | Bezirksmeisterschaften 9er Ball Senioren 55+ Ost | Landesmeisterschaft 14.1e Senioren | Landesmeisterschaft 14.1e Senioren 55+ | Landesmeisterschaft 9er Ball Senioren 55+ | Ost | Ost 2,109,74,35,109.00,1805,1730,1881,38,73.29,0.71
Hartmut Jäggle,,Einzel,BM 9er Ball Herren Ost | Kreismeisterschaften 9-Ball Herren Ost,11,7,4,11.00,1804,1591,2017,109,6.30,0.70
Steffen Graf,BV Villingen-Schwenningen 1 | BV Villingen-Schwenningen 2,Bezirksliga | Einzel | Landesliga,Bezirksmeisterschaften 10er Ball Herren West | Bezirksmeisterschaften 14.1e Herren West | Bezirksmeisterschaften 8er Ball Herren West | Bezirksmeisterschaften 9er Ball Herren West | Kreismeisterschaften 10-Ball Herren West | Kreismeisterschaften 8-Ball Herren West | Kreismeisterschaften 9-Ball Herren West | Landesmeisterschaft 10er Ball Herren | Landesmeisterschaft 8er Ball Herren | West | West 1,102,75,27,102.00,1803,1714,1893,46,74.30,0.70
Colin Ketterlin,,Einzel,Bezirksmeisterschaften 14.1e Herren Nord | Bezirksmeisterschaften 9er Ball Herren Nord | Kreismeisterschaften 10-Ball Herren Nord | Kreismeisterschaften 14/1e Herren Nord | Kreismeisterschaften 9-Ball Herren Nord | Landesmeisterschaft 14.1e Herren,20,9,11,20.00,1802,1622,1981,92,8.30,0.70
Harald Reutter,BC Blaustein 1,Bezirksliga | Einzel | Kreisliga A | Landesliga,Bezirksmeisterschaften 14.1e Senioren Ost | Bezirksmeisterschaften 8er Ball Senioren Ost | Bezirksmeisterschaften 9er Ball Senioren Ost | Kreismeisterschaften 8-Ball Senioren Ost | Kreismeisterschaften 9-Ball Senioren Ost | Ost | Ost 2,123,84,39,123.00,1801,1727,1876,38,83.30,0.70
Martin Doster,BSC Göppingen 1 | BSC Göppingen 2,Bezirksliga | Einzel | Landesliga,BM 9er Ball Herren Ost | Bezirksmeisterschaften 14.1e Herren Ost | Bezirksmeisterschaften 8er Ball Herren Ost | Bezirksmeisterschaften 9er Ball Herren Ost | Kreismeisterschaften 10-Ball Herren Ost | Kreismeisterschaften 8-Ball Herren Ost | Kreismeisterschaften 9-Ball Herren Ost | Landesmeisterschaft 9er Ball Herren | Ost | Ost 1,135,85,50,135.00,1801,1733,1869,35,84.30,0.70
Benjamin Hirschberger,,Einzel,LJM 2023 m-u15/17 10-Ball | LJM 2023 m-u15/17 8-Ball | LJM 2023 m-u15/17 9-Ball | Landesjugendmeisterschaft 2026 10-Ball U16 | Landesjugendmeisterschaft 2026 14/1e U16 | Landesjugendmeisterschaft 2026 8-Ball U16 | Landesjugendmeisterschaft 2026 9-Ball U16 v2 | Landesjugendmeisterschaft u14-u16 10 Ball | Landesjugendmeisterschaft u14-u16 14/1e | Landesjugendmeisterschaft u14-u16 8 Ball | Landesjugendmeisterschaft u14-u16 9 Ball | Landesjugendmeisterschaft u14-u22 10-Ball | Landesjugendmeisterschaft u14-u22 14/1e | Landesjugendmeisterschaft u14-u22 8-Ball | Landesjugendmeisterschaft u14-u22 9-Ball,52,44,8,52.00,1799,1627,1971,88,43.30,0.70
Timo Sillner,BC Stuttgart 1891 2,Landesliga,Ost,2,2,0,2.00,1799,1381,2217,213,1.30,0.70
Thomas Kramhöller,,Einzel,BM 10er Ball Herren Nord (Kurpfalz) 2019-2020 | BM 14/1 Einzel Herren Nord | BM 8er Ball Herren Nord | BM 9er Ball Herren Nord | Kreismeisterschaften 14.1e Herren Nord | Kreismeisterschaften 8-Ball Herren Nord | Kreismeisterschaften 9-Ball Herren Nord | Landesmeisterschaft 10er Ball Herren | Landesmeisterschaft 14.1e Herren | Landesmeisterschaft 9er Ball Herren,37,18,19,37.00,1798,1673,1922,64,17.31,0.69
Zehrudin Vereget,,Einzel,BM 8er Ball Herren Nord | Bezirksmeisterschaften 8er Ball Herren Nord | Kreismeisterschaften 10-Ball Herren Nord | Kreismeisterschaften 8-Ball Herren Nord | Kreismeisterschaften 9-Ball Herren Nord | Landesmeisterschaft 8er Ball Herren,40,19,21,40.00,1797,1678,1916,61,18.31,0.69
Osman Büyük,BSV Filderstadt 2 | BSV Filderstadt 3,Bezirksliga | Einzel,Bezirksmeisterschaften 10er Ball Senioren Ost | Kreismeisterschaften 10-Ball Senioren Ost | Ost 1,37,28,9,37.00,1796,1654,1937,72,27.31,0.69
Adrian Mernik,PBC Reutlingen 2,Kreisliga A,Ost 1,16,15,1,16.00,1795,1534,2055,133,14.31,0.69
Manfred Waldvogel,BV Markdorf 1 | BV Markdorf 2,Bezirksliga | Landesliga,Ost | Ost 2,35,24,11,35.00,1795,1656,1934,71,23.31,0.69
Edin Porcic,BULL Leonberg-Höfingen 1,Einzel | Landesliga,Bezirksmeisterschaften 10er Ball Herren Mitte | Bezirksmeisterschaften 8er Ball Herren Mitte | Kreismeisterschaften 10-Ball Herren Mitte | Kreismeisterschaften 8-Ball Herren Mitte | Ost,30,19,11,30.00,1794,1657,1931,70,18.31,0.69
Andreas Augustin,,Einzel,BM 9er Ball Herren Mitte | Kreismeisterschaften 10-Ball Senioren 55+ Mitte | Kreismeisterschaften 9-Ball Herren Mitte | Kreismeisterschaften 9-Ball Senioren 55+ Mitte,20,11,9,20.00,1793,1621,1965,88,10.31,0.69
Sascha Sauer,BSV Filderstadt 1 | BSV Filderstadt 2 | BSV Filderstadt 3 | BSV Filderstadt 4,Bezirksliga | Einzel | Landesliga,BM 10er Ball Herren Ost | BM 10er Ball Herren Ost (Pfullingen) 2019-2020 | BM 9er Ball Herren Ost | Bezirksmeisterschaften 8er Ball Herren Ost | Kreismeisterschaften 10-Ball Herren Ost | Kreismeisterschaften 8-Ball Herren Ost | Kreismeisterschaften 9-Ball Herren Ost | Landesmeisterschaft 8er Ball Herren | Ost | Ost 1,143,101,42,143.00,1792,1723,1862,36,100.31,0.69
Marius Schrimpf,BBC Plochingen 1 | BBC Plochingen 2,Bezirksliga | Kreisliga A | Landesliga,Ost | Ost 1,73,56,17,73.00,1789,1685,1893,53,55.32,0.68
Johanna Indlekofer,BC Dreiländereck 1 | BC Dreiländereck 2,Einzel | Landesliga,Bezirksmeisterschaften 10er Ball Damen West | Bezirksmeisterschaften 14.1e Damen West | Bezirksmeisterschaften 8er Ball Damen West | Bezirksmeisterschaften 9er Ball Damen West | Landesmeisterschaft 14.1e Damen | Landesmeisterschaft 8er Ball Damen | Landesmeisterschaft 9er Ball Damen | West,76,55,21,76.00,1785,1688,1882,50,54.32,0.68
Torsten Hanisch,BC Blaustein 1,Bezirksliga | Einzel | Kreisliga A | Landesliga,Bezirksmeisterschaften 14.1e Senioren 55+ Ost | Bezirksmeisterschaften 14.1e Senioren Ost | Ost | Ost 2,80,48,32,80.00,1785,1701,1870,43,47.32,0.68
Johannes Seith,,Einzel,Kreismeisterschaften 9-Ball Herren Nord,7,5,2,7.00,1784,1511,2057,139,4.33,0.67
Silvio Fadda,BV Markdorf 1,Landesliga,Ost,75,53,22,75.00,1784,1694,1873,46,52.33,0.67
Thorsten Mohr,BSV Konstanz 1,Einzel | Landesliga,BM 10er Ball Herren Ost | BM 10er Ball Herren Ost (Pfullingen) 2019-2020 | BM 14/1 Einzel Herren Ost | BM 9er Ball Herren Ost | Bezirksmeisterschaften 10er Ball Herren Ost | Bezirksmeisterschaften 14.1e Herren Ost | Bezirksmeisterschaften 8er Ball Herren Ost | Bezirksmeisterschaften 9er Ball Herren Ost | Kreismeisterschaften 10-Ball Herren Ost | Kreismeisterschaften 8-Ball Herren Ost | Kreismeisterschaften 9-Ball Herren Ost | Landesmeisterschaft 14.1e Herren | Landesmeisterschaft 9er Ball Herren | Ost,125,69,56,125.00,1784,1717,1851,34,68.33,0.67
Yilmaz Aygün,P&S Denzlingen 1,Landesliga,West,68,46,22,68.00,1783,1688,1878,48,45.33,0.67
Brian Biercher,BSV Tiengen 2,Einzel | Landesliga,Bezirksmeisterschaften 10er Ball Herren West | Bezirksmeisterschaften 10er Ball Senioren 45+ West | Bezirksmeisterschaften 8er Ball Senioren 45+West | Bezirksmeisterschaften 9er Ball Herren West | Bezirksmeisterschaften 9er Ball Senioren 45+ West | Kreismeisterschaften 10-Ball Herren West | Kreismeisterschaften 14.1e Herren West | Kreismeisterschaften 8-Ball Herren West | Kreismeisterschaften 9-Ball Herren West | Landesmeisterschaft 9er Ball Senioren 45+ | West,63,40,23,63.00,1782,1684,1880,50,39.33,0.67
Alexander Kocher,,Einzel,Bezirksmeisterschaften 10er Ball Senioren 45+ Nord | Bezirksmeisterschaften 10er Ball Senioren Nord | Bezirksmeisterschaften 14.1e Senioren 45+ Nord | Bezirksmeisterschaften 14.1e Senioren Nord | Bezirksmeisterschaften 8er Ball Senioren 45+Nord | Bezirksmeisterschaften 8er Ball Senioren Nord | Bezirksmeisterschaften 9er Ball Senioren 45+ Nord | Bezirksmeisterschaften 9er Ball Senioren Nord | Kreismeisterschaften 10-Ball Senioren Nord | Kreismeisterschaften 14.1e Senioren Nord | Kreismeisterschaften 8-Ball Senioren Nord | Kreismeisterschaften 9-Ball Senioren Nord | Landesmeisterschaft 10er Ball Senioren | Landesmeisterschaft 10er Ball Senioren 45+ | Landesmeisterschaft 14.1e Senioren 45+ | Landesmeisterschaft 9er Ball Senioren,88,49,39,88.00,1780,1697,1863,42,48.33,0.67
Christian Joos,BC Dreiländereck 1 | BC Dreiländereck 2,Einzel | Landesliga,BM 10er Ball Herren West | BM 10er Ball Herren West (Offenburg) 2019-2020 | BM 9er Ball Herren West | Bezirksmeisterschaften 10er Ball Herren West | Bezirksmeisterschaften 8er Ball Herren West | Bezirksmeisterschaften 9er Ball Herren West | Kreismeisterschaften 14.1e Herren West | Kreismeisterschaften 8-Ball Herren West | Kreismeisterschaften 9-Ball Herren West | Landesmeisterschaft 10er Ball Herren | Landesmeisterschaft 9er Ball Herren | West,61,34,27,61.00,1778,1677,1878,51,33.34,0.66
Darius Skowronek,,Einzel,BM 10er Ball Senioren Nord | BM 8er Ball Senioren Nord | Bezirksmeisterschaften 10er Ball Senioren Nord | Bezirksmeisterschaften 14.1e Senioren Nord | Bezirksmeisterschaften 8er Ball Senioren 45+Nord | Bezirksmeisterschaften 9er Ball Senioren 45+ Nord | Bezirksmeisterschaften 9er Ball Senioren Nord | Kreismeisterschaften 10-Ball Senioren Nord | Kreismeisterschaften 14.1e Senioren Nord | Kreismeisterschaften 8-Ball Senioren Nord | Kreismeisterschaften 9-Ball Senioren Nord | Landesmeisterschaft 10er Ball Senioren | Landesmeisterschaft 9er Ball Senioren,68,41,27,68.00,1777,1685,1868,47,40.34,0.66
Luigi Sarullo,,Einzel,BM 10er Ball Senioren Nord | BM 10er Ball Senioren Nord (PBC Waghäusel) 2019-2020 | BM 14/1 Einzel Senioren Nord | BM 8er Ball Senioren Nord | BM 9er Ball Senioren Nord | Bezirksmeisterschaften 10er Ball Senioren 45+ Nord | Bezirksmeisterschaften 10er Ball Senioren Nord | Bezirksmeisterschaften 14.1e Senioren Nord | Bezirksmeisterschaften 8er Ball Senioren 45+Nord | Bezirksmeisterschaften 8er Ball Senioren Nord | Bezirksmeisterschaften 9er Ball Senioren 45+ Nord | Bezirksmeisterschaften 9er Ball Senioren Nord | Kreismeisterschaften 10-Ball Senioren Nord | Kreismeisterschaften 14.1e Senioren Nord | Kreismeisterschaften 8-Ball Senioren Nord | Landesmeisterschaft 10er Ball Senioren | Landesmeisterschaft 8er Ball Senioren | Landesmeisterschaft 9er Ball Senioren,116,66,50,116.00,1777,1708,1847,36,65.34,0.66
Philipp Kibele,,Einzel,Bezirksmeisterschaften 9er Ball Herren Mitte | Kreismeisterschaften 10-Ball Herren Mitte | Kreismeisterschaften 8-Ball Herren Mitte | Kreismeisterschaften 9-Ball Herren Mitte,18,11,7,18.00,1776,1607,1945,86,10.34,0.66
Stefan Sock,BC Bad Schussenried 1,Bezirksliga | Einzel | Landesliga,BM 10er Ball Herren Ost | BM 8er Ball Herren Ost | BM 9er Ball Herren Ost | Bezirksmeisterschaften 10er Ball Herren Ost | Bezirksmeisterschaften 14.1e Herren Ost | Bezirksmeisterschaften 8er Ball Herren Ost | Bezirksmeisterschaften 9er Ball Herren Ost | Kreismeisterschaften 10-Ball Herren Ost | Kreismeisterschaften 8-Ball Herren Ost | Kreismeisterschaften 9-Ball Herren Ost | Landesmeisterschaft 10er Ball Herren | Landesmeisterschaft 14.1e Herren | Landesmeisterschaft 8er Ball Herren | Landesmeisterschaft 9er Ball Herren | Ost | Ost 2,188,115,73,188.00,1773,1716,1830,29,114.34,0.66
Michael Schneider,,Einzel,Bezirksmeisterschaften 14.1e Senioren 55+ Nord | Bezirksmeisterschaften 8er Ball Senioren 55+Nord | Bezirksmeisterschaften 8er Ball Senioren Nord | Kreismeisterschaften 10-Ball Senioren Nord | Kreismeisterschaften 14/1e Senioren 55+ Nord | Kreismeisterschaften 8-Ball Senioren 55+ Nord | Kreismeisterschaften 8-Ball Senioren Nord | Kreismeisterschaften 9-Ball Senioren Nord,38,23,15,38.00,1772,1645,1899,65,22.35,0.65
Arno Corigliano,,Einzel,BM 9er Ball Herren Nord | Kreismeisterschaften 10-Ball Herren Nord | Kreismeisterschaften 9-Ball Herren Nord,14,8,6,14.00,1771,1586,1955,94,7.35,0.65
Goncalo Vieira Manies,,Einzel,Bezirksmeisterschaften 10er Ball Herren Mitte | Bezirksmeisterschaften 14.1e Herren Mitte | Bezirksmeisterschaften 8er Ball Herren Mitte | Bezirksmeisterschaften 9er Ball Herren Mitte | Kreismeisterschaften 10-Ball Herren Mitte | Kreismeisterschaften 14.1e Herren Mitte | Kreismeisterschaften 14/1e Herren Mitte | Kreismeisterschaften 8-Ball Herren Mitte | Kreismeisterschaften 9-Ball Herren Mitte | Landesmeisterschaft 10er Ball Herren | Landesmeisterschaft 9er Ball Herren,83,43,40,83.00,1770,1685,1855,43,42.35,0.65
Heiko Hoffmann,,Einzel,BM 10er Ball Senioren Nord | BM 8er Ball Senioren Nord | Kreismeisterschaften 10-Ball Senioren Nord | Kreismeisterschaften 9-Ball Senioren Nord | Landesmeisterschaft 10er Ball Senioren | Landesmeisterschaft 8er Ball Senioren,29,17,12,29.00,1769,1629,1909,72,16.35,0.65
Antonio De Gois,,Einzel,BM 14/1 Einzel Herren Nord | Kreismeisterschaften 10-Ball Herren Nord | Kreismeisterschaften 8-Ball Herren Nord,20,12,8,20.00,1768,1589,1947,91,11.35,0.65
Sebastian Albrecht,,Einzel,BM 9er Ball Herren Nord,5,3,2,5.00,1767,1487,2048,143,2.35,0.65
Sijon Joos,BSV Tiengen 2,Einzel | Landesliga,BM 14/1 Einzel Herren West | BM 9er Ball Herren West | Kreismeisterschaften 10-Ball Herren West | Kreismeisterschaften 8-Ball Herren West | Kreismeisterschaften 9-Ball Herren West | West,36,21,15,36.00,1763,1640,1885,63,20.36,0.64
Okan Ceken,PBC Reutlingen 2 | PBC Reutlingen 3,Bezirksliga | Kreisliga A | Landesliga,Ost 1 | West,44,33,11,44.00,1762,1631,1892,67,32.36,0.64
Denis Mnich,,Einzel,BM 10er Ball Herren Mitte | BM 14/1 Einzel Herren Mitte | Bezirksmeisterschaften 10er Ball Herren Mitte | Bezirksmeisterschaften 14.1e Herren Mitte | Bezirksmeisterschaften 8er Ball Herren Mitte | Bezirksmeisterschaften 9er Ball Herren Mitte | Kreismeisterschaften 10-Ball Herren Mitte | Kreismeisterschaften 14/1e Herren Mitte | Kreismeisterschaften 8-Ball Herren Mitte | Kreismeisterschaften 9-Ball Herren Mitte | Landesmeisterschaft 10er Ball Herren | Landesmeisterschaft 14.1e Herren,94,50,44,94.00,1761,1683,1839,40,49.36,0.64
Fabio Romano,,Einzel,BM 14/1 Einzel Herren Mitte | Kreismeisterschaften 14.1e Herren Mitte,9,4,5,9.00,1761,1520,2002,123,3.36,0.64
Tuong Tran,BSV Pfullingen 1,Landesliga,Ost,16,11,5,16.00,1761,1579,1942,93,10.36,0.64
Ahmet Yazici,PBC Nagoldtal 1,Landesliga,West,2,2,0,2.00,1759,1361,2157,203,1.37,0.63
Martin Frei,PBC Offenburg 2,Landesliga,West,65,40,25,65.00,1757,1662,1851,48,39.37,0.63
Sonny Weber,,Einzel,Bezirksmeisterschaften 10er Ball Herren Nord | Bezirksmeisterschaften 14.1e Herren Nord | Bezirksmeisterschaften 8er Ball Herren Nord | Bezirksmeisterschaften 9er Ball Herren Nord | Kreismeisterschaften 10-Ball Herren Nord | Kreismeisterschaften 14.1e Herren Nord | Kreismeisterschaften 8-Ball Herren Nord | Kreismeisterschaften 9-Ball Herren Nord | Landesmeisterschaft 14.1e Herren,48,28,20,48.00,1757,1643,1870,58,27.37,0.63
Uwe Schmidt,,Einzel,BM 10er Ball Senioren Mitte | BM 10er Ball Senioren Nord (PBC Waghäusel) 2019-2020 | BM 9er Ball Senioren Mitte | Bezirksmeisterschaften 10er Ball Senioren Mitte | Bezirksmeisterschaften 14.1e Senioren Mitte | Bezirksmeisterschaften 8er Ball Senioren Mitte | Bezirksmeisterschaften 9er Ball Senioren 45+ Mitte | Bezirksmeisterschaften 9er Ball Senioren Mitte | Kreismeisterschaften 10-Ball Senioren Mitte | Kreismeisterschaften 14.1e Senioren Mitte | Kreismeisterschaften 8-Ball Senioren Mitte | Kreismeisterschaften 9-Ball Senioren Mitte | Landesmeisterschaft 8er Ball Senioren | Landesmeisterschaft 9er Ball Senioren,75,45,30,75.00,1756,1666,1846,46,44.37,0.63
Norbert Kabas,P&S Denzlingen 2 | P&S Denzlingen 3,Bezirksliga | Einzel | Landesliga,Bezirksmeisterschaften 14.1e Senioren 45+ West | Bezirksmeisterschaften 8er Ball Senioren 45+West | Bezirksmeisterschaften 9er Ball Senioren 45+ West | Kreismeisterschaften 8-Ball Herren West | West | West 1,42,28,14,42.00,1755,1635,1876,62,27.37,0.63
Alexander Srp,,Einzel,Bezirksmeisterschaften 10er Ball Herren Mitte | Kreismeisterschaften 10-Ball Herren Mitte | Kreismeisterschaften 8-Ball Herren Mitte | Kreismeisterschaften 9-Ball Herren Mitte | Landesmeisterschaft 10er Ball Herren,21,11,10,21.00,1754,1594,1914,81,10.38,0.62
Marc Proissl,,Einzel,Bezirksmeisterschaften 10er Ball Herren Nord | Bezirksmeisterschaften 8er Ball Herren Nord | Kreismeisterschaften 10-Ball Herren Nord | Kreismeisterschaften 8-Ball Herren Nord | Kreismeisterschaften 9-Ball Herren Nord | Landesmeisterschaft 10er Ball Herren,42,24,18,42.00,1754,1629,1878,64,23.38,0.62
Dominik Netzhammer,BSV Tiengen 2 | BSV Tiengen 3,Bezirksliga | Landesliga,West | West 1,65,46,19,65.00,1753,1649,1857,53,45.38,0.62
Kevin Patrick Fischer,BSV Pfullingen 2,Einzel | Kreisliga A,Kreismeisterschaften 8-Ball Herren Ost | Kreismeisterschaften 9-Ball Herren Ost | Ost 1,16,11,5,16.00,1752,1559,1944,98,10.38,0.62
Vanja Nikolic,,Einzel,BM 10er Ball Damen Ost und Mitte | BM 8er Ball Damen Ost - Mitte | BM 9er Ball Damen Ost und Mitte | Bezirksmeisterschaften 10er Ball Damen Mitte-Ost | Bezirksmeisterschaften 14.1e Damen Mitte_Ost | Bezirksmeisterschaften 8er Ball Damen Mitte-Ost | Bezirksmeisterschaften 9er Ball Damen Mitte- Ost | Landesmeisterschaft 10er Ball Damen | Landesmeisterschaft 14.1e Damen | Landesmeisterschaft 8er Ball Damen | Landesmeisterschaft 9er Ball Damen,104,69,35,104.00,1752,1666,1839,44,68.38,0.62
Georg Winter,BV Markdorf 1 | BV Markdorf 2,Bezirksliga | Einzel | Landesliga,BM 14/1 Einzel Herren Ost | BM 8er Ball Herren Ost | Bezirksmeisterschaften 14.1e Herren Ost | Bezirksmeisterschaften 8er Ball Herren Ost | Kreismeisterschaften 10-Ball Herren Ost | Kreismeisterschaften 8-Ball Herren Ost | Kreismeisterschaften 9-Ball Herren Ost | Landesmeisterschaft 14.1e Herren | Ost | Ost 2,98,54,44,98.00,1750,1674,1826,39,53.38,0.62
Henning Wilkner,,Einzel,Bezirksmeisterschaften 10er Ball Senioren 55+ Nord | Bezirksmeisterschaften 14.1e Senioren 55+ Nord | Bezirksmeisterschaften 14.1e Senioren Nord | Bezirksmeisterschaften 8er Ball Senioren 55+Nord | Bezirksmeisterschaften 9er Ball Senioren 55+ Nord | Bezirksmeisterschaften 9er Ball Senioren Nord | Kreismeisterschaften 10-Ball Senioren Nord | Kreismeisterschaften 14.1e Senioren Nord | Kreismeisterschaften 14/1e Senioren 55+ Nord | Kreismeisterschaften 8-Ball Senioren 55+ Nord | Kreismeisterschaften 8-Ball Senioren Nord | Kreismeisterschaften 9-Ball Senioren Nord,64,39,25,64.00,1750,1656,1843,48,38.38,0.62
Peter Lotterer,PBC Reutlingen 1,Landesliga,West,2,2,0,2.00,1748,1325,2172,216,1.39,0.61
Norbert Rollbühler,,Einzel,BM 10er Ball Herren Mitte | Bezirksmeisterschaften 10er Ball Herren Mitte | Bezirksmeisterschaften 8er Ball Herren Mitte | Kreismeisterschaften 10-Ball Herren Mitte | Kreismeisterschaften 8-Ball Herren Mitte | Kreismeisterschaften 9-Ball Herren Mitte | Landesmeisterschaft 10er Ball Herren,54,29,25,54.00,1747,1645,1850,52,28.39,0.61
Holger Mayer,BF Bronnen 1,Kreisliga A,Ost 2,11,10,1,11.00,1745,1470,2019,140,9.39,0.61
Jürgen Trost,,Einzel,BM 14/1 Einzel Senioren Mitte | Bezirksmeisterschaften 10er Ball Senioren Mitte | Bezirksmeisterschaften 14.1e Senioren Mitte | Kreismeisterschaften 10-Ball Senioren Mitte | Kreismeisterschaften 14.1e Senioren Mitte | Kreismeisterschaften 9-Ball Senioren Mitte | Landesmeisterschaft 14.1e Senioren,42,23,19,42.00,1744,1625,1862,60,22.39,0.61
Tobias Jung,P&S Denzlingen 1,Landesliga,West,16,9,7,16.00,1744,1560,1927,94,8.39,0.61
Stephan Rau,P&S Denzlingen 1 | P&S Denzlingen 2,Bezirksliga | Landesliga,West | West 1,43,30,13,43.00,1742,1616,1868,64,29.40,0.60
Damir Vidovic,PBC Bräunlingen 1 | PBC Bräunlingen 2,Bezirksliga | Landesliga,West | West 1,8,6,2,8.00,1741,1486,1996,130,5.40,0.60
Michael Füess,,Einzel,BM 10er Ball Senioren Mitte | BM 10er Ball Senioren Mitte (Sindelfingen) 2019-2020 | BM 14/1 Einzel Senioren Mitte | BM 8er Ball Senioren Mitte | BM 9er Ball Senioren Mitte | Bezirksmeisterschaften 10er Ball Senioren 55+ Mitte | Bezirksmeisterschaften 10er Ball Senioren Mitte | Bezirksmeisterschaften 8er Ball Senioren 55+Mitte | Bezirksmeisterschaften 8er Ball Senioren Mitte | Kreismeisterschaften 10-Ball Senioren Mitte | Kreismeisterschaften 8-Ball Senioren Mitte | Kreismeisterschaften 9-Ball Senioren Mitte | Landesmeisterschaft 10er Ball Senioren | Landesmeisterschaft 10er Ball Senioren 55+ | Landesmeisterschaft 8er Ball Senioren,86,48,38,86.00,1740,1655,1825,43,47.40,0.60
Ruben Winkler,,Einzel,BM 14/1 Einzel Herren Mitte | Kreismeisterschaften 8-Ball Herren Mitte,9,5,4,9.00,1740,1502,1978,121,4.40,0.60
Kai Kiss,BSV Tiengen 2,Einzel | Landesliga,BM 9er Ball Senioren West | Kreismeisterschaften 10-Ball Senioren West | Kreismeisterschaften 9-Ball Senioren West | West,46,30,16,46.00,1739,1619,1859,61,29.40,0.60
Michael Strohmaier,BSV Tiengen 2,Einzel | Landesliga,BM 10er Ball Senioren West | BM 9er Ball Senioren West | Kreismeisterschaften 10-Ball Senioren West | Kreismeisterschaften 9-Ball Senioren West | West,53,32,21,53.00,1738,1629,1846,55,31.41,0.59
Bessim Bessim Oglou,BC Aalen 3,Einzel | Landesliga,Kreismeisterschaften 14/1e Senioren 55+ Mitte | Kreismeisterschaften 8-Ball Senioren 55+ Mitte | Kreismeisterschaften 9-Ball Senioren 55+ Mitte | Ost,15,10,5,15.00,1737,1543,1932,99,9.41,0.59
Max Löhle,,Einzel,Kreismeisterschaften 8-Ball Herren Ost | LJM 2023 m-u23 8-Ball | LJM 2023 m-u23 9-Ball,14,8,6,14.00,1735,1525,1946,107,7.41,0.59
Gerald Ströbele,PBC Langenargen 1 | PBC Langenargen 2 | PBC Langenargen 3,Bezirksliga | Einzel | Kreisliga A | Landesliga,Bezirksmeisterschaften 8er Ball Herren Ost | Bezirksmeisterschaften 9er Ball Herren Ost | Kreismeisterschaften 10-Ball Herren Ost | Kreismeisterschaften 8-Ball Herren Ost | Kreismeisterschaften 9-Ball Herren Ost | Landesmeisterschaft 9er Ball Herren | Ost | Ost 2,104,69,35,104.00,1734,1655,1813,40,68.41,0.59
Benno Amann,BC Unterteuringen 1,Bezirksliga | Einzel,Bezirksmeisterschaften 14.1e Senioren Ost | Ost 2,106,70,36,106.00,1733,1655,1810,39,69.41,0.59
Björn Welte,PBC Bräunlingen 1 | PBC Bräunlingen 2,Bezirksliga | Einzel | Landesliga,Kreismeisterschaften 9-Ball Herren West | West | West 2,89,68,21,89.00,1733,1641,1826,47,67.41,0.59
Woldai Wagner,BSV Konstanz 1,Landesliga,Ost,16,8,8,16.00,1733,1561,1905,88,7.41,0.59
Harald Leder,,Einzel,BM 14/1 Einzel Senioren Nord | Bezirksmeisterschaften 10er Ball Senioren Nord | Bezirksmeisterschaften 14.1e Senioren Nord | Kreismeisterschaften 10-Ball Senioren Nord | Kreismeisterschaften 14.1e Senioren Nord | Kreismeisterschaften 8-Ball Senioren Nord | Landesmeisterschaft 10er Ball Senioren | Landesmeisterschaft 14.1e Senioren | Landesmeisterschaft 14.1e Senioren 45+,51,26,25,51.00,1732,1623,1840,55,25.42,0.58
Marius-Daniel Grigore-Martini,PBC Reutlingen 2 | PBC Reutlingen 3,Einzel | Kreisliga A,BM 10er Ball Herren Ost | BM 14/1 Einzel Herren Ost | BM 8er Ball Herren Ost | BM 9er Ball Herren Ost | Bezirksmeisterschaften 10er Ball Herren Ost | Bezirksmeisterschaften 14.1e Herren Ost | Bezirksmeisterschaften 8er Ball Herren Ost | Bezirksmeisterschaften 9er Ball Herren Ost | Kreismeisterschaften 10-Ball Herren Ost | Kreismeisterschaften 8-Ball Herren Ost | Kreismeisterschaften 9-Ball Herren Ost | Landesmeisterschaft 14.1e Herren | Ost 1 | West 2,99,51,48,99.00,1732,1656,1809,39,50.42,0.58
Thorsten Holatka,,Einzel,BM 10er Ball Senioren Mitte | BM 14/1 Einzel Senioren Mitte | BM 8er Ball Senioren Mitte | BM 9er Ball Senioren Mitte | Kreismeisterschaften 10-Ball Senioren Mitte | Kreismeisterschaften 14.1e Senioren Mitte | Kreismeisterschaften 8-Ball Senioren Mitte | Kreismeisterschaften 9-Ball Senioren Mitte | Landesmeisterschaft 8er Ball Senioren | Landesmeisterschaft 9er Ball Senioren,46,28,18,46.00,1732,1621,1843,57,27.42,0.58
Karl-Heinz Zimmermann,,Einzel,BM 10er Ball Senioren Nord | BM 14/1 Einzel Senioren Nord | BM 8er Ball Senioren Nord | BM 9er Ball Senioren Nord | Bezirksmeisterschaften 10er Ball Senioren Nord | Bezirksmeisterschaften 8er Ball Senioren Nord | Kreismeisterschaften 10-Ball Senioren Nord | Kreismeisterschaften 14.1e Senioren Nord | Kreismeisterschaften 8-Ball Senioren 55+ Nord | Kreismeisterschaften 8-Ball Senioren Nord | Kreismeisterschaften 9-Ball Senioren Nord | Landesmeisterschaft 10er Ball Senioren,71,43,28,71.00,1730,1640,1821,46,42.42,0.58
Christian Endres,BULL Leonberg-Höfingen 1,Landesliga,Ost,2,2,0,2.00,1729,1332,2125,202,1.42,0.58
Farhad Shahverdi,,Einzel,Kreismeisterschaften 8-Ball Senioren Mitte,4,3,1,4.00,1728,1387,2069,174,2.42,0.58
Erdem Dikici,BSV Filderstadt 4,Einzel | Kreisliga A,Bezirksmeisterschaften 10er Ball Herren Ost | Bezirksmeisterschaften 8er Ball Herren Ost | Kreismeisterschaften 10-Ball Herren Ost | Kreismeisterschaften 8-Ball Herren Ost | Landesmeisterschaft 10er Ball Herren | Ost 1,43,28,15,43.00,1727,1604,1850,63,27.43,0.57
Pavlos Korezelidis,BBC Plochingen 1,Bezirksliga | Landesliga,Ost | Ost 1,70,46,24,70.00,1726,1630,1822,49,45.43,0.57
Dirk Müller,,Einzel,Bezirksmeisterschaften 8er Ball Senioren 55+Nord | Bezirksmeisterschaften 9er Ball Senioren 55+ Nord | Kreismeisterschaften 8-Ball Senioren 55+ Nord,17,11,6,17.00,1724,1549,1898,89,10.43,0.57
Alexandar Stankovic,TV Cannstatt 2,Einzel | Landesliga,BM 10er Ball Herren Nord | BM 8er Ball Herren Nord | BM 9er Ball Herren Nord | Bezirksmeisterschaften 10er Ball Herren Mitte | Bezirksmeisterschaften 8er Ball Herren Mitte | Bezirksmeisterschaften 9er Ball Herren Mitte | Kreismeisterschaften 10-Ball Herren Mitte | Kreismeisterschaften 10-Ball Herren Nord | Kreismeisterschaften 8-Ball Herren Mitte | Kreismeisterschaften 8-Ball Herren Nord | Kreismeisterschaften 9-Ball Herren Mitte | Kreismeisterschaften 9-Ball Herren Nord | Ost,52,27,25,52.00,1722,1615,1828,54,26.44,0.56
Aryan Dayyani,,Einzel,BM 8er Ball Herren Mitte | Bezirksmeisterschaften 10er Ball Herren Mitte | Bezirksmeisterschaften 14.1e Herren Mitte | Bezirksmeisterschaften 9er Ball Herren Mitte | Kreismeisterschaften 10-Ball Herren Mitte | Kreismeisterschaften 14.1e Herren Mitte | Kreismeisterschaften 8-Ball Herren Mitte | Kreismeisterschaften 9-Ball Herren Mitte,38,19,19,38.00,1721,1599,1844,63,18.44,0.56
Franz Meschenmoser,PBC Bad Saulgau 2 | PBC Bad Saulgau 3 | PBC Bad Saulgau 4,Bezirksliga | Kreisliga A,Ost 2,88,69,19,88.00,1721,1630,1812,46,68.44,0.56
Herbert Schiele,PBC Langenargen 1,Landesliga,Ost,25,15,10,25.00,1721,1571,1871,77,14.44,0.56
Samuel Schleitzer,P&S Denzlingen 2,Einzel | Landesliga,Bezirksmeisterschaften 8er Ball Herren West | Kreismeisterschaften 10-Ball Herren West | Kreismeisterschaften 8-Ball Herren West | Kreismeisterschaften 9-Ball Herren West | West,28,20,8,28.00,1718,1568,1868,76,19.44,0.56
Benjamin Eiberger,BV Pforzheim 2,Einzel | Landesliga,BM 10er Ball Herren Mitte | BM 8er Ball Herren Mitte | Bezirksmeisterschaften 14.1e Herren Mitte | Bezirksmeisterschaften 8er Ball Herren Mitte | Bezirksmeisterschaften 9er Ball Herren Mitte | Kreismeisterschaften 10-Ball Herren Mitte | Kreismeisterschaften 14.1e Herren Mitte | Kreismeisterschaften 14/1e Herren Mitte | Kreismeisterschaften 8-Ball Herren Mitte | Kreismeisterschaften 9-Ball Herren Mitte | Landesmeisterschaft 8er Ball Herren | West,89,46,43,89.00,1717,1634,1800,42,45.44,0.56
Ronny Frank,BSV Tiengen 2,Einzel | Landesliga,BM 10er Ball Herren West | BM 10er Ball Herren West (Offenburg) 2019-2020 | BM 14/1 Einzel Herren West | BM 9er Ball Herren West | Bezirksmeisterschaften 10er Ball Herren West | Bezirksmeisterschaften 14.1e Herren West | Bezirksmeisterschaften 8er Ball Herren West | Bezirksmeisterschaften 9er Ball Herren West | Kreismeisterschaften 10-Ball Herren West | Kreismeisterschaften 14.1e Herren West | Kreismeisterschaften 8-Ball Herren West | Kreismeisterschaften 9-Ball Herren West | Landesmeisterschaft 9er Ball Herren | West,136,77,59,136.00,1717,1652,1781,33,76.45,0.55
Efendi Cekerek,,Einzel,BM 10er Ball Herren Nord | BM 8er Ball Herren Nord | BM 9er Ball Herren Nord | Bezirksmeisterschaften 10er Ball Senioren 55+ Nord | Bezirksmeisterschaften 10er Ball Senioren Nord | Bezirksmeisterschaften 14.1e Senioren Nord | Bezirksmeisterschaften 8er Ball Senioren 55+Nord | Bezirksmeisterschaften 9er Ball Senioren 55+ Nord | Bezirksmeisterschaften 9er Ball Senioren Nord | Kreismeisterschaften 10-Ball Herren Nord | Kreismeisterschaften 10-Ball Senioren Nord | Kreismeisterschaften 14.1e Herren Nord | Kreismeisterschaften 14.1e Senioren Nord | Kreismeisterschaften 8-Ball Herren Nord | Kreismeisterschaften 8-Ball Senioren 55+ Nord | Kreismeisterschaften 9-Ball Herren Nord | Kreismeisterschaften 9-Ball Senioren Nord | Landesmeisterschaft 10er Ball Senioren 55+,81,43,38,81.00,1714,1631,1797,42,42.45,0.55
Eugen Spähn,PBC Ochsenhausen 1,Bezirksliga | Einzel | Landesliga,BM 14/1 Einzel Senioren Ost | BM 8er Ball Senioren Ost | Bezirksmeisterschaften 8er Ball Senioren Ost | Kreismeisterschaften 8-Ball Senioren Ost | Landesmeisterschaft 8er Ball Senioren | Ost | Ost 2,119,62,57,119.00,1714,1646,1782,35,61.45,0.55
Thomas Teufel,PBC Offenburg 4,Bezirksliga,West 1,2,2,0,2.00,1714,1316,2112,203,1.45,0.55
Andree Säubert,,Einzel,Kreismeisterschaften 10-Ball Herren Nord,6,4,2,6.00,1713,1435,1992,142,3.45,0.55
Dominik Tonn,,Einzel,Bezirksmeisterschaften 10er Ball Herren Mitte | Bezirksmeisterschaften 14.1e Herren Mitte | Bezirksmeisterschaften 8er Ball Herren Mitte | Bezirksmeisterschaften 9er Ball Herren Mitte | Kreismeisterschaften 10-Ball Herren Mitte | Kreismeisterschaften 14.1e Herren Mitte | Kreismeisterschaften 8-Ball Herren Mitte | Kreismeisterschaften 9-Ball Herren Mitte | Landesmeisterschaft 8er Ball Herren,53,28,25,53.00,1713,1610,1816,52,27.45,0.55
Nic Woywodt,PBC Nagoldtal 1,Einzel | Landesliga,Bezirksmeisterschaften 14.1e Herren Mitte | Bezirksmeisterschaften 9er Ball Herren Mitte | Kreismeisterschaften 10-Ball Herren Mitte | Kreismeisterschaften 14.1e Herren Mitte | Kreismeisterschaften 14/1e Herren Mitte | Kreismeisterschaften 8-Ball Herren Mitte | Kreismeisterschaften 9-Ball Herren Mitte | Landesmeisterschaft 14.1e Herren | West,41,22,19,41.00,1710,1594,1826,59,21.46,0.54
David Party,PBC Offenburg 2 | PBC Offenburg 3 | PBC Offenburg 4,Bezirksliga | Einzel | Landesliga,Kreismeisterschaften 8-Ball Herren West | West | West 1,84,57,27,84.00,1709,1622,1797,45,56.46,0.54
Aristidis Michailidis,BSV Filderstadt 2 | BSV Filderstadt 3 | BSV Filderstadt 4,Bezirksliga | Kreisliga A,Ost 1,37,28,9,37.00,1708,1571,1846,70,27.46,0.54
Oliver Kruse,PBC Offenburg 2,Landesliga,West,14,10,4,14.00,1708,1513,1903,99,9.46,0.54
Adhurim Tafa,BSC Göppingen 3,Bezirksliga,Ost 1,16,12,4,16.00,1707,1516,1899,98,11.47,0.53
Benjamin Jung,PBC Freudenstadt 2,Einzel | Landesliga,Kreismeisterschaften 9-Ball Herren West | West,5,3,2,5.00,1707,1412,2002,150,2.47,0.53
Jörg Laupitz,,Einzel,BM 10er Ball Herren Mitte | BM 10er Ball Herren Mitte (Sindelfingen) 2019-2020,7,4,3,7.00,1707,1431,1982,141,3.47,0.53
Rouven Elischer,,Einzel,BM 8er Ball Herren Nord | BM 9er Ball Herren Nord | Bezirksmeisterschaften 14.1e Herren Nord | Kreismeisterschaften 10-Ball Herren Nord | Kreismeisterschaften 8-Ball Herren Nord | Kreismeisterschaften 9-Ball Herren Nord,28,15,13,28.00,1707,1567,1848,72,14.47,0.53
Christian Gremmelspacher,,Einzel,BM 10er Ball Senioren West | BM 10er Ball Senioren West (Sand) 2019-2020 | BM 14/1 Einzel Senioren West | BM 8er Ball Senioren West | BM 9er Ball Senioren West | Bezirksmeisterschaften 10er Ball Herren West | Bezirksmeisterschaften 14.1e Herren West | Bezirksmeisterschaften 8er Ball Herren West | Bezirksmeisterschaften 9er Ball Herren West | Kreismeisterschaften 10-Ball Herren West | Kreismeisterschaften 14.1e Herren West | Kreismeisterschaften 8-Ball Herren West | Kreismeisterschaften 8-Ball Senioren West | Kreismeisterschaften 9-Ball Herren West | Landesmeisterschaft 9er Ball Senioren,74,38,36,74.00,1706,1617,1796,46,37.47,0.53
Marco Seybold,,Einzel,Kreismeisterschaften 8-Ball Herren Mitte | Kreismeisterschaften 9-Ball Herren Mitte,8,5,3,8.00,1705,1460,1950,125,4.47,0.53
Marcus Trumpp,BSV Pfullingen 1 | BSV Pfullingen 2,Bezirksliga | Einzel | Landesliga,BM 10er Ball Herren Ost | BM 10er Ball Herren Ost (Pfullingen) 2019-2020 | BM 14/1 Einzel Herren Ost | Bezirksmeisterschaften 10er Ball Herren Ost | Kreismeisterschaften 10-Ball Herren Ost | Kreismeisterschaften 14.1e Herren Ost | Kreismeisterschaften 9-Ball Herren Ost | Landesmeisterschaft 10er Ball Herren | Ost | Ost 1,88,46,42,88.00,1704,1625,1784,40,45.47,0.53
Uwe Lang,BC Dreiländereck 1 | BC Dreiländereck 2 | PBC Offenburg 2,Einzel | Landesliga,Bezirksmeisterschaften 10er Ball Herren West | Bezirksmeisterschaften 14.1e Herren West | Bezirksmeisterschaften 8er Ball Herren West | Kreismeisterschaften 10-Ball Herren West | Kreismeisterschaften 14.1e Herren West | Kreismeisterschaften 8-Ball Herren West | West,77,44,33,77.00,1704,1615,1793,45,43.47,0.53
Michelangelo Laurano,,Einzel,Kreismeisterschaften 8-Ball Herren Ost,5,3,2,5.00,1701,1418,1984,144,2.48,0.52
Robert Bogdan,TV Cannstatt 3,Bezirksliga | Einzel,Bezirksmeisterschaften 10er Ball Herren Mitte | Kreismeisterschaften 10-Ball Herren Mitte | Kreismeisterschaften 9-Ball Herren Mitte | Ost 1,34,18,16,34.00,1700,1572,1828,65,17.48,0.52
Kevin Adamczyk,,Einzel,BM 9er Ball Herren Mitte | Bezirksmeisterschaften 10er Ball Herren Mitte | Bezirksmeisterschaften 8er Ball Herren Mitte | Bezirksmeisterschaften 9er Ball Herren Mitte | Kreismeisterschaften 10-Ball Herren Mitte | Kreismeisterschaften 14.1e Herren Mitte | Kreismeisterschaften 14/1e Herren Mitte | Kreismeisterschaften 8-Ball Herren Mitte | Kreismeisterschaften 9-Ball Herren Mitte | Landesmeisterschaft 9er Ball Herren,47,22,25,47.00,1696,1589,1804,55,21.49,0.51
Stephan Rech-Linker,BC Sindelfingen 4,Einzel | Landesliga,BM 10er Ball Herren Mitte | BM 14/1 Einzel Herren Mitte | BM 8er Ball Herren Mitte | BM 9er Ball Herren Mitte | Bezirksmeisterschaften 10er Ball Herren Mitte | Bezirksmeisterschaften 14.1e Herren Mitte | Bezirksmeisterschaften 8er Ball Herren Mitte | Bezirksmeisterschaften 9er Ball Herren Mitte | Kreismeisterschaften 10-Ball Herren Mitte | Kreismeisterschaften 14.1e Herren Mitte | Kreismeisterschaften 14/1e Herren Mitte | Kreismeisterschaften 8-Ball Herren Mitte | Kreismeisterschaften 9-Ball Herren Mitte | Landesmeisterschaft 8er Ball Herren | West,71,33,38,71.00,1696,1606,1787,46,32.49,0.51
David Galwas,PBC Freudenstadt 1,Einzel | Landesliga,BM 10er Ball Herren West (Offenburg) 2019-2020 | BM 14/1 Einzel Herren West | BM 8er Ball Herren West | Bezirksmeisterschaften 10er Ball Herren West | Bezirksmeisterschaften 14.1e Herren West | Bezirksmeisterschaften 8er Ball Herren West | Bezirksmeisterschaften 9er Ball Herren West | Kreismeisterschaften 10-Ball Herren West | Kreismeisterschaften 14.1e Herren West | Kreismeisterschaften 8-Ball Herren West | Kreismeisterschaften 9-Ball Herren West | Landesmeisterschaft 8er Ball Herren | Landesmeisterschaft 9er Ball Herren | West,83,41,42,83.00,1695,1613,1776,42,40.49,0.51
Rolf Waible,,Einzel,BM 10er Ball Senioren Nord | BM 10er Ball Senioren Nord (PBC Waghäusel) 2019-2020 | BM 14/1 Einzel Senioren Nord | BM 8er Ball Senioren Nord | BM 9er Ball Senioren Nord | Bezirksmeisterschaften 10er Ball Senioren Nord | Bezirksmeisterschaften 8er Ball Senioren 55+Nord | Bezirksmeisterschaften 8er Ball Senioren Nord | Bezirksmeisterschaften 9er Ball Senioren 55+ Nord | Kreismeisterschaften 10-Ball Senioren Nord | Kreismeisterschaften 14.1e Senioren Nord | Kreismeisterschaften 14/1e Senioren 55+ Nord | Kreismeisterschaften 8-Ball Senioren 55+ Nord | Kreismeisterschaften 8-Ball Senioren Nord | Landesmeisterschaft 10er Ball Senioren | Landesmeisterschaft 14.1e Senioren,77,41,36,77.00,1693,1605,1781,45,40.50,0.50
Markus Appenowitz,BSV Filderstadt 1 | BSV Filderstadt 2 | BSV Filderstadt 3,Bezirksliga | Einzel | Landesliga,BM 10er Ball Herren Ost (Pfullingen) 2019-2020 | Bezirksmeisterschaften 8er Ball Herren Ost | Kreismeisterschaften 8-Ball Herren Ost | Landesmeisterschaft 10er Ball Herren | Ost | Ost 1,80,48,32,80.00,1691,1605,1776,44,47.50,0.50
Volker Gutzeit,BBC Plochingen 1 | BBC Plochingen 2,Bezirksliga | Landesliga,Ost | Ost 1,80,55,25,80.00,1690,1600,1781,46,54.50,0.50
Andreas Witzigmann,PBC Langenargen 1 | PBC Langenargen 2,Bezirksliga | Einzel | Kreisliga A | Landesliga,BM 9er Ball Herren Ost | Bezirksmeisterschaften 9er Ball Herren Ost | Kreismeisterschaften 8-Ball Herren Ost | Kreismeisterschaften 9-Ball Herren Ost | Ost | Ost 2,118,75,43,118.00,1687,1615,1760,37,74.51,0.49
Bruno Miletic,BC Dreiländereck 1,Bezirksliga | Einzel | Landesliga,BM 10er Ball Herren West | Bezirksmeisterschaften 10er Ball Herren West | Bezirksmeisterschaften 8er Ball Herren West | Bezirksmeisterschaften 9er Ball Herren West | Kreismeisterschaften 10-Ball Herren West | Kreismeisterschaften 14.1e Herren West | Kreismeisterschaften 8-Ball Herren West | Kreismeisterschaften 9-Ball Herren West | West | West 1,111,68,43,111.00,1687,1611,1764,39,67.51,0.49
Thomas Doussos,,Einzel,Landesmeisterschaft 14.1e Senioren | Landesmeisterschaft 8er Ball Senioren | Landesmeisterschaft 9er Ball Senioren,8,2,6,8.00,1687,1409,1964,142,1.51,0.49
Florian Staud,,Einzel,BM 10er Ball Herren Mitte | BM 8er Ball Herren Mitte | Kreismeisterschaften 10-Ball Herren Mitte | Kreismeisterschaften 8-Ball Herren Mitte | Kreismeisterschaften 9-Ball Herren Mitte,19,9,10,19.00,1686,1512,1861,89,8.51,0.49
Markus König,BSV Filderstadt 2 | PBC Bad Saulgau 2,Bezirksliga | Einzel,Bezirksmeisterschaften 8er Ball Herren Ost | Bezirksmeisterschaften 9er Ball Herren Ost | Kreismeisterschaften 10-Ball Herren Ost | Kreismeisterschaften 8-Ball Herren Ost | Kreismeisterschaften 9-Ball Herren Ost | Landesmeisterschaft 8er Ball Herren | Ost 1 | Ost 2,59,34,25,59.00,1686,1586,1787,51,33.51,0.49
Xhemajil Ibrahimi,,Einzel,Bezirksmeisterschaften 10er Ball Herren Mitte | Bezirksmeisterschaften 14.1e Herren Mitte | Bezirksmeisterschaften 8er Ball Herren Mitte | Kreismeisterschaften 10-Ball Herren Mitte | Kreismeisterschaften 14/1e Herren Mitte | Kreismeisterschaften 8-Ball Herren Mitte | Kreismeisterschaften 9-Ball Herren Mitte | Landesmeisterschaft 14.1e Herren | Landesmeisterschaft 8er Ball Herren,37,18,19,37.00,1686,1565,1807,62,17.51,0.49
Rainer Schönfeld,PBC Reutlingen 1,Landesliga,West,1,1,0,1.00,1685,1257,2114,219,0.51,0.49
Roland Wacker,PBC Reutlingen 2 | PBC Reutlingen 3 | Tübinger BC 1,Bezirksliga | Kreisliga A | Landesliga,Ost 1 | West,66,52,14,66.00,1685,1577,1792,55,51.51,0.49
Sebastian Scherbinin,PBC Freudenstadt 2 | PBC Freudenstadt 3,Einzel | Landesliga,Bezirksmeisterschaften 10er Ball Herren West | Bezirksmeisterschaften 14.1e Herren West | Bezirksmeisterschaften 8er Ball Herren West | Bezirksmeisterschaften 9er Ball Herren West | Kreismeisterschaften 10-Ball Herren West | Kreismeisterschaften 14.1e Herren West | Kreismeisterschaften 8-Ball Herren West | Kreismeisterschaften 9-Ball Herren West | West,73,40,33,73.00,1685,1596,1773,45,39.51,0.49
Birger Tesnau,,Einzel,BM 10er Ball Senioren Mitte | Bezirksmeisterschaften 10er Ball Senioren Mitte | Bezirksmeisterschaften 14.1e Senioren Mitte | Kreismeisterschaften 10-Ball Senioren Mitte | Kreismeisterschaften 14.1e Senioren Mitte | Kreismeisterschaften 8-Ball Senioren Mitte | Kreismeisterschaften 9-Ball Senioren 45+ Mitte | Kreismeisterschaften 9-Ball Senioren Mitte | Landesmeisterschaft 10er Ball Senioren,56,33,23,56.00,1684,1581,1787,53,32.51,0.49
Daniel Schmid,BC Bad Schussenried 1 | BC Bad Schussenried 2 | BC Bad Schussenried 3,Bezirksliga | Einzel | Kreisliga A | Landesliga,BM 9er Ball Herren Ost | Bezirksmeisterschaften 14.1e Herren Ost | Bezirksmeisterschaften 8er Ball Senioren 45+Ost | Bezirksmeisterschaften 9er Ball Herren Ost | Kreismeisterschaften 10-Ball Herren Ost | Kreismeisterschaften 8-Ball Herren Ost | Kreismeisterschaften 9-Ball Herren Ost | Ost | Ost 2,105,61,44,105.00,1684,1611,1758,38,60.51,0.49
Ralf Kempermann,,Einzel,BM 14/1 Einzel Senioren Nord | BM 8er Ball Senioren Nord | BM 9er Ball Senioren Nord | Bezirksmeisterschaften 10er Ball Senioren Nord | Bezirksmeisterschaften 14.1e Senioren Nord | Bezirksmeisterschaften 8er Ball Senioren Nord | Bezirksmeisterschaften 9er Ball Senioren Nord | Kreismeisterschaften 10-Ball Senioren Nord | Kreismeisterschaften 14.1e Senioren Nord | Kreismeisterschaften 8-Ball Senioren Nord | Kreismeisterschaften 9-Ball Senioren Nord | Landesmeisterschaft 14.1e Senioren | Landesmeisterschaft 8er Ball Senioren,69,35,34,69.00,1684,1594,1775,46,34.51,0.49
Andreas Müller,,Einzel,BM 8er Ball Senioren Mitte | Bezirksmeisterschaften 10er Ball Senioren 55+ Mitte | Bezirksmeisterschaften 8er Ball Senioren 55+Mitte | Bezirksmeisterschaften 8er Ball Senioren Mitte | Bezirksmeisterschaften 9er Ball Senioren 55+ Mitte | Bezirksmeisterschaften 9er Ball Senioren Mitte | Kreismeisterschaften 10-Ball Senioren 55+ Mitte | Kreismeisterschaften 8-Ball Senioren 55+ Mitte | Kreismeisterschaften 8-Ball Senioren Mitte | Kreismeisterschaften 9-Ball Senioren 55+ Mitte | Kreismeisterschaften 9-Ball Senioren Mitte | Landesmeisterschaft 9er Ball Senioren 55+,65,37,28,65.00,1683,1589,1778,48,36.52,0.48
Sven Gehrisch,,Einzel,BM 9er Ball Senioren Nord | Kreismeisterschaften 9-Ball Senioren Nord,9,5,4,9.00,1682,1466,1898,110,4.52,0.48
Anh Tran,,Einzel,Kreismeisterschaften 9-Ball Herren Mitte,5,3,2,5.00,1681,1397,1965,145,2.52,0.48
Jürgen Häffner,,Einzel,Bezirksmeisterschaften 9er Ball Senioren 55+ Nord,4,2,2,4.00,1681,1377,1984,155,1.52,0.48
Nick Neubacher,,Einzel,Bezirksmeisterschaften 14.1e Herren Nord | Bezirksmeisterschaften 8er Ball Herren Nord | Bezirksmeisterschaften 9er Ball Herren Nord | Kreismeisterschaften 14.1e Herren Nord | Kreismeisterschaften 8-Ball Herren Nord | Kreismeisterschaften 9-Ball Herren Nord,23,10,13,23.00,1681,1516,1847,84,9.52,0.48
Tien Dat Ngo,BC Weingarten 1 | BC Weingarten 2,Bezirksliga | Kreisliga A,Ost 2,21,14,7,21.00,1680,1519,1840,82,13.52,0.48
Konrad Bau,Tübinger BC 1,Bezirksliga | Einzel | Landesliga,BM 10er Ball Herren Ost | Bezirksmeisterschaften 10er Ball Herren Ost | Kreismeisterschaften 10-Ball Herren Ost | Landesmeisterschaft 10er Ball Herren | Ost | Ost 1 | West,103,64,39,103.00,1679,1603,1755,39,63.53,0.47
Miodrag Adrian Caravila,BSV Pfullingen 2 | PBC Reutlingen 2,Bezirksliga | Einzel | Landesliga,Bezirksmeisterschaften 10er Ball Herren Ost | Bezirksmeisterschaften 8er Ball Herren Ost | Bezirksmeisterschaften 9er Ball Herren Ost | Kreismeisterschaften 10-Ball Herren Ost | Kreismeisterschaften 8-Ball Herren Ost | Kreismeisterschaften 9-Ball Herren Ost | Ost | Ost 1 | West,116,62,54,116.00,1677,1607,1747,36,61.53,0.47
Kurt Kempf,PBC Offenburg 2 | PBC Offenburg 3 | PBC Offenburg 4 | PBC Offenburg 6,Bezirksliga | Landesliga,West | West 1,77,55,22,77.00,1676,1584,1767,47,54.53,0.47
Oliver Schwertschlager,BC Stuttgart 1891 2,Einzel | Landesliga,Bezirksmeisterschaften 14.1e Senioren 55+ Mitte | Bezirksmeisterschaften 14.1e Senioren Mitte | Kreismeisterschaften 14.1e Senioren Mitte | Kreismeisterschaften 14/1e Senioren 55+ Mitte | Kreismeisterschaften 8-Ball Senioren 55+ Mitte | Kreismeisterschaften 8-Ball Senioren Mitte | Kreismeisterschaften 9-Ball Senioren Mitte | Ost,28,15,13,28.00,1676,1539,1812,70,14.53,0.47
Silvestar Smokovic,BSC Göppingen 1 | BSC Göppingen 2,Bezirksliga | Landesliga,Ost | Ost 1,79,47,32,79.00,1675,1589,1762,44,46.53,0.47
Florian Brugger,PBC Bräunlingen 2,Bezirksliga | Einzel | Landesliga,BM 14/1 Einzel Herren West | Landesmeisterschaft 14.1e Herren | West | West 2,15,8,7,15.00,1674,1466,1883,106,7.54,0.46
Lothar Enzenhöfer,BC Bad Schussenried 2,Einzel | Landesliga,Bezirksmeisterschaften 10er Ball Senioren 55+ Ost | Bezirksmeisterschaften 14.1e Senioren 55+ Ost | Bezirksmeisterschaften 8er Ball Senioren 55+Ost | Bezirksmeisterschaften 9er Ball Senioren 55+ Ost | Kreismeisterschaften 8-Ball Senioren 55+ Ost | Landesmeisterschaft 8er Ball Senioren 55+ | Ost,46,24,22,46.00,1674,1565,1784,56,23.54,0.46
Victor Rodriguez,BV Markdorf 1,Einzel | Landesliga,Bezirksmeisterschaften 10er Ball Herren Ost | Kreismeisterschaften 10-Ball Herren Ost | Kreismeisterschaften 8-Ball Herren Ost | Kreismeisterschaften 9-Ball Herren Ost | Ost,34,16,18,34.00,1672,1548,1796,63,15.54,0.46
Svenja Schwarzkopf,BV Villingen-Schwenningen 1 | BV Villingen-Schwenningen 2,Bezirksliga | Einzel | Landesliga,BM 10er Ball Damen West und Nord | BM 9er Ball Damen Nord- West | Bezirksmeisterschaften 10er Ball Damen West | Bezirksmeisterschaften 14.1e Damen West | Bezirksmeisterschaften 8er Ball Damen West | Landesmeisterschaft 10er Ball Damen | Landesmeisterschaft 14.1e Damen | Landesmeisterschaft 8er Ball Damen | Landesmeisterschaft 9er Ball Damen | West | West 1 | West 2,136,81,55,136.00,1671,1601,1741,35,80.54,0.46
Valentin Marten,,Einzel,BM 9er Ball Herren Nord | Bezirksmeisterschaften 9er Ball Herren Nord | Kreismeisterschaften 9-Ball Herren Nord | Landesmeisterschaft 9er Ball Herren,13,5,8,13.00,1670,1465,1876,105,4.55,0.45
Marco Sforza,,Einzel,Bezirksmeisterschaften 10er Ball Senioren Mitte | Bezirksmeisterschaften 8er Ball Senioren Mitte | Kreismeisterschaften 10-Ball Senioren Mitte | Kreismeisterschaften 8-Ball Senioren Mitte,22,13,9,22.00,1669,1512,1826,80,12.55,0.45
Mathias Hornbach,P&S Denzlingen 1,Landesliga,West,26,14,12,26.00,1669,1522,1816,75,13.55,0.45
Abdullah Yesil,,Einzel,Bezirksmeisterschaften 10er Ball Senioren Nord | Bezirksmeisterschaften 8er Ball Senioren Nord | Bezirksmeisterschaften 9er Ball Senioren Nord | Kreismeisterschaften 10-Ball Senioren Nord | Kreismeisterschaften 8-Ball Senioren Nord | Kreismeisterschaften 9-Ball Senioren Nord,31,16,15,31.00,1668,1536,1800,67,15.55,0.45
Hakan Toprak,Tübinger BC 1 | Tübinger BC 2,Bezirksliga | Einzel | Kreisliga A,BM 10er Ball Herren Ost | BM 14/1 Einzel Herren Ost | Bezirksmeisterschaften 14.1e Herren Ost | Bezirksmeisterschaften 8er Ball Herren Ost | Kreismeisterschaften 10-Ball Herren Ost | Kreismeisterschaften 14.1e Herren Ost | Kreismeisterschaften 8-Ball Herren Ost | Kreismeisterschaften 9-Ball Herren Ost | Ost 1,79,47,32,79.00,1668,1580,1756,45,46.55,0.45
Sebastian Bartsch,PBC Langenargen 1 | PBC Langenargen 2,Bezirksliga | Landesliga,Ost | Ost 2,54,29,25,54.00,1668,1568,1767,51,28.55,0.45
Kian Sohns,,Einzel,Bezirksmeisterschaften 10er Ball Herren Mitte | Bezirksmeisterschaften 14.1e Herren Mitte | Bezirksmeisterschaften 8er Ball Herren Mitte | Bezirksmeisterschaften 9er Ball Herren Mitte | Kreismeisterschaften 10-Ball Herren Mitte | Kreismeisterschaften 14.1e Herren Mitte | Kreismeisterschaften 8-Ball Herren Mitte | Kreismeisterschaften 9-Ball Herren Mitte | Landesmeisterschaft 9er Ball Herren,41,22,19,41.00,1667,1545,1789,62,21.55,0.45
Mark Simon,,Einzel,Kreismeisterschaften 10-Ball Senioren Mitte | Kreismeisterschaften 14.1e Senioren Mitte,12,7,5,12.00,1667,1461,1873,105,6.55,0.45
Eberhard Sauter,PBC Freudenstadt 1 | PBC Freudenstadt 2 | PBC Freudenstadt 3,Bezirksliga | Einzel | Landesliga,BM 10er Ball Senioren West | BM 10er Ball Senioren West (Sand) 2019-2020 | BM 14/1 Einzel Senioren West | BM 8er Ball Senioren West | BM 9er Ball Senioren West | Bezirksmeisterschaften 10er Ball Senioren 55+ West | Bezirksmeisterschaften 10er Ball Senioren West | Bezirksmeisterschaften 14.1e Senioren West | Bezirksmeisterschaften 8er Ball Senioren 55+West | Bezirksmeisterschaften 8er Ball Senioren West | Bezirksmeisterschaften 9er Ball Senioren 55+ West | Bezirksmeisterschaften 9er Ball Senioren West | Kreismeisterschaften 10-Ball Senioren West | Kreismeisterschaften 8-Ball Senioren West | Kreismeisterschaften 9-Ball Senioren West | Landesmeisterschaft 10er Ball Senioren | Landesmeisterschaft 10er Ball Senioren 55+ | Landesmeisterschaft 14.1e Senioren | Landesmeisterschaft 8er Ball Senioren 55+ | West | West 1,157,79,78,157.00,1666,1603,1728,32,78.56,0.44
Marouen Marzouki,BC Stuttgart 1891 6,Kreisliga A,Ost 1,2,2,0,2.00,1666,1267,2065,203,1.56,0.44
Max Miedzianowski,BC Stuttgart 1891 7,Kreisliga A,Ost 1,2,2,0,2.00,1666,1267,2065,203,1.56,0.44
Christian Späthe,PBC Langenargen 1 | PBC Langenargen 2 | PBC Langenargen 3,Bezirksliga | Einzel | Kreisliga A | Landesliga,Bezirksmeisterschaften 9er Ball Herren Ost | Kreismeisterschaften 10-Ball Herren Ost | Kreismeisterschaften 8-Ball Herren Ost | Kreismeisterschaften 9-Ball Herren Ost | Ost | Ost 2,97,60,37,97.00,1664,1585,1742,40,59.56,0.44
Kristijan Skokic,BULL Leonberg-Höfingen 2,Bezirksliga,Ost 1,2,2,0,2.00,1664,1270,2059,201,1.56,0.44
Michael Heneka,,Einzel,BM 8er Ball Senioren Nord | BM 9er Ball Senioren Nord | Bezirksmeisterschaften 10er Ball Senioren 45+ Nord | Bezirksmeisterschaften 10er Ball Senioren Nord | Bezirksmeisterschaften 8er Ball Senioren 45+Nord | Bezirksmeisterschaften 8er Ball Senioren Nord | Bezirksmeisterschaften 9er Ball Senioren 45+ Nord | Bezirksmeisterschaften 9er Ball Senioren Nord | Kreismeisterschaften 10-Ball Senioren Nord | Kreismeisterschaften 8-Ball Senioren Nord | Landesmeisterschaft 10er Ball Senioren 45+ | Landesmeisterschaft 9er Ball Senioren,57,26,31,57.00,1664,1566,1762,50,25.56,0.44
Simon Schaal,BC Weingarten 1,Bezirksliga | Landesliga,Ost | Ost 2,31,17,14,31.00,1664,1532,1795,67,16.56,0.44
Joshua Armbruster,PBC Freudenstadt 2,Bezirksliga | Einzel | Landesliga,BM 14/1 Einzel Herren West | BM 8er Ball Herren West | Bezirksmeisterschaften 10er Ball Herren West | Bezirksmeisterschaften 14.1e Herren West | Bezirksmeisterschaften 9er Ball Herren West | Kreismeisterschaften 10-Ball Herren West | Kreismeisterschaften 14.1e Herren West | Kreismeisterschaften 8-Ball Herren West | Kreismeisterschaften 9-Ball Herren West | Landesmeisterschaft 10er Ball Herren | Landesmeisterschaft 8er Ball Herren | Landesmeisterschaft 9er Ball Herren | West | West 1,121,64,57,121.00,1663,1593,1733,36,63.56,0.44
Sascha Werle,PBC Rastatt 2,Bezirksliga,West 1,2,2,0,2.00,1662,1268,2056,201,1.56,0.44
Cong Phan Tran,,Einzel,Bezirksmeisterschaften 9er Ball Herren Ost | Kreismeisterschaften 9-Ball Herren Ost,8,4,4,8.00,1661,1421,1901,123,3.57,0.43
Bülent Güler,,Einzel,Bezirksmeisterschaften 14.1e Herren Nord | Bezirksmeisterschaften 9er Ball Senioren Nord | Kreismeisterschaften 14.1e Herren Nord | Kreismeisterschaften 9-Ball Herren Nord | Kreismeisterschaften 9-Ball Senioren Nord,21,11,10,21.00,1660,1496,1824,84,10.57,0.43
Markus Graml,PBC Langenargen 1 | PBC Langenargen 2,Bezirksliga | Landesliga,Ost | Ost 2,23,12,11,23.00,1660,1499,1821,82,11.57,0.43
Matthias Orth,BC Dreiländereck 2,Landesliga,West,18,9,9,18.00,1660,1492,1828,86,8.57,0.43
Patrik Meyer,PBC Offenburg 2,Landesliga,West,2,1,1,2.00,1660,1268,2053,200,0.57,0.43
Alexander Baur,PBC Bad Saulgau 2 | PBC Bad Saulgau 4,Bezirksliga | Kreisliga A,Ost 2,55,38,17,55.00,1659,1555,1762,53,37.57,0.43
Giovanni Genovese,,Einzel,Bezirksmeisterschaften 8er Ball Herren Nord | Kreismeisterschaften 8-Ball Herren Nord,14,7,7,14.00,1657,1464,1850,98,6.58,0.42
Jannik Buchstab,,Einzel,Kreismeisterschaften 10-Ball Herren Mitte | Kreismeisterschaften 9-Ball Herren Mitte,11,7,4,11.00,1656,1444,1869,108,6.58,0.42
Yao Wang,BC Stuttgart 1891 5,Kreisliga A,Ost 2,2,2,0,2.00,1656,1261,2051,201,1.58,0.42
Maxim Buchstab,,Einzel,Kreismeisterschaften 10-Ball Herren Mitte | LJM 2023 m-u23 8-Ball | LJM 2023 m-u23 9-Ball | Landesjugendmeisterschaft mU22 10 Ball | Landesjugendmeisterschaft mU22 9 Ball | Landesjugendmeisterschaft u14-u22 10-Ball | Landesjugendmeisterschaft u14-u22 14/1e | Landesjugendmeisterschaft u14-u22 8-Ball | Landesjugendmeisterschaft u14-u22 9-Ball,39,20,19,39.00,1655,1512,1798,73,19.58,0.42
Rainer Hops,BV Markdorf 2 | BV Markdorf 3 | PBC Bad Saulgau 2,Bezirksliga | Einzel | Kreisliga A,Bezirksmeisterschaften 14.1e Senioren 45+ Ost | Bezirksmeisterschaften 8er Ball Senioren 45+Ost | Ost 2,111,67,44,111.00,1655,1583,1727,37,66.58,0.42
Asim Ramakic,BULL Leonberg-Höfingen 1,Einzel | Landesliga,Bezirksmeisterschaften 10er Ball Herren Mitte | Bezirksmeisterschaften 9er Ball Herren Mitte | Kreismeisterschaften 10-Ball Herren Mitte | Kreismeisterschaften 9-Ball Herren Mitte | Ost,17,8,9,17.00,1653,1479,1828,89,7.58,0.42
Kevin Albert,BSV Tiengen 3,Bezirksliga | Einzel | Landesliga,Bezirksmeisterschaften 9er Ball Herren West | Kreismeisterschaften 10-Ball Herren West | Kreismeisterschaften 14.1e Herren West | Kreismeisterschaften 9-Ball Herren West | Landesmeisterschaft 9er Ball Herren | West | West 1,70,44,26,70.00,1652,1557,1747,49,43.59,0.41
Ralf Ganz,,Einzel,Kreismeisterschaften 10-Ball Senioren Nord,7,4,3,7.00,1652,1410,1894,123,3.59,0.41
Fabian Müller,BV Markdorf 1,Einzel | Landesliga,BM 14/1 Einzel Herren Ost | Ost,25,11,14,25.00,1651,1499,1802,77,10.59,0.41
Hayrettin Kurtoglu,,Einzel,BM 9er Ball Herren Mitte | Kreismeisterschaften 9-Ball Herren Mitte,8,3,5,8.00,1651,1404,1898,126,2.59,0.41
Andreas Einsiedler,PBC Langenargen 1 | PBC Langenargen 2,Bezirksliga | Einzel | Landesliga,BM 10er Ball Herren Ost (Pfullingen) 2019-2020 | BM 9er Ball Herren Ost | Kreismeisterschaften 8-Ball Herren Ost | Kreismeisterschaften 9-Ball Herren Ost | Ost | Ost 2,79,39,40,79.00,1649,1567,1731,42,38.60,0.40
Bernd Dorenburg,BSV Pfullingen 1 | BSV Pfullingen 2 | BSV Pfullingen 3 | BSV Pfullingen 4 | BSV Pfullingen 5,Bezirksliga | Einzel | Kreisliga A | Landesliga,Kreismeisterschaften 10-Ball Herren Ost | Kreismeisterschaften 14.1e Herren Ost | Ost | Ost 1,47,30,17,47.00,1649,1530,1767,61,29.60,0.40
Thorsten Kappus,BSV Pfullingen 1 | BSV Pfullingen 2,Einzel | Landesliga,Bezirksmeisterschaften 10er Ball Herren Ost | Bezirksmeisterschaften 8er Ball Herren Ost | Kreismeisterschaften 10-Ball Herren Ost | Kreismeisterschaften 8-Ball Herren Ost | Kreismeisterschaften 9-Ball Herren Ost | Landesmeisterschaft 10er Ball Herren | Ost | West,69,33,36,69.00,1649,1561,1736,45,32.60,0.40
Saeid Heydarpour,,Einzel,BM 10er Ball Senioren Mitte | BM 9er Ball Senioren Mitte | Bezirksmeisterschaften 10er Ball Senioren 55+ Mitte | Bezirksmeisterschaften 10er Ball Senioren Mitte | Bezirksmeisterschaften 14.1e Senioren 55+ Mitte | Bezirksmeisterschaften 8er Ball Senioren 55+Mitte | Bezirksmeisterschaften 9er Ball Senioren 55+ Mitte | Kreismeisterschaften 10-Ball Senioren 55+ Mitte | Kreismeisterschaften 10-Ball Senioren Mitte | Kreismeisterschaften 14/1e Senioren 55+ Mitte | Kreismeisterschaften 8-Ball Senioren 55+ Mitte | Kreismeisterschaften 8-Ball Senioren Mitte | Kreismeisterschaften 9-Ball Senioren 55+ Mitte | Kreismeisterschaften 9-Ball Senioren Mitte | Landesmeisterschaft 10er Ball Senioren | Landesmeisterschaft 10er Ball Senioren 55+ | Landesmeisterschaft 9er Ball Senioren,82,42,40,82.00,1648,1562,1733,44,41.60,0.40
Andreas Wittmeier,BV Pforzheim 2,Einzel | Landesliga,BM 10er Ball Senioren Mitte | BM 14/1 Einzel Senioren Mitte | Bezirksmeisterschaften 10er Ball Senioren Mitte | Bezirksmeisterschaften 8er Ball Senioren Mitte | Bezirksmeisterschaften 9er Ball Senioren Mitte | Kreismeisterschaften 10-Ball Senioren Mitte | Kreismeisterschaften 14.1e Senioren Mitte | Kreismeisterschaften 8-Ball Senioren Mitte | Kreismeisterschaften 9-Ball Senioren Mitte | Landesmeisterschaft 10er Ball Senioren | Landesmeisterschaft 14.1e Senioren | West,66,34,32,66.00,1647,1551,1743,49,33.60,0.40
Matthias Pujic,,Einzel,BM 14/1 Einzel Herren Nord | Kreismeisterschaften 10-Ball Herren Nord | Kreismeisterschaften 14.1e Herren Nord | Kreismeisterschaften 8-Ball Herren Nord,15,7,8,15.00,1647,1458,1835,96,6.60,0.40
Gerold Konnerth,BSC Göppingen 2,Bezirksliga,Ost 1,15,11,4,15.00,1646,1449,1844,101,10.60,0.40
Maximilian Jentsch,PBC Aalen 2,Einzel | Kreisliga A,Kreismeisterschaften 10-Ball Herren Mitte | Ost 2,5,3,2,5.00,1646,1353,1938,149,2.60,0.40
Orhan Cetin,BSV Pfullingen 1 | BSV Pfullingen 2,Bezirksliga | Landesliga,Ost | Ost 1 | West,71,40,31,71.00,1646,1558,1735,45,39.60,0.40
Daniel Jarke,,Einzel,BM 10er Ball Herren Nord (Kurpfalz) 2019-2020,4,2,2,4.00,1644,1304,1985,174,1.61,0.39
Hendrik Snijder,,Einzel,Kreismeisterschaften 9-Ball Senioren Nord,5,3,2,5.00,1644,1366,1921,142,2.61,0.39
Markus Wörner,,Einzel,BM 10er Ball Senioren Nord | BM 8er Ball Senioren Nord | BM 9er Ball Senioren Nord | Bezirksmeisterschaften 10er Ball Senioren 55+ Nord | Bezirksmeisterschaften 8er Ball Senioren 55+Nord | Bezirksmeisterschaften 8er Ball Senioren Nord | Bezirksmeisterschaften 9er Ball Senioren 55+ Nord | Kreismeisterschaften 10-Ball Senioren Nord | Kreismeisterschaften 8-Ball Senioren 55+ Nord | Kreismeisterschaften 8-Ball Senioren Nord | Kreismeisterschaften 9-Ball Senioren Nord | Landesmeisterschaft 8er Ball Senioren,66,33,33,66.00,1644,1552,1736,47,32.61,0.39
Silke Brand,BC Stuttgart 1891 4,Bezirksliga | Einzel,Bezirksmeisterschaften 10er Ball Ladies Nord Mitte West | Bezirksmeisterschaften 14.1e Ladies NM | Bezirksmeisterschaften 14.1e Ladies Nord Mitte West | Bezirksmeisterschaften 8er Ball Ladies Nord-Mitte-West | Bezirksmeisterschaften 9er Ball Ladies Nord-Mitte-West | Landesmeisterschaft 10er Ball Ladies | Landesmeisterschaft 14.1e Ladies | Landesmeisterschaft 8er Ball Ladies | Landesmeisterschaft 9er Ball Ladies | Landesmeisterschaft 9er Ball Ladies 1 | Ost 2,76,45,31,76.00,1644,1539,1749,54,44.61,0.39
Thomas Sommer,,Einzel,BM 8er Ball Senioren Nord | Bezirksmeisterschaften 10er Ball Senioren Nord | Bezirksmeisterschaften 8er Ball Senioren Nord | Kreismeisterschaften 10-Ball Senioren Nord | Kreismeisterschaften 8-Ball Senioren Nord | Landesmeisterschaft 8er Ball Senioren,21,10,11,21.00,1644,1487,1800,80,9.61,0.39
Gerhard Gryschka,BV Pforzheim 3,Bezirksliga | Einzel,Bezirksmeisterschaften 10er Ball Senioren 45+ Mitte | Bezirksmeisterschaften 14.1e Senioren 45+ Mitte | Bezirksmeisterschaften 9er Ball Senioren 45+ Mitte | Kreismeisterschaften 10-Ball Senioren Mitte | Kreismeisterschaften 8-Ball Senioren Mitte | Kreismeisterschaften 9-Ball Senioren 45+ Mitte | Kreismeisterschaften 9-Ball Senioren Mitte | West 1,37,22,15,37.00,1642,1509,1775,68,21.61,0.39
Sven Dastig,PBC Bietigheim-Bissingen 1,Bezirksliga,Ost 1,2,2,0,2.00,1642,1238,2047,206,1.61,0.39
Achim Schmittel,,Einzel,Kreismeisterschaften 8-Ball Herren Nord,4,2,2,4.00,1641,1348,1934,149,1.62,0.38
Jochen Fiedler,,Einzel,Bezirksmeisterschaften 14.1e Herren Nord | Kreismeisterschaften 10-Ball Herren Nord | Kreismeisterschaften 14.1e Herren Nord,13,7,6,13.00,1641,1433,1849,106,6.62,0.38
Luciano Abruzzese,BV Markdorf 2 | BV Markdorf 3,Bezirksliga | Kreisliga A,Ost 2,101,65,36,101.00,1641,1563,1719,40,64.62,0.38
Thomas Zaltenbach,BSC Lions Bietigheim 2,Kreisliga A,West 1,2,2,0,2.00,1641,1244,2038,202,1.62,0.38
Eric Sorg,BSV Shooters Fellbach 1,Bezirksliga | Einzel,Kreismeisterschaften 10-Ball Herren Mitte | Landesmeisterschaft 9er Ball Herren | Ost 2,8,4,4,8.00,1640,1400,1879,122,3.62,0.38
Patrick Bolduan,BC Weingarten 1,Bezirksliga | Kreisliga A | Landesliga,Ost | Ost 2,64,33,31,64.00,1640,1546,1733,48,32.62,0.38
Timur Susuz,BC Aalen 3,Einzel | Landesliga,Bezirksmeisterschaften 9er Ball Senioren Mitte | Kreismeisterschaften 9-Ball Herren Mitte | Kreismeisterschaften 9-Ball Senioren Mitte | Ost,24,12,12,24.00,1640,1490,1791,77,11.62,0.38
Kadir Özturgut,BC Bad Schussenried 1 | BC Bad Schussenried 2 | BC Bad Schussenried 3,Bezirksliga | Einzel | Kreisliga A | Landesliga,Kreismeisterschaften 8-Ball Senioren Ost | Ost | Ost 2,56,34,22,56.00,1639,1538,1741,52,33.62,0.38
Mete Mutlu,,Einzel,Bezirksmeisterschaften 10er Ball Herren Mitte | Kreismeisterschaften 10-Ball Herren Mitte | Kreismeisterschaften 14/1e Herren Mitte | Kreismeisterschaften 8-Ball Herren Mitte | Kreismeisterschaften 9-Ball Herren Mitte,20,11,9,20.00,1639,1479,1799,82,10.62,0.38
Dieter Haberkorn,PBC Bad Saulgau 3,Kreisliga A,Ost 2,25,18,7,25.00,1638,1476,1801,83,17.62,0.38
Daniel Montfort,P&S Denzlingen 2 | P&S Denzlingen 3,Landesliga,West,4,3,1,4.00,1637,1336,1939,154,2.62,0.38
Nikolaus Gündel,P&S Denzlingen 1 | P&S Denzlingen 2,Landesliga,West,26,14,12,26.00,1637,1497,1777,71,13.63,0.37
Stephan Moser,BV Villingen-Schwenningen 2,Bezirksliga | Einzel,Kreismeisterschaften 10-Ball Herren West | West 1,7,4,3,7.00,1637,1398,1877,122,3.62,0.38
Dennis Rothaug,BV Villingen-Schwenningen 1 | BV Villingen-Schwenningen 2,Bezirksliga | Landesliga,West | West 1,18,14,4,18.00,1636,1420,1851,110,13.63,0.37
Frank Weiß,BBC Plochingen 1,Bezirksliga,Ost 1,6,4,2,6.00,1636,1364,1907,138,3.63,0.37
Andreas Pauling,BC Stuttgart 1891 2,Einzel | Landesliga,Bezirksmeisterschaften 14.1e Senioren 55+ Mitte | Bezirksmeisterschaften 14.1e Senioren Mitte | Bezirksmeisterschaften 8er Ball Senioren 55+Mitte | Bezirksmeisterschaften 8er Ball Senioren Mitte | Kreismeisterschaften 14.1e Senioren Mitte | Kreismeisterschaften 14/1e Senioren 55+ Mitte | Kreismeisterschaften 8-Ball Senioren 55+ Mitte | Kreismeisterschaften 8-Ball Senioren Mitte | Ost,40,21,19,40.00,1635,1514,1755,61,20.63,0.37
Yusa Tutucu,BSC Göppingen 2 | BSC Göppingen 3,Bezirksliga | Einzel | Landesliga,Bezirksmeisterschaften 10er Ball Herren Ost | Bezirksmeisterschaften 9er Ball Herren Ost | Kreismeisterschaften 10-Ball Herren Ost | Kreismeisterschaften 9-Ball Herren Ost | Landesjugendmeisterschaft 2026 10-Ball U22 v2 | Landesjugendmeisterschaft 2026 9-Ball U22 | Ost | Ost 1,48,29,19,48.00,1634,1524,1743,56,28.63,0.37
Felix Böck,,Einzel,Kreismeisterschaften 10-Ball Herren Mitte | Kreismeisterschaften 8-Ball Herren Mitte,9,5,4,9.00,1633,1417,1848,110,4.64,0.36
Michael Schwarzjirg,TV Cannstatt 3,Bezirksliga,Ost 1,2,2,0,2.00,1631,1233,2030,203,1.64,0.36
Necmi Kolbasar,PP Böblingen 1,Landesliga,West,2,2,0,2.00,1631,1233,2030,203,1.64,0.36
Oliver Eisele,PBC Langenargen 1 | PBC Langenargen 2,Bezirksliga | Landesliga,Ost | Ost 2,10,5,5,10.00,1631,1425,1837,105,4.64,0.36
Petar Popov,BC Stuttgart 1891 5,Kreisliga A,Ost 2,2,2,0,2.00,1631,1233,2030,203,1.64,0.36
Raoul-Robert Ronto,PBC Rastatt 4,Kreisliga A,West 1,2,2,0,2.00,1631,1233,2030,203,1.64,0.36
Rolf Berkowitz,PBC Freudenstadt 3,Bezirksliga,West 1,2,2,0,2.00,1631,1233,2030,203,1.64,0.36
Ulrich Schäfer,BSV Pfullingen 1 | BSV Pfullingen 2,Einzel | Kreisliga A | Landesliga,BM 10er Ball Herren Ost (Pfullingen) 2019-2020 | Landesmeisterschaft 10er Ball Herren | Ost | Ost 1,18,9,9,18.00,1631,1451,1811,92,8.64,0.36
Ali Cetin,BC Bad Schussenried 1 | BC Bad Schussenried 2 | BC Bad Schussenried 3 | BC Bad Schussenried 4,Bezirksliga | Einzel | Kreisliga A | Landesliga,Bezirksmeisterschaften 10er Ball Senioren 55+ Ost | Bezirksmeisterschaften 8er Ball Senioren 55+Ost | Bezirksmeisterschaften 9er Ball Senioren 55+ Ost | Bezirksmeisterschaften 9er Ball Senioren Ost | Kreismeisterschaften 8-Ball Herren Ost | Kreismeisterschaften 8-Ball Senioren 55+ Ost | Landesmeisterschaft 8er Ball Senioren 55+ | Landesmeisterschaft 9er Ball Senioren 55+ | Ost | Ost 2,107,60,47,107.00,1629,1555,1703,38,59.64,0.36
Ivan Mikulic,,Einzel,Bezirksmeisterschaften 10er Ball Herren Nord | Bezirksmeisterschaften 14.1e Herren Nord | Bezirksmeisterschaften 9er Ball Herren Nord | Kreismeisterschaften 10-Ball Herren Nord | Kreismeisterschaften 14/1e Herren Nord | Kreismeisterschaften 9-Ball Herren Nord,43,19,24,43.00,1629,1509,1749,61,18.64,0.36
Marco Bunke,BSV Pfullingen 1 | BSV Pfullingen 3 | BSV Pfullingen 4,Bezirksliga | Einzel | Kreisliga A | Landesliga,BM 10er Ball Herren Ost | BM 8er Ball Herren Ost | BM 9er Ball Herren Ost | Kreismeisterschaften 10-Ball Herren Ost | Kreismeisterschaften 9-Ball Herren Ost | Landesmeisterschaft 8er Ball Herren | Ost | Ost 1,60,35,25,60.00,1629,1528,1730,52,34.64,0.36
Harry Augustin,BC Aalen 4,Bezirksliga,Ost 2,2,2,0,2.00,1627,1227,2027,204,1.65,0.35
Mario Kaiser,BSC St. Georgen 1,Bezirksliga | Landesliga,West | West 1 | West 2,104,77,27,104.00,1627,1543,1711,43,76.65,0.35
Simon Theodoropoulos,Tübinger BC 1 | Tübinger BC 2,Bezirksliga | Kreisliga A | Landesliga,Ost | Ost 1 | West,59,36,23,59.00,1626,1525,1727,51,35.65,0.35
Armin Stauß,PBC Freudenstadt 1 | PBC Freudenstadt 2,Einzel | Landesliga,BM 8er Ball Senioren West | Kreismeisterschaften 8-Ball Senioren West | West,84,43,41,84.00,1625,1542,1708,42,42.65,0.35
Erwin Thoma,BC Bad Schussenried 3 | BC Bad Schussenried 4 | PBC Ochsenhausen 1 | PBC Ochsenhausen 2,Bezirksliga | Einzel | Kreisliga A | Landesliga,BM 9er Ball Senioren Ost | Bezirksmeisterschaften 10er Ball Senioren 55+ Ost | Bezirksmeisterschaften 10er Ball Senioren Ost | Bezirksmeisterschaften 8er Ball Senioren 55+Ost | Bezirksmeisterschaften 8er Ball Senioren Ost | Bezirksmeisterschaften 9er Ball Senioren 55+ Ost | Bezirksmeisterschaften 9er Ball Senioren Ost | Kreismeisterschaften 10-Ball Senioren Ost | Kreismeisterschaften 8-Ball Senioren Ost | Kreismeisterschaften 9-Ball Senioren Ost | Landesmeisterschaft 9er Ball Senioren | Ost | Ost 2,121,71,50,121.00,1624,1552,1697,37,70.66,0.34
Andreas Zillmann,PP Böblingen 1,Einzel | Landesliga,BM 14/1 Einzel Herren Mitte | Bezirksmeisterschaften 10er Ball Herren Mitte | Bezirksmeisterschaften 14.1e Herren Mitte | Bezirksmeisterschaften 8er Ball Herren Mitte | Bezirksmeisterschaften 9er Ball Herren Mitte | Kreismeisterschaften 10-Ball Herren Mitte | Kreismeisterschaften 14.1e Herren Mitte | Kreismeisterschaften 14/1e Herren Mitte | Kreismeisterschaften 8-Ball Herren Mitte | Kreismeisterschaften 9-Ball Herren Mitte | West,82,41,41,82.00,1623,1538,1708,43,40.66,0.34
Bernhard Sutor,PBC Offenburg 2,Landesliga,West,84,47,37,84.00,1623,1541,1704,42,46.66,0.34
Jens Butenschön,PBC Langenargen 2 | PBC Langenargen 3,Bezirksliga | Kreisliga A,Ost 2,91,61,30,91.00,1623,1541,1705,42,60.66,0.34
Ralf Bühler,,Einzel,Bezirksmeisterschaften 14.1e Herren Nord,5,2,3,5.00,1623,1310,1937,160,1.66,0.34
Frank Eisele,,Einzel,BM 8er Ball Herren Mitte | Bezirksmeisterschaften 10er Ball Senioren 45+ Mitte | Bezirksmeisterschaften 14.1e Senioren 45+ Mitte | Bezirksmeisterschaften 8er Ball Senioren 45+Mitte | Kreismeisterschaften 8-Ball Herren Mitte | Kreismeisterschaften 8-Ball Senioren 45+ Mitte,23,11,12,23.00,1622,1465,1780,80,10.66,0.34
Haci Eymir,BC Aalen 3,Einzel | Landesliga,Bezirksmeisterschaften 8er Ball Senioren Mitte | Bezirksmeisterschaften 9er Ball Senioren Mitte | Kreismeisterschaften 8-Ball Senioren Mitte | Kreismeisterschaften 9-Ball Herren Mitte | Kreismeisterschaften 9-Ball Senioren Mitte | Landesmeisterschaft 9er Ball Senioren | Ost,23,11,12,23.00,1620,1457,1783,83,10.67,0.33
Sait Pelit,BSC Göppingen 1,Einzel | Landesliga,Bezirksmeisterschaften 10er Ball Herren Ost | Bezirksmeisterschaften 14.1e Herren Ost | Bezirksmeisterschaften 8er Ball Herren Ost | Bezirksmeisterschaften 9er Ball Herren Ost | Kreismeisterschaften 10-Ball Herren Ost | Kreismeisterschaften 8-Ball Herren Ost | Kreismeisterschaften 9-Ball Herren Ost | Landesmeisterschaft 8er Ball Herren | Ost,51,22,29,51.00,1620,1513,1727,54,21.67,0.33
Stefan Weiner,BV Villingen-Schwenningen 1 | BV Villingen-Schwenningen 2,Bezirksliga | Landesliga,West | West 1 | West 2,56,37,19,56.00,1620,1514,1725,54,36.67,0.33
Andreas Schmid,,Einzel,Bezirksmeisterschaften 8er Ball Herren Mitte | Kreismeisterschaften 8-Ball Herren Mitte,8,4,4,8.00,1619,1386,1851,118,3.67,0.33
Mustafa Benk,TV Cannstatt 2,Einzel | Landesliga,BM 10er Ball Herren Mitte (Sindelfingen) 2019-2020 | BM 9er Ball Senioren Mitte | Bezirksmeisterschaften 10er Ball Senioren 45+ Mitte | Bezirksmeisterschaften 8er Ball Senioren 45+Mitte | Bezirksmeisterschaften 9er Ball Senioren 45+ Mitte | Kreismeisterschaften 8-Ball Senioren 45+ Mitte | Kreismeisterschaften 9-Ball Senioren 45+ Mitte | Kreismeisterschaften 9-Ball Senioren Mitte | Landesmeisterschaft 9er Ball Senioren | Ost,37,19,18,37.00,1619,1495,1743,63,18.67,0.33
Robert Tiffert,BSV Tiengen 3,Bezirksliga | Landesliga,West | West 1,23,14,9,23.00,1618,1467,1768,77,13.67,0.33
Thomas Kupfer,,Einzel,Bezirksmeisterschaften 10er Ball Senioren 45+ Mitte | Bezirksmeisterschaften 14.1e Senioren 45+ Mitte | Bezirksmeisterschaften 8er Ball Senioren 45+Mitte | Bezirksmeisterschaften 9er Ball Senioren 45+ Mitte | Kreismeisterschaften 8-Ball Senioren 45+ Mitte | Kreismeisterschaften 9-Ball Senioren 45+ Mitte,27,14,13,27.00,1618,1468,1769,77,13.67,0.33
Tobias Hirt,PBC Bad Saulgau 2,Bezirksliga | Einzel,Bezirksmeisterschaften 8er Ball Herren Mitte | Kreismeisterschaften 10-Ball Herren Mitte | Kreismeisterschaften 10-Ball Herren Ost | Kreismeisterschaften 14.1e Herren Mitte | Kreismeisterschaften 14/1e Herren Mitte | Kreismeisterschaften 8-Ball Herren Mitte | Kreismeisterschaften 9-Ball Herren Mitte | Ost 2,68,38,30,68.00,1618,1527,1709,47,37.67,0.33
Klaus Woehrlin,PBC Offenburg 3 | PBC Offenburg 5,Bezirksliga | Einzel | Landesliga,BM 10er Ball Herren West | BM 10er Ball Herren West (Offenburg) 2019-2020 | Kreismeisterschaften 10-Ball Herren West | Kreismeisterschaften 14.1e Herren West | West | West 1,79,45,34,79.00,1617,1530,1704,44,44.68,0.32
Alexander Egger,BC Dätzingen 2,Kreisliga A,West 2,2,2,0,2.00,1616,1211,2021,207,1.68,0.32
Christoph Günthner,,Einzel,BM 10er Ball Senioren Nord | Bezirksmeisterschaften 10er Ball Senioren Nord | Kreismeisterschaften 10-Ball Senioren Nord | Kreismeisterschaften 8-Ball Senioren Nord | Kreismeisterschaften 9-Ball Senioren Nord,24,12,12,24.00,1616,1469,1763,75,11.68,0.32
Esad Selim Gündüz,BC Stuttgart 1891 5,Einzel | Kreisliga A,Landesjugendmeisterschaft 2026 10-Ball U14 | Landesjugendmeisterschaft 2026 14/1 U14 | Landesjugendmeisterschaft 2026 8-Ball U14 | Landesjugendmeisterschaft 2026 9-Ball U14 | Ost 2,19,18,1,19.00,1615,1349,1882,136,17.68,0.32
Hakan Yaratici,PBC Bräunlingen 1 | PBC Bräunlingen 2,Bezirksliga | Landesliga,West | West 1,58,37,21,58.00,1615,1512,1718,53,36.68,0.32
Robert Klinec,,Einzel,Bezirksmeisterschaften 10er Ball Herren Nord | Bezirksmeisterschaften 8er Ball Herren Nord | Bezirksmeisterschaften 9er Ball Herren Nord | Kreismeisterschaften 10-Ball Herren Nord | Kreismeisterschaften 8-Ball Herren Nord | Kreismeisterschaften 9-Ball Herren Nord | Landesmeisterschaft 9er Ball Herren,54,26,28,54.00,1615,1503,1727,57,25.68,0.32
Michael Kunz,BSV Konstanz 1,Landesliga,Ost,2,1,1,2.00,1614,1255,1973,183,0.68,0.32
Thomas Handler,,Einzel,BM 14/1 Einzel Herren Mitte | BM 9er Ball Herren Mitte | Bezirksmeisterschaften 10er Ball Herren Mitte | Bezirksmeisterschaften 14.1e Herren Mitte | Bezirksmeisterschaften 8er Ball Herren Mitte | Kreismeisterschaften 10-Ball Herren Mitte | Kreismeisterschaften 14.1e Herren Mitte | Kreismeisterschaften 14/1e Herren Mitte | Kreismeisterschaften 8-Ball Herren Mitte | Kreismeisterschaften 9-Ball Herren Mitte,50,21,29,50.00,1614,1506,1722,55,20.68,0.32
Steven Thieltges,PBC Bietigheim-Bissingen 1,Bezirksliga | Einzel,BM 10er Ball Senioren Mitte (Sindelfingen) 2019-2020 | BM 14/1 Einzel Senioren Mitte | Kreismeisterschaften 8-Ball Senioren Mitte | Landesmeisterschaft 10er Ball Senioren | Ost 1,21,12,9,21.00,1613,1443,1782,87,11.69,0.31
Jörg Schwager,BSC Göppingen 1 | BSC Göppingen 3,Bezirksliga | Einzel | Kreisliga A | Landesliga,BM 10er Ball Senioren Ost | BM 8er Ball Senioren Ost | Bezirksmeisterschaften 8er Ball Senioren Ost | Bezirksmeisterschaften 9er Ball Senioren 55+ Ost | Kreismeisterschaften 10-Ball Senioren Ost | Kreismeisterschaften 8-Ball Senioren 55+ Ost | Kreismeisterschaften 8-Ball Senioren Ost | Kreismeisterschaften 9-Ball Senioren Ost | Landesmeisterschaft 8er Ball Senioren | Ost | Ost 1,97,51,46,97.00,1612,1535,1690,40,50.69,0.31
Marco Huber,BV Pforzheim 3,Bezirksliga | Einzel,BM 8er Ball Herren Mitte | Bezirksmeisterschaften 9er Ball Herren Mitte | Kreismeisterschaften 10-Ball Herren Mitte | Kreismeisterschaften 14.1e Herren Mitte | Kreismeisterschaften 8-Ball Herren Mitte | Kreismeisterschaften 9-Ball Herren Mitte | West 1,40,17,23,40.00,1612,1491,1733,62,16.69,0.31
Claudio Pontuti,BSV Filderstadt 4,Einzel | Landesliga,BM 10er Ball Herren Mitte (Sindelfingen) 2019-2020 | BM 10er Ball Herren Ost | BM 8er Ball Herren Ost | Bezirksmeisterschaften 10er Ball Senioren 55+ Mitte | Bezirksmeisterschaften 14.1e Senioren 55+ Mitte | Bezirksmeisterschaften 8er Ball Senioren 55+Mitte | Kreismeisterschaften 10-Ball Herren Mitte | Kreismeisterschaften 10-Ball Senioren 55+ Mitte | Kreismeisterschaften 10-Ball Senioren Mitte | Kreismeisterschaften 14.1e Senioren Mitte | Kreismeisterschaften 14/1e Senioren 55+ Mitte | Kreismeisterschaften 8-Ball Herren Mitte | Kreismeisterschaften 8-Ball Herren Ost | Kreismeisterschaften 8-Ball Senioren 55+ Mitte | Kreismeisterschaften 8-Ball Senioren Mitte | Kreismeisterschaften 9-Ball Herren Mitte | Kreismeisterschaften 9-Ball Herren Ost | Kreismeisterschaften 9-Ball Senioren 55+ Mitte | Kreismeisterschaften 9-Ball Senioren Mitte | Landesmeisterschaft 10er Ball Herren | Ost,87,43,44,87.00,1611,1529,1694,42,42.69,0.31
Flaviano Gabriele,BC Bad Schussenried 1 | BC Bad Schussenried 2,Bezirksliga | Einzel | Landesliga,BM 9er Ball Senioren Ost | Bezirksmeisterschaften 10er Ball Senioren 55+ Ost | Bezirksmeisterschaften 10er Ball Senioren Ost | Bezirksmeisterschaften 8er Ball Senioren Ost | Bezirksmeisterschaften 9er Ball Senioren 55+ Ost | Bezirksmeisterschaften 9er Ball Senioren Ost | Kreismeisterschaften 10-Ball Senioren Ost | Kreismeisterschaften 8-Ball Senioren Ost | Kreismeisterschaften 9-Ball Senioren Ost | Ost | Ost 2,124,62,62,124.00,1611,1543,1679,34,61.69,0.31
Josip Ceko,TV Cannstatt 3,Bezirksliga | Einzel,Kreismeisterschaften 8-Ball Herren Mitte | Ost 1,5,3,2,5.00,1611,1313,1909,152,2.69,0.31
Michael Metzger,BC Feuersee 1,Einzel | Kreisliga A,Kreismeisterschaften 10-Ball Herren Nord | Kreismeisterschaften 14.1e Herren Nord | Kreismeisterschaften 14.1e Senioren Nord | Kreismeisterschaften 8-Ball Herren Nord | Ost 2,23,11,12,23.00,1611,1454,1767,80,10.69,0.31
Robin Kümmerle,BSV Filderstadt 4 | BSV Filderstadt 5,Bezirksliga | Kreisliga A,Ost 1,21,17,4,21.00,1611,1425,1796,95,16.69,0.31
Thomas Weniger,BSV Tiengen 3,Bezirksliga | Einzel | Landesliga,Bezirksmeisterschaften 10er Ball Senioren 45+ West | Bezirksmeisterschaften 10er Ball Senioren West | Bezirksmeisterschaften 14.1e Senioren West | Bezirksmeisterschaften 8er Ball Senioren 45+West | Bezirksmeisterschaften 9er Ball Senioren 45+ West | Bezirksmeisterschaften 9er Ball Senioren West | West | West 1,40,22,18,40.00,1611,1492,1731,61,21.69,0.31
Ferhat Cayli,,Einzel,BM 10er Ball Herren Nord | BM 10er Ball Herren Nord (Kurpfalz) 2019-2020 | Bezirksmeisterschaften 8er Ball Herren Nord | Kreismeisterschaften 10-Ball Herren Nord | Kreismeisterschaften 8-Ball Herren Nord | Landesmeisterschaft 8er Ball Herren,25,11,14,25.00,1610,1452,1767,80,10.69,0.31
Andreas Kiefer,BV Markdorf 1 | BV Markdorf 2,Bezirksliga | Landesliga,Ost | Ost 2,76,41,35,76.00,1609,1525,1693,43,40.70,0.30
Seong-Jin Kim,BSV Tiengen 3,Bezirksliga | Einzel | Landesliga,Bezirksmeisterschaften 10er Ball Senioren 45+ West | Bezirksmeisterschaften 10er Ball Senioren West | Bezirksmeisterschaften 14.1e Senioren 45+ West | Bezirksmeisterschaften 14.1e Senioren West | Bezirksmeisterschaften 8er Ball Senioren 45+West | Bezirksmeisterschaften 9er Ball Senioren 45+ West | Bezirksmeisterschaften 9er Ball Senioren West | Landesmeisterschaft 14.1e Senioren | West | West 1,89,51,38,89.00,1608,1524,1693,43,50.70,0.30
Frank Tatarkowski,PBC Offenburg 2,Landesliga,West,41,23,18,41.00,1607,1489,1724,60,22.70,0.30
Gary Wong,,Einzel,Kreismeisterschaften 10-Ball Herren Mitte,5,3,2,5.00,1607,1332,1882,140,2.70,0.30
Hans-Peter Benzinger,BC Sindelfingen 6,Bezirksliga,West 2,2,2,0,2.00,1607,1202,2012,207,1.70,0.30
Lukas Marx,BC Sindelfingen 6,Bezirksliga,West 2,2,2,0,2.00,1607,1202,2012,207,1.70,0.30
Michael Stegmaier,BSV Filderstadt 5,Kreisliga A,Ost 1,5,4,1,5.00,1607,1259,1954,177,3.70,0.30
Gordon Fenske,,Einzel,BM 10er Ball Senioren Nord | BM 10er Ball Senioren Nord (PBC Waghäusel) 2019-2020 | BM 14/1 Einzel Senioren Nord | BM 8er Ball Senioren Nord | BM 9er Ball Senioren Nord | Bezirksmeisterschaften 10er Ball Senioren 45+ Nord | Bezirksmeisterschaften 14.1e Senioren Nord | Bezirksmeisterschaften 8er Ball Senioren 45+Nord | Bezirksmeisterschaften 9er Ball Senioren 45+ Nord | Bezirksmeisterschaften 9er Ball Senioren Nord | Kreismeisterschaften 10-Ball Senioren Nord | Kreismeisterschaften 14.1e Senioren Nord | Kreismeisterschaften 8-Ball Senioren Nord | Kreismeisterschaften 9-Ball Senioren Nord | Landesmeisterschaft 9er Ball Senioren,79,34,45,79.00,1606,1516,1696,46,33.70,0.30
Murat Dervisi,PBC Freudenstadt 2,Einzel | Landesliga,Bezirksmeisterschaften 8er Ball Senioren West | Landesmeisterschaft 8er Ball Senioren | West,29,15,14,29.00,1606,1463,1749,73,14.70,0.30
Alexandros Vassiliadis,PBC Aalen 1,Bezirksliga,Ost 2,2,2,0,2.00,1605,1200,2010,207,1.71,0.29
Florian Stubert,BSV Filderstadt 1 | BSV Filderstadt 2 | BSV Filderstadt 3 | BSV Filderstadt 4,Bezirksliga | Landesliga,Ost | Ost 1,75,41,34,75.00,1604,1518,1691,44,40.71,0.29
Wilfried Scheibel,BV Markdorf 3,Bezirksliga | Kreisliga A,Ost 2,23,16,7,23.00,1604,1446,1763,81,15.71,0.29
Marco Zieger,,Einzel,Bezirksmeisterschaften 10er Ball Herren Nord | Bezirksmeisterschaften 14.1e Herren Nord | Kreismeisterschaften 10-Ball Herren Nord | Kreismeisterschaften 14/1e Herren Nord | Kreismeisterschaften 9-Ball Herren Nord,27,11,16,27.00,1603,1459,1747,73,10.71,0.29
Christopher Hopp,,Einzel,BM 10er Ball Herren Mitte | BM 10er Ball Herren Mitte (Sindelfingen) 2019-2020 | BM 14/1 Einzel Herren Mitte | BM 8er Ball Herren Mitte | Kreismeisterschaften 10-Ball Herren Mitte | Kreismeisterschaften 14.1e Herren Mitte | Kreismeisterschaften 8-Ball Herren Mitte | Kreismeisterschaften 9-Ball Herren Mitte | Landesmeisterschaft 10er Ball Herren,54,24,30,54.00,1602,1498,1705,53,23.72,0.28
Richy Hartmann,,Einzel,BM 10er Ball Senioren West (Sand) 2019-2020 | Landesmeisterschaft 10er Ball Senioren,8,3,5,8.00,1601,1319,1883,144,2.72,0.28
Andreas Vetter,,Einzel,Kreismeisterschaften 14.1e Senioren Nord,4,2,2,4.00,1598,1303,1893,150,1.73,0.27
Arman Rasoli,,Einzel,Kreismeisterschaften 10-Ball Herren Mitte | Kreismeisterschaften 8-Ball Herren Mitte | LJM 2023 m-u23 8-Ball | LJM 2023 m-u23 9-Ball,11,4,7,11.00,1597,1377,1816,112,3.73,0.27
Jörg Leiser,,Einzel,BM 8er Ball Senioren Nord | BM 9er Ball Senioren Nord | Kreismeisterschaften 8-Ball Senioren Nord | Kreismeisterschaften 9-Ball Senioren Nord,17,7,10,17.00,1597,1418,1776,91,6.73,0.27
Willi Ludwig,,Einzel,Bezirksmeisterschaften 10er Ball Senioren Nord | Bezirksmeisterschaften 14.1e Senioren Nord | Bezirksmeisterschaften 9er Ball Senioren Nord | Kreismeisterschaften 10-Ball Senioren Nord | Kreismeisterschaften 14.1e Senioren Nord | Kreismeisterschaften 8-Ball Senioren Nord | Kreismeisterschaften 9-Ball Senioren Nord | Landesmeisterschaft 14.1e Senioren,34,15,19,34.00,1596,1470,1722,64,14.73,0.27
Detlef Ratz,,Einzel,BM 14/1 Einzel Senioren Nord | Bezirksmeisterschaften 10er Ball Senioren 55+ Nord | Bezirksmeisterschaften 10er Ball Senioren Nord | Bezirksmeisterschaften 14.1e Senioren 55+ Nord | Bezirksmeisterschaften 14.1e Senioren Nord | Bezirksmeisterschaften 8er Ball Senioren 55+Nord | Bezirksmeisterschaften 8er Ball Senioren Nord | Kreismeisterschaften 10-Ball Senioren Nord | Kreismeisterschaften 14.1e Senioren Nord | Kreismeisterschaften 14/1e Senioren 55+ Nord | Kreismeisterschaften 8-Ball Senioren 55+ Nord | Kreismeisterschaften 8-Ball Senioren Nord | Landesmeisterschaft 10er Ball Senioren,59,26,33,59.00,1594,1492,1695,52,25.74,0.26
Fabian Durst,P&S Denzlingen 1 | PBC Offenburg 3 | PBC Offenburg 5,Bezirksliga | Einzel | Landesliga,BM 10er Ball Herren West | BM 8er Ball Herren West | BM 9er Ball Herren West | Bezirksmeisterschaften 14.1e Herren West | Kreismeisterschaften 10-Ball Herren West | Kreismeisterschaften 14.1e Herren West | Kreismeisterschaften 8-Ball Herren West | Kreismeisterschaften 9-Ball Herren West | West | West 1,110,59,51,110.00,1594,1522,1666,37,58.74,0.26
Manfred Wußler,PBC Offenburg 2 | PBC Offenburg 3 | PBC Offenburg 4,Bezirksliga | Landesliga,West | West 1,34,18,16,34.00,1594,1463,1724,67,17.74,0.26
Nicole Hummel,BV Villingen-Schwenningen 2,Bezirksliga | Einzel,BM 10er Ball Damen West und Nord | BM 8er Ball Damen West | BM 9er Ball Damen Nord- West | Landesmeisterschaft 10er Ball Damen | Landesmeisterschaft 14.1e Damen | Landesmeisterschaft 8er Ball Damen | Landesmeisterschaft 9er Ball Damen | West 2,38,19,19,38.00,1594,1465,1724,66,18.73,0.27
Andreas Tschinkel,BBC Plochingen 1 | BBC Plochingen 2,Bezirksliga | Kreisliga A | Landesliga,Ost | Ost 1,57,30,27,57.00,1593,1486,1700,55,29.74,0.26
Hassan Najjar,,Einzel,Kreismeisterschaften 10-Ball Herren Nord,4,2,2,4.00,1593,1307,1879,146,1.74,0.26
Alexander Haass Aufn.: 20; Ø: 3.50,,Einzel,BM 14/1 Einzel Herren Nord,1,1,0,1.00,1592,1172,2011,214,0.74,0.26
Udo Kirchgeßner Aufn.: 5; Ø: 12.00,,Einzel,Kreismeisterschaften 14.1e Herren Nord,1,1,0,1.00,1592,1172,2011,214,0.74,0.26
Manuel Wissen,PBC Offenburg 3 | PBC Offenburg 4,Einzel | Landesliga,Bezirksmeisterschaften 10er Ball Herren West | Bezirksmeisterschaften 14.1e Herren West | Bezirksmeisterschaften 8er Ball Herren West | Bezirksmeisterschaften 9er Ball Herren West | Kreismeisterschaften 10-Ball Herren West | Kreismeisterschaften 14.1e Herren West | Kreismeisterschaften 8-Ball Herren West | Kreismeisterschaften 9-Ball Herren West | West,115,56,59,115.00,1591,1519,1663,37,55.74,0.26
Bernd Woitanowski,,Einzel,BM 14/1 Einzel Senioren Nord | Bezirksmeisterschaften 10er Ball Senioren 55+ Nord | Bezirksmeisterschaften 10er Ball Senioren Nord | Bezirksmeisterschaften 14.1e Senioren 55+ Nord | Bezirksmeisterschaften 8er Ball Senioren 55+Nord | Bezirksmeisterschaften 8er Ball Senioren Nord | Bezirksmeisterschaften 9er Ball Senioren 55+ Nord | Bezirksmeisterschaften 9er Ball Senioren Nord | Kreismeisterschaften 10-Ball Senioren Nord | Kreismeisterschaften 14/1e Senioren 55+ Nord | Kreismeisterschaften 8-Ball Senioren 55+ Nord | Kreismeisterschaften 8-Ball Senioren Nord | Kreismeisterschaften 9-Ball Senioren Nord | Landesmeisterschaft 14.1e Senioren,62,26,36,62.00,1590,1492,1689,50,25.75,0.25
Jamil Dib,P&S Denzlingen 2,Einzel | Landesliga,Bezirksmeisterschaften 10er Ball Herren West | Bezirksmeisterschaften 8er Ball Herren West | Kreismeisterschaften 10-Ball Herren West | Kreismeisterschaften 8-Ball Herren West | Kreismeisterschaften 9-Ball Herren West | West,57,28,29,57.00,1589,1490,1688,50,27.75,0.25
Raimund Wanner,BC Bad Schussenried 1 | BC Bad Schussenried 2 | BC Bad Schussenried 3 | PBC Ochsenhausen 1,Bezirksliga | Einzel | Kreisliga A | Landesliga,BM 10er Ball Senioren Ost | BM 8er Ball Senioren Ost | BM 9er Ball Senioren Ost | Bezirksmeisterschaften 10er Ball Senioren 55+ Ost | Bezirksmeisterschaften 10er Ball Senioren Ost | Bezirksmeisterschaften 14.1e Senioren 55+ Ost | Bezirksmeisterschaften 9er Ball Senioren 55+ Ost | Bezirksmeisterschaften 9er Ball Senioren Ost | Kreismeisterschaften 10-Ball Senioren Ost | Kreismeisterschaften 8-Ball Senioren Ost | Kreismeisterschaften 9-Ball Senioren Ost | Ost | Ost 2,117,58,59,117.00,1589,1517,1660,36,57.75,0.25
Martin Reinhardt,PBC Ochsenhausen 1 | PBC Ochsenhausen 2,Bezirksliga | Einzel | Kreisliga A | Landesliga,BM 8er Ball Herren Ost | Bezirksmeisterschaften 8er Ball Herren Ost | Kreismeisterschaften 10-Ball Herren Ost | Kreismeisterschaften 8-Ball Herren Ost | Ost | Ost 2,130,62,68,130.00,1587,1521,1653,34,61.75,0.25
Roland Sauter,PBC Bräunlingen 1,Einzel | Landesliga,Bezirksmeisterschaften 8er Ball Senioren West | Landesmeisterschaft 8er Ball Herren | West,52,27,25,52.00,1587,1484,1690,52,26.75,0.25
Selim Güzel,PP Böblingen 1,Einzel | Landesliga,BM 10er Ball Senioren Mitte | BM 10er Ball Senioren Mitte (Sindelfingen) 2019-2020 | BM 8er Ball Senioren Mitte | Bezirksmeisterschaften 10er Ball Senioren 55+ Mitte | Bezirksmeisterschaften 10er Ball Senioren Mitte | Bezirksmeisterschaften 14.1e Senioren 55+ Mitte | Bezirksmeisterschaften 14.1e Senioren Mitte | Bezirksmeisterschaften 8er Ball Senioren 55+Mitte | Bezirksmeisterschaften 8er Ball Senioren Mitte | Kreismeisterschaften 10-Ball Senioren Mitte | Kreismeisterschaften 14.1e Senioren Mitte | Kreismeisterschaften 14/1e Senioren 55+ Mitte | Kreismeisterschaften 8-Ball Senioren Mitte | Kreismeisterschaften 9-Ball Senioren 55+ Mitte | Kreismeisterschaften 9-Ball Senioren Mitte | Landesmeisterschaft 10er Ball Senioren | Landesmeisterschaft 8er Ball Senioren | West,100,53,47,100.00,1587,1508,1666,40,52.75,0.25
Long Werner,,Einzel,BM 10er Ball Herren Nord | BM 10er Ball Herren Nord (Kurpfalz) 2019-2020 | BM 8er Ball Herren Nord | BM 9er Ball Herren Nord | Bezirksmeisterschaften 9er Ball Herren Nord | Kreismeisterschaften 10-Ball Herren Mitte | Kreismeisterschaften 10-Ball Herren Nord | Kreismeisterschaften 14.1e Herren Nord | Kreismeisterschaften 8-Ball Herren Mitte | Kreismeisterschaften 8-Ball Herren Nord | Kreismeisterschaften 9-Ball Herren Mitte | Kreismeisterschaften 9-Ball Herren Nord | Landesmeisterschaft 8er Ball Herren,57,27,30,57.00,1586,1482,1690,53,26.76,0.24
Sebastiano Ratto,BSC Göppingen 1 | BSC Göppingen 2,Bezirksliga | Landesliga,Ost | Ost 1,64,27,37,64.00,1586,1490,1681,49,26.76,0.24
Bianca Heneka,,Einzel,BM 10er Ball Damen West und Nord | BM 9er Ball Damen Nord- West | Bezirksmeisterschaften 10er Ball Damen Nord | Bezirksmeisterschaften 14.1e Damen Nord | Bezirksmeisterschaften 8er Ball Damen Nord | Bezirksmeisterschaften 9er Ball Damen Nord | Landesmeisterschaft 10er Ball Damen | Landesmeisterschaft 14.1e Damen | Landesmeisterschaft 8er Ball Damen | Landesmeisterschaft 9er Ball Damen,111,62,49,111.00,1585,1509,1661,39,61.76,0.24
Christos Minokoglou,,Einzel,Kreismeisterschaften 10-Ball Herren Mitte,6,4,2,6.00,1584,1322,1845,133,3.76,0.24
Matthias Bader,BSV Shooters Fellbach 2,Kreisliga A,Ost 1,2,2,0,2.00,1584,1169,1999,212,1.76,0.24
Draoui El Mokhtar,BV Pforzheim 3,Bezirksliga | Einzel,Kreismeisterschaften 8-Ball Herren Mitte | Kreismeisterschaften 9-Ball Herren Mitte | West 1,15,9,6,15.00,1583,1401,1766,93,8.76,0.24
Günther Götz,BSC St. Georgen 1,Bezirksliga | Landesliga,West | West 1 | West 2,113,75,38,113.00,1583,1506,1660,39,74.77,0.23
Martin Brandt,BV Markdorf 2,Bezirksliga,Ost 2,83,46,37,83.00,1581,1501,1660,41,45.77,0.23
Michael Schulz,BSV Konstanz 1,Einzel | Landesliga,Bezirksmeisterschaften 9er Ball Herren Ost | Kreismeisterschaften 8-Ball Herren Ost | Kreismeisterschaften 9-Ball Herren Ost | Ost,14,5,9,14.00,1581,1393,1769,96,4.77,0.23
Hans Heuschmid,PBC Ochsenhausen 2 | PBC Ochsenhausen 3,Bezirksliga | Einzel | Kreisliga A,BM 10er Ball Senioren Ost | BM 10er Ball Senioren Ost (Pfullingen) 2019-2020 | BM 8er Ball Senioren Ost | BM 9er Ball Senioren Ost | Ost 2,66,39,27,66.00,1579,1483,1674,49,38.78,0.22
Ramin Raeisi,BSV Pfullingen 2,Bezirksliga,Ost 1,18,10,8,18.00,1579,1406,1751,88,9.78,0.22
Simon Kemmerling,PBC Bräunlingen 1 | PBC Bräunlingen 2,Bezirksliga | Einzel | Landesliga,Bezirksmeisterschaften 10er Ball Herren West | Bezirksmeisterschaften 9er Ball Herren West | Kreismeisterschaften 10-Ball Herren West | Kreismeisterschaften 9-Ball Herren West | West | West 1 | West 2,131,83,48,131.00,1579,1507,1651,37,82.78,0.22
Stefan Neuberger,,Einzel,Kreismeisterschaften 10-Ball Herren Nord | Kreismeisterschaften 8-Ball Herren Nord,9,5,4,9.00,1579,1343,1815,120,4.78,0.22
Wolfgang Siethoff,,Einzel,BM 10er Ball Senioren Mitte (Sindelfingen) 2019-2020 | Kreismeisterschaften 9-Ball Senioren Mitte | Landesmeisterschaft 14.1e Senioren,11,5,6,11.00,1579,1358,1800,113,4.78,0.22
Sukhbat Batjargal,BC Stuttgart 1891 4,Bezirksliga | Einzel,Kreismeisterschaften 10-Ball Herren Mitte | Kreismeisterschaften 8-Ball Herren Mitte | Kreismeisterschaften 9-Ball Herren Mitte | Ost 2,11,5,6,11.00,1578,1352,1803,115,4.78,0.22
Viktor König,,Einzel,BM 10er Ball Senioren Nord (PBC Waghäusel) 2019-2020 | Bezirksmeisterschaften 8er Ball Herren Nord | Bezirksmeisterschaften 9er Ball Herren Nord | Kreismeisterschaften 8-Ball Herren Nord | Kreismeisterschaften 8-Ball Senioren Nord | Kreismeisterschaften 9-Ball Herren Nord | Kreismeisterschaften 9-Ball Senioren Nord,26,12,14,26.00,1578,1427,1729,77,11.78,0.22
Kevin Wetzel,,Einzel,Bezirksmeisterschaften 8er Ball Herren Nord | Kreismeisterschaften 8-Ball Herren Nord,13,7,6,13.00,1577,1385,1769,98,6.78,0.22
Thomas Wochner,P&S Denzlingen 2,Landesliga,West,10,6,4,10.00,1577,1361,1793,110,5.78,0.22
Alfred Stöcklein,BC Sindelfingen 6,Bezirksliga,West 2,1,1,0,1.00,1576,1152,2000,216,0.78,0.22
Andreas Greitmann,BC Unterteuringen 1,Bezirksliga | Einzel,Kreismeisterschaften 8-Ball Herren Ost | Ost 2,104,53,51,104.00,1576,1504,1648,37,52.79,0.21
Manfred Sieweke,PBC Ochsenhausen 1 | PBC Ochsenhausen 2 | PBC Ochsenhausen 3,Bezirksliga | Einzel | Kreisliga A | Landesliga,BM 9er Ball Senioren Ost | Bezirksmeisterschaften 8er Ball Herren Ost | Bezirksmeisterschaften 8er Ball Senioren 45+Ost | Bezirksmeisterschaften 9er Ball Senioren 45+ Ost | Bezirksmeisterschaften 9er Ball Senioren Ost | Kreismeisterschaften 8-Ball Herren Ost | Kreismeisterschaften 8-Ball Senioren Ost | Ost | Ost 2,52,27,25,52.00,1576,1471,1682,54,26.78,0.22
Paul Halton,BV Backnang/Welzheim 1,Kreisliga A,Ost 2,2,2,0,2.00,1576,1160,1993,212,1.78,0.22
Peter Gerlach,PBC Aalen 2,Kreisliga A,Ost 2,2,2,0,2.00,1575,1158,1992,213,1.79,0.21
Phillip Woods,PBC Offenburg 3,Landesliga,West,10,6,4,10.00,1575,1348,1801,116,5.79,0.21
Rasul Ghanavat,PBC Reutlingen 2 | PBC Reutlingen 3,Bezirksliga | Kreisliga A | Landesliga,Ost 1 | West,37,24,13,37.00,1574,1444,1704,66,23.79,0.21
Felix Kern,,Einzel,BM 10er Ball Herren Nord | BM 14/1 Einzel Herren Nord | BM 8er Ball Herren Nord | Kreismeisterschaften 10-Ball Herren Nord,14,6,8,14.00,1573,1371,1776,103,5.79,0.21
Habib Karadal,BV Pforzheim 2,Landesliga,West,2,1,1,2.00,1573,1225,1921,178,0.79,0.21
Hakan Söyler,PBC Nagoldtal 1,Einzel | Landesliga,BM 14/1 Einzel Senioren Mitte | BM 8er Ball Senioren Mitte | Bezirksmeisterschaften 10er Ball Senioren 45+ Mitte | Bezirksmeisterschaften 8er Ball Senioren 45+Mitte | Bezirksmeisterschaften 9er Ball Senioren 45+ Mitte | Bezirksmeisterschaften 9er Ball Senioren Mitte | Kreismeisterschaften 10-Ball Senioren Mitte | Kreismeisterschaften 14.1e Senioren Mitte | Kreismeisterschaften 8-Ball Senioren 45+ Mitte | Kreismeisterschaften 8-Ball Senioren Mitte | Kreismeisterschaften 9-Ball Senioren 45+ Mitte | Kreismeisterschaften 9-Ball Senioren Mitte | Landesmeisterschaft 9er Ball Senioren | West,74,35,39,74.00,1573,1482,1665,47,34.79,0.21
Matthias Weigl,,Einzel,Bezirksmeisterschaften 9er Ball Herren Mitte | Kreismeisterschaften 8-Ball Herren Mitte | Kreismeisterschaften 9-Ball Herren Mitte,11,5,6,11.00,1573,1356,1790,111,4.79,0.21
Fersun Ünsel,,Einzel,Bezirksmeisterschaften 10er Ball Herren Nord | Bezirksmeisterschaften 14.1e Herren Nord | Bezirksmeisterschaften 8er Ball Herren Nord | Bezirksmeisterschaften 9er Ball Herren Nord | Kreismeisterschaften 10-Ball Herren Nord | Kreismeisterschaften 14/1e Herren Nord | Kreismeisterschaften 8-Ball Herren Nord | Kreismeisterschaften 9-Ball Herren Nord,50,23,27,50.00,1570,1458,1681,57,22.80,0.20
Michael Reich,BC Sindelfingen 4,Einzel | Landesliga,BM 10er Ball Senioren Mitte (Sindelfingen) 2019-2020 | BM 14/1 Einzel Senioren Mitte | BM 8er Ball Senioren Mitte | Bezirksmeisterschaften 10er Ball Senioren 55+ Mitte | Bezirksmeisterschaften 10er Ball Senioren Mitte | Bezirksmeisterschaften 14.1e Senioren 55+ Mitte | Bezirksmeisterschaften 14.1e Senioren Mitte | Bezirksmeisterschaften 8er Ball Senioren 55+Mitte | Bezirksmeisterschaften 8er Ball Senioren Mitte | Bezirksmeisterschaften 9er Ball Senioren 55+ Mitte | Bezirksmeisterschaften 9er Ball Senioren Mitte | Kreismeisterschaften 10-Ball Senioren 55+ Mitte | Kreismeisterschaften 10-Ball Senioren Mitte | Kreismeisterschaften 14.1e Senioren Mitte | Kreismeisterschaften 14/1e Senioren 55+ Mitte | Kreismeisterschaften 8-Ball Senioren 55+ Mitte | Kreismeisterschaften 8-Ball Senioren Mitte | Kreismeisterschaften 9-Ball Senioren 55+ Mitte | Kreismeisterschaften 9-Ball Senioren Mitte | Landesmeisterschaft 8er Ball Senioren 55+ | West,112,55,57,112.00,1570,1496,1644,38,54.80,0.20
Pascal Sanna,PBC Freudenstadt 3,Bezirksliga | Einzel | Landesliga,Bezirksmeisterschaften 10er Ball Herren West | Bezirksmeisterschaften 14.1e Herren West | Bezirksmeisterschaften 8er Ball Herren West | Bezirksmeisterschaften 9er Ball Herren West | Kreismeisterschaften 10-Ball Herren West | Kreismeisterschaften 14.1e Herren West | Kreismeisterschaften 8-Ball Herren West | Kreismeisterschaften 9-Ball Herren West | Landesmeisterschaft 14.1e Herren | West | West 1,110,55,55,110.00,1570,1495,1644,38,54.80,0.20
Vy Le Tuong,,Einzel,Bezirksmeisterschaften 10er Ball Damen Mitte-Ost | Bezirksmeisterschaften 14.1e Damen Mitte_Ost | Bezirksmeisterschaften 8er Ball Damen Mitte-Ost | Bezirksmeisterschaften 9er Ball Damen Mitte- Ost | Landesmeisterschaft 10er Ball Damen | Landesmeisterschaft 14.1e Damen | Landesmeisterschaft 9er Ball Damen,43,24,19,43.00,1570,1449,1690,61,23.80,0.20
Wilfried Schön,BSC Göppingen 1 | BSC Göppingen 2 | BSC Göppingen 3,Bezirksliga | Einzel | Landesliga,Bezirksmeisterschaften 10er Ball Herren Ost | Bezirksmeisterschaften 14.1e Herren Ost | Bezirksmeisterschaften 8er Ball Herren Ost | Bezirksmeisterschaften 9er Ball Herren Ost | Kreismeisterschaften 10-Ball Herren Ost | Kreismeisterschaften 8-Ball Herren Ost | Kreismeisterschaften 9-Ball Herren Ost | Ost | Ost 1 | Ost 2,83,33,50,83.00,1570,1486,1653,43,32.80,0.20
Jens Pfaff,BSC Lions Bietigheim 2,Kreisliga A,West 1,2,2,0,2.00,1568,1147,1988,215,1.81,0.19
Norman Wagner,BC Weingarten 1,Bezirksliga | Einzel,Kreismeisterschaften 10-Ball Herren Ost | Kreismeisterschaften 8-Ball Herren Ost | Kreismeisterschaften 9-Ball Herren Ost | Ost 2,30,16,14,30.00,1568,1438,1698,66,15.81,0.19
Petar Krolo,BC Sindelfingen 5,Bezirksliga | Einzel,Kreismeisterschaften 10-Ball Herren Mitte | West 1,6,3,3,6.00,1568,1306,1831,134,2.81,0.19
Dominik Heinkele,BC Dätzingen 1,Bezirksliga | Einzel,Bezirksmeisterschaften 8er Ball Herren Mitte | Kreismeisterschaften 8-Ball Herren Mitte | West 2,8,4,4,8.00,1567,1320,1813,126,3.81,0.19
Pascal Habiger,BV Pforzheim 3,Bezirksliga | Einzel,Kreismeisterschaften 10-Ball Herren Mitte | West 1,7,2,5,7.00,1566,1296,1836,138,1.81,0.19
Patric Riedel,BULL Leonberg-Höfingen 2,Bezirksliga,Ost 1,2,2,0,2.00,1566,1144,1987,215,1.81,0.19
Theo Georgoudious,PBC Ochsenhausen 1 | PBC Ochsenhausen 2 | PBC Ochsenhausen 3,Einzel | Kreisliga A | Landesliga,Bezirksmeisterschaften 10er Ball Senioren Ost | Bezirksmeisterschaften 14.1e Senioren Ost | Bezirksmeisterschaften 8er Ball Senioren 45+Ost | Bezirksmeisterschaften 8er Ball Senioren Ost | Bezirksmeisterschaften 9er Ball Senioren 45+ Ost | Kreismeisterschaften 8-Ball Senioren Ost | Landesmeisterschaft 8er Ball Senioren 45+ | Ost | Ost 2,65,40,25,65.00,1566,1466,1667,51,39.81,0.19
Andreas Penckwitt,,Einzel,Bezirksmeisterschaften 8er Ball Senioren 45+Nord,3,1,2,3.00,1565,1235,1895,168,0.82,0.18
Qayssar Al Saedi,BSV Konstanz 1,Landesliga,Ost,2,1,1,2.00,1565,1218,1912,177,0.82,0.18
Andreas Gut,BV Villingen-Schwenningen 1 | BV Villingen-Schwenningen 2,Bezirksliga | Einzel | Landesliga,Bezirksmeisterschaften 10er Ball Herren West | Kreismeisterschaften 10-Ball Herren West | Kreismeisterschaften 8-Ball Senioren West | West | West 1 | West 2,41,24,17,41.00,1564,1435,1693,66,23.82,0.18
Sven Wezstein,PBC Bietigheim-Bissingen 1,Bezirksliga | Einzel,BM 10er Ball Senioren Mitte | BM 14/1 Einzel Senioren Mitte | BM 8er Ball Senioren Mitte | BM 9er Ball Senioren Mitte | Bezirksmeisterschaften 10er Ball Senioren 45+ Mitte | Bezirksmeisterschaften 10er Ball Senioren Mitte | Bezirksmeisterschaften 14.1e Senioren Mitte | Kreismeisterschaften 10-Ball Senioren Mitte | Kreismeisterschaften 14.1e Senioren Mitte | Kreismeisterschaften 8-Ball Senioren 45+ Mitte | Kreismeisterschaften 8-Ball Senioren Mitte | Kreismeisterschaften 9-Ball Senioren Mitte | Landesmeisterschaft 10er Ball Senioren | Ost 1,72,35,37,72.00,1563,1473,1654,46,34.82,0.18
Alexander Fischer,Tübinger BC 1 | Tübinger BC 2,Bezirksliga | Einzel | Kreisliga A | Landesliga,BM 10er Ball Herren Ost | BM 14/1 Einzel Herren Ost | BM 8er Ball Herren Ost | Bezirksmeisterschaften 10er Ball Herren Ost | Kreismeisterschaften 10-Ball Herren Ost | Kreismeisterschaften 14.1e Herren Ost | Kreismeisterschaften 8-Ball Herren Ost | Kreismeisterschaften 9-Ball Herren Ost | Landesmeisterschaft 10er Ball Herren | Ost | Ost 1,143,79,64,143.00,1561,1495,1627,34,78.83,0.17
Sascha Hiller,TV Cannstatt 3,Bezirksliga,Ost 1,2,2,0,2.00,1560,1135,1985,217,1.83,0.17
Alexandru Szabo,,Einzel,Kreismeisterschaften 10-Ball Herren Nord | Kreismeisterschaften 8-Ball Herren Nord | Kreismeisterschaften 9-Ball Herren Nord,10,4,6,10.00,1558,1334,1781,114,3.83,0.17
Franz Miehle,BC Bad Schussenried 3,Bezirksliga | Einzel | Kreisliga A,Bezirksmeisterschaften 14.1e Herren Ost | Bezirksmeisterschaften 8er Ball Herren Ost | Kreismeisterschaften 10-Ball Herren Ost | Kreismeisterschaften 8-Ball Herren Ost | Kreismeisterschaften 9-Ball Herren Ost | Ost 2,55,28,27,55.00,1558,1455,1661,52,27.83,0.17
Simon Bernecker,,Einzel,Bezirksmeisterschaften 8er Ball Herren Nord | Bezirksmeisterschaften 9er Ball Herren Nord | Kreismeisterschaften 10-Ball Herren Nord | Kreismeisterschaften 8-Ball Herren Nord | Kreismeisterschaften 9-Ball Herren Nord,17,7,10,17.00,1558,1372,1745,95,6.83,0.17
Mehmet Gürbüz,PBC Bräunlingen 2,Bezirksliga | Landesliga,West | West 2,3,2,1,3.00,1557,1226,1889,169,1.84,0.16
Christin Jentsch,PBC Aalen 2,Kreisliga A,Ost 2,2,1,1,2.00,1555,1211,1900,176,0.84,0.16
Olaf Schwarz,BC Sindelfingen 4,Einzel | Landesliga,BM 14/1 Einzel Senioren Mitte | BM 9er Ball Senioren Mitte | Bezirksmeisterschaften 10er Ball Senioren 55+ Mitte | Bezirksmeisterschaften 14.1e Senioren 55+ Mitte | Bezirksmeisterschaften 14.1e Senioren Mitte | Bezirksmeisterschaften 8er Ball Senioren 55+Mitte | Bezirksmeisterschaften 9er Ball Senioren 55+ Mitte | Bezirksmeisterschaften 9er Ball Senioren Mitte | Kreismeisterschaften 10-Ball Senioren 55+ Mitte | Kreismeisterschaften 10-Ball Senioren Mitte | Kreismeisterschaften 14.1e Senioren Mitte | Kreismeisterschaften 8-Ball Senioren 55+ Mitte | Kreismeisterschaften 8-Ball Senioren Mitte | Kreismeisterschaften 9-Ball Senioren 55+ Mitte | Kreismeisterschaften 9-Ball Senioren Mitte | Landesmeisterschaft 14.1e Senioren | West,80,38,42,80.00,1555,1467,1643,45,37.84,0.16
Thomas Tischmann,BC Blaustein 1,Bezirksliga | Kreisliga A | Landesliga,Ost | Ost 2,54,21,33,54.00,1554,1453,1655,51,20.85,0.15
Fiorenzo De Nuzzo,BV Pforzheim 2,Einzel | Landesliga,BM 14/1 Einzel Herren Mitte | BM 8er Ball Herren Mitte | Kreismeisterschaften 10-Ball Herren Mitte | Kreismeisterschaften 14.1e Herren Mitte | Kreismeisterschaften 8-Ball Herren Mitte | Kreismeisterschaften 9-Ball Herren Mitte | West,48,21,27,48.00,1553,1442,1664,56,20.85,0.15
Horst Bendig,P&S Denzlingen 1 | P&S Denzlingen 2,Einzel | Landesliga,Bezirksmeisterschaften 10er Ball Senioren West | Bezirksmeisterschaften 8er Ball Senioren West | West,61,27,34,61.00,1553,1457,1650,49,26.85,0.15
Jürgen Wilke,BSC Göppingen 1 | BSC Göppingen 2,Bezirksliga | Einzel,BM 10er Ball Senioren Ost | BM 9er Ball Senioren Ost | Kreismeisterschaften 10-Ball Senioren Ost | Kreismeisterschaften 9-Ball Senioren Ost | Ost 1,33,16,17,33.00,1553,1422,1684,67,15.85,0.15
Antonio Nuzziello,BSC Göppingen 2,Bezirksliga | Einzel | Kreisliga A | Landesliga,BM 8er Ball Senioren Ost | Bezirksmeisterschaften 8er Ball Senioren Ost | Kreismeisterschaften 8-Ball Senioren Ost | Landesmeisterschaft 8er Ball Senioren | Ost | Ost 1,100,48,52,100.00,1552,1475,1628,39,47.85,0.15
Christian Lorenz,BSV Tiengen 2,Landesliga,West,16,5,11,16.00,1552,1355,1749,101,4.85,0.15
Marc Wagner,BC Blaustein 1,Bezirksliga | Einzel | Kreisliga A | Landesliga,Bezirksmeisterschaften 9er Ball Senioren 45+ Ost | Kreismeisterschaften 9-Ball Senioren Ost | Ost | Ost 2,104,48,56,104.00,1552,1480,1624,37,47.85,0.15
Yahya Bouchikhi,P&S Denzlingen 2,Landesliga,West,12,6,6,12.00,1552,1336,1767,110,5.85,0.15
Andreas Rapp,BSC Göppingen 1 | BSC Göppingen 3,Bezirksliga,Ost 1,17,11,6,17.00,1551,1379,1723,88,10.85,0.15
Erol Ag,,Einzel,Kreismeisterschaften 8-Ball Senioren Mitte | Kreismeisterschaften 9-Ball Senioren Mitte,8,4,4,8.00,1551,1325,1778,116,3.85,0.15
Eyvinh Polvito,BSC Göppingen 3,Bezirksliga | Einzel,Bezirksmeisterschaften 10er Ball Herren Ost | Kreismeisterschaften 10-Ball Herren Ost | Kreismeisterschaften 8-Ball Herren Ost | Kreismeisterschaften 9-Ball Herren Ost | Ost 1 | Ost 2,37,19,18,37.00,1551,1422,1679,66,18.85,0.15
Stefan Herms,PBC Bräunlingen 2,Bezirksliga | Landesliga,West | West 1 | West 2,10,6,4,10.00,1550,1318,1782,118,5.86,0.14
Ibrahim Erdogan,,Einzel,Bezirksmeisterschaften 10er Ball Herren Nord | Bezirksmeisterschaften 14.1e Herren Nord | Bezirksmeisterschaften 9er Ball Herren Nord | Kreismeisterschaften 10-Ball Herren Nord | Kreismeisterschaften 14/1e Herren Nord | Kreismeisterschaften 9-Ball Herren Nord,31,13,18,31.00,1548,1410,1687,71,12.86,0.14
Nikolai Lupena,BSC Göppingen 3,Bezirksliga,Ost 1,6,2,4,6.00,1547,1285,1809,133,1.87,0.13
Sebastian Oswald,BSV Pfullingen 2 | BSV Pfullingen 3 | BSV Pfullingen 4,Bezirksliga | Kreisliga A,Ost 1,33,20,13,33.00,1546,1413,1679,68,19.87,0.13
Michael Würz,,Einzel,Kreismeisterschaften 8-Ball Senioren Nord,4,2,2,4.00,1545,1237,1853,157,1.87,0.13
Raphael Müller,BC Sindelfingen 5,Bezirksliga,West 1,2,1,1,2.00,1544,1201,1888,175,0.87,0.13
Önder Coskun,BSC Lions Bietigheim 1,Landesliga,West,2,1,1,2.00,1544,1200,1887,175,0.88,0.12
Marcel Biegler,BSV Pfullingen 3,Bezirksliga,Ost 1,4,1,3,4.00,1543,1226,1861,162,0.88,0.12
Andreas Dittrich,BSC St. Georgen 1,Bezirksliga | Landesliga,West | West 1 | West 2,110,65,45,110.00,1542,1468,1616,38,64.88,0.12
Ottmar Auzinger,PBC Ochsenhausen 1,Bezirksliga | Einzel | Landesliga,BM 10er Ball Senioren Ost | BM 14/1 Einzel Senioren Ost | BM 8er Ball Senioren Ost | BM 9er Ball Senioren Ost | Bezirksmeisterschaften 10er Ball Senioren Ost | Bezirksmeisterschaften 14.1e Senioren Ost | Bezirksmeisterschaften 8er Ball Senioren 55+Ost | Bezirksmeisterschaften 8er Ball Senioren Ost | Bezirksmeisterschaften 9er Ball Senioren Ost | Kreismeisterschaften 10-Ball Senioren Ost | Kreismeisterschaften 8-Ball Senioren 55+ Ost | Kreismeisterschaften 8-Ball Senioren Ost | Kreismeisterschaften 9-Ball Senioren Ost | Ost | Ost 2,150,60,90,150.00,1542,1480,1605,32,59.88,0.12
Uwe Machalett,PBC Freudenstadt 2 | PBC Freudenstadt 3,Bezirksliga | Landesliga,West | West 1,64,34,30,64.00,1542,1448,1637,48,33.88,0.12
Martin Weber,PBC Offenburg 3 | PBC Offenburg 4 | PBC Rastatt 4,Bezirksliga | Einzel | Kreisliga A,Kreismeisterschaften 8-Ball Herren West | West 1,46,29,17,46.00,1541,1432,1650,56,28.88,0.12
Matthias Maier,PBC Bräunlingen 1 | PBC Bräunlingen 2,Bezirksliga | Landesliga,West | West 1,28,15,13,28.00,1541,1395,1687,74,14.88,0.12
Bernd Schröder,PBC Bräunlingen 2,Bezirksliga | Landesliga,West | West 1 | West 2,59,33,26,59.00,1540,1439,1641,52,32.89,0.11
Markus Merz,,Einzel,BM 8er Ball Senioren Nord | Kreismeisterschaften 8-Ball Senioren Nord,7,3,4,7.00,1540,1302,1779,122,2.89,0.11
Sander Damrau,BSV Pfullingen 1 | BSV Pfullingen 2,Einzel | Landesliga,Kreismeisterschaften 9-Ball Herren Ost | Ost,29,10,19,29.00,1539,1403,1674,69,9.89,0.11
Andreas Dirlewanger,PBC Bad Saulgau 3,Kreisliga A,Ost 2,23,14,9,23.00,1538,1392,1685,75,13.89,0.11
Kevin Künstler,BSC Göppingen 3,Bezirksliga | Einzel | Kreisliga A,Kreismeisterschaften 10-Ball Herren Ost | Kreismeisterschaften 9-Ball Herren Ost | Ost 1 | Ost 2,71,35,36,71.00,1536,1444,1627,47,34.90,0.10
Martin Brunsch,,Einzel,BM 10er Ball Senioren Mitte (Sindelfingen) 2019-2020 | Landesmeisterschaft 14.1e Senioren,6,2,4,6.00,1536,1243,1830,150,1.90,0.10
Mike Becker,PBC Offenburg 3 | PBC Offenburg 4,Bezirksliga | Einzel | Landesliga,Kreismeisterschaften 8-Ball Senioren West | West | West 1,31,15,16,31.00,1533,1403,1662,66,14.91,0.09
Yasar Mak,BV Backnang/Welzheim 1,Kreisliga A,Ost 2,2,2,0,2.00,1533,1089,1978,227,1.90,0.10
Günther Bastian,PBC Langenargen 2 | PBC Langenargen 3 | PBC Langenargen 4,Bezirksliga | Kreisliga A,Ost 2,35,19,16,35.00,1532,1406,1657,64,18.91,0.09
Nicholas Hoeldtke,BC Stuttgart 1891 7,Kreisliga A,Ost 1,2,1,1,2.00,1532,1183,1881,178,0.91,0.09
Rebeca Romero Ulloa,BC Stuttgart 1891 6,Kreisliga A,Ost 1,2,1,1,2.00,1532,1183,1881,178,0.91,0.09
Steffen Adler,,Einzel,Bezirksmeisterschaften 10er Ball Herren Nord | Bezirksmeisterschaften 14.1e Herren Nord | Bezirksmeisterschaften 9er Ball Herren Nord | Kreismeisterschaften 10-Ball Herren Nord | Kreismeisterschaften 14/1e Herren Nord | Kreismeisterschaften 9-Ball Herren Nord,33,13,20,33.00,1531,1393,1670,71,12.91,0.09
Daniel Zmalec,PBC Bietigheim-Bissingen 1,Bezirksliga | Einzel,BM 10er Ball Senioren Mitte | BM 9er Ball Senioren Mitte | Kreismeisterschaften 10-Ball Senioren Mitte | Kreismeisterschaften 8-Ball Senioren 45+ Mitte | Kreismeisterschaften 9-Ball Senioren Mitte | Landesmeisterschaft 9er Ball Senioren | Ost 1,38,19,19,38.00,1528,1407,1648,61,18.92,0.08
Marcel Haab,BC Dätzingen 1,Bezirksliga | Einzel,Kreismeisterschaften 8-Ball Herren Mitte | West 2,5,3,2,5.00,1528,1233,1823,151,2.92,0.08
Roberto Savcic,,Einzel,Kreismeisterschaften 10-Ball Herren Mitte | Kreismeisterschaften 8-Ball Herren Mitte | Kreismeisterschaften 9-Ball Herren Mitte,10,4,6,10.00,1528,1311,1745,111,3.92,0.08
Tobias Zeller,,Einzel,Kreismeisterschaften 9-Ball Herren Mitte,3,1,2,3.00,1528,1203,1852,166,0.92,0.08
Alexander Hemmer,BBC Plochingen 1 | BBC Plochingen 2,Bezirksliga | Kreisliga A | Landesliga,Ost | Ost 1,35,17,18,35.00,1527,1403,1652,63,16.92,0.08
Axel Schmucker,,Einzel,BM 10er Ball Senioren Nord (PBC Waghäusel) 2019-2020,4,2,2,4.00,1527,1224,1830,155,1.92,0.08
Hardi Engel,BV Markdorf 2,Bezirksliga,Ost 2,59,27,32,59.00,1527,1430,1624,49,26.92,0.08
Riccardo Heinen,,Einzel,Bezirksmeisterschaften 14.1e Herren Nord | Kreismeisterschaften 10-Ball Herren Nord | Kreismeisterschaften 14.1e Herren Nord | Kreismeisterschaften 8-Ball Herren Nord | Kreismeisterschaften 9-Ball Herren Nord,28,12,16,28.00,1527,1384,1670,73,11.92,0.08
Uwe Barth,PBC Ochsenhausen 1 | PBC Ochsenhausen 2 | PBC Ochsenhausen 3,Einzel | Kreisliga A | Landesliga,Bezirksmeisterschaften 10er Ball Senioren Ost | Bezirksmeisterschaften 8er Ball Senioren 55+Ost | Kreismeisterschaften 8-Ball Senioren 55+ Ost | Ost | Ost 2,71,43,28,71.00,1527,1438,1616,45,42.92,0.08
Axel Klimmer,PBC Bräunlingen 1 | PBC Bräunlingen 2,Bezirksliga | Einzel | Landesliga,Bezirksmeisterschaften 10er Ball Senioren 45+ West | Bezirksmeisterschaften 8er Ball Senioren 45+West | Bezirksmeisterschaften 8er Ball Senioren West | Bezirksmeisterschaften 9er Ball Senioren 45+ West | West | West 2,77,38,39,77.00,1526,1439,1613,44,37.93,0.07
Michael Strenski,,Einzel,Kreismeisterschaften 14.1e Senioren Nord,4,2,2,4.00,1526,1214,1838,159,1.92,0.08
Thomas Drey,BF Bronnen 1 | PBC Ochsenhausen 3,Einzel | Kreisliga A,BM 10er Ball Senioren Ost | BM 10er Ball Senioren Ost (Pfullingen) 2019-2020 | BM 8er Ball Senioren Ost | BM 9er Ball Senioren Ost | Bezirksmeisterschaften 9er Ball Senioren Ost | Kreismeisterschaften 10-Ball Senioren Ost | Kreismeisterschaften 8-Ball Senioren Ost | Kreismeisterschaften 9-Ball Senioren Ost | Ost 1 | Ost 2,111,63,48,111.00,1526,1453,1599,37,62.93,0.07
Florian Walther,,Einzel,BM 10er Ball Senioren Nord | Bezirksmeisterschaften 8er Ball Senioren 55+Nord | Kreismeisterschaften 10-Ball Senioren Nord | Kreismeisterschaften 14.1e Senioren Nord | Kreismeisterschaften 8-Ball Senioren 55+ Nord | Kreismeisterschaften 8-Ball Senioren Nord | Kreismeisterschaften 9-Ball Senioren Nord,26,12,14,26.00,1525,1381,1670,74,11.93,0.07
Sascha Nyffeler,BC Weingarten 1 | PBC Langenargen 1 | PBC Langenargen 2,Bezirksliga | Landesliga,Ost | Ost 2,42,18,24,42.00,1525,1413,1638,57,17.93,0.07
Steffen Feuerbacher,PBC Freudenstadt 2,Bezirksliga | Einzel | Landesliga,BM 10er Ball Herren West (Offenburg) 2019-2020 | West | West 1,63,30,33,63.00,1525,1429,1622,49,29.93,0.07
Süleyman Altinyaldiz,,Einzel,Kreismeisterschaften 8-Ball Senioren Nord,3,1,2,3.00,1525,1193,1857,169,0.93,0.07
Andrei Deliman,,Einzel,Bezirksmeisterschaften 14.1e Herren Mitte | Bezirksmeisterschaften 8er Ball Herren Mitte | Kreismeisterschaften 10-Ball Herren Mitte | Kreismeisterschaften 14.1e Herren Mitte | Kreismeisterschaften 14/1e Herren Mitte | Kreismeisterschaften 8-Ball Herren Mitte | Kreismeisterschaften 9-Ball Herren Mitte,30,12,18,30.00,1523,1383,1663,71,11.93,0.07
Horst Hardtke,BC Aalen 3,Landesliga,Ost,2,1,1,2.00,1523,1180,1865,175,0.94,0.06
Joao Rodrigues,BSV Pfullingen 2 | BSV Pfullingen 3 | BSV Pfullingen 4,Bezirksliga | Einzel | Kreisliga A,BM 8er Ball Herren Ost | Kreismeisterschaften 9-Ball Herren Ost | Ost 1,95,48,47,95.00,1523,1446,1599,39,47.93,0.07
Mirjan Hidri,PBC Freudenstadt 2 | PBC Freudenstadt 3,Bezirksliga | Landesliga,West | West 1,20,11,9,20.00,1523,1362,1684,82,10.93,0.07
Roland Menrath,,Einzel,BM 14/1 Einzel Senioren Nord | BM 8er Ball Senioren Nord | Kreismeisterschaften 10-Ball Senioren Nord | Kreismeisterschaften 14.1e Senioren Nord | Kreismeisterschaften 8-Ball Senioren Nord | Kreismeisterschaften 9-Ball Senioren Nord,21,9,12,21.00,1523,1365,1681,81,8.93,0.07
Dennis Göricke,Tübinger BC 2,Kreisliga A,Ost 1,6,4,2,6.00,1522,1229,1815,149,3.94,0.06
Jürgen Steinmann,,Einzel,Kreismeisterschaften 9-Ball Senioren Nord,9,5,4,9.00,1522,1287,1757,120,4.94,0.06
Martin Wistuba,BSV Pfullingen 2 | BSV Pfullingen 3 | BSV Pfullingen 4,Bezirksliga | Kreisliga A,Ost 1,41,24,17,41.00,1522,1399,1646,63,23.94,0.06
Dietmar Lübke,BSV Filderstadt 5 | PBC Reutlingen 2,Kreisliga A,Ost 1,13,9,4,13.00,1521,1303,1739,111,8.94,0.06
Fabian Thoma-Schuck,BC Weingarten 1 | BC Weingarten 2,Bezirksliga | Kreisliga A,Ost 2,72,38,34,72.00,1521,1429,1613,47,37.94,0.06
Oliver Hauke,PF Calw 2,Bezirksliga | Einzel,BM 10er Ball Herren Mitte (Sindelfingen) 2019-2020 | Kreismeisterschaften 10-Ball Herren Mitte | Kreismeisterschaften 14/1e Herren Mitte | Kreismeisterschaften 8-Ball Herren Mitte | Kreismeisterschaften 9-Ball Herren Mitte | West 1,24,10,14,24.00,1521,1371,1672,77,9.94,0.06
Sven Götz,,Einzel,BM 9er Ball Senioren Nord | Kreismeisterschaften 9-Ball Senioren Nord,7,3,4,7.00,1521,1275,1767,125,2.94,0.06
Jozsef Zvorinji,TV Cannstatt 2,Landesliga,Ost,2,1,1,2.00,1518,1155,1882,185,0.95,0.05
Marcus Elfenthal,P&S Denzlingen 1 | P&S Denzlingen 2 | P&S Denzlingen 3,Bezirksliga | Einzel | Landesliga,Bezirksmeisterschaften 10er Ball Senioren West | Bezirksmeisterschaften 8er Ball Senioren West | Kreismeisterschaften 8-Ball Senioren West | West | West 1 | West 2,99,49,50,99.00,1517,1439,1596,40,48.95,0.05
Peter Arndt Marroquin,BC Weingarten 2,Kreisliga A,Ost 2,24,14,10,24.00,1517,1368,1667,76,13.95,0.05
Tom Mischner,PBC Langenargen 1 | PBC Langenargen 2 | PBC Langenargen 3,Bezirksliga | Einzel | Kreisliga A | Landesliga,BM 10er Ball Herren Ost | Kreismeisterschaften 10-Ball Herren Ost | Kreismeisterschaften 8-Ball Herren Ost | Kreismeisterschaften 9-Ball Herren Ost | Ost | Ost 2,68,35,33,68.00,1517,1425,1609,47,34.95,0.05
Frank Vorauer,,Einzel,BM 10er Ball Herren Mitte (Sindelfingen) 2019-2020 | BM 8er Ball Herren Mitte | Bezirksmeisterschaften 14.1e Herren Mitte | Kreismeisterschaften 10-Ball Herren Mitte | Kreismeisterschaften 14.1e Herren Mitte | Kreismeisterschaften 14/1e Herren Mitte | Kreismeisterschaften 8-Ball Herren Mitte | Kreismeisterschaften 9-Ball Herren Mitte,28,10,18,28.00,1516,1369,1662,75,9.95,0.05
Michal Radwan,,Einzel,Bezirksmeisterschaften 8er Ball Herren Mitte | Kreismeisterschaften 10-Ball Herren Mitte | Kreismeisterschaften 8-Ball Herren Mitte,9,3,6,9.00,1516,1276,1757,123,2.95,0.05
Udo Gleich,BC Blaustein 1,Bezirksliga | Kreisliga A | Landesliga,Ost | Ost 2,54,27,27,54.00,1516,1413,1620,53,26.95,0.05
Boris Golic,PBC Ochsenhausen 1,Bezirksliga | Einzel | Landesliga,BM 10er Ball Senioren Ost | Bezirksmeisterschaften 10er Ball Senioren Ost | Bezirksmeisterschaften 8er Ball Senioren Ost | Kreismeisterschaften 10-Ball Senioren Ost | Kreismeisterschaften 8-Ball Senioren Ost | Ost | Ost 2,117,43,74,117.00,1515,1444,1586,36,42.96,0.04
Anastasios Kagelidis,PP Böblingen 2,Einzel | Kreisliga A,BM 10er Ball Senioren Mitte | BM 10er Ball Senioren Mitte (Sindelfingen) 2019-2020 | BM 8er Ball Senioren Mitte | Kreismeisterschaften 10-Ball Senioren Mitte | Kreismeisterschaften 14.1e Senioren Mitte | Kreismeisterschaften 8-Ball Senioren Mitte | Kreismeisterschaften 9-Ball Senioren Mitte | West 2,40,19,21,40.00,1514,1398,1631,59,18.96,0.04
Benjamin Ropertz,BV Leonberg 1,Bezirksliga | Einzel,BM 9er Ball Herren Mitte | Bezirksmeisterschaften 14.1e Herren Mitte | Kreismeisterschaften 10-Ball Herren Mitte | Kreismeisterschaften 14.1e Herren Mitte | Kreismeisterschaften 14/1e Herren Mitte | Kreismeisterschaften 9-Ball Herren Mitte | Ost 1,30,12,18,30.00,1514,1378,1650,69,11.96,0.04
Roberto D`Elia,BC Unterteuringen 1,Bezirksliga,Ost 2,102,48,54,102.00,1513,1441,1586,37,47.96,0.04
Ahmad Nassar,,Einzel,Bezirksmeisterschaften 10er Ball Herren Nord | Bezirksmeisterschaften 8er Ball Herren Nord | Bezirksmeisterschaften 9er Ball Herren Nord | Kreismeisterschaften 10-Ball Herren Nord | Kreismeisterschaften 8-Ball Herren Nord | Kreismeisterschaften 9-Ball Herren Nord,24,10,14,24.00,1512,1358,1666,79,9.96,0.04
Rainer Seemann,,Einzel,BM 14/1 Einzel Herren Nord | BM 8er Ball Herren Nord | Kreismeisterschaften 10-Ball Herren Nord | Kreismeisterschaften 8-Ball Herren Nord,13,5,8,13.00,1511,1309,1713,103,4.97,0.03
Bernd Füess,,Einzel,Bezirksmeisterschaften 10er Ball Senioren 55+ Mitte | Kreismeisterschaften 10-Ball Senioren 55+ Mitte,8,4,4,8.00,1510,1259,1761,128,3.97,0.03
Stefan Gaschler,,Einzel,Bezirksmeisterschaften 8er Ball Herren Nord | Kreismeisterschaften 8-Ball Herren Nord,10,4,6,10.00,1509,1283,1734,115,3.98,0.02
Thomas Enge,PBC Reutlingen 2 | PBC Reutlingen 3,Bezirksliga | Kreisliga A,Ost 1,36,20,16,36.00,1508,1382,1635,64,19.98,0.02
Steffen Röschinger,BBC Plochingen 2,Bezirksliga | Kreisliga A,Ost 1,12,4,8,12.00,1507,1301,1712,105,3.98,0.02
Arno Marotz,BSV Filderstadt 2 | BSV Filderstadt 3 | BSV Filderstadt 4,Bezirksliga | Landesliga,Ost | Ost 1,91,39,52,91.00,1506,1425,1587,41,38.98,0.02
Dimitrios Vafiadis,PBC Langenargen 2 | PBC Langenargen 3,Bezirksliga | Kreisliga A,Ost 2,4,2,2,4.00,1506,1196,1816,158,1.98,0.02
Frank Schwenk,BSC Göppingen 1 | BSC Göppingen 2,Einzel | Landesliga,BM 8er Ball Herren Ost | BM 9er Ball Herren Ost | Bezirksmeisterschaften 10er Ball Herren Ost | Bezirksmeisterschaften 14.1e Herren Ost | Bezirksmeisterschaften 8er Ball Herren Ost | Kreismeisterschaften 10-Ball Herren Ost | Kreismeisterschaften 14.1e Herren Ost | Kreismeisterschaften 8-Ball Herren Ost | Kreismeisterschaften 9-Ball Herren Ost | Ost,89,27,62,89.00,1505,1418,1592,44,26.99,0.01
Tobias Walz,PBC Nagoldtal 3,Bezirksliga,West 2,2,1,1,2.00,1505,1162,1848,175,0.99,0.01
Francesco Dragotta,PBC Reutlingen 1 | Tübinger BC 3,Einzel | Kreisliga A | Landesliga,Kreismeisterschaften 10-Ball Herren Ost | Kreismeisterschaften 8-Ball Herren Ost | Landesjugendmeisterschaft 2026 10-Ball U22 v2 | Landesjugendmeisterschaft 2026 9-Ball U22 | Ost 1 | West,38,22,16,38.00,1504,1383,1625,62,21.99,0.01
Uwe Cordes,Tübinger BC 1,Bezirksliga | Einzel | Landesliga,Kreismeisterschaften 10-Ball Senioren Ost | Ost | Ost 1,15,5,10,15.00,1504,1307,1702,101,4.99,0.01
Tobias Küderle,PBC Offenburg 3,Bezirksliga | Einzel | Landesliga,BM 9er Ball Herren West | Kreismeisterschaften 8-Ball Herren West | Kreismeisterschaften 9-Ball Herren West | West | West 1,59,24,35,59.00,1503,1406,1600,49,23.99,0.01
Ervin Lika,BSV Filderstadt 4 | BSV Filderstadt 5,Kreisliga A | Landesliga,Ost | Ost 1,21,9,12,21.00,1502,1346,1657,79,9.00,0.00
Franz Hochenegg,BC Weingarten 1 | BC Weingarten 2,Kreisliga A | Landesliga,Ost | Ost 2,14,8,6,14.00,1502,1308,1696,99,7.99,0.01
Frank Flach,PBC Ochsenhausen 1 | PBC Ochsenhausen 2,Bezirksliga | Kreisliga A,Ost 2,20,11,9,20.00,1501,1335,1667,85,11.00,0.00
Thomas Durst,BC Stuttgart 1891 2,Einzel | Landesliga,Kreismeisterschaften 8-Ball Senioren Mitte | Ost,7,3,4,7.00,1501,1261,1742,123,3.00,0.00
Alex Wei,PBC Rastatt 3,Kreisliga A,West 1,2,1,1,2.00,1500,1160,1840,174,1.00,0.00
Jürgen Müller,PBC Rastatt 4,Kreisliga A,West 1,2,1,1,2.00,1500,1160,1840,174,1.00,0.00
Philip Kammnick,BC Bad Schussenried 2 | BC Bad Schussenried 3,Bezirksliga | Einzel | Kreisliga A,BM 14/1 Einzel Herren Ost | Bezirksmeisterschaften 10er Ball Herren Ost | Kreismeisterschaften 10-Ball Herren Ost | Kreismeisterschaften 8-Ball Herren Ost | Kreismeisterschaften 9-Ball Herren Ost | Ost 2,96,48,48,96.00,1500,1422,1578,40,48.00,0.00
Sven Schulz,PBC Nagoldtal 3,Bezirksliga,West 2,2,1,1,2.00,1498,1157,1838,174,1.01,-0.01
Pietro Calo,BV Markdorf 2 | BV Markdorf 3,Bezirksliga | Einzel | Kreisliga A,BM 14/1 Einzel Senioren Ost | BM 9er Ball Senioren Ost | Bezirksmeisterschaften 14.1e Senioren Ost | Kreismeisterschaften 8-Ball Senioren Ost | Ost 2,104,43,61,104.00,1497,1423,1572,38,43.01,-0.01
Reaven Zhang,P&S Denzlingen 1 | P&S Denzlingen 2,Bezirksliga | Landesliga,West | West 2,6,2,4,6.00,1497,1237,1758,133,2.01,-0.01
Timo Reinert,,Einzel,Kreismeisterschaften 8-Ball Herren Nord,4,2,2,4.00,1497,1176,1817,163,2.01,-0.01
Arash Dayyani,BC Dätzingen 1,Bezirksliga | Einzel,Kreismeisterschaften 8-Ball Herren Mitte | West 2,9,4,5,9.00,1495,1263,1727,119,4.01,-0.01
Martin Heinrich,,Einzel,Kreismeisterschaften 10-Ball Senioren Nord | Kreismeisterschaften 8-Ball Senioren 55+ Nord,6,2,4,6.00,1495,1236,1754,132,2.01,-0.01
Ulrich Oswald,BSV Filderstadt 2 | BSV Filderstadt 3 | BSV Filderstadt 4 | BSV Filderstadt 5,Bezirksliga | Einzel | Kreisliga A | Landesliga,BM 10er Ball Herren Ost | Kreismeisterschaften 10-Ball Herren Ost | Kreismeisterschaften 8-Ball Herren Ost | Ost | Ost 1,99,42,57,99.00,1495,1418,1572,39,42.01,-0.01
Sven Kaupp,,Einzel,Kreismeisterschaften 10-Ball Herren Mitte | Kreismeisterschaften 14.1e Herren Mitte | Kreismeisterschaften 8-Ball Herren Mitte | Kreismeisterschaften 9-Ball Herren Mitte,12,4,8,12.00,1494,1281,1707,109,4.02,-0.02
Jürgen Porzelt,BSV Tiengen 3 | BSV Tiengen 4,Bezirksliga | Einzel,Kreismeisterschaften 8-Ball Herren West | West 1,57,34,23,57.00,1493,1389,1596,53,34.02,-0.02
Michael Keuker,,Einzel,Kreismeisterschaften 8-Ball Senioren Nord,3,1,2,3.00,1492,1166,1819,167,1.02,-0.02
Nils Dannhauer,BC Feuersee 1,Einzel | Kreisliga A,BM 10er Ball Herren Mitte (Sindelfingen) 2019-2020 | Kreismeisterschaften 10-Ball Herren Mitte | Kreismeisterschaften 14.1e Herren Mitte | Kreismeisterschaften 8-Ball Herren Mitte | Kreismeisterschaften 9-Ball Herren Mitte | Ost 2,30,13,17,30.00,1492,1357,1627,69,13.02,-0.02
Axel Eberle,,Einzel,Bezirksmeisterschaften 10er Ball Senioren 55+ Nord | Bezirksmeisterschaften 10er Ball Senioren Nord | Bezirksmeisterschaften 8er Ball Senioren Nord | Kreismeisterschaften 10-Ball Senioren Nord | Kreismeisterschaften 8-Ball Senioren 55+ Nord | Kreismeisterschaften 8-Ball Senioren Nord,27,11,16,27.00,1491,1344,1638,75,11.03,-0.03
Oliver Geuder,,Einzel,Bezirksmeisterschaften 8er Ball Senioren 55+Nord | Kreismeisterschaften 8-Ball Senioren 55+ Nord,7,3,4,7.00,1490,1237,1743,129,3.03,-0.03
Frank Diedrich Aufn.: 1; Ø: 0.00,,Einzel,BM 14/1 Einzel Senioren West,1,0,1,1.00,1489,1021,1957,239,0.03,-0.03
Joachim Koepke,PBC Offenburg 3 | PBC Offenburg 4 | PBC Offenburg 5,Bezirksliga | Einzel | Landesliga,Kreismeisterschaften 14.1e Herren West | Kreismeisterschaften 8-Ball Herren West | West | West 1,63,27,36,63.00,1489,1391,1587,50,27.03,-0.03
Jasim Ammar Jasim Al-Khazraji,,Einzel,Kreismeisterschaften 10-Ball Herren Nord | Kreismeisterschaften 14.1e Herren Nord | Kreismeisterschaften 8-Ball Herren Nord | Kreismeisterschaften 9-Ball Herren Nord,12,4,8,12.00,1488,1269,1708,112,4.03,-0.03
Ewald Bausch,PBC Langenargen 1 | PBC Langenargen 2,Bezirksliga | Einzel,Bezirksmeisterschaften 9er Ball Herren Ost | Kreismeisterschaften 10-Ball Herren Ost | Kreismeisterschaften 9-Ball Herren Ost | Ost 2,42,14,28,42.00,1487,1371,1604,60,14.04,-0.04
Hermann Krieger,,Einzel,Kreismeisterschaften 10-Ball Herren Nord | Kreismeisterschaften 8-Ball Herren Nord | Kreismeisterschaften 9-Ball Herren Nord,10,4,6,10.00,1486,1251,1722,120,4.04,-0.04
Mustafa Basaran,BSV Filderstadt 4,Landesliga,Ost,5,1,4,5.00,1486,1177,1794,157,1.04,-0.04
Stefanie Arndt,BSV Tiengen 3,Bezirksliga | Einzel,Bezirksmeisterschaften 10er Ball Damen West | Bezirksmeisterschaften 14.1e Damen West | Bezirksmeisterschaften 8er Ball Damen West | Landesmeisterschaft 10er Ball Damen | Landesmeisterschaft 14.1e Damen | West 2,25,14,11,25.00,1486,1331,1641,79,14.04,-0.04
Daniel Merbitz Aufn.: 6; Ø: 0.00,,Einzel,Landesmeisterschaft 14.1e Senioren,1,0,1,1.00,1485,1022,1947,236,0.04,-0.04
Mathias Hehle,PBC Bad Saulgau 2 | PBC Bad Saulgau 3,Bezirksliga | Kreisliga A,Ost 2,33,22,11,33.00,1485,1350,1620,69,22.04,-0.04
Thorsten Möhle,,Einzel,BM 9er Ball Senioren Mitte | Kreismeisterschaften 10-Ball Senioren Mitte | Kreismeisterschaften 9-Ball Senioren Mitte,11,5,6,11.00,1485,1283,1688,103,5.04,-0.04
Andreas Stüber,,Einzel,BM 10er Ball Senioren Nord (PBC Waghäusel) 2019-2020 | BM 9er Ball Senioren Nord | Kreismeisterschaften 10-Ball Senioren Nord | Kreismeisterschaften 8-Ball Senioren Nord | Kreismeisterschaften 9-Ball Senioren Nord,20,8,12,20.00,1483,1317,1649,85,8.05,-0.05
Florian Schwägler,PBC Freudenstadt 3,Bezirksliga | Einzel | Landesliga,Bezirksmeisterschaften 8er Ball Herren West | Kreismeisterschaften 8-Ball Herren West | West | West 1,117,57,60,117.00,1483,1411,1554,37,57.05,-0.05
Partha Ghosh,Tübinger BC 1 | Tübinger BC 2,Bezirksliga | Einzel | Kreisliga A,Bezirksmeisterschaften 14.1e Herren Ost | Kreismeisterschaften 10-Ball Herren Ost | Kreismeisterschaften 8-Ball Herren Ost | Kreismeisterschaften 9-Ball Herren Ost | Ost 1,30,14,16,30.00,1482,1347,1617,69,14.05,-0.05
Ralf Kempermann Aufn.: 1; Ø: 0.00,,Einzel,Bezirksmeisterschaften 14.1e Senioren Nord,1,0,1,1.00,1482,1022,1941,235,0.05,-0.05
Zan Bong Yuen,,Einzel,Kreismeisterschaften 10-Ball Herren Nord | Kreismeisterschaften 9-Ball Herren Nord,6,2,4,6.00,1481,1226,1737,130,2.05,-0.05
Mike Siege,PBC Offenburg 5,Bezirksliga | Einzel,Kreismeisterschaften 10-Ball Herren West | Kreismeisterschaften 14.1e Herren West | West 1,25,14,11,25.00,1476,1331,1621,74,14.07,-0.07
Peter Link,BSV Shooters Fellbach 2,Einzel | Kreisliga A,BM 10er Ball Senioren Mitte | BM 8er Ball Senioren Mitte | BM 9er Ball Senioren Mitte | Bezirksmeisterschaften 8er Ball Senioren Mitte | Bezirksmeisterschaften 9er Ball Senioren Mitte | Kreismeisterschaften 10-Ball Senioren Mitte | Kreismeisterschaften 8-Ball Senioren Mitte | Kreismeisterschaften 9-Ball Senioren Mitte | Landesmeisterschaft 9er Ball Senioren | Ost 1,53,23,30,53.00,1476,1366,1586,56,23.07,-0.07
Sascha Link,,Einzel,Kreismeisterschaften 8-Ball Senioren Nord | Kreismeisterschaften 9-Ball Senioren Nord,5,2,3,5.00,1476,1204,1747,139,2.07,-0.07
Phi Dang,P&S Denzlingen 2 | P&S Denzlingen 3,Bezirksliga | Landesliga,West | West 1 | West 2,12,5,7,12.00,1475,1275,1675,102,5.07,-0.07
Furkan Özkan,,Einzel,Kreismeisterschaften 9-Ball Herren Mitte,3,1,2,3.00,1474,1143,1806,169,1.07,-0.07
Joel Louis Egon Strohmayer,,Einzel,Kreismeisterschaften 10-Ball Herren Mitte | Kreismeisterschaften 9-Ball Herren Mitte | Landesjugendmeisterschaft mU22 10 Ball | Landesjugendmeisterschaft mU22 9 Ball | Landesjugendmeisterschaft u14-u22 10-Ball | Landesjugendmeisterschaft u14-u22 14/1e | Landesjugendmeisterschaft u14-u22 8-Ball | Landesjugendmeisterschaft u14-u22 9-Ball,28,11,17,28.00,1472,1326,1618,74,11.08,-0.08
Marc-Andre Barisch,,Einzel,Kreismeisterschaften 8-Ball Herren Mitte,3,1,2,3.00,1472,1152,1792,163,1.08,-0.08
Simon Conrad,BSG Albstadt 1,Bezirksliga | Einzel,Kreismeisterschaften 10-Ball Senioren West | Kreismeisterschaften 8-Ball Senioren West | Kreismeisterschaften 9-Ball Senioren West | West 1 | West 2,67,37,30,67.00,1472,1379,1565,48,37.08,-0.08
Frederik Nyberg,PBC Langenargen 2,Bezirksliga,Ost 2,20,7,13,20.00,1470,1312,1627,80,7.09,-0.09
Lynn Kohl,PBC Offenburg 4 | PBC Offenburg 5,Bezirksliga,West 1,4,2,2,4.00,1470,1184,1756,146,2.09,-0.09
Marius Witt,,Einzel,LJM 2023 m-u15/17 10-Ball | LJM 2023 m-u15/17 8-Ball | LJM 2023 m-u15/17 9-Ball | Landesjugendmeisterschaft mU18 10 Ball | Landesjugendmeisterschaft mU18 14.1e | Landesjugendmeisterschaft mU18 8 Ball | Landesjugendmeisterschaft mU18 9 Ball | Landesjugendmeisterschaft u14-u22 10-Ball | Landesjugendmeisterschaft u14-u22 14/1e | Landesjugendmeisterschaft u14-u22 8-Ball | Landesjugendmeisterschaft u14-u22 9-Ball,39,20,19,39.00,1469,1347,1592,63,20.09,-0.09
Ronald Rogge,,Einzel,BM 14/1 Einzel Herren Nord | Bezirksmeisterschaften 10er Ball Herren Nord | Kreismeisterschaften 10-Ball Herren Nord | Kreismeisterschaften 14.1e Herren Nord | Kreismeisterschaften 8-Ball Herren Nord | Kreismeisterschaften 9-Ball Herren Nord,26,8,18,26.00,1469,1305,1632,83,8.09,-0.09
Sebastian Zinck,BC Stuttgart 1891 7,Kreisliga A,Ost 1,2,1,1,2.00,1468,1119,1817,178,1.09,-0.09
Wilmer Rivera Bruno,BC Stuttgart 1891 6,Kreisliga A,Ost 1,2,1,1,2.00,1468,1119,1817,178,1.09,-0.09
Frank Diedrich,PBC Sand 2,Bezirksliga | Einzel,BM 10er Ball Senioren West | BM 14/1 Einzel Senioren West | BM 8er Ball Senioren West | Bezirksmeisterschaften 10er Ball Senioren West | Bezirksmeisterschaften 14.1e Senioren West | Bezirksmeisterschaften 8er Ball Senioren 55+West | Bezirksmeisterschaften 8er Ball Senioren West | Bezirksmeisterschaften 9er Ball Senioren 55+ West | Bezirksmeisterschaften 9er Ball Senioren West | Kreismeisterschaften 10-Ball Senioren West | Kreismeisterschaften 8-Ball Senioren West | Landesmeisterschaft 8er Ball Senioren 55+ | Landesmeisterschaft 9er Ball Senioren 55+ | West 1,81,31,50,81.00,1466,1381,1552,44,31.10,-0.10
Thomas Hirschberger,,Einzel,BM 14/1 Einzel Senioren Mitte | BM 8er Ball Senioren Mitte | Kreismeisterschaften 14.1e Senioren Mitte | Kreismeisterschaften 8-Ball Senioren Mitte,12,4,8,12.00,1466,1251,1682,110,4.10,-0.10
Heiko Difflipp,,Einzel,BM 10er Ball Senioren Mitte | Bezirksmeisterschaften 8er Ball Senioren 45+Mitte | Bezirksmeisterschaften 9er Ball Senioren 45+ Mitte | Bezirksmeisterschaften 9er Ball Senioren Mitte | Kreismeisterschaften 10-Ball Senioren Mitte | Kreismeisterschaften 14.1e Senioren Mitte | Kreismeisterschaften 8-Ball Senioren 45+ Mitte | Kreismeisterschaften 8-Ball Senioren Mitte | Kreismeisterschaften 9-Ball Senioren 45+ Mitte | Kreismeisterschaften 9-Ball Senioren Mitte,52,22,30,52.00,1465,1352,1577,57,22.10,-0.10
Peter Restle,BSV Pfullingen 2 | BSV Pfullingen 3 | BSV Pfullingen 4,Bezirksliga | Kreisliga A,Ost 1,79,39,40,79.00,1465,1377,1552,45,39.10,-0.10
Christoph Tropschuh,BBC Plochingen 2,Bezirksliga | Kreisliga A,Ost 1,98,47,51,98.00,1464,1386,1542,40,47.10,-0.10
Jan Weber,PBC Bad Saulgau 2 | PBC Bad Saulgau 3,Bezirksliga | Kreisliga A,Ost 2,46,25,21,46.00,1464,1354,1573,56,25.10,-0.10
Matthias Adler,PBC Offenburg 4,Landesliga,West,20,7,13,20.00,1464,1307,1622,80,7.10,-0.10
Tobias Reisner,PBC Aalen 1,Bezirksliga | Einzel,Kreismeisterschaften 10-Ball Herren Mitte | Ost 2,4,2,2,4.00,1464,1167,1761,151,2.10,-0.10
Marco Klotzer,BSV Filderstadt 4,Bezirksliga,Ost 1,12,5,7,12.00,1463,1253,1673,107,5.11,-0.11
Muho Dizdarevic,BULL Leonberg-Höfingen 3,Kreisliga A,Ost 2,2,1,1,2.00,1461,1119,1804,175,1.11,-0.11
Armin Reidel,,Einzel,BM 9er Ball Senioren Nord | Kreismeisterschaften 9-Ball Senioren Nord,7,3,4,7.00,1460,1192,1728,137,3.11,-0.11
Ismail Hileh,PBC Reutlingen 3,Kreisliga A,Ost 1,11,6,5,11.00,1460,1238,1681,113,6.12,-0.12
Michael Minnerop,PF Calw 2,Bezirksliga,West 1,2,1,1,2.00,1460,1117,1803,175,1.11,-0.11
Siegbert Müller,BC Bad Schussenried 1 | BC Bad Schussenried 2 | BC Bad Schussenried 3,Bezirksliga | Einzel | Kreisliga A | Landesliga,BM 8er Ball Senioren Ost | Bezirksmeisterschaften 8er Ball Senioren 55+Ost | Bezirksmeisterschaften 8er Ball Senioren Ost | Bezirksmeisterschaften 9er Ball Senioren Ost | Kreismeisterschaften 8-Ball Senioren 55+ Ost | Kreismeisterschaften 8-Ball Senioren Ost | Ost | Ost 2,86,37,49,86.00,1460,1377,1543,42,37.11,-0.11
Yves Jordan,BSC Göppingen 2 | BSC Göppingen 3,Einzel | Kreisliga A,Kreismeisterschaften 10-Ball Herren Ost | Ost 1,23,13,10,23.00,1460,1303,1617,80,13.12,-0.12
Zvonimir Jembrih,,Einzel,Kreismeisterschaften 9-Ball Herren Mitte,4,2,2,4.00,1460,1152,1768,157,2.11,-0.11
Fabian Metz,,Einzel,Landesmeisterschaft 9er Ball Senioren,2,0,2,2.00,1457,1020,1895,223,0.12,-0.12
Lars Jäger,P&S Denzlingen 4,Bezirksliga | Einzel,Bezirksmeisterschaften 8er Ball Senioren 45+West | West 1,33,15,18,33.00,1457,1329,1584,65,15.12,-0.12
Johannes Mai,Tübinger BC 1 | Tübinger BC 2,Bezirksliga | Kreisliga A | Landesliga,Ost | Ost 1,27,13,14,27.00,1455,1315,1596,72,13.13,-0.13
Luka Fuchs,PP Böblingen 2,Einzel | Kreisliga A,Kreismeisterschaften 10-Ball Herren Mitte | Kreismeisterschaften 14.1e Herren Mitte | Kreismeisterschaften 9-Ball Herren Mitte | West 2,13,5,8,13.00,1455,1246,1664,107,5.13,-0.13
Mathias Frey,PBC Offenburg 5,Bezirksliga | Einzel,BM 9er Ball Senioren West | Kreismeisterschaften 10-Ball Senioren West | Kreismeisterschaften 8-Ball Senioren West | Kreismeisterschaften 9-Ball Senioren West | West 1,43,20,23,43.00,1455,1336,1573,60,20.13,-0.13
Maximilian Arnt,,Einzel,Bezirksmeisterschaften 10er Ball Herren Nord | Bezirksmeisterschaften 8er Ball Herren Nord | Bezirksmeisterschaften 9er Ball Herren Nord | Kreismeisterschaften 10-Ball Herren Nord | Kreismeisterschaften 8-Ball Herren Nord | Kreismeisterschaften 9-Ball Herren Nord,39,13,26,39.00,1455,1326,1584,66,13.13,-0.13
Fabian Cecotti,BC Dätzingen 1,Bezirksliga,West 2,2,1,1,2.00,1454,1104,1805,179,1.13,-0.13
Jonas Entenmann,Tübinger BC 2,Einzel | Kreisliga A,BM 10er Ball Herren Ost (Pfullingen) 2019-2020 | Ost 1,11,5,6,11.00,1454,1247,1660,105,5.13,-0.13
Marvin Schiele,,Einzel,Kreismeisterschaften 10-Ball Herren Mitte | Kreismeisterschaften 8-Ball Herren Mitte | Kreismeisterschaften 9-Ball Herren Mitte,17,7,10,17.00,1453,1269,1637,94,7.13,-0.13
Angelika Kaune,,Einzel,BM 10er Ball Ladies Nord | BM 8er Ball Ladies Nord | BM 9er Ball Ladies Nord | Bezirksmeisterschaften 10er Ball Ladies Nord Mitte West | Bezirksmeisterschaften 10er Ball Ladies Nord-Mitte | Bezirksmeisterschaften 8er Ball Ladies Nord-Mitte-West | Bezirksmeisterschaften 9er Ball Ladies Nord-Mitte-West | Landesmeisterschaft 10er Ball Ladies | Landesmeisterschaft 14.1e Ladies | Landesmeisterschaft 8er Ball Ladies | Landesmeisterschaft 9er Ball Ladies | Landesmeisterschaft 9er Ball Ladies 1,84,37,47,84.00,1452,1360,1545,47,37.14,-0.14
Peter Schmidt,BSV Tiengen 2 | BSV Tiengen 3 | BSV Tiengen 4,Bezirksliga | Einzel | Landesliga,BM 10er Ball Senioren West | BM 8er Ball Senioren West | Bezirksmeisterschaften 10er Ball Senioren West | Bezirksmeisterschaften 14.1e Senioren West | Bezirksmeisterschaften 8er Ball Senioren West | Bezirksmeisterschaften 9er Ball Senioren West | Kreismeisterschaften 10-Ball Senioren West | Kreismeisterschaften 8-Ball Senioren West | Kreismeisterschaften 9-Ball Senioren West | West | West 1,116,48,68,116.00,1452,1376,1528,39,48.14,-0.14
Guido Ulmer,BSV Pfullingen 2 | BSV Pfullingen 3 | PBC Reutlingen 2,Bezirksliga | Kreisliga A | Landesliga,Ost | Ost 1,41,19,22,41.00,1451,1335,1567,59,19.14,-0.14
Mark Pfaffenrodt,BV Villingen-Schwenningen 2,Bezirksliga | Einzel,LJM 2023 m-u15/17 10-Ball | LJM 2023 m-u15/17 8-Ball | LJM 2023 m-u15/17 9-Ball | Landesjugendmeisterschaft 2026 10-Ball U22 v2 | Landesjugendmeisterschaft 2026 9-Ball U22 | Landesjugendmeisterschaft mU18 10 Ball | Landesjugendmeisterschaft mU18 14.1e | Landesjugendmeisterschaft mU18 8 Ball | Landesjugendmeisterschaft mU18 9 Ball | Landesjugendmeisterschaft u14-u22 10-Ball | Landesjugendmeisterschaft u14-u22 14/1e | Landesjugendmeisterschaft u14-u22 8-Ball | Landesjugendmeisterschaft u14-u22 9-Ball | West 1 | West 2,99,55,44,99.00,1451,1374,1528,39,55.14,-0.14
Lothar Hirsch,PBC Bietigheim-Bissingen 2,Bezirksliga,Ost 2,2,1,1,2.00,1450,1103,1797,177,1.14,-0.14
Michael Martini,BSV Pfullingen 3,Bezirksliga,Ost 1,2,1,1,2.00,1450,1103,1797,177,1.14,-0.14
Thomas Mänz,BSV Filderstadt 3 | BSV Filderstadt 4 | BSV Filderstadt 5 | BSV Filderstadt 6,Bezirksliga | Kreisliga A,Ost 1,82,38,44,82.00,1450,1367,1534,43,38.14,-0.14
Cesare Caccavelli,PBC Langenargen 2 | PBC Langenargen 3 | PBC Langenargen 4,Bezirksliga | Kreisliga A,Ost 2,71,34,37,71.00,1448,1361,1535,44,34.15,-0.15
Andreas Rago,,Einzel,Bezirksmeisterschaften 10er Ball Senioren 45+ Mitte | Bezirksmeisterschaften 10er Ball Senioren Mitte | Bezirksmeisterschaften 14.1e Senioren 45+ Mitte | Bezirksmeisterschaften 14.1e Senioren Mitte | Kreismeisterschaften 10-Ball Senioren Mitte | Kreismeisterschaften 14.1e Senioren Mitte | Kreismeisterschaften 8-Ball Senioren Mitte,37,13,24,37.00,1447,1313,1581,68,13.15,-0.15
Jonny Knapp,,Einzel,BM 14/1 Einzel Senioren Nord | BM 8er Ball Senioren Nord | Bezirksmeisterschaften 14.1e Senioren Nord | Bezirksmeisterschaften 9er Ball Senioren Nord | Kreismeisterschaften 10-Ball Senioren Nord | Kreismeisterschaften 14.1e Senioren Nord | Kreismeisterschaften 8-Ball Senioren Nord | Kreismeisterschaften 9-Ball Senioren Nord,42,14,28,42.00,1446,1321,1570,64,14.15,-0.15
Julian Tremmel,BSV Konstanz 1,Landesliga,Ost,6,1,5,6.00,1446,1159,1733,146,1.15,-0.15
Lutz Jeschke,BC Weingarten 1,Bezirksliga | Kreisliga A | Landesliga,Ost | Ost 2,97,40,57,97.00,1446,1365,1527,41,40.15,-0.15
Louise Wong,BV Leonberg 1,Bezirksliga | Einzel,BM 8er Ball Damen Ost - Mitte | Bezirksmeisterschaften 10er Ball Damen Mitte-Ost | Bezirksmeisterschaften 8er Ball Damen Mitte-Ost | Landesmeisterschaft 10er Ball Damen | Landesmeisterschaft 8er Ball Damen | Ost 1,31,13,18,31.00,1445,1307,1583,70,13.16,-0.16
Dario Dakovic,PBC Bad Saulgau 2 | PBC Bad Saulgau 3,Bezirksliga | Einzel | Kreisliga A,Kreismeisterschaften 8-Ball Herren Ost | Ost 2,60,27,33,60.00,1443,1348,1537,48,27.16,-0.16
Jacco van de Streek,P&S Denzlingen 1 | P&S Denzlingen 2,Bezirksliga | Landesliga,West | West 2,11,4,7,11.00,1443,1229,1657,109,4.16,-0.16
Timo Heim,PBC Offenburg 3 | PBC Offenburg 4,Bezirksliga | Landesliga,West | West 1,83,37,46,83.00,1443,1358,1528,43,37.16,-0.16
Antonio Pejic,PBC Rastatt 2,Bezirksliga | Einzel,Kreismeisterschaften 9-Ball Herren Mitte | West 1,5,2,3,5.00,1442,1178,1705,134,2.17,-0.17
Peter Baur,BSG Albstadt 1 | Tübinger BC 3,Bezirksliga | Einzel | Kreisliga A,BM 9er Ball Senioren West | Bezirksmeisterschaften 10er Ball Senioren West | Bezirksmeisterschaften 14.1e Senioren 55+ Ost | Bezirksmeisterschaften 8er Ball Senioren 55+Ost | Bezirksmeisterschaften 9er Ball Senioren 55+ Ost | Kreismeisterschaften 10-Ball Senioren West | Kreismeisterschaften 8-Ball Senioren 55+ Ost | Kreismeisterschaften 8-Ball Senioren West | Kreismeisterschaften 9-Ball Senioren West | Ost 1 | West 1 | West 2,108,49,59,108.00,1442,1368,1516,38,49.17,-0.17
Julian Wolf,BSC Göppingen 2,Kreisliga A,Ost 1,2,1,1,2.00,1441,1095,1787,176,1.17,-0.17
Mark Hast,Tübinger BC 1 | Tübinger BC 2,Bezirksliga | Einzel | Kreisliga A,BM 10er Ball Herren Ost | Bezirksmeisterschaften 8er Ball Herren Ost | Kreismeisterschaften 10-Ball Herren Ost | Kreismeisterschaften 8-Ball Herren Ost | Kreismeisterschaften 9-Ball Herren Ost | Ost 1,82,34,48,82.00,1441,1357,1525,43,34.17,-0.17
Sandra Höll,,Einzel,Bezirksmeisterschaften 10er Ball Damen Mitte-Ost | Bezirksmeisterschaften 14.1e Damen Mitte_Ost | Bezirksmeisterschaften 8er Ball Damen Mitte-Ost | Bezirksmeisterschaften 9er Ball Damen Mitte- Ost | Landesmeisterschaft 10er Ball Damen | Landesmeisterschaft 14.1e Damen | Landesmeisterschaft 8er Ball Damen | Landesmeisterschaft 9er Ball Damen,51,24,27,51.00,1441,1339,1544,52,24.17,-0.17
Viktor Tschin,BV Pforzheim 4,Einzel | Kreisliga A,Kreismeisterschaften 14/1e Herren Mitte | Kreismeisterschaften 9-Ball Herren Mitte | West 1,6,2,4,6.00,1441,1161,1721,143,2.17,-0.17
Ali El Ajouz,BC Dreiländereck 1 | BC Dreiländereck 2,Einzel | Landesliga,BM 10er Ball Herren West | BM 9er Ball Herren West | Bezirksmeisterschaften 10er Ball Senioren West | Bezirksmeisterschaften 8er Ball Senioren 45+West | Bezirksmeisterschaften 8er Ball Senioren West | Bezirksmeisterschaften 9er Ball Senioren 45+ West | Kreismeisterschaften 10-Ball Herren West | Kreismeisterschaften 8-Ball Herren West | Kreismeisterschaften 8-Ball Senioren West | Kreismeisterschaften 9-Ball Herren West | West,43,14,29,43.00,1440,1319,1562,62,14.17,-0.17
Dirk Hafner,PBC Offenburg 2 | PBC Offenburg 3 | PBC Offenburg 4,Bezirksliga | Landesliga,West | West 1,92,41,51,92.00,1440,1358,1521,42,41.17,-0.17
Florian Pasch,PF Calw 2,Bezirksliga | Einzel,BM 10er Ball Herren Mitte (Sindelfingen) 2019-2020 | Kreismeisterschaften 10-Ball Herren Mitte | Kreismeisterschaften 14/1e Herren Mitte | Kreismeisterschaften 8-Ball Herren Mitte | Kreismeisterschaften 9-Ball Herren Mitte | West 1,23,7,16,23.00,1440,1278,1602,83,7.17,-0.17
Thorsten Rammer,PBC Freudenstadt 2,Bezirksliga | Einzel,Bezirksmeisterschaften 14.1e Senioren 55+ Mitte | Bezirksmeisterschaften 9er Ball Senioren 55+ Mitte | Kreismeisterschaften 10-Ball Senioren 55+ Mitte | Kreismeisterschaften 14/1e Senioren 55+ Mitte | Kreismeisterschaften 9-Ball Senioren 55+ Mitte | West 1,21,9,12,21.00,1440,1286,1594,79,9.17,-0.17
Nikolaus Blum,BC Bad Schussenried 4 | BC Bad Schussenried 5 | PBC Ochsenhausen 3,Kreisliga A,Ost 2,75,35,40,75.00,1439,1351,1527,45,35.17,-0.17
Oliver Marx,BC Sindelfingen 6,Bezirksliga,West 2,2,1,1,2.00,1439,1093,1785,177,1.17,-0.17
Rainer Heilmann,BSV Tiengen 3 | BSV Tiengen 4,Bezirksliga | Einzel,BM 10er Ball Herren West | BM 10er Ball Herren West (Offenburg) 2019-2020 | BM 8er Ball Herren West | BM 9er Ball Herren West | Bezirksmeisterschaften 10er Ball Herren West | Bezirksmeisterschaften 8er Ball Herren West | Bezirksmeisterschaften 9er Ball Herren West | Kreismeisterschaften 10-Ball Herren West | Kreismeisterschaften 8-Ball Herren West | Kreismeisterschaften 9-Ball Herren West | West 1 | West 2,171,81,90,171.00,1439,1377,1501,32,81.17,-0.17
Jürgen Kieble,BC Bad Schussenried 1 | BC Bad Schussenried 2 | BC Bad Schussenried 3 | BC Bad Schussenried 4,Bezirksliga | Einzel | Kreisliga A,Bezirksmeisterschaften 9er Ball Senioren Ost | Ost 2,45,21,24,45.00,1438,1326,1551,57,21.18,-0.18
Bernhard Back,PBC Offenburg 3 | PBC Offenburg 4,Bezirksliga | Landesliga,West | West 1,20,9,11,20.00,1437,1276,1599,83,9.18,-0.18
Svetlana Hetjens,,Einzel,Bezirksmeisterschaften 10er Ball Damen Nord | Bezirksmeisterschaften 14.1e Damen Nord | Bezirksmeisterschaften 8er Ball Damen Nord | Bezirksmeisterschaften 8er Ball Damen West | Bezirksmeisterschaften 9er Ball Damen Nord | Landesmeisterschaft 10er Ball Damen | Landesmeisterschaft 14.1e Damen | Landesmeisterschaft 8er Ball Damen | Landesmeisterschaft 9er Ball Damen,65,28,37,65.00,1437,1339,1535,50,28.18,-0.18
Damir Pran,,Einzel,Kreismeisterschaften 9-Ball Senioren Nord,2,0,2,2.00,1436,1012,1860,216,0.18,-0.18
Julian Schank,PBC Ochsenhausen 2 | PBC Ochsenhausen 3,Einzel | Kreisliga A,Kreismeisterschaften 10-Ball Herren Ost | Ost 2,27,16,11,27.00,1436,1299,1573,70,16.18,-0.18
Gerd Friedl,BSC Göppingen 3,Bezirksliga | Einzel,Kreismeisterschaften 10-Ball Senioren Mitte | Ost 1,12,6,6,12.00,1435,1223,1647,108,6.18,-0.18
Krischan Dostal,BV Markdorf 2,Bezirksliga | Einzel,Kreismeisterschaften 8-Ball Herren Ost | Ost 2,46,16,30,46.00,1434,1321,1548,58,16.19,-0.19
Mario Rosenkranz,PBC Bräunlingen 2,Bezirksliga,West 1 | West 2,13,8,5,13.00,1434,1224,1643,107,8.19,-0.19
Mike Walter,,Einzel,Bezirksmeisterschaften 10er Ball Senioren 55+ Nord | Bezirksmeisterschaften 10er Ball Senioren Nord | Bezirksmeisterschaften 8er Ball Senioren Nord | Bezirksmeisterschaften 9er Ball Senioren 55+ Nord | Kreismeisterschaften 10-Ball Senioren Nord | Kreismeisterschaften 8-Ball Senioren 55+ Nord | Kreismeisterschaften 8-Ball Senioren Nord | Kreismeisterschaften 9-Ball Senioren Nord,42,16,26,42.00,1434,1312,1556,62,16.19,-0.19
Klaus Maier,BSC St. Georgen 1,Bezirksliga,West 2,2,1,1,2.00,1433,1086,1780,177,1.19,-0.19
Daniel La Cognata,BC Sindelfingen 4,Einzel | Landesliga,Bezirksmeisterschaften 14.1e Herren Mitte | Kreismeisterschaften 10-Ball Herren Mitte | Kreismeisterschaften 14.1e Herren Mitte | Kreismeisterschaften 8-Ball Herren Mitte | Kreismeisterschaften 9-Ball Herren Mitte | West,44,14,30,44.00,1431,1312,1550,61,14.20,-0.20
Kevin Hähnel,BV Backnang/Welzheim 1,Kreisliga A,Ost 2,2,1,1,2.00,1430,1076,1785,181,1.20,-0.20
David Hermann,BSV Filderstadt 4,Kreisliga A,Ost 1,4,2,2,4.00,1429,1139,1719,148,2.20,-0.20
Dennis Knoblauch,P&S Denzlingen 4,Bezirksliga | Einzel,Bezirksmeisterschaften 10er Ball Herren West | Kreismeisterschaften 10-Ball Herren West | West 1,36,21,15,36.00,1429,1301,1558,66,21.20,-0.20
Hans-Henning Schmid,PBC Langenargen 1 | PBC Langenargen 2 | PBC Langenargen 3,Bezirksliga | Einzel | Kreisliga A | Landesliga,Kreismeisterschaften 9-Ball Herren Ost | Ost | Ost 2,75,26,49,75.00,1429,1337,1522,47,26.20,-0.20
Timo Buske,,Einzel,Kreismeisterschaften 10-Ball Herren Mitte,2,0,2,2.00,1429,1010,1848,214,0.20,-0.20
Besirat Fekadu,BSC Göppingen 2,Bezirksliga | Einzel | Landesliga,Bezirksmeisterschaften 9er Ball Herren Ost | Kreismeisterschaften 10-Ball Herren Ost | Kreismeisterschaften 8-Ball Herren Ost | Kreismeisterschaften 9-Ball Herren Ost | Ost | Ost 1,85,34,51,85.00,1428,1343,1512,43,34.21,-0.21
Pit Kleyersburg,BSV Shooters Fellbach 3,Kreisliga A,Ost 2,1,0,1,1.00,1426,1002,1850,216,0.21,-0.21
Tobias Linnow,BSV Shooters Fellbach 3,Kreisliga A,Ost 2,1,0,1,1.00,1426,1002,1850,216,0.21,-0.21
Timo Lipski,,Einzel,Kreismeisterschaften 9-Ball Senioren Nord,2,0,2,2.00,1425,1008,1842,213,0.21,-0.21
Patrick Coklica,Tübinger BC 2,Kreisliga A,Ost 1,27,13,14,27.00,1424,1283,1564,72,13.22,-0.22
Andreas Keilmann Aufn.: 1; Ø: 0.00,,Einzel,Bezirksmeisterschaften 14.1e Senioren 45+ Mitte,1,0,1,1.00,1422,999,1845,216,0.22,-0.22
Fabian Rapp,BSV Pfullingen 2 | BSV Pfullingen 3 | BSV Pfullingen 4 | BSV Pfullingen 5,Bezirksliga | Einzel | Kreisliga A,BM 10er Ball Herren Ost (Pfullingen) 2019-2020 | Ost 1,38,12,26,38.00,1421,1294,1549,65,12.22,-0.22
Stefan Avrancsev,BSC Göppingen 2,Bezirksliga | Einzel,Bezirksmeisterschaften 10er Ball Senioren Ost | Bezirksmeisterschaften 9er Ball Senioren Ost | Kreismeisterschaften 8-Ball Senioren Ost | Ost 1,58,28,30,58.00,1421,1323,1518,50,28.22,-0.22
Max Piepke,PBC Reutlingen 3,Bezirksliga,Ost 1,1,0,1,1.00,1420,998,1843,216,0.23,-0.23
Alpay Gürkal,,Einzel,Kreismeisterschaften 9-Ball Herren Mitte,2,0,2,2.00,1418,1002,1834,212,0.23,-0.23
Catalin Damian Aufn.: 1; Ø: 0.00,,Einzel,Kreismeisterschaften 14/1e Herren Mitte,1,0,1,1.00,1417,995,1839,215,0.23,-0.23
Heiko Heinrich,BSV Filderstadt 6,Kreisliga A,Ost 1,4,2,2,4.00,1417,1121,1712,151,2.24,-0.24
Marco Conrad,PBC Langenargen 3,Kreisliga A,Ost 2,12,5,7,12.00,1417,1212,1622,104,5.23,-0.23
Massimo Gabriele,BC Bad Schussenried 2 | BC Bad Schussenried 3,Kreisliga A,Ost 2,6,3,3,6.00,1417,1170,1665,126,3.23,-0.23
Dietmar Helfrich,BC Bad Schussenried 3 | BC Bad Schussenried 4,Bezirksliga | Einzel | Kreisliga A,Bezirksmeisterschaften 9er Ball Herren Ost | Kreismeisterschaften 10-Ball Herren Ost | Kreismeisterschaften 8-Ball Herren Ost | Kreismeisterschaften 9-Ball Herren Ost | Ost 2,48,23,25,48.00,1416,1308,1524,55,23.24,-0.24
Dominik Krenzer,PP Böblingen 2,Kreisliga A,West 2,1,0,1,1.00,1415,994,1836,215,0.24,-0.24
Jeremy Eckert,PBC Offenburg 3 | PBC Offenburg 4 | PBC Offenburg 5,Bezirksliga | Einzel | Landesliga,Bezirksmeisterschaften 10er Ball Herren West | Bezirksmeisterschaften 14.1e Herren West | Bezirksmeisterschaften 8er Ball Herren West | Kreismeisterschaften 10-Ball Herren West | Kreismeisterschaften 14.1e Herren West | Kreismeisterschaften 8-Ball Herren West | West | West 1,95,35,60,95.00,1415,1332,1498,42,35.24,-0.24
Tankred Volkmer,BV Backnang/Welzheim 1,Kreisliga A,Ost 2,2,1,1,2.00,1415,1050,1779,186,1.24,-0.24
Marc Allinger,PBC Freudenstadt 3,Bezirksliga | Einzel | Landesliga,Bezirksmeisterschaften 14.1e Senioren West | Bezirksmeisterschaften 8er Ball Herren West | Bezirksmeisterschaften 8er Ball Senioren West | Kreismeisterschaften 10-Ball Senioren West | Kreismeisterschaften 8-Ball Herren West | Kreismeisterschaften 8-Ball Senioren West | West | West 1,114,50,64,114.00,1414,1340,1488,38,50.24,-0.24
Michael Psarras,BC Dreiländereck 1 | BC Dreiländereck 2,Bezirksliga | Einzel | Landesliga,Bezirksmeisterschaften 10er Ball Senioren West | Bezirksmeisterschaften 9er Ball Senioren West | West | West 1,42,14,28,42.00,1414,1283,1545,67,14.24,-0.24
Michael Straub,,Einzel,Bezirksmeisterschaften 9er Ball Senioren Nord | Kreismeisterschaften 14.1e Senioren Nord | Kreismeisterschaften 8-Ball Senioren Nord | Kreismeisterschaften 9-Ball Senioren Nord,12,4,8,12.00,1414,1185,1644,117,4.24,-0.24
Stephan Huber,,Einzel,Kreismeisterschaften 8-Ball Herren Ost | Kreismeisterschaften 9-Ball Herren Ost,5,1,4,5.00,1414,1113,1715,154,1.24,-0.24
Eric Braun,,Einzel,Kreismeisterschaften 9-Ball Herren Nord,3,1,2,3.00,1413,1082,1744,169,1.25,-0.25
Halil Seker,BSV Filderstadt 3,Landesliga,Ost,2,0,2,2.00,1413,999,1826,211,0.25,-0.25
Saman Hadi,BC Dätzingen 2,Einzel | Kreisliga A,Kreismeisterschaften 10-Ball Herren Mitte | West 2,6,2,4,6.00,1413,1127,1698,146,2.25,-0.25
Stefanie Brakopp,PBC Nagoldtal 3,Bezirksliga | Einzel,Bezirksmeisterschaften 10er Ball Damen Mitte-Ost | Bezirksmeisterschaften 14.1e Damen Mitte_Ost | Bezirksmeisterschaften 8er Ball Damen Mitte-Ost | Bezirksmeisterschaften 9er Ball Damen Mitte- Ost | Landesmeisterschaft 10er Ball Damen | Landesmeisterschaft 14.1e Damen | Landesmeisterschaft 8er Ball Damen | Landesmeisterschaft 9er Ball Damen | West 2,67,27,40,67.00,1413,1319,1506,48,27.25,-0.25
Klaus Dietrich,BV Markdorf 2,Bezirksliga | Einzel,Kreismeisterschaften 8-Ball Senioren Ost | Ost 2,58,21,37,58.00,1412,1308,1517,53,21.25,-0.25
Kurt Saller,BC Sindelfingen 5,Bezirksliga | Einzel,Bezirksmeisterschaften 10er Ball Senioren 45+ Mitte | Bezirksmeisterschaften 8er Ball Senioren 45+Mitte | Bezirksmeisterschaften 8er Ball Senioren Mitte | Bezirksmeisterschaften 9er Ball Senioren 45+ Mitte | Bezirksmeisterschaften 9er Ball Senioren Mitte | Kreismeisterschaften 10-Ball Senioren Mitte | Kreismeisterschaften 8-Ball Senioren 45+ Mitte | Kreismeisterschaften 8-Ball Senioren Mitte | Kreismeisterschaften 9-Ball Senioren 45+ Mitte | Kreismeisterschaften 9-Ball Senioren Mitte | West 1,35,12,23,35.00,1412,1272,1551,71,12.25,-0.25
Mathias Laskus,PBV Rottweil 2,Bezirksliga,West 2,20,11,9,20.00,1412,1243,1582,86,11.25,-0.25
Daniel Naumann,BSC St. Georgen 1,Bezirksliga,West 1 | West 2,10,5,5,10.00,1411,1198,1625,109,5.25,-0.25
Ingo Maier,PBC Langenargen 4,Kreisliga A,Ost 2,28,13,15,28.00,1411,1274,1548,70,13.25,-0.25
Florian Stojanoski Aufn.: 20; Ø: 0.20,,Einzel,BM 14/1 Einzel Herren Nord,1,0,1,1.00,1408,989,1828,214,0.26,-0.26
Jens Heim Aufn.: 26; Ø: 0.31,,Einzel,Kreismeisterschaften 14.1e Herren Nord,1,0,1,1.00,1408,989,1828,214,0.26,-0.26
Peggy Eisele,BSV Filderstadt 3 | PBC Reutlingen 2,Einzel | Kreisliga A,BM 8er Ball Damen Ost - Mitte | BM 9er Ball Damen Ost und Mitte | Bezirksmeisterschaften 10er Ball Damen Mitte-Ost | Bezirksmeisterschaften 14.1e Damen Mitte_Ost | Bezirksmeisterschaften 8er Ball Damen Mitte-Ost | Bezirksmeisterschaften 9er Ball Damen Mitte- Ost | Landesmeisterschaft 10er Ball Damen | Landesmeisterschaft 14.1e Damen | Landesmeisterschaft 8er Ball Damen | Landesmeisterschaft 9er Ball Damen | Ost 1,91,40,51,91.00,1408,1326,1490,42,40.26,-0.26
David Agonafer,,Einzel,Kreismeisterschaften 8-Ball Herren Mitte,3,1,2,3.00,1407,1079,1735,167,1.26,-0.26
Peter Mielke,,Einzel,Kreismeisterschaften 8-Ball Senioren Nord,3,1,2,3.00,1407,1085,1729,164,1.26,-0.26
Adham Mohamed,Tübinger BC 1 | Tübinger BC 2 | Tübinger BC 3,Bezirksliga | Einzel | Kreisliga A,Kreismeisterschaften 8-Ball Herren Ost | Ost 1 | West 2,16,7,9,16.00,1404,1222,1586,93,7.27,-0.27
Benedikt Meschenmoser,PBC Bad Saulgau 2 | PBC Bad Saulgau 3 | PBC Bad Saulgau 4,Bezirksliga | Einzel | Kreisliga A,Kreismeisterschaften 10-Ball Herren Ost | Kreismeisterschaften 9-Ball Herren Ost | Ost 2,44,18,26,44.00,1404,1282,1526,62,18.27,-0.27
Lutz Denk,BBC Plochingen 1,Bezirksliga,Ost 1,8,2,6,8.00,1404,1148,1660,131,2.27,-0.27
Michael Reiser,PF Calw 1,Bezirksliga | Einzel,Kreismeisterschaften 10-Ball Herren Mitte | Kreismeisterschaften 8-Ball Herren Mitte | Kreismeisterschaften 9-Ball Herren Mitte | West 2,14,4,10,14.00,1404,1199,1609,105,4.27,-0.27
Bayartsetseg Tsogoo,BC Stuttgart 1891 4,Bezirksliga | Einzel,Bezirksmeisterschaften 9er Ball Damen Mitte- Ost | Ost 2,5,2,3,5.00,1402,1126,1678,141,2.27,-0.27
Hamza Benslimane,BSV Pfullingen 1,Landesliga,West,2,0,2,2.00,1401,994,1807,208,0.28,-0.28
Dirk Schäfauer,,Einzel,BM 9er Ball Herren Nord | Bezirksmeisterschaften 10er Ball Senioren 45+ Nord | Kreismeisterschaften 10-Ball Herren Nord | Kreismeisterschaften 10-Ball Senioren Nord | Kreismeisterschaften 14.1e Senioren Nord | Kreismeisterschaften 8-Ball Herren Nord | Kreismeisterschaften 8-Ball Senioren Nord | Kreismeisterschaften 9-Ball Herren Nord,25,7,18,25.00,1400,1231,1569,86,7.28,-0.28
Elias Marx,,Einzel,Landesjugendmeisterschaft 2026 10-Ball U18 | Landesjugendmeisterschaft 2026 14/1e U18 | Landesjugendmeisterschaft 2026 8-Ball U18 | Landesjugendmeisterschaft 2026 9-Ball U18 | Landesjugendmeisterschaft mU18 10 Ball | Landesjugendmeisterschaft mU18 14.1e | Landesjugendmeisterschaft mU18 8 Ball | Landesjugendmeisterschaft mU18 9 Ball,21,12,9,21.00,1400,1251,1549,76,12.28,-0.28
Markus Löscher,BSV Shooters Fellbach 2,Einzel | Kreisliga A,Kreismeisterschaften 10-Ball Herren Mitte | Kreismeisterschaften 8-Ball Herren Mitte | Ost 1,10,4,6,10.00,1399,1175,1622,114,4.28,-0.28
Oliver Alunni,,Einzel,Bezirksmeisterschaften 8er Ball Senioren 45+Nord | Bezirksmeisterschaften 9er Ball Senioren Nord | Kreismeisterschaften 9-Ball Senioren Nord,8,2,6,8.00,1399,1143,1655,131,2.28,-0.28
Alfred Rutkowski,PBC Rastatt 2,Bezirksliga | Einzel,Kreismeisterschaften 14.1e Senioren Mitte | West 1,5,1,4,5.00,1398,1104,1692,150,1.28,-0.28
Rolf Göllner,,Einzel,Kreismeisterschaften 9-Ball Herren Mitte,3,1,2,3.00,1398,1067,1730,169,1.28,-0.28
Jürgen Berninger,,Einzel,Bezirksmeisterschaften 8er Ball Senioren 55+Nord | Kreismeisterschaften 8-Ball Senioren 55+ Nord,5,1,4,5.00,1395,1089,1700,156,1.29,-0.29
Marco Paletta,P&S Denzlingen 2 | P&S Denzlingen 3,Bezirksliga | Landesliga,West | West 2,10,2,8,10.00,1395,1163,1627,118,2.29,-0.29
Zeki-Kaan Koyun,PBC Bräunlingen 2,Bezirksliga | Landesliga,West | West 1,8,4,4,8.00,1395,1166,1624,117,4.29,-0.29
Dragan Pajovic,,Einzel,Kreismeisterschaften 14.1e Herren Mitte,2,0,2,2.00,1394,986,1801,208,0.30,-0.30
Ingo Fehr,BC Unterteuringen 1,Bezirksliga | Einzel,Kreismeisterschaften 8-Ball Herren Ost | Ost 2,104,34,70,104.00,1394,1316,1471,39,34.30,-0.30
Mergim Zekaj,,Einzel,Kreismeisterschaften 8-Ball Herren Nord,2,0,2,2.00,1394,983,1806,210,0.30,-0.30
Carmelo Visconti,,Einzel,BM 10er Ball Senioren Nord (PBC Waghäusel) 2019-2020 | Kreismeisterschaften 14/1e Senioren 55+ Nord | Kreismeisterschaften 8-Ball Senioren Nord | Kreismeisterschaften 9-Ball Herren Nord | Kreismeisterschaften 9-Ball Senioren Nord,12,2,10,12.00,1393,1160,1627,119,2.30,-0.30
Christian Herre,PBC Rastatt 3,Kreisliga A,West 1,1,0,1,1.00,1393,975,1810,213,0.30,-0.30
David Nguyen,PBC Rastatt 3,Kreisliga A,West 1,1,0,1,1.00,1393,975,1810,213,0.30,-0.30
Dejvid Skender,BC Weingarten 2,Kreisliga A,Ost 2,40,22,18,40.00,1393,1280,1507,58,22.30,-0.30
Gürhan Ag,,Einzel,Kreismeisterschaften 8-Ball Senioren Mitte | Kreismeisterschaften 9-Ball Senioren Mitte,6,2,4,6.00,1392,1082,1703,158,2.30,-0.30
Marvin Szymiczek,BV Pforzheim 4,Einzel | Kreisliga A,Kreismeisterschaften 10-Ball Herren Mitte | Kreismeisterschaften 8-Ball Herren Mitte | Kreismeisterschaften 9-Ball Herren Mitte | West 1,18,6,12,18.00,1392,1213,1571,91,6.30,-0.30
Bernhard Gneiting,PBC Reutlingen 2 | PBC Reutlingen 3,Bezirksliga | Kreisliga A,Ost 1,29,10,19,29.00,1391,1252,1529,71,10.30,-0.30
Taner Susuz,BC Aalen 4,Bezirksliga | Einzel,BM 10er Ball Senioren Mitte | Bezirksmeisterschaften 8er Ball Senioren Mitte | Kreismeisterschaften 10-Ball Senioren Mitte | Kreismeisterschaften 14.1e Senioren Mitte | Kreismeisterschaften 8-Ball Senioren Mitte | Kreismeisterschaften 9-Ball Senioren Mitte | Ost 2,27,9,18,27.00,1391,1242,1539,76,9.30,-0.30
Alexandros Satrazanis,BSC Göppingen 1,Bezirksliga,Ost 1,8,3,5,8.00,1390,1145,1635,125,3.31,-0.31
Andreas Knauf,BSC Göppingen 2 | BSC Göppingen 3,Einzel | Kreisliga A,BM 8er Ball Senioren Ost | BM 9er Ball Senioren Ost | Bezirksmeisterschaften 10er Ball Senioren Mitte | Kreismeisterschaften 10-Ball Senioren Mitte | Kreismeisterschaften 10-Ball Senioren Ost | Kreismeisterschaften 14.1e Senioren Mitte | Kreismeisterschaften 8-Ball Senioren Ost | Kreismeisterschaften 9-Ball Senioren Ost | Ost 1,74,32,42,74.00,1390,1299,1481,46,32.31,-0.31
Dietmar Karoli,Tübinger BC 1 | Tübinger BC 2,Bezirksliga | Einzel | Kreisliga A,Bezirksmeisterschaften 8er Ball Senioren Ost | Kreismeisterschaften 8-Ball Herren Ost | Kreismeisterschaften 8-Ball Senioren Ost | Ost 1,38,15,23,38.00,1390,1268,1513,62,15.31,-0.31
Emir Musinovic,BSV Konstanz 1,Landesliga,Ost,2,0,2,2.00,1390,986,1794,206,0.31,-0.31
Michael Sdrzallek,BSV Filderstadt 4,Kreisliga A,Ost 1,11,4,7,11.00,1390,1189,1591,102,4.31,-0.31
Alexander Gohlke,P&S Denzlingen 2,Bezirksliga,West 1 | West 2,6,3,3,6.00,1389,1132,1647,131,3.31,-0.31
Emrah Atak,,Einzel,BM 10er Ball Herren Nord | BM 10er Ball Herren Nord (Kurpfalz) 2019-2020 | BM 9er Ball Herren Nord | Kreismeisterschaften 10-Ball Herren Nord | Kreismeisterschaften 8-Ball Herren Nord | Kreismeisterschaften 9-Ball Herren Nord,20,4,16,20.00,1389,1191,1588,101,4.31,-0.31
Franjo Antunovic,BBC Plochingen 1 | BBC Plochingen 2,Bezirksliga | Kreisliga A | Landesliga,Ost | Ost 1,87,34,53,87.00,1387,1303,1471,43,34.32,-0.32
Gerold Birmili,,Einzel,BM 10er Ball Herren Mitte (Sindelfingen) 2019-2020 | Kreismeisterschaften 10-Ball Herren Mitte | Kreismeisterschaften 14.1e Herren Mitte | Kreismeisterschaften 8-Ball Herren Mitte | Kreismeisterschaften 9-Ball Herren Mitte,16,3,13,16.00,1387,1175,1599,108,3.31,-0.31
Saif Azzawi,,Einzel,Kreismeisterschaften 10-Ball Herren Mitte | Kreismeisterschaften 9-Ball Herren Mitte,8,2,6,8.00,1387,1135,1639,128,2.31,-0.31
Jürgen Benninger,,Einzel,BM 14/1 Einzel Senioren Nord | Kreismeisterschaften 10-Ball Senioren Nord | Kreismeisterschaften 14.1e Senioren Nord | Kreismeisterschaften 9-Ball Senioren Nord,10,2,8,10.00,1386,1138,1634,127,2.32,-0.32
Karsten Mieskes,BC Bad Schussenried 1 | BC Bad Schussenried 2 | BC Bad Schussenried 3,Bezirksliga | Kreisliga A,Ost 2,58,21,37,58.00,1386,1287,1486,51,21.32,-0.32
Lutz Iserhardt,,Einzel,Bezirksmeisterschaften 14.1e Senioren Nord | Bezirksmeisterschaften 9er Ball Senioren 55+ Nord | Kreismeisterschaften 14.1e Senioren Nord | Kreismeisterschaften 14/1e Senioren 55+ Nord | Kreismeisterschaften 8-Ball Herren Nord | Kreismeisterschaften 8-Ball Senioren 55+ Nord | Kreismeisterschaften 8-Ball Senioren Nord | Kreismeisterschaften 9-Ball Senioren Nord,30,10,20,30.00,1385,1241,1529,74,10.32,-0.32
Rudolf Weiß,PBC Bad Saulgau 2 | PBC Bad Saulgau 4,Bezirksliga | Kreisliga A,Ost 2,60,26,34,60.00,1385,1289,1480,49,26.32,-0.32
Bernd Messing,PBC Offenburg 3 | PBC Offenburg 4,Bezirksliga | Einzel | Landesliga,BM 9er Ball Herren West | Kreismeisterschaften 9-Ball Herren West | West | West 1,65,22,43,65.00,1384,1286,1481,50,22.32,-0.32
Christian Orosz,BSV Pfullingen 3,Bezirksliga,Ost 1,4,1,3,4.00,1384,1079,1688,155,1.32,-0.32
Hikmet Yüksel,BC Dreiländereck 2,Landesliga,West,16,3,13,16.00,1384,1178,1590,105,3.32,-0.32
Ilyas Fölker,PBC Bad Saulgau 3,Kreisliga A,Ost 2,2,1,1,2.00,1384,1024,1744,183,1.32,-0.32
Alfred Hellrigl,BC Weingarten 1 | BC Weingarten 2,Bezirksliga | Kreisliga A,Ost 2,60,27,33,60.00,1383,1289,1478,48,27.32,-0.32
Manuel Aschenbrenner,BC Bad Schussenried 5 | PBC Bad Saulgau 3,Einzel | Kreisliga A,Kreismeisterschaften 10-Ball Herren Ost | Ost 2,52,22,30,52.00,1383,1277,1490,54,22.32,-0.32
Matthias Stolz,BSV Shooters Fellbach 2,Einzel | Kreisliga A,Kreismeisterschaften 10-Ball Herren Mitte | Kreismeisterschaften 8-Ball Herren Mitte | Kreismeisterschaften 9-Ball Herren Mitte | Ost 1,25,9,16,25.00,1383,1232,1533,77,9.33,-0.33
Andreas Merkle,BC Dreiländereck 1 | BC Dreiländereck 2,Bezirksliga | Einzel | Landesliga,BM 10er Ball Herren West (Offenburg) 2019-2020 | Kreismeisterschaften 9-Ball Herren West | West | West 1,41,10,31,41.00,1382,1252,1512,66,10.33,-0.33
Yunus Ayvaz,,Einzel,Kreismeisterschaften 10-Ball Herren Mitte,2,0,2,2.00,1382,980,1784,205,0.33,-0.33
Joachim Bruggesser,PBC Bad Saulgau 3 | PBC Bad Saulgau 4,Kreisliga A,Ost 2,33,18,15,33.00,1381,1250,1512,67,18.33,-0.33
Jens Murat,,Einzel,Kreismeisterschaften 10-Ball Herren Mitte | Kreismeisterschaften 8-Ball Herren Mitte | Kreismeisterschaften 9-Ball Herren Mitte,10,2,8,10.00,1380,1143,1618,121,2.33,-0.33
Marcel Twardon,,Einzel,BM 10er Ball Herren Mitte (Sindelfingen) 2019-2020,2,0,2,2.00,1380,978,1781,205,0.33,-0.33
Robert Zivanovic,BBC Plochingen 2,Bezirksliga | Kreisliga A,Ost 1,48,18,30,48.00,1380,1268,1492,57,18.33,-0.33
Yavuz Güleryüz,P&S Denzlingen 1 | P&S Denzlingen 2,Bezirksliga | Landesliga,West | West 1 | West 2,47,17,30,47.00,1380,1269,1491,57,17.33,-0.33
Yannik Weber,BSV Filderstadt 2 | BSV Filderstadt 3 | BSV Filderstadt 4,Bezirksliga | Kreisliga A,Ost 1,31,10,21,31.00,1379,1241,1518,71,10.33,-0.33
Harun Ahmadi,,Einzel,Bezirksmeisterschaften 8er Ball Herren Nord | Kreismeisterschaften 10-Ball Herren Nord | Kreismeisterschaften 14/1e Herren Nord | Kreismeisterschaften 8-Ball Herren Nord | Kreismeisterschaften 9-Ball Herren Nord,34,8,26,34.00,1378,1233,1523,74,8.34,-0.34
Cornelius Ryan,PBC Reutlingen 2 | Tübinger BC 1 | Tübinger BC 3,Bezirksliga | Kreisliga A | Landesliga,Ost 1 | West,76,33,43,76.00,1377,1289,1465,45,33.34,-0.34
Donald Oreskovic,PBC Bad Saulgau 2,Bezirksliga | Einzel,Kreismeisterschaften 9-Ball Herren Ost | Ost 2,55,12,43,55.00,1376,1261,1491,59,12.34,-0.34
Dusan Livaja,PBC Ochsenhausen 3,Kreisliga A,Ost 2,5,2,3,5.00,1376,1101,1650,140,2.34,-0.34
Abdulhussain Nad Ali,P&S Denzlingen 2,Landesliga,West,2,0,2,2.00,1375,967,1784,208,0.34,-0.34
Ali Deyhimi,Tübinger BC 2,Einzel | Kreisliga A,Kreismeisterschaften 8-Ball Herren Ost | Ost 1,8,3,5,8.00,1375,1145,1604,117,3.35,-0.35
Andreas Geigle,BBC Plochingen 2,Bezirksliga | Kreisliga A,Ost 1,50,18,32,50.00,1373,1261,1484,57,18.35,-0.35
Dario Borkovic,PBC Rastatt 2,Bezirksliga,West 1,2,0,2,2.00,1373,965,1781,208,0.35,-0.35
Hannes Reißner,Tübinger BC 1 | Tübinger BC 2,Bezirksliga | Kreisliga A,Ost 1,9,5,4,9.00,1373,1147,1599,115,5.35,-0.35
Florian Bühler,Tübinger BC 1,Landesliga,Ost,4,0,4,4.00,1372,977,1767,202,0.35,-0.35
Giuseppe Dellaquercia,,Einzel,BM 10er Ball Senioren Mitte | BM 14/1 Einzel Senioren Mitte | BM 9er Ball Senioren Mitte | Kreismeisterschaften 10-Ball Senioren Mitte | Kreismeisterschaften 14.1e Senioren Mitte | Kreismeisterschaften 8-Ball Senioren Mitte | Kreismeisterschaften 9-Ball Senioren Mitte,26,10,16,26.00,1372,1223,1521,76,10.35,-0.35
Irina Killian,,Einzel,BM 10er Ball Ladies Nord | BM 8er Ball Ladies Nord | BM 9er Ball Ladies Nord | Bezirksmeisterschaften 10er Ball Ladies Nord-Mitte | Bezirksmeisterschaften 10er Ball Ladies Nord-Mitte-West | Bezirksmeisterschaften 14.1e Ladies NM | Bezirksmeisterschaften 14.1e Ladies Nord Mitte West | Bezirksmeisterschaften 8er Ball Ladies Nord-Mitte-West | Bezirksmeisterschaften 9er Ball Ladies  Nord Mitte  West | Bezirksmeisterschaften 9er Ball Ladies Nord-Mitte-West | Landesmeisterschaft 10er Ball Ladies | Landesmeisterschaft 14.1e Ladies | Landesmeisterschaft 8er Ball Ladies | Landesmeisterschaft 9er Ball Ladies | Landesmeisterschaft 9er Ball Ladies 1,93,38,55,93.00,1371,1286,1456,43,38.35,-0.35
Denis Maric,,Einzel,Kreismeisterschaften 8-Ball Herren Mitte,3,1,2,3.00,1370,1035,1705,171,1.36,-0.36
Alexander Gaffal,TV Cannstatt 4,Bezirksliga,Ost 1,2,0,2,2.00,1369,970,1767,203,0.36,-0.36
Aurel Casagrande,BSV Shooters Fellbach 3,Kreisliga A,Ost 2,2,0,2,2.00,1369,970,1767,203,0.36,-0.36
Johannes Genter,PBC Rastatt 3,Kreisliga A,West 1,2,0,2,2.00,1369,970,1767,203,0.36,-0.36
Marcus Wittner,BSC Lions Bietigheim 1,Landesliga,West,2,0,2,2.00,1369,970,1767,203,0.36,-0.36
Wolfgang Stollberger,,Einzel,Kreismeisterschaften 8-Ball Senioren Nord,2,0,2,2.00,1369,966,1772,206,0.36,-0.36
Dirk Windecker,,Einzel,Bezirksmeisterschaften 10er Ball Herren Nord | Bezirksmeisterschaften 14.1e Herren Nord | Bezirksmeisterschaften 9er Ball Herren Nord | Kreismeisterschaften 10-Ball Herren Nord | Kreismeisterschaften 14.1e Herren Nord | Kreismeisterschaften 14/1e Herren Nord | Kreismeisterschaften 9-Ball Herren Nord,34,10,24,34.00,1368,1224,1513,74,10.36,-0.36
Jens Stintz,BSV Filderstadt 3 | BSV Filderstadt 4 | BSV Filderstadt 5 | BSV Filderstadt 6,Bezirksliga | Kreisliga A,Ost 1,70,25,45,70.00,1368,1277,1459,46,25.36,-0.36
Sascha Pick,,Einzel,Kreismeisterschaften 14.1e Herren Nord | Kreismeisterschaften 9-Ball Senioren Nord,5,1,4,5.00,1368,1020,1716,178,1.36,-0.36
Saskia Schirmer,,Einzel,BM 10er Ball Ladies Nord | BM 8er Ball Ladies Nord | Bezirksmeisterschaften 10er Ball Ladies Nord Mitte West | Bezirksmeisterschaften 8er Ball Ladies Nord-Mitte-West | Landesmeisterschaft 10er Ball Ladies | Landesmeisterschaft 8er Ball Ladies,20,7,13,20.00,1367,1191,1544,90,7.36,-0.36
Sergej Kovalev,,Einzel,Kreismeisterschaften 10-Ball Herren Mitte,2,0,2,2.00,1367,969,1765,203,0.37,-0.37
Heiko Schmeil,BSC Göppingen 2,Kreisliga A,Ost 1,10,5,5,10.00,1366,1160,1573,105,5.37,-0.37
Ahmet Bumin,PBC Bad Saulgau 2 | PBC Bad Saulgau 3,Bezirksliga | Kreisliga A,Ost 2,28,12,16,28.00,1365,1227,1503,70,12.37,-0.37
Norbert Scheinpflug,BSV Tiengen 3 | BSV Tiengen 4,Bezirksliga | Einzel,Kreismeisterschaften 8-Ball Senioren West | West 1 | West 2,47,21,26,47.00,1365,1259,1472,54,21.37,-0.37
Sebastian Buccheri,BSC Lions Bietigheim 1,Landesliga,West,2,0,2,2.00,1365,967,1763,203,0.37,-0.37
Umut Akinci,PBC Bad Saulgau 2 | PBC Bad Saulgau 3,Bezirksliga | Kreisliga A,Ost 2,13,4,9,13.00,1365,1167,1563,101,4.37,-0.37
Angelo Lázaro Colucci,,Einzel,Kreismeisterschaften 10-Ball Herren Mitte,2,0,2,2.00,1362,963,1761,204,0.38,-0.38
Bernd Ulrich,BSV Shooters Fellbach 3,Kreisliga A,Ost 2,2,0,2,2.00,1362,965,1759,203,0.38,-0.38
Martin Repp,,Einzel,BM 14/1 Einzel Senioren Mitte | BM 8er Ball Senioren Mitte | Bezirksmeisterschaften 10er Ball Senioren 55+ Mitte | Bezirksmeisterschaften 14.1e Senioren 55+ Mitte | Bezirksmeisterschaften 9er Ball Senioren 55+ Mitte | Kreismeisterschaften 10-Ball Senioren 55+ Mitte | Kreismeisterschaften 10-Ball Senioren Mitte | Kreismeisterschaften 14.1e Senioren Mitte | Kreismeisterschaften 14/1e Senioren 55+ Mitte | Kreismeisterschaften 8-Ball Senioren Mitte | Kreismeisterschaften 9-Ball Senioren 55+ Mitte | Kreismeisterschaften 9-Ball Senioren Mitte,34,10,24,34.00,1362,1226,1498,69,10.38,-0.38
Sebastian Calinescu,,Einzel,Kreismeisterschaften 10-Ball Senioren Nord | Kreismeisterschaften 8-Ball Senioren Nord | Kreismeisterschaften 9-Ball Senioren Nord,8,2,6,8.00,1362,1103,1621,132,2.38,-0.38
Andrew Steinhauer,PBC Bad Saulgau 2 | PBC Bad Saulgau 3,Bezirksliga | Einzel | Kreisliga A,Kreismeisterschaften 10-Ball Herren Ost | Kreismeisterschaften 8-Ball Herren Ost | Kreismeisterschaften 9-Ball Herren Ost | Ost 2,66,14,52,66.00,1361,1253,1468,55,14.38,-0.38
Damir Kucis,,Einzel,BM 10er Ball Senioren Nord | Kreismeisterschaften 10-Ball Senioren Nord | Kreismeisterschaften 8-Ball Senioren Nord,7,1,6,7.00,1360,1079,1642,143,1.38,-0.38
Klaus Mutenzer,BC Blaustein 1,Kreisliga A | Landesliga,Ost | Ost 2,6,2,4,6.00,1360,1067,1653,149,2.38,-0.38
Robert Pinczker,TV Cannstatt 4,Bezirksliga,Ost 1,2,0,2,2.00,1360,963,1757,202,0.38,-0.38
Thomas Höger,TV Cannstatt 4,Bezirksliga | Einzel,Bezirksmeisterschaften 10er Ball Senioren 55+ Mitte | Kreismeisterschaften 10-Ball Senioren 55+ Mitte | Kreismeisterschaften 10-Ball Senioren Mitte | Kreismeisterschaften 8-Ball Senioren 55+ Mitte | Kreismeisterschaften 8-Ball Senioren Mitte | Kreismeisterschaften 9-Ball Senioren 55+ Mitte | Kreismeisterschaften 9-Ball Senioren Mitte | Ost 1,26,8,18,26.00,1360,1195,1526,84,8.38,-0.38
Andreas Reisinger,,Einzel,BM 10er Ball Senioren Mitte | Kreismeisterschaften 10-Ball Senioren Mitte | Kreismeisterschaften 8-Ball Senioren Mitte,12,4,8,12.00,1359,1159,1560,102,4.38,-0.38
Bastian Valinski,,Einzel,Kreismeisterschaften 14.1e Herren Nord | Kreismeisterschaften 9-Ball Herren Nord,5,1,4,5.00,1359,1038,1681,164,1.38,-0.38
Hans Müller,BC Aalen 4,Bezirksliga,Ost 2,2,0,2,2.00,1359,962,1757,203,0.38,-0.38
Luciano Galman,BSC Göppingen 3,Bezirksliga,Ost 1,15,3,12,15.00,1359,1151,1567,106,3.39,-0.39
Matthias Grgic,,Einzel,Kreismeisterschaften 10-Ball Herren Mitte | Kreismeisterschaften 14.1e Herren Mitte | Kreismeisterschaften 14/1e Herren Mitte | Kreismeisterschaften 8-Ball Herren Mitte | Kreismeisterschaften 9-Ball Herren Mitte,30,8,22,30.00,1359,1211,1507,76,8.38,-0.38
Rudi Fölker,PBC Bad Saulgau 2 | PBC Bad Saulgau 3,Bezirksliga | Kreisliga A,Ost 2,48,17,31,48.00,1359,1245,1472,58,17.39,-0.39
Jürgen Götting,,Einzel,Kreismeisterschaften 10-Ball Herren Nord | Kreismeisterschaften 9-Ball Senioren Nord,8,2,6,8.00,1358,1081,1634,141,2.39,-0.39
Zlatko Rosin,,Einzel,Kreismeisterschaften 9-Ball Herren Mitte,2,0,2,2.00,1358,944,1771,211,0.39,-0.39
Moritz Fritsche,PBC Reutlingen 3,Bezirksliga,Ost 1,1,0,1,1.00,1357,939,1776,214,0.39,-0.39
Andreas Kunellis,PBC Reutlingen 2,Kreisliga A,Ost 1,4,1,3,4.00,1356,1027,1685,168,1.39,-0.39
Gero Fähnle,BSV Filderstadt 5 | BSV Filderstadt 6 | PBC Reutlingen 2 | PBC Reutlingen 3,Bezirksliga | Kreisliga A,Ost 1,66,25,41,66.00,1356,1256,1456,51,25.39,-0.39
Klaus Friedrich,P&S Denzlingen 1 | P&S Denzlingen 2 | P&S Denzlingen 3,Bezirksliga | Landesliga,West | West 1 | West 2,25,7,18,25.00,1356,1187,1525,86,7.39,-0.39
Michael Röhrle,BULL Leonberg-Höfingen 1,Landesliga,Ost,2,0,2,2.00,1356,956,1757,204,0.39,-0.39
Nurcan Ezdi,,Einzel,Bezirksmeisterschaften 8er Ball Senioren 55+Mitte | Kreismeisterschaften 10-Ball Senioren Mitte | Kreismeisterschaften 8-Ball Herren Mitte | Kreismeisterschaften 8-Ball Senioren 55+ Mitte | Kreismeisterschaften 9-Ball Senioren 55+ Mitte,15,5,10,15.00,1356,1157,1555,102,5.39,-0.39
Bruno Steinbach,Tübinger BC 1 | Tübinger BC 2,Bezirksliga | Kreisliga A | Landesliga,Ost | Ost 1,42,13,29,42.00,1355,1234,1476,62,13.40,-0.40
Cuong Dao-Ngoc,,Einzel,Bezirksmeisterschaften 10er Ball Senioren 55+ Mitte | Bezirksmeisterschaften 14.1e Senioren 55+ Mitte | Bezirksmeisterschaften 8er Ball Senioren 55+Mitte | Bezirksmeisterschaften 9er Ball Senioren 55+ Mitte | Kreismeisterschaften 10-Ball Senioren 55+ Mitte | Kreismeisterschaften 10-Ball Senioren Mitte | Kreismeisterschaften 14/1e Senioren 55+ Mitte | Kreismeisterschaften 8-Ball Senioren 55+ Mitte | Kreismeisterschaften 8-Ball Senioren Mitte | Kreismeisterschaften 9-Ball Senioren 55+ Mitte | Kreismeisterschaften 9-Ball Senioren Mitte,40,13,27,40.00,1355,1229,1481,64,13.40,-0.40
Kevin Minardi,PBC Reutlingen 2 | Tübinger BC 3,Einzel | Kreisliga A | Landesliga,Kreismeisterschaften 10-Ball Herren Ost | Kreismeisterschaften 8-Ball Herren Ost | Landesjugendmeisterschaft 2026 10-Ball U22 v2 | Landesjugendmeisterschaft 2026 9-Ball U22 | Ost 1 | West,38,14,24,38.00,1355,1231,1479,63,14.39,-0.39
Stefan Süß,,Einzel,Bezirksmeisterschaften 8er Ball Herren Nord | Bezirksmeisterschaften 9er Ball Herren Nord | Kreismeisterschaften 10-Ball Herren Nord | Kreismeisterschaften 8-Ball Herren Nord | Kreismeisterschaften 9-Ball Herren Nord,24,6,18,24.00,1355,1189,1520,84,6.40,-0.40
Markus Stehle,BV Villingen-Schwenningen 2,Bezirksliga,West 2,14,6,8,14.00,1354,1166,1542,96,6.40,-0.40
Rainer Beck,PBC Langenargen 2 | PBC Langenargen 3,Bezirksliga | Einzel | Kreisliga A,Kreismeisterschaften 9-Ball Herren Ost | Ost 2,65,22,43,65.00,1354,1259,1450,49,22.40,-0.40
Thomas Frommer,,Einzel,Kreismeisterschaften 9-Ball Herren Mitte,3,1,2,3.00,1354,1019,1689,171,1.40,-0.40
Michael Schreiber,BC Dreiländereck 2,Einzel | Landesliga,BM 10er Ball Herren West | Kreismeisterschaften 10-Ball Herren West | Kreismeisterschaften 8-Ball Herren West | Kreismeisterschaften 9-Ball Herren West | West,17,3,14,17.00,1353,1151,1556,103,3.40,-0.40
Alen Mulaosmanovic,PBC Offenburg 3 | PBC Offenburg 4 | PBC Offenburg 5,Bezirksliga | Einzel | Landesliga,Bezirksmeisterschaften 10er Ball Herren West | Bezirksmeisterschaften 8er Ball Herren West | Kreismeisterschaften 10-Ball Herren West | Kreismeisterschaften 14.1e Herren West | Kreismeisterschaften 8-Ball Herren West | West | West 1,52,17,35,52.00,1352,1243,1461,56,17.40,-0.40
Homayoun Nikzat,BSV Konstanz 1,Landesliga,Ost,4,0,4,4.00,1352,963,1742,199,0.40,-0.40
Manfred Kalliehs,PF Calw 1,Bezirksliga,West 2,2,0,2,2.00,1352,956,1748,202,0.40,-0.40
Brian Wright,,Einzel,Bezirksmeisterschaften 10er Ball Senioren 45+ Mitte | Kreismeisterschaften 8-Ball Senioren 45+ Mitte | Kreismeisterschaften 8-Ball Senioren Mitte | Kreismeisterschaften 9-Ball Senioren 45+ Mitte,11,3,8,11.00,1351,1117,1585,119,3.41,-0.41
Melanie Henschel,PBC Offenburg 3 | PBC Offenburg 4 | PBC Offenburg 6,Bezirksliga | Einzel | Landesliga,BM 10er Ball Damen West und Nord | BM 8er Ball Damen West | BM 9er Ball Damen Nord- West | Bezirksmeisterschaften 8er Ball Damen West | Landesmeisterschaft 10er Ball Damen | Landesmeisterschaft 8er Ball Damen | Landesmeisterschaft 9er Ball Damen | West | West 1,110,41,69,110.00,1351,1274,1428,39,41.40,-0.40
Michael Müller,PF Calw 1,Bezirksliga | Einzel,Kreismeisterschaften 10-Ball Herren Mitte | Kreismeisterschaften 14/1e Herren Mitte | Kreismeisterschaften 8-Ball Herren Mitte | Kreismeisterschaften 9-Ball Herren Mitte | West 2,13,3,10,13.00,1351,1136,1567,110,3.40,-0.40
Daniel Lehmann,PBC Bräunlingen 2,Bezirksliga | Landesliga,West | West 1,4,1,3,4.00,1350,1033,1668,162,1.41,-0.41
Harald Feuerlein,BF Bronnen 1,Kreisliga A,Ost 2,1,0,1,1.00,1350,931,1770,214,0.41,-0.41
Roland Scheinpflug,BSV Tiengen 3,Bezirksliga,West 2,28,10,18,28.00,1350,1206,1494,73,10.41,-0.41
Angelo Truisi,,Einzel,Kreismeisterschaften 10-Ball Herren Nord | Kreismeisterschaften 8-Ball Herren Nord | Kreismeisterschaften 9-Ball Herren Nord,10,2,8,10.00,1349,1094,1604,130,2.41,-0.41
Vincenzo Murano,BSC Göppingen 1,Landesliga,Ost,4,0,4,4.00,1349,964,1734,197,0.41,-0.41
Michael Vollmer,,Einzel,Kreismeisterschaften 8-Ball Herren Ost,2,0,2,2.00,1348,952,1743,202,0.41,-0.41
Philip Gamerdinger,BC Aalen 4,Bezirksliga | Einzel,Kreismeisterschaften 8-Ball Herren Mitte | Kreismeisterschaften 9-Ball Herren Mitte | Ost 2,8,1,7,8.00,1348,1070,1625,142,1.41,-0.41
Philipp Vosseler,PBC Ochsenhausen 2,Kreisliga A,Ost 2,2,0,2,2.00,1346,938,1753,208,0.42,-0.42
Hayk Hovhannisyan,BC Aalen 4,Bezirksliga,Ost 2,1,0,1,1.00,1345,925,1765,215,0.42,-0.42
Mario Jurica,,Einzel,BM 10er Ball Senioren Nord | Kreismeisterschaften 10-Ball Senioren Nord,5,1,4,5.00,1345,1003,1687,175,1.42,-0.42
Norbert Hell,BSV Filderstadt 5 | BSV Filderstadt 6 | PBC Reutlingen 2 | PBC Reutlingen 3,Kreisliga A,Ost 1,39,17,22,39.00,1345,1221,1469,63,17.42,-0.42
Stefan Lorenz,,Einzel,Bezirksmeisterschaften 10er Ball Senioren 45+ Mitte | Kreismeisterschaften 10-Ball Herren Mitte | Kreismeisterschaften 10-Ball Senioren Mitte | Kreismeisterschaften 14.1e Herren Mitte | Kreismeisterschaften 9-Ball Herren Mitte | Kreismeisterschaften 9-Ball Senioren 45+ Mitte | Kreismeisterschaften 9-Ball Senioren Mitte,19,5,14,19.00,1345,1151,1540,99,5.42,-0.42
Luka Antic Aufn.: 20; Ø: 0.45,,Einzel,Landesjugendmeisterschaft 2026 14/1e U18,1,0,1,1.00,1344,924,1765,215,0.42,-0.42
Jörg Wolf,BC Dreiländereck 2 | PBC Offenburg 3 | PBC Offenburg 4 | PBC Offenburg 6,Bezirksliga | Einzel | Landesliga,BM 10er Ball Herren West | BM 14/1 Einzel Herren West | BM 8er Ball Herren West | BM 9er Ball Herren West | Bezirksmeisterschaften 10er Ball Herren West | Bezirksmeisterschaften 10er Ball Senioren 55+ West | Bezirksmeisterschaften 14.1e Herren West | Bezirksmeisterschaften 14.1e Senioren 55+ West | Bezirksmeisterschaften 8er Ball Herren West | Bezirksmeisterschaften 8er Ball Senioren 55+West | Bezirksmeisterschaften 9er Ball Senioren 55+ West | Kreismeisterschaften 10-Ball Herren West | Kreismeisterschaften 14.1e Herren West | Kreismeisterschaften 8-Ball Herren West | Kreismeisterschaften 9-Ball Herren West | Landesmeisterschaft 10er Ball Senioren 55+ | Landesmeisterschaft 9er Ball Senioren 55+ | West | West 1,138,35,103,138.00,1343,1269,1418,38,35.42,-0.42
Thomas Stöckel,PBC Offenburg 2,Landesliga,West,26,7,19,26.00,1343,1186,1500,80,7.42,-0.42
Alper Körpe,BF Bronnen 1 | PBC Ochsenhausen 2,Einzel | Kreisliga A,Bezirksmeisterschaften 8er Ball Herren Ost | Kreismeisterschaften 10-Ball Herren Ost | Kreismeisterschaften 8-Ball Herren Ost | Ost 1 | Ost 2,70,29,41,70.00,1342,1251,1433,46,29.43,-0.43
Michael Triffo,,Einzel,Bezirksmeisterschaften 8er Ball Senioren Nord | Kreismeisterschaften 10-Ball Senioren Nord | Kreismeisterschaften 8-Ball Senioren Nord | Kreismeisterschaften 9-Ball Senioren Nord,11,3,8,11.00,1342,1132,1552,107,3.43,-0.43
Stefan Vater,PBC Freudenstadt 2 | PBC Freudenstadt 3,Bezirksliga | Einzel | Landesliga,BM 10er Ball Senioren West | BM 10er Ball Senioren West (Sand) 2019-2020 | BM 8er Ball Senioren West | Bezirksmeisterschaften 10er Ball Senioren 55+ West | Bezirksmeisterschaften 8er Ball Senioren West | Kreismeisterschaften 10-Ball Senioren West | Kreismeisterschaften 8-Ball Senioren West | West | West 1,110,36,74,110.00,1341,1263,1419,40,36.43,-0.43
Abdul Mecit Kul,BC Blaustein 1,Kreisliga A,Ost 2,12,5,7,12.00,1340,1133,1548,106,5.43,-0.43
Kevin Schieber,BV Leonberg 1,Bezirksliga | Einzel,Kreismeisterschaften 10-Ball Herren Mitte | Kreismeisterschaften 14.1e Herren Mitte | Kreismeisterschaften 14/1e Herren Mitte | Kreismeisterschaften 8-Ball Herren Mitte | Kreismeisterschaften 9-Ball Herren Mitte | Ost 1,21,7,14,21.00,1340,1169,1510,87,7.43,-0.43
Marcus Wolf,PBC Bräunlingen 2,Bezirksliga | Landesliga,West | West 1 | West 2,36,11,25,36.00,1340,1208,1473,68,11.43,-0.43
Thomas Schöpfer,Tübinger BC 1 | Tübinger BC 2,Bezirksliga | Kreisliga A | Landesliga,Ost | Ost 1,20,4,16,20.00,1340,1135,1545,105,4.43,-0.43
Fabian Wieser,BSC Lions Bietigheim 2,Kreisliga A,West 1,2,1,1,2.00,1339,962,1717,193,1.43,-0.43
Viet Anh Nguyen,,Einzel,Kreismeisterschaften 9-Ball Herren Nord,2,0,2,2.00,1338,942,1733,202,0.44,-0.44
Tina,,Einzel,Landesmeisterschaft 14.1e Damen,2,0,2,2.00,1337,933,1741,206,0.44,-0.44
Pascal Pascolo,,Einzel,Kreismeisterschaften 8-Ball Herren Mitte | Kreismeisterschaften 9-Ball Herren Mitte,8,2,6,8.00,1336,1080,1592,131,2.44,-0.44
Roman Holzhauser,PBC Sand 2,Bezirksliga,West 1,18,7,11,18.00,1336,1167,1505,86,7.44,-0.44
Carlo Frasch,,Einzel,Kreismeisterschaften 14.1e Herren Mitte | Kreismeisterschaften 14/1e Herren Mitte | Kreismeisterschaften 8-Ball Herren Mitte,10,2,8,10.00,1335,1088,1582,126,2.44,-0.44
Karl-Heinz Krause,PBC Offenburg 3 | PBC Offenburg 5,Bezirksliga | Einzel | Landesliga,BM 10er Ball Herren West (Offenburg) 2019-2020 | BM 8er Ball Senioren West | BM 9er Ball Senioren West | Kreismeisterschaften 8-Ball Senioren West | Kreismeisterschaften 9-Ball Senioren West | West | West 1,82,25,57,82.00,1335,1248,1423,45,25.44,-0.44
Hoora Dabbaghian,BC Stuttgart 1891 7,Kreisliga A,Ost 1,2,0,2,2.00,1334,935,1733,203,0.44,-0.44
Marius-Ionut Baniceru,BC Stuttgart 1891 6,Kreisliga A,Ost 1,2,0,2,2.00,1334,935,1733,203,0.44,-0.44
Frank Vollath,,Einzel,Kreismeisterschaften 10-Ball Herren Mitte | Kreismeisterschaften 8-Ball Herren Mitte | Kreismeisterschaften 9-Ball Herren Mitte,8,2,6,8.00,1333,1078,1588,130,2.45,-0.45
Joshua Bartsch,PBC Aalen 1,Bezirksliga | Einzel,Kreismeisterschaften 10-Ball Herren Mitte | Kreismeisterschaften 8-Ball Herren Mitte | Ost 2,12,3,9,12.00,1333,1121,1544,108,3.45,-0.45
Mohammed Alhila,PBC Reutlingen 3,Kreisliga A,Ost 1,13,7,6,13.00,1333,1122,1543,107,7.45,-0.45
Thomas Krüger,BULL Leonberg-Höfingen 2,Bezirksliga | Einzel,Bezirksmeisterschaften 14.1e Herren Mitte | Kreismeisterschaften 10-Ball Herren Mitte | Kreismeisterschaften 14/1e Herren Mitte | Kreismeisterschaften 8-Ball Herren Mitte | Kreismeisterschaften 9-Ball Herren Mitte | Ost 1,20,4,16,20.00,1333,1149,1517,94,4.45,-0.45
Andre Schwenzfeier,BSV Pfullingen 2 | BSV Pfullingen 3 | BSV Pfullingen 4,Bezirksliga | Kreisliga A,Ost 1,104,36,68,104.00,1331,1256,1406,38,36.45,-0.45
Carlo Hartmann,BSG Albstadt 1,Bezirksliga | Einzel,Kreismeisterschaften 10-Ball Senioren West | Kreismeisterschaften 8-Ball Senioren West | Kreismeisterschaften 9-Ball Senioren West | West 1 | West 2,56,21,35,56.00,1329,1228,1431,52,21.46,-0.46
Anton Schubert,PBC Ochsenhausen 1 | PBC Ochsenhausen 2 | PBC Ochsenhausen 3,Bezirksliga | Einzel | Kreisliga A | Landesliga,BM 10er Ball Senioren Ost | BM 14/1 Einzel Senioren Ost | BM 8er Ball Senioren Ost | BM 9er Ball Senioren Ost | Bezirksmeisterschaften 10er Ball Senioren 55+ Ost | Bezirksmeisterschaften 14.1e Senioren 55+ Ost | Bezirksmeisterschaften 14.1e Senioren Ost | Bezirksmeisterschaften 8er Ball Senioren 55+Ost | Bezirksmeisterschaften 8er Ball Senioren Ost | Bezirksmeisterschaften 9er Ball Senioren 55+ Ost | Bezirksmeisterschaften 9er Ball Senioren Ost | Kreismeisterschaften 10-Ball Senioren Ost | Kreismeisterschaften 8-Ball Senioren 55+ Ost | Kreismeisterschaften 8-Ball Senioren Ost | Kreismeisterschaften 9-Ball Senioren Ost | Ost | Ost 2,167,55,112,167.00,1328,1266,1390,32,55.46,-0.46
Besim Rama,,Einzel,Bezirksmeisterschaften 8er Ball Herren Nord | Bezirksmeisterschaften 9er Ball Herren Nord | Kreismeisterschaften 10-Ball Herren Nord | Kreismeisterschaften 14/1e Herren Nord | Kreismeisterschaften 8-Ball Herren Nord | Kreismeisterschaften 9-Ball Herren Nord,32,8,24,32.00,1328,1179,1477,76,8.46,-0.46
Frederik Binder,BSV Filderstadt 3 | BSV Filderstadt 4 | BSV Filderstadt 5 | BSV Filderstadt 6,Bezirksliga | Kreisliga A,Ost 1,67,23,44,67.00,1328,1233,1424,49,23.46,-0.46
Bünyamin Öner,,Einzel,LJM 2023 m-u23 8-Ball | LJM 2023 m-u23 9-Ball,4,0,4,4.00,1327,944,1710,196,0.46,-0.46
Eduard Ewert,,Einzel,Kreismeisterschaften 10-Ball Senioren Nord,2,0,2,2.00,1327,926,1729,205,0.46,-0.46
Glen Corcoran,PBC Ochsenhausen 1 | PBC Ochsenhausen 3,Kreisliga A | Landesliga,Ost | Ost 2,14,4,10,14.00,1327,1129,1525,101,4.46,-0.46
Priska Leven,,Einzel,BM 10er Ball Damen West und Nord | BM 8er Ball Damen Nord | BM 9er Ball Damen Nord- West | Bezirksmeisterschaften 10er Ball Damen Nord | Bezirksmeisterschaften 14.1e Damen Nord | Bezirksmeisterschaften 8er Ball Damen Nord | Bezirksmeisterschaften 9er Ball Damen Nord | Landesmeisterschaft 10er Ball Damen | Landesmeisterschaft 14.1e Damen | Landesmeisterschaft 8er Ball Damen | Landesmeisterschaft 9er Ball Damen,71,21,50,71.00,1327,1226,1429,52,21.46,-0.46
Ali Tinoush,,Einzel,BM 10er Ball Senioren Nord | BM 14/1 Einzel Senioren Nord | Bezirksmeisterschaften 10er Ball Senioren 55+ Nord | Bezirksmeisterschaften 10er Ball Senioren Nord | Bezirksmeisterschaften 14.1e Senioren 55+ Nord | Bezirksmeisterschaften 14.1e Senioren Nord | Bezirksmeisterschaften 9er Ball Senioren 55+ Nord | Bezirksmeisterschaften 9er Ball Senioren Nord | Kreismeisterschaften 10-Ball Senioren Nord | Kreismeisterschaften 14.1e Senioren Nord | Kreismeisterschaften 14/1e Senioren 55+ Nord | Kreismeisterschaften 8-Ball Senioren Nord | Kreismeisterschaften 9-Ball Senioren Nord,47,11,36,47.00,1326,1199,1453,65,11.46,-0.46
Benjamin Heck,BSG Albstadt 1 | PBC Bad Saulgau 2,Bezirksliga | Kreisliga A,Ost 2 | West 1 | West 2,53,22,31,53.00,1326,1224,1427,52,22.46,-0.46
Katrin Quaschinsky,,Einzel,BM 10er Ball Ladies Nord | BM 8er Ball Ladies Nord | BM 9er Ball Ladies Nord | Bezirksmeisterschaften 10er Ball Ladies Nord-Mitte | Bezirksmeisterschaften 10er Ball Ladies Nord-Mitte-West | Bezirksmeisterschaften 14.1e Ladies NM | Bezirksmeisterschaften 8er Ball Ladies Nord-Mitte-West | Bezirksmeisterschaften 9er Ball Ladies Nord-Mitte-West | Landesmeisterschaft 10er Ball Ladies | Landesmeisterschaft 8er Ball Ladies | Landesmeisterschaft 9er Ball Ladies,41,19,22,41.00,1325,1210,1441,59,19.46,-0.46
Susanne Schweter,,Einzel,BM 10er Ball Ladies Nord | BM 8er Ball Ladies Nord | BM 9er Ball Ladies Nord | Bezirksmeisterschaften 10er Ball Ladies Nord Mitte West | Bezirksmeisterschaften 10er Ball Ladies Nord-Mitte | Bezirksmeisterschaften 10er Ball Ladies Nord-Mitte-West | Bezirksmeisterschaften 14.1e Ladies NM | Bezirksmeisterschaften 14.1e Ladies Nord Mitte West | Bezirksmeisterschaften 8er Ball Ladies Nord-Mitte-West | Bezirksmeisterschaften 9er Ball Ladies  Nord Mitte  West | Bezirksmeisterschaften 9er Ball Ladies Nord-Mitte-West | Landesmeisterschaft 10er Ball Ladies | Landesmeisterschaft 14.1e Ladies | Landesmeisterschaft 8er Ball Ladies | Landesmeisterschaft 9er Ball Ladies | Landesmeisterschaft 9er Ball Ladies 1,93,33,60,93.00,1325,1242,1408,42,33.46,-0.46
Edis Eminovic,,Einzel,Kreismeisterschaften 10-Ball Herren Mitte,2,0,2,2.00,1323,913,1733,209,0.47,-0.47
Aydin Yaray,,Einzel,Kreismeisterschaften 10-Ball Herren Mitte,2,0,2,2.00,1322,914,1731,208,0.47,-0.47
Bernd Mahnke,,Einzel,BM 14/1 Einzel Herren Nord | Kreismeisterschaften 10-Ball Herren Nord | Kreismeisterschaften 14.1e Herren Nord | Kreismeisterschaften 8-Ball Herren Nord | Kreismeisterschaften 9-Ball Herren Nord,15,2,13,15.00,1320,1091,1550,117,2.48,-0.48
Catalin Damian,BC Feuersee 1,Einzel | Kreisliga A,Kreismeisterschaften 10-Ball Herren Mitte | Kreismeisterschaften 14/1e Herren Mitte | Kreismeisterschaften 8-Ball Herren Mitte | Kreismeisterschaften 9-Ball Herren Mitte | Ost 2,11,3,8,11.00,1319,1100,1538,112,3.48,-0.48
Dieter Krause,BBC Plochingen 2,Bezirksliga | Einzel | Kreisliga A,Bezirksmeisterschaften 10er Ball Senioren 55+ Ost | Bezirksmeisterschaften 10er Ball Senioren Ost | Bezirksmeisterschaften 14.1e Senioren 55+ Ost | Bezirksmeisterschaften 8er Ball Senioren 55+Ost | Bezirksmeisterschaften 8er Ball Senioren Ost | Bezirksmeisterschaften 9er Ball Senioren 55+ Ost | Bezirksmeisterschaften 9er Ball Senioren Ost | Kreismeisterschaften 10-Ball Senioren Ost | Kreismeisterschaften 8-Ball Senioren 55+ Ost | Kreismeisterschaften 8-Ball Senioren Ost | Ost 1,69,22,47,69.00,1319,1224,1415,49,22.48,-0.48
Lulzim Ramliku,P&S Denzlingen 3 | P&S Denzlingen 4,Bezirksliga,West 1,26,8,18,26.00,1318,1157,1480,82,8.48,-0.48
Rainer Braun,BSV Tiengen 3 | BSV Tiengen 4,Bezirksliga | Einzel,BM 8er Ball Senioren West | Kreismeisterschaften 10-Ball Senioren West | Kreismeisterschaften 8-Ball Senioren West | West 1 | West 2,92,33,59,92.00,1318,1235,1401,42,33.48,-0.48
Anastasios Kiriakidis,,Einzel,Kreismeisterschaften 9-Ball Herren Mitte,2,0,2,2.00,1317,892,1742,217,0.48,-0.48
Phat Truong,,Einzel,Kreismeisterschaften 8-Ball Senioren Mitte | Kreismeisterschaften 9-Ball Senioren Mitte,5,1,4,5.00,1315,1004,1625,158,1.49,-0.49
Tom Wacker,,Einzel,BM 14/1 Einzel Senioren Nord | Kreismeisterschaften 14.1e Senioren Nord | Kreismeisterschaften 8-Ball Senioren 55+ Nord | Kreismeisterschaften 8-Ball Senioren Nord,15,3,12,15.00,1315,1098,1533,111,3.49,-0.49
Nikolaos Seristatidis,Tübinger BC 1 | Tübinger BC 2,Bezirksliga | Einzel | Kreisliga A,BM 10er Ball Herren Ost | BM 8er Ball Herren Ost | BM 9er Ball Herren Ost | Kreismeisterschaften 10-Ball Herren Mitte | Kreismeisterschaften 10-Ball Herren Ost | Kreismeisterschaften 14.1e Herren Mitte | Kreismeisterschaften 14.1e Herren Ost | Kreismeisterschaften 14/1e Herren Mitte | Kreismeisterschaften 8-Ball Herren Mitte | Kreismeisterschaften 8-Ball Herren Ost | Kreismeisterschaften 9-Ball Herren Mitte | Kreismeisterschaften 9-Ball Herren Ost | Ost 1,103,31,72,103.00,1314,1234,1394,41,31.49,-0.49
Adeeb Bitar,,Einzel,Kreismeisterschaften 9-Ball Herren Mitte,2,0,2,2.00,1313,906,1719,207,0.49,-0.49
Bianca Duttlinger,BSV Tiengen 3,Bezirksliga | Einzel,Bezirksmeisterschaften 10er Ball Damen West | Bezirksmeisterschaften 14.1e Damen West | Bezirksmeisterschaften 9er Ball Damen West | Landesmeisterschaft 14.1e Damen | Landesmeisterschaft 9er Ball Damen | West 2,21,6,15,21.00,1313,1131,1494,93,6.49,-0.49
Ingo Mann,,Einzel,Bezirksmeisterschaften 8er Ball Senioren 55+Mitte | Kreismeisterschaften 8-Ball Senioren 55+ Mitte | Kreismeisterschaften 8-Ball Senioren Mitte | Kreismeisterschaften 9-Ball Senioren 55+ Mitte | Kreismeisterschaften 9-Ball Senioren Mitte,16,6,10,16.00,1313,1129,1498,94,6.49,-0.49
Ryan Grabowski,P&S Denzlingen 2 | P&S Denzlingen 3,Bezirksliga | Landesliga,West | West 1 | West 2,31,8,23,31.00,1312,1173,1451,71,8.49,-0.49
Andreas Horn,BSG Albstadt 1 | Tübinger BC 2 | Tübinger BC 3,Bezirksliga | Kreisliga A,Ost 1 | West 1 | West 2,32,13,19,32.00,1310,1182,1438,65,13.50,-0.50
Florian Martin,PBC Bräunlingen 2,Bezirksliga,West 2,1,0,1,1.00,1310,879,1740,220,0.50,-0.50
Melanie Wolf,PBC Bräunlingen 2,Bezirksliga,West 2,1,0,1,1.00,1310,879,1740,220,0.50,-0.50
Dimitrios Stotoglou,,Einzel,Kreismeisterschaften 14.1e Herren Mitte | Kreismeisterschaften 8-Ball Herren Mitte | Kreismeisterschaften 9-Ball Herren Mitte,10,2,8,10.00,1309,1047,1570,133,2.50,-0.50
Ralf Rabold,,Einzel,Kreismeisterschaften 8-Ball Senioren 55+ Nord | Kreismeisterschaften 8-Ball Senioren Nord | Kreismeisterschaften 9-Ball Senioren Nord,10,4,6,10.00,1309,1084,1533,114,4.50,-0.50
Henrique Barbosa,BSV Pfullingen 3 | BSV Pfullingen 4,Bezirksliga | Kreisliga A,Ost 1,10,5,5,10.00,1308,1103,1514,105,5.50,-0.50
Yilmaz Bulut,,Einzel,Kreismeisterschaften 8-Ball Senioren Mitte,3,1,2,3.00,1308,952,1665,182,1.50,-0.50
Jens Sommer,,Einzel,Bezirksmeisterschaften 8er Ball Herren Nord | Kreismeisterschaften 10-Ball Herren Nord | Kreismeisterschaften 8-Ball Herren Nord | Kreismeisterschaften 9-Ball Herren Nord,16,4,12,16.00,1307,1107,1506,102,4.51,-0.51
Dimitris Patsirogiannis,,Einzel,Landesjugendmeisterschaft u14-u22 10-Ball | Landesjugendmeisterschaft u14-u22 9-Ball,5,1,4,5.00,1305,1002,1608,155,1.51,-0.51
Dieter Ruck,,Einzel,Kreismeisterschaften 10-Ball Senioren Nord | Kreismeisterschaften 14.1e Senioren Nord | Kreismeisterschaften 8-Ball Senioren Nord | Kreismeisterschaften 9-Ball Senioren Nord,10,2,8,10.00,1304,1062,1546,123,2.51,-0.51
Joachim Lechenbauer,BC Stuttgart 1891 4,Bezirksliga,Ost 2,2,0,2,2.00,1304,902,1705,205,0.51,-0.51
Niklas Materia,,Einzel,Kreismeisterschaften 14.1e Herren Nord,2,0,2,2.00,1304,898,1710,207,0.51,-0.51
Norbert Ritschel,PBC Nagoldtal 3,Bezirksliga,West 2,2,0,2,2.00,1304,910,1698,201,0.51,-0.51
Marco Weise,BSV Konstanz 1,Einzel | Landesliga,Kreismeisterschaften 8-Ball Herren Ost | Kreismeisterschaften 9-Ball Herren Ost | Ost,14,1,13,14.00,1303,1037,1568,136,1.51,-0.51
Steffen Hoffmann,,Einzel,Kreismeisterschaften 10-Ball Herren Nord | Kreismeisterschaften 8-Ball Herren Nord,10,2,8,10.00,1303,1050,1557,129,2.51,-0.51
Dominik Weitzmann,PBC Bad Saulgau 2 | PBC Bad Saulgau 3,Bezirksliga | Einzel | Kreisliga A,BM 9er Ball Herren Ost | Bezirksmeisterschaften 10er Ball Herren Ost | Bezirksmeisterschaften 14.1e Herren Ost | Kreismeisterschaften 10-Ball Herren Ost | Kreismeisterschaften 9-Ball Herren Ost | Ost 2,105,33,72,105.00,1302,1221,1382,41,33.52,-0.52
Mohammed Ali Bemah,,Einzel,Kreismeisterschaften 10-Ball Herren Mitte | Kreismeisterschaften 14.1e Herren Mitte | Kreismeisterschaften 14/1e Herren Mitte | Kreismeisterschaften 8-Ball Herren Mitte | Kreismeisterschaften 9-Ball Herren Mitte,36,8,28,36.00,1302,1158,1446,74,8.51,-0.51
Alexander Schröder,BC Dätzingen 2,Kreisliga A,West 2,2,0,2,2.00,1301,907,1695,201,0.52,-0.52
Pascal Cecotti,BC Dätzingen 2,Kreisliga A,West 2,2,0,2,2.00,1301,907,1695,201,0.52,-0.52
Ralf Bachert,PBC Bietigheim-Bissingen 2,Bezirksliga | Einzel,BM 10er Ball Senioren Mitte (Sindelfingen) 2019-2020 | Kreismeisterschaften 14.1e Senioren Mitte | Kreismeisterschaften 8-Ball Senioren Mitte | Kreismeisterschaften 9-Ball Senioren Mitte | Landesmeisterschaft 10er Ball Senioren | Landesmeisterschaft 9er Ball Senioren | Ost 2,20,4,16,20.00,1301,1107,1495,99,4.52,-0.52
Dietmar Lauer,PBC Bietigheim-Bissingen 2,Bezirksliga | Einzel,Kreismeisterschaften 8-Ball Senioren Mitte | Ost 2,4,0,4,4.00,1300,923,1677,192,0.52,-0.52
Henry Spang,,Einzel,LJM 2023 m-u15/17 10-Ball | LJM 2023 m-u15/17 8-Ball | LJM 2023 m-u15/17 9-Ball | Landesjugendmeisterschaft 2026 10-Ball U18 | Landesjugendmeisterschaft 2026 14/1e U18 | Landesjugendmeisterschaft 2026 8-Ball U18 | Landesjugendmeisterschaft 2026 9-Ball U18 | Landesjugendmeisterschaft u14-u16 14/1e | Landesjugendmeisterschaft u14-u16 8 Ball | Landesjugendmeisterschaft u14-u16 9 Ball | Landesjugendmeisterschaft u14-u22 10-Ball | Landesjugendmeisterschaft u14-u22 8-Ball | Landesjugendmeisterschaft u14-u22 9-Ball,41,15,26,41.00,1300,1181,1420,61,15.52,-0.52
Daniel Fleischmann,,Einzel,Kreismeisterschaften 8-Ball Herren Mitte,2,0,2,2.00,1296,893,1699,205,0.53,-0.53
Michael Killian,,Einzel,Kreismeisterschaften 10-Ball Senioren Nord | Kreismeisterschaften 14.1e Senioren Nord | Kreismeisterschaften 9-Ball Senioren Nord,9,1,8,9.00,1296,1005,1587,148,1.53,-0.53
Ulrich Märkle,Tübinger BC 2,Kreisliga A,Ost 1,21,10,11,21.00,1296,1138,1454,81,10.53,-0.53
Eckart Grabe,BSV Filderstadt 3 | BSV Filderstadt 4 | BSV Filderstadt 5 | BSV Filderstadt 6,Kreisliga A | Landesliga,Ost | Ost 1,76,20,56,76.00,1295,1200,1389,48,20.53,-0.53
Dirk Dufner,P&S Denzlingen 3,Bezirksliga | Landesliga,West | West 1,20,4,16,20.00,1293,1093,1493,102,4.53,-0.53
Peter Kleinhans,PBC Langenargen 2,Kreisliga A,Ost 2,28,13,15,28.00,1292,1147,1437,74,13.54,-0.54
Minh Tien Vo,Tübinger BC 1,Bezirksliga,Ost 1,9,3,6,9.00,1291,1058,1525,119,3.54,-0.54
Christian Casagrande,BSV Shooters Fellbach 1,Bezirksliga | Einzel,Kreismeisterschaften 8-Ball Herren Mitte | Ost 2,5,1,4,5.00,1290,991,1588,152,1.54,-0.54
Asmir Sinanovic,PBC Freudenstadt 2 | PBC Freudenstadt 3 | PBC Freudenstadt 4,Bezirksliga | Einzel | Landesliga,Bezirksmeisterschaften 14.1e Herren West | Bezirksmeisterschaften 8er Ball Herren West | Kreismeisterschaften 10-Ball Herren West | Kreismeisterschaften 14.1e Herren West | Kreismeisterschaften 8-Ball Herren West | Kreismeisterschaften 9-Ball Herren West | West | West 1,72,26,46,72.00,1289,1191,1388,50,26.54,-0.54
Emin Kajkus,BSV Filderstadt 5,Kreisliga A,Ost 1,2,0,2,2.00,1288,895,1682,201,0.54,-0.54
Dieter Wolk,,Einzel,BM 10er Ball Senioren Nord (PBC Waghäusel) 2019-2020 | BM 14/1 Einzel Senioren Nord | BM 9er Ball Senioren Nord | Bezirksmeisterschaften 8er Ball Senioren 55+Nord | Bezirksmeisterschaften 8er Ball Senioren Nord | Kreismeisterschaften 10-Ball Senioren Nord | Kreismeisterschaften 14.1e Senioren Nord | Kreismeisterschaften 14/1e Senioren 55+ Nord | Kreismeisterschaften 8-Ball Senioren 55+ Nord | Kreismeisterschaften 8-Ball Senioren Nord | Kreismeisterschaften 9-Ball Senioren Nord,34,8,26,34.00,1287,1141,1433,75,8.55,-0.55
Erich Wohllaib,PBC Ochsenhausen 1 | PBC Ochsenhausen 2 | PBC Ochsenhausen 3,Bezirksliga | Einzel | Kreisliga A,BM 10er Ball Senioren Ost | BM 14/1 Einzel Senioren Ost | BM 9er Ball Senioren Ost | Bezirksmeisterschaften 10er Ball Senioren Ost | Bezirksmeisterschaften 14.1e Senioren 55+ Ost | Bezirksmeisterschaften 8er Ball Senioren 55+Ost | Bezirksmeisterschaften 8er Ball Senioren Ost | Bezirksmeisterschaften 9er Ball Senioren Ost | Kreismeisterschaften 10-Ball Senioren Ost | Kreismeisterschaften 8-Ball Senioren 55+ Ost | Kreismeisterschaften 8-Ball Senioren Ost | Kreismeisterschaften 9-Ball Senioren Ost | Ost 2,135,35,100,135.00,1287,1214,1360,37,35.55,-0.55
Richard Hartmann,PBC Sand 2,Bezirksliga | Einzel,BM 10er Ball Senioren West (Sand) 2019-2020 | West 1,32,10,22,32.00,1287,1151,1423,69,10.55,-0.55
Daniel Doulgeris,,Einzel,Kreismeisterschaften 10-Ball Herren Mitte | Kreismeisterschaften 9-Ball Herren Mitte,4,0,4,4.00,1281,902,1659,193,0.56,-0.56
Jens Todt,,Einzel,Kreismeisterschaften 10-Ball Senioren Mitte | Kreismeisterschaften 9-Ball Senioren Mitte,5,1,4,5.00,1281,981,1582,153,1.56,-0.56
René Wieczorek,,Einzel,Kreismeisterschaften 10-Ball Herren Nord | Kreismeisterschaften 14.1e Herren Nord | Kreismeisterschaften 8-Ball Herren Nord | Kreismeisterschaften 9-Ball Herren Nord,10,2,8,10.00,1281,1030,1532,128,2.56,-0.56
Evi Leder,,Einzel,BM 10er Ball Ladies Nord | BM 9er Ball Ladies Nord | Bezirksmeisterschaften 10er Ball Ladies Nord Mitte West | Bezirksmeisterschaften 10er Ball Ladies Nord-Mitte-West | Bezirksmeisterschaften 14.1e Ladies NM | Bezirksmeisterschaften 14.1e Ladies Nord Mitte West | Bezirksmeisterschaften 8er Ball Ladies Nord-Mitte-West | Bezirksmeisterschaften 9er Ball Ladies  Nord Mitte  West | Bezirksmeisterschaften 9er Ball Ladies Nord-Mitte-West | Landesmeisterschaft 10er Ball Damen | Landesmeisterschaft 10er Ball Ladies | Landesmeisterschaft 14.1e Ladies | Landesmeisterschaft 8er Ball Ladies | Landesmeisterschaft 9er Ball Ladies | Landesmeisterschaft 9er Ball Ladies 1,62,21,41,62.00,1280,1177,1383,53,21.56,-0.56
Mohammad Jiroudi,PBC Bräunlingen 2,Bezirksliga | Landesliga,West | West 1,12,2,10,12.00,1280,1043,1516,121,2.56,-0.56
Patrick Wilczek,BC Bad Schussenried 2 | BC Bad Schussenried 3 | BC Bad Schussenried 5,Einzel | Kreisliga A,Bezirksmeisterschaften 9er Ball Herren Ost | Kreismeisterschaften 10-Ball Herren Ost | Kreismeisterschaften 9-Ball Herren Ost | Ost 2,75,24,51,75.00,1280,1189,1372,47,24.56,-0.56
Bernd Feierabend,P&S Denzlingen 1 | P&S Denzlingen 2 | P&S Denzlingen 3,Bezirksliga | Einzel | Landesliga,Bezirksmeisterschaften 10er Ball Senioren West | Bezirksmeisterschaften 8er Ball Senioren 55+West | Bezirksmeisterschaften 8er Ball Senioren West | Kreismeisterschaften 8-Ball Senioren West | West | West 1 | West 2,60,11,49,60.00,1279,1163,1396,60,11.56,-0.56
Celal Bulut,BV Markdorf 2,Bezirksliga,Ost 2,8,1,7,8.00,1279,1005,1553,140,1.56,-0.56
Pia Albersmeier,,Einzel,Bezirksmeisterschaften 10er Ball Damen Mitte-Ost | Bezirksmeisterschaften 8er Ball Damen Mitte-Ost | Landesmeisterschaft 8er Ball Damen,11,3,8,11.00,1279,1062,1497,111,3.56,-0.56
Sascha Jungwirth,BSC Lions Bietigheim 2,Kreisliga A,West 1,2,0,2,2.00,1278,884,1672,201,0.56,-0.56
Mirsad Sabic,,Einzel,BM 10er Ball Herren Nord | Bezirksmeisterschaften 14.1e Herren Nord | Kreismeisterschaften 10-Ball Herren Nord | Kreismeisterschaften 14.1e Herren Nord | Kreismeisterschaften 14/1e Herren Nord,12,2,10,12.00,1277,1034,1521,124,2.57,-0.57
Jürgen Wolf,,Einzel,Kreismeisterschaften 8-Ball Senioren 55+ Nord,2,0,2,2.00,1275,878,1671,202,0.57,-0.57
Zeeshan Khan,PBC Ochsenhausen 2,Kreisliga A,Ost 2,10,2,8,10.00,1275,1033,1517,123,2.57,-0.57
Claudio Severino,Tübinger BC 3,Kreisliga A,West 2,2,0,2,2.00,1274,851,1697,216,0.57,-0.57
Tobias Schneider,BF Bronnen 1,Kreisliga A,Ost 2,1,0,1,1.00,1274,827,1721,228,0.57,-0.57
Luka Antic,PBC Offenburg 3 | PBC Offenburg 4 | PBC Offenburg 5,Bezirksliga | Einzel | Landesliga,LJM 2023 m-u15/17 10-Ball | LJM 2023 m-u15/17 8-Ball | LJM 2023 m-u15/17 9-Ball | Landesjugendmeisterschaft 2026 10-Ball U18 | Landesjugendmeisterschaft 2026 14/1e U18 | Landesjugendmeisterschaft 2026 8-Ball U18 | Landesjugendmeisterschaft 2026 9-Ball U18 | Landesjugendmeisterschaft mU18 10 Ball | Landesjugendmeisterschaft mU18 14.1e | Landesjugendmeisterschaft mU18 8 Ball | Landesjugendmeisterschaft mU18 9 Ball | West | West 1,71,22,49,71.00,1273,1178,1367,48,22.57,-0.57
Luca Wolk,,Einzel,Landesjugendmeisterschaft 2026 10-Ball U16 | Landesjugendmeisterschaft 2026 14/1e U16 | Landesjugendmeisterschaft 2026 8-Ball U16 | Landesjugendmeisterschaft 2026 9-Ball U16 v2 | Landesjugendmeisterschaft u14-u16 10 Ball | Landesjugendmeisterschaft u14-u16 14/1e | Landesjugendmeisterschaft u14-u16 8 Ball | Landesjugendmeisterschaft u14-u16 9 Ball | Landesjugendmeisterschaft u14-u22 8-Ball | Landesjugendmeisterschaft u14-u22 9-Ball,26,10,16,26.00,1272,1113,1431,81,10.58,-0.58
Artur Maximow,BF Bronnen 1,Kreisliga A,Ost 2,12,4,8,12.00,1271,1061,1481,107,4.58,-0.58
Lukas Masson,,Einzel,Bezirksmeisterschaften 10er Ball Senioren Nord | Kreismeisterschaften 10-Ball Senioren Nord,4,0,4,4.00,1271,891,1652,194,0.58,-0.58
Kathrin Karwath,PBC Reutlingen 2 | PBC Reutlingen 3,Bezirksliga | Einzel | Kreisliga A,Landesmeisterschaft 10er Ball Damen | Landesmeisterschaft 8er Ball Damen | Landesmeisterschaft 9er Ball Damen | Ost 1 | West 2,86,31,55,86.00,1270,1182,1357,45,31.58,-0.58
Thomas Dieckmann,Tübinger BC 1,Bezirksliga,Ost 1,4,0,4,4.00,1269,887,1652,195,0.58,-0.58
Idris Abanuzoglu,BSC Göppingen 3,Bezirksliga | Kreisliga A,Ost 1,13,5,8,13.00,1268,1059,1476,106,5.58,-0.58
Roland Kirchmaier,BC Weingarten 1 | BC Weingarten 2,Bezirksliga | Kreisliga A,Ost 2,28,10,18,28.00,1268,1130,1407,71,10.58,-0.58
Marvin Diedrich,PBC Sand 2,Bezirksliga,West 1,20,4,16,20.00,1267,1075,1459,98,4.59,-0.59
Tommaso Parisi,BC Bad Schussenried 1 | BC Bad Schussenried 2 | BC Bad Schussenried 3 | BC Bad Schussenried 4,Bezirksliga | Kreisliga A,Ost 2,48,18,30,48.00,1265,1155,1376,57,18.59,-0.59
Brigitte Uhrig,,Einzel,BM 10er Ball Ladies Nord | BM 8er Ball Ladies Nord | BM 9er Ball Ladies Nord | Bezirksmeisterschaften 10er Ball Ladies Nord-Mitte | Bezirksmeisterschaften 10er Ball Ladies Nord-Mitte-West | Bezirksmeisterschaften 14.1e Ladies NM | Bezirksmeisterschaften 14.1e Ladies Nord Mitte West | Bezirksmeisterschaften 8er Ball Ladies Nord-Mitte-West | Bezirksmeisterschaften 9er Ball Ladies  Nord Mitte  West | Bezirksmeisterschaften 9er Ball Ladies Nord-Mitte-West | Landesmeisterschaft 10er Ball Ladies | Landesmeisterschaft 14.1e Ladies | Landesmeisterschaft 8er Ball Ladies | Landesmeisterschaft 9er Ball Ladies,52,17,35,52.00,1264,1152,1377,57,17.59,-0.59
Fabienne Weiß,BBC Plochingen 2,Bezirksliga | Einzel,Landesmeisterschaft 14.1e Damen | Ost 1,4,1,3,4.00,1264,931,1597,170,1.59,-0.59
Leon Schick,,Einzel,Bezirksmeisterschaften 14.1e Herren Nord | Bezirksmeisterschaften 9er Ball Herren Nord | Kreismeisterschaften 10-Ball Herren Nord | Kreismeisterschaften 14/1e Herren Nord | Kreismeisterschaften 8-Ball Herren Nord | Kreismeisterschaften 9-Ball Herren Nord,24,4,20,24.00,1264,1080,1448,94,4.59,-0.59
Oleg Kuhn,BSC Göppingen 2,Kreisliga A,Ost 1,4,1,3,4.00,1264,931,1598,170,1.59,-0.59
Goran Antunovic,Tübinger BC 1 | Tübinger BC 2,Kreisliga A | Landesliga,Ost | Ost 1,10,2,8,10.00,1262,1024,1501,122,2.59,-0.59
Siegfried Brockmann,BC Bad Schussenried 2 | BC Bad Schussenried 3 | BC Bad Schussenried 4,Einzel | Kreisliga A,Bezirksmeisterschaften 10er Ball Senioren 55+ Ost | Bezirksmeisterschaften 14.1e Senioren 55+ Ost | Bezirksmeisterschaften 8er Ball Senioren 55+Ost | Bezirksmeisterschaften 8er Ball Senioren Ost | Bezirksmeisterschaften 9er Ball Senioren 55+ Ost | Bezirksmeisterschaften 9er Ball Senioren Ost | Kreismeisterschaften 8-Ball Senioren 55+ Ost | Kreismeisterschaften 8-Ball Senioren Ost | Ost 2,67,20,47,67.00,1262,1163,1360,50,20.59,-0.59
Mark Szinger,BV Villingen-Schwenningen 2,Bezirksliga | Einzel,Bezirksmeisterschaften 8er Ball Herren West | Bezirksmeisterschaften 9er Ball Herren West | Kreismeisterschaften 10-Ball Herren West | Kreismeisterschaften 8-Ball Herren West | Kreismeisterschaften 9-Ball Herren West | West 1,73,21,52,73.00,1261,1164,1358,49,21.60,-0.60
Niklas Weiß,,Einzel,Kreismeisterschaften 10-Ball Herren Nord,2,0,2,2.00,1261,859,1663,205,0.60,-0.60
Ciro Guerra,,Einzel,BM 9er Ball Senioren Mitte | Kreismeisterschaften 10-Ball Senioren Mitte | Kreismeisterschaften 8-Ball Senioren Mitte | Kreismeisterschaften 9-Ball Senioren Mitte,15,4,11,15.00,1259,1057,1461,103,4.60,-0.60
Nguyen Tien Dung,PBC Reutlingen 3,Kreisliga A,West 2,2,0,2,2.00,1258,862,1654,202,0.60,-0.60
Fabian Klausmann,,Einzel,Kreismeisterschaften 9-Ball Herren Nord,2,0,2,2.00,1257,852,1662,207,0.60,-0.60
Izet Nokic,BF Bronnen 1,Kreisliga A,Ost 1 | Ost 2,11,3,8,11.00,1257,1038,1475,112,3.60,-0.60
Anan Zaity,BV Villingen-Schwenningen 2,Bezirksliga,West 2,23,6,17,23.00,1256,1094,1417,82,6.61,-0.61
Egon Raach,BSG Albstadt 1,Bezirksliga,West 2,2,0,2,2.00,1256,859,1653,203,0.61,-0.61
Jürgen Reisner,PBC Aalen 1,Bezirksliga | Einzel,Kreismeisterschaften 10-Ball Herren Mitte | Ost 2,4,1,3,4.00,1255,933,1577,164,1.61,-0.61
David Hackenberg,P&S Denzlingen 4,Bezirksliga | Einzel,Bezirksmeisterschaften 8er Ball Senioren 45+West | West 1,32,11,21,32.00,1254,1111,1398,73,11.61,-0.61
Lukas Bruchmann,PBC Aalen 2,Kreisliga A,Ost 2,2,0,2,2.00,1254,852,1656,205,0.61,-0.61
Michael Funk,BSV Pfullingen 3,Bezirksliga,Ost 1,10,1,9,10.00,1254,980,1527,140,1.61,-0.61
Sylvia Gurnig,BV Markdorf 3,Bezirksliga | Kreisliga A,Ost 2,54,15,39,54.00,1252,1141,1363,57,15.61,-0.61
Werner Schmidberger,PBC Ochsenhausen 3,Einzel | Kreisliga A,BM 8er Ball Senioren Ost | BM 9er Ball Senioren Ost | Bezirksmeisterschaften 10er Ball Senioren 55+ Ost | Bezirksmeisterschaften 10er Ball Senioren Ost | Bezirksmeisterschaften 8er Ball Senioren 55+Ost | Bezirksmeisterschaften 9er Ball Senioren 55+ Ost | Kreismeisterschaften 10-Ball Senioren Ost | Kreismeisterschaften 8-Ball Senioren 55+ Ost | Kreismeisterschaften 8-Ball Senioren Ost | Kreismeisterschaften 9-Ball Senioren Ost | Ost 2,91,24,67,91.00,1252,1165,1340,45,24.61,-0.61
Andrej Stark,P&S Denzlingen 2 | P&S Denzlingen 3,Bezirksliga,West 1 | West 2,28,8,20,28.00,1251,1101,1401,76,8.61,-0.61
Florian Krieg,,Einzel,Kreismeisterschaften 14.1e Herren Mitte,2,0,2,2.00,1250,851,1650,204,0.62,-0.62
Leonhard Klecker,,Einzel,Kreismeisterschaften 9-Ball Herren Nord,2,0,2,2.00,1250,853,1647,203,0.62,-0.62
Claudia Heinen,,Einzel,Bezirksmeisterschaften 10er Ball Damen Nord | Bezirksmeisterschaften 14.1e Damen Nord | Bezirksmeisterschaften 8er Ball Damen Nord | Bezirksmeisterschaften 9er Ball Damen Nord,13,3,10,13.00,1249,1038,1460,108,3.62,-0.62
Marcus Reber,PBC Freudenstadt 2 | PBC Freudenstadt 3,Bezirksliga | Einzel | Landesliga,Kreismeisterschaften 9-Ball Senioren West | West | West 1,6,0,6,6.00,1249,872,1626,192,0.62,-0.62
Tobias Sven Stockenberger,,Einzel,Kreismeisterschaften 14/1e Herren Nord | Kreismeisterschaften 8-Ball Herren Nord | Kreismeisterschaften 9-Ball Herren Nord,7,1,6,7.00,1249,955,1543,150,1.62,-0.62
Alper Köreken,,Einzel,Kreismeisterschaften 9-Ball Herren Nord,2,0,2,2.00,1248,848,1648,204,0.62,-0.62
Wolfgang Krüger,PF Calw 1,Bezirksliga | Einzel,Bezirksmeisterschaften 10er Ball Senioren 55+ Mitte | Bezirksmeisterschaften 8er Ball Senioren 55+Mitte | Bezirksmeisterschaften 9er Ball Senioren 55+ Mitte | Kreismeisterschaften 10-Ball Senioren 55+ Mitte | Kreismeisterschaften 14/1e Senioren 55+ Mitte | Kreismeisterschaften 8-Ball Senioren 55+ Mitte | Kreismeisterschaften 9-Ball Senioren 55+ Mitte | West 2,20,4,16,20.00,1248,1053,1442,99,4.62,-0.62
Marc Witt,BULL Leonberg-Höfingen 3,Einzel | Kreisliga A,Landesjugendmeisterschaft 2026 10-Ball U16 | Landesjugendmeisterschaft 2026 14/1e U16 | Landesjugendmeisterschaft u14-u16 10 Ball | Landesjugendmeisterschaft u14-u16 14/1e | Landesjugendmeisterschaft u14-u16 8 Ball | Landesjugendmeisterschaft u14-u16 9 Ball | Ost 2,17,5,12,17.00,1247,1058,1437,97,5.62,-0.62
Levend Bas,BC Weingarten 1 | BC Weingarten 2,Kreisliga A | Landesliga,Ost | Ost 2,24,6,18,24.00,1246,1086,1405,82,6.62,-0.62
Lukas Böser,,Einzel,Bezirksmeisterschaften 8er Ball Herren Nord | Kreismeisterschaften 10-Ball Herren Nord | Kreismeisterschaften 8-Ball Herren Nord,7,1,6,7.00,1246,948,1543,152,1.62,-0.62
Bruno Schuon,BSV Pfullingen 2 | BSV Pfullingen 3 | BSV Pfullingen 4,Bezirksliga | Kreisliga A,Ost 1,62,11,51,62.00,1244,1128,1359,59,11.63,-0.63
Tajana Dürr-Smokovic,BSC Göppingen 3,Bezirksliga | Einzel,Bezirksmeisterschaften 10er Ball Damen Mitte-Ost | Bezirksmeisterschaften 8er Ball Damen Mitte-Ost | Ost 1,13,2,11,13.00,1244,1015,1473,117,2.63,-0.63
Genta Gunawan,BC Stuttgart 1891 5,Einzel | Kreisliga A,Landesjugendmeisterschaft mU18 10 Ball | Landesjugendmeisterschaft mU18 14.1e | Landesjugendmeisterschaft mU18 8 Ball | Landesjugendmeisterschaft mU18 9 Ball | Ost 2,14,5,9,14.00,1241,1056,1425,94,5.63,-0.63
Daniela Majer,BSC Göppingen 2 | BSC Göppingen 3,Bezirksliga | Einzel | Kreisliga A,BM 10er Ball Damen Ost und Mitte | BM 8er Ball Damen Ost - Mitte | BM 9er Ball Damen Ost und Mitte | Bezirksmeisterschaften 10er Ball Damen Mitte-Ost | Bezirksmeisterschaften 8er Ball Damen Mitte-Ost | Bezirksmeisterschaften 9er Ball Damen Mitte- Ost | Landesmeisterschaft 10er Ball Damen | Landesmeisterschaft 8er Ball Damen | Landesmeisterschaft 9er Ball Damen | Ost 1 | Ost 2,118,31,87,118.00,1240,1162,1317,40,31.63,-0.63
Lucia Birsner,BSV Tiengen 3 | BSV Tiengen 4,Bezirksliga | Einzel,Bezirksmeisterschaften 10er Ball Damen West | Bezirksmeisterschaften 14.1e Damen West | Bezirksmeisterschaften 8er Ball Damen West | Bezirksmeisterschaften 9er Ball Damen West | Landesmeisterschaft 10er Ball Damen | Landesmeisterschaft 14.1e Damen | Landesmeisterschaft 8er Ball Damen | Landesmeisterschaft 9er Ball Damen | West 1 | West 2,117,38,79,117.00,1240,1163,1318,40,38.63,-0.63
Wasilios Kagelidis,,Einzel,Kreismeisterschaften 9-Ball Herren Mitte,2,0,2,2.00,1239,836,1642,206,0.64,-0.64
Daniel Kleine,,Einzel,Kreismeisterschaften 10-Ball Senioren Nord,2,0,2,2.00,1235,832,1638,206,0.64,-0.64
Tobias Abt,BC Bad Schussenried 2 | BC Bad Schussenried 3 | BC Bad Schussenried 4 | BC Bad Schussenried 5 | PBC Bad Saulgau 2 | PBC Bad Saulgau 3,Bezirksliga | Einzel | Kreisliga A,BM 10er Ball Herren Ost | Bezirksmeisterschaften 9er Ball Herren Ost | Kreismeisterschaften 10-Ball Herren Ost | Kreismeisterschaften 8-Ball Herren Ost | Kreismeisterschaften 9-Ball Herren Ost | Ost 2,138,35,103,138.00,1235,1160,1310,38,35.64,-0.64
Daniel Fahrner,PBC Freudenstadt 3,Einzel | Landesliga,Kreismeisterschaften 9-Ball Herren West | West,18,1,17,18.00,1234,970,1497,134,1.65,-0.65
Timm Ganske,,Einzel,Bezirksmeisterschaften 9er Ball Herren Nord | Kreismeisterschaften 10-Ball Senioren Nord | Kreismeisterschaften 8-Ball Senioren 55+ Nord | Kreismeisterschaften 9-Ball Herren Nord,9,1,8,9.00,1233,950,1516,144,1.65,-0.65
Attila Remete,PBV Rottweil 2,Bezirksliga,West 2,16,5,11,16.00,1230,1046,1413,94,5.65,-0.65
Daniel Christoph,,Einzel,Kreismeisterschaften 10-Ball Herren Mitte | Kreismeisterschaften 9-Ball Herren Mitte,9,1,8,9.00,1230,953,1506,141,1.65,-0.65
Andrea Zenner,,Einzel,Bezirksmeisterschaften 10er Ball Ladies Nord Mitte West | Bezirksmeisterschaften 14.1e Ladies Nord Mitte West | Bezirksmeisterschaften 8er Ball Ladies Nord-Mitte-West | Bezirksmeisterschaften 9er Ball Ladies Nord-Mitte-West,12,4,8,12.00,1229,1013,1445,110,4.65,-0.65
Martin Trippel,PBC Langenargen 2 | PBC Langenargen 3 | PBC Langenargen 4,Bezirksliga | Kreisliga A,Ost 2,66,17,49,66.00,1229,1122,1335,54,17.65,-0.65
Susi Harbrecht-Berndt,PP Böblingen 2,Einzel | Kreisliga A,Bezirksmeisterschaften 10er Ball Ladies Nord-Mitte | Bezirksmeisterschaften 10er Ball Ladies Nord-Mitte-West | Bezirksmeisterschaften 14.1e Ladies NM | Bezirksmeisterschaften 8er Ball Ladies Nord-Mitte-West | Bezirksmeisterschaften 9er Ball Ladies  Nord Mitte  West | Bezirksmeisterschaften 9er Ball Ladies Nord-Mitte-West | Landesmeisterschaft 10er Ball Ladies | Landesmeisterschaft 8er Ball Ladies | West 2,30,9,21,30.00,1229,1090,1367,70,9.65,-0.65
Andreas Höhn,,Einzel,Kreismeisterschaften 10-Ball Herren Mitte | Kreismeisterschaften 8-Ball Herren Mitte | Kreismeisterschaften 9-Ball Herren Mitte,14,2,12,14.00,1228,998,1458,117,2.65,-0.65
Luis Varon Marques,,Einzel,Bezirksmeisterschaften 10er Ball Senioren 45+ Mitte | Bezirksmeisterschaften 10er Ball Senioren Mitte | Bezirksmeisterschaften 9er Ball Senioren 45+ Mitte | Bezirksmeisterschaften 9er Ball Senioren Mitte | Kreismeisterschaften 10-Ball Senioren Mitte | Kreismeisterschaften 8-Ball Senioren Mitte | Kreismeisterschaften 9-Ball Senioren 45+ Mitte | Kreismeisterschaften 9-Ball Senioren Mitte,31,5,26,31.00,1227,1057,1396,87,5.66,-0.66
Andre Kroschwald,,Einzel,Kreismeisterschaften 14.1e Herren Mitte | Kreismeisterschaften 8-Ball Herren Mitte | Kreismeisterschaften 9-Ball Herren Mitte | LJM 2023 m-u23 8-Ball | LJM 2023 m-u23 9-Ball,11,1,10,11.00,1226,951,1502,140,1.66,-0.66
Kurt Ljokaj,PBC Ochsenhausen 2,Einzel | Kreisliga A,Bezirksmeisterschaften 9er Ball Senioren 45+ Ost | Kreismeisterschaften 8-Ball Senioren Ost | Kreismeisterschaften 9-Ball Senioren Ost | Ost 2,73,23,50,73.00,1224,1134,1314,46,23.66,-0.66
Max Schmidtke,BSC Göppingen 3,Bezirksliga,Ost 1,5,0,5,5.00,1224,841,1607,195,0.66,-0.66
Reshawn Spann,P&S Denzlingen 3,Bezirksliga,West 1,4,1,3,4.00,1223,899,1547,165,1.66,-0.66
Thorgen Brett,Tübinger BC 1 | Tübinger BC 2,Bezirksliga | Einzel,Kreismeisterschaften 10-Ball Herren Mitte | Kreismeisterschaften 14/1e Herren Mitte | Kreismeisterschaften 8-Ball Herren Mitte | Kreismeisterschaften 8-Ball Herren Ost | Kreismeisterschaften 9-Ball Herren Mitte | Landesjugendmeisterschaft mU18 10 Ball | Landesjugendmeisterschaft mU18 14.1e | Landesjugendmeisterschaft mU18 8 Ball | Landesjugendmeisterschaft mU18 9 Ball | Landesjugendmeisterschaft u14-u22 10-Ball | Landesjugendmeisterschaft u14-u22 14/1e | Landesjugendmeisterschaft u14-u22 8-Ball | Landesjugendmeisterschaft u14-u22 9-Ball | Ost 1,53,11,42,53.00,1222,1104,1340,60,11.66,-0.66
Sasa Kikic,BF Bronnen 1,Kreisliga A,Ost 1 | Ost 2,17,5,12,17.00,1219,1032,1406,96,5.67,-0.67
Joachim Luft,PBC Bietigheim-Bissingen 2,Bezirksliga | Einzel,Kreismeisterschaften 10-Ball Senioren Mitte | Kreismeisterschaften 8-Ball Senioren Mitte | Kreismeisterschaften 9-Ball Senioren 55+ Mitte | Kreismeisterschaften 9-Ball Senioren Mitte | Ost 2,25,6,19,25.00,1218,1051,1384,85,6.67,-0.67
Christian Süß,,Einzel,Kreismeisterschaften 10-Ball Herren Nord,4,0,4,4.00,1217,837,1597,194,0.67,-0.67
Rainer Habelt,,Einzel,BM 9er Ball Senioren Mitte | Kreismeisterschaften 10-Ball Senioren 55+ Mitte | Kreismeisterschaften 10-Ball Senioren Mitte | Kreismeisterschaften 8-Ball Senioren 55+ Mitte | Kreismeisterschaften 8-Ball Senioren Mitte | Kreismeisterschaften 9-Ball Senioren 55+ Mitte | Kreismeisterschaften 9-Ball Senioren Mitte,27,5,22,27.00,1215,1045,1386,87,5.67,-0.67
Annette Köster,PBC Langenargen 3,Bezirksliga | Kreisliga A,Ost 2,14,2,12,14.00,1213,982,1444,118,2.68,-0.68
Hans-Jürgen Bailer,,Einzel,Kreismeisterschaften 10-Ball Senioren Mitte | Kreismeisterschaften 14.1e Senioren Mitte | Kreismeisterschaften 8-Ball Senioren Mitte | Kreismeisterschaften 9-Ball Senioren Mitte,9,1,8,9.00,1213,919,1507,150,1.68,-0.68
Walter Riebeling,PBC Sand 2,Bezirksliga,West 1,23,5,18,23.00,1213,1047,1379,85,5.68,-0.68
Thomas Hetzel,PBC Sand 2,Bezirksliga,West 1,24,4,20,24.00,1211,1030,1392,92,4.68,-0.68
Axel Isenmann,PBC Offenburg 3 | PBC Offenburg 4 | PBC Offenburg 5,Bezirksliga | Landesliga,West | West 1,36,7,29,36.00,1210,1049,1372,82,7.68,-0.68
Mirsad Coric,P&S Denzlingen 2 | P&S Denzlingen 3,Bezirksliga | Landesliga,West | West 1,47,11,36,47.00,1210,1075,1345,69,11.68,-0.68
Thomas Vincenzo Campo,,Einzel,Kreismeisterschaften 10-Ball Senioren Nord,2,0,2,2.00,1210,799,1621,210,0.68,-0.68
Sebastian Mayer,BSV Filderstadt 2 | BSV Filderstadt 3 | BSV Filderstadt 4,Bezirksliga | Kreisliga A,Ost 1,43,7,36,43.00,1208,1061,1354,75,7.69,-0.69
Serkan Candir,BSV Filderstadt 3 | BSV Filderstadt 4 | BSV Filderstadt 5 | BSV Filderstadt 6,Bezirksliga | Kreisliga A,Ost 1,48,15,33,48.00,1208,1088,1327,61,15.69,-0.69
Jörg Hechler,BSG Albstadt 1,Bezirksliga,West 2,2,0,2,2.00,1206,803,1609,206,0.69,-0.69
Frank-Bernd Wieczorek,,Einzel,Kreismeisterschaften 10-Ball Herren Mitte | Kreismeisterschaften 10-Ball Herren Nord | Kreismeisterschaften 8-Ball Herren Nord | Kreismeisterschaften 9-Ball Herren Mitte | Kreismeisterschaften 9-Ball Herren Nord | Kreismeisterschaften 9-Ball Senioren Mitte,13,1,12,13.00,1205,928,1483,141,1.69,-0.69
Jochen Geiß,PBC Ochsenhausen 2 | PBC Ochsenhausen 3,Kreisliga A,Ost 2,24,7,17,24.00,1205,1046,1364,81,7.69,-0.69
Ralf Hohlfeld,BC Feuersee 1,Einzel | Kreisliga A,Kreismeisterschaften 10-Ball Senioren 55+ Mitte | Kreismeisterschaften 10-Ball Senioren Mitte | Kreismeisterschaften 14.1e Senioren Mitte | Kreismeisterschaften 8-Ball Senioren Mitte | Kreismeisterschaften 9-Ball Senioren 55+ Mitte | Kreismeisterschaften 9-Ball Senioren Mitte | Ost 2,23,5,18,23.00,1205,1033,1377,88,5.69,-0.69
Tobias Lesniak,BSC St. Georgen 1,Bezirksliga,West 1,2,0,2,2.00,1204,800,1608,206,0.69,-0.69
Mustafa Ilkaya,BF Bronnen 1,Kreisliga A,Ost 1 | Ost 2,14,4,10,14.00,1203,1010,1396,98,4.69,-0.69
Simon Kaincz,BSV Filderstadt 4 | BSV Filderstadt 5,Kreisliga A,Ost 1,28,8,20,28.00,1203,1051,1355,78,8.69,-0.69
Senol Sengün,,Einzel,Bezirksmeisterschaften 9er Ball Senioren Nord | Kreismeisterschaften 10-Ball Senioren Nord | Kreismeisterschaften 14.1e Senioren Nord | Kreismeisterschaften 9-Ball Senioren Nord,11,1,10,11.00,1202,920,1484,144,1.70,-0.70
Wolfgang Ehni,BC Dreiländereck 2,Einzel | Landesliga,BM 10er Ball Senioren West (Sand) 2019-2020 | West,11,0,11,11.00,1201,840,1562,184,0.70,-0.70
Florian Weber,PBC Ochsenhausen 2 | PBC Ochsenhausen 3,Kreisliga A,Ost 2,4,0,4,4.00,1199,810,1589,199,0.70,-0.70
Richard Cornely,,Einzel,Kreismeisterschaften 8-Ball Senioren Nord | Kreismeisterschaften 9-Ball Senioren Nord,4,0,4,4.00,1199,816,1583,196,0.70,-0.70
Thomas Mooshammer,PP Böblingen 2,Einzel | Kreisliga A,Bezirksmeisterschaften 10er Ball Senioren Mitte | Bezirksmeisterschaften 14.1e Senioren Mitte | Bezirksmeisterschaften 8er Ball Senioren 45+Mitte | Bezirksmeisterschaften 9er Ball Senioren 45+ Mitte | Bezirksmeisterschaften 9er Ball Senioren Mitte | Kreismeisterschaften 10-Ball Senioren Mitte | Kreismeisterschaften 14.1e Senioren Mitte | Kreismeisterschaften 8-Ball Senioren 45+ Mitte | Kreismeisterschaften 8-Ball Senioren Mitte | Kreismeisterschaften 9-Ball Senioren 45+ Mitte | Kreismeisterschaften 9-Ball Senioren Mitte | West 2,35,7,28,35.00,1198,1047,1348,77,7.70,-0.70
Thorsten Kupske,,Einzel,Kreismeisterschaften 10-Ball Senioren Mitte | Kreismeisterschaften 8-Ball Senioren Mitte | Kreismeisterschaften 9-Ball Senioren 55+ Mitte | Kreismeisterschaften 9-Ball Senioren Mitte,16,4,12,16.00,1197,1003,1390,99,4.70,-0.70
Tobias Banzhaf,BSC Göppingen 2,Bezirksliga,Ost 1,17,3,14,17.00,1197,986,1408,108,3.70,-0.70
Torsten Herold,BSV Filderstadt 6,Kreisliga A,Ost 1,13,2,11,13.00,1197,952,1443,125,2.70,-0.70
Achim Stoll,BSV Filderstadt 4 | BSV Filderstadt 5 | BSV Filderstadt 6,Kreisliga A | Landesliga,Ost | Ost 1,57,16,41,57.00,1196,1091,1300,53,16.70,-0.70
Michael Maihöfer,Tübinger BC 2 | Tübinger BC 3,Kreisliga A,Ost 1,16,4,12,16.00,1195,1002,1388,98,4.71,-0.71
Dirk Bastian,BSV Filderstadt 3,Bezirksliga,Ost 1,20,2,18,20.00,1193,968,1418,115,2.71,-0.71
Virginia Eisen,PBC Reutlingen 2,Kreisliga A,Ost 1,2,0,2,2.00,1192,787,1597,207,0.71,-0.71
Franz Frauenhoffer,PBC Bad Saulgau 3,Kreisliga A,Ost 2,2,0,2,2.00,1190,784,1595,207,0.71,-0.71
Matthis Meier,,Einzel,Landesjugendmeisterschaft 2026 10-Ball U14 | Landesjugendmeisterschaft 2026 14/1 U14 | Landesjugendmeisterschaft 2026 8-Ball U14 | Landesjugendmeisterschaft 2026 9-Ball U14 | Landesjugendmeisterschaft u14-u16 10 Ball | Landesjugendmeisterschaft u14-u16 14/1e | Landesjugendmeisterschaft u14-u16 8 Ball | Landesjugendmeisterschaft u14-u16 9 Ball,30,13,17,30.00,1189,1042,1336,75,13.71,-0.71
Klaus Hirthe,PBC Ochsenhausen 1 | PBC Ochsenhausen 2 | PBC Ochsenhausen 3,Einzel | Kreisliga A | Landesliga,Kreismeisterschaften 10-Ball Senioren Ost | Kreismeisterschaften 8-Ball Senioren Ost | Kreismeisterschaften 9-Ball Senioren Ost | Ost | Ost 2,23,4,19,23.00,1188,1000,1376,96,4.72,-0.72
Tamara Grad,BSV Pfullingen 3 | BSV Pfullingen 4,Bezirksliga | Kreisliga A,Ost 1,24,6,18,24.00,1188,1026,1350,83,6.71,-0.71
Marko Stapel,BV Villingen-Schwenningen 2,Bezirksliga,West 1 | West 2,60,16,44,60.00,1187,1079,1296,55,16.72,-0.72
Emilio Caracciolo,BSV Shooters Fellbach 3,Einzel | Kreisliga A,Bezirksmeisterschaften 10er Ball Senioren 55+ Mitte | Bezirksmeisterschaften 9er Ball Senioren 55+ Mitte | Kreismeisterschaften 10-Ball Senioren 55+ Mitte | Kreismeisterschaften 9-Ball Senioren 55+ Mitte | Ost 2,12,2,10,12.00,1183,946,1420,121,2.72,-0.72
Alexander Rommel,BSC Göppingen 2 | BSC Göppingen 3,Bezirksliga | Einzel | Kreisliga A,Kreismeisterschaften 9-Ball Herren Ost | Ost 1,17,5,12,17.00,1179,975,1382,104,5.73,-0.73
Henrik Böker,,Einzel,Kreismeisterschaften 10-Ball Herren Nord,2,0,2,2.00,1179,770,1587,208,0.73,-0.73
Markus Schneider,BV Pforzheim 4,Einzel | Kreisliga A,Kreismeisterschaften 8-Ball Senioren 55+ Nord | Landesjugendmeisterschaft 2026 10-Ball U14 | Landesjugendmeisterschaft 2026 14/1 U14 | Landesjugendmeisterschaft 2026 8-Ball U14 | Landesjugendmeisterschaft 2026 9-Ball U14 | West 1,23,9,14,23.00,1179,1009,1348,86,9.73,-0.73
Frank Reichert,PBC Freudenstadt 3 | PBC Freudenstadt 4,Bezirksliga,West 1,23,5,18,23.00,1177,1000,1353,90,5.73,-0.73
Mark Mende,BSV Pfullingen 2 | BSV Pfullingen 3 | BSV Pfullingen 4,Bezirksliga | Einzel | Kreisliga A,Kreismeisterschaften 8-Ball Herren Ost | Kreismeisterschaften 9-Ball Herren Ost | Ost 1,41,5,36,41.00,1176,1019,1333,80,5.73,-0.73
Rüdiger Theis,Tübinger BC 1 | Tübinger BC 2 | Tübinger BC 3,Bezirksliga | Kreisliga A,Ost 1 | West 2,37,9,28,37.00,1176,1034,1319,73,9.73,-0.73
Samir Javor,BC Bad Schussenried 2 | BC Bad Schussenried 3,Bezirksliga | Kreisliga A,Ost 2,14,3,11,14.00,1175,962,1387,108,3.73,-0.73
Rainer Glück,BSV Filderstadt 3,Kreisliga A,Ost 1,2,0,2,2.00,1174,761,1588,211,0.73,-0.73
Daniel Klapper,BC Sindelfingen 6,Bezirksliga | Einzel,BM 8er Ball Herren Mitte | Kreismeisterschaften 10-Ball Herren Mitte | Kreismeisterschaften 14.1e Herren Mitte | Kreismeisterschaften 8-Ball Herren Mitte | West 2,16,1,15,16.00,1173,906,1439,136,1.74,-0.74
Josip Guja,,Einzel,Bezirksmeisterschaften 10er Ball Senioren 45+ Nord | Bezirksmeisterschaften 10er Ball Senioren Nord | Kreismeisterschaften 10-Ball Senioren Nord | Kreismeisterschaften 8-Ball Senioren Nord | Kreismeisterschaften 9-Ball Senioren Nord,11,1,10,11.00,1172,892,1451,143,1.74,-0.74
Sebastian Müller,PBC Reutlingen 2 | PBC Reutlingen 3,Bezirksliga | Einzel | Kreisliga A,Kreismeisterschaften 8-Ball Herren Ost | Ost 1,62,14,48,62.00,1172,1057,1286,59,14.74,-0.74
Jürgen Klatt,BV Leonberg 1,Bezirksliga | Einzel,Bezirksmeisterschaften 10er Ball Senioren Mitte | Bezirksmeisterschaften 14.1e Senioren 55+ Mitte | Bezirksmeisterschaften 8er Ball Senioren 55+Mitte | Kreismeisterschaften 10-Ball Senioren 55+ Mitte | Kreismeisterschaften 10-Ball Senioren Mitte | Kreismeisterschaften 14.1e Senioren Mitte | Kreismeisterschaften 14/1e Senioren 55+ Mitte | Kreismeisterschaften 8-Ball Senioren 55+ Mitte | Kreismeisterschaften 8-Ball Senioren Mitte | Kreismeisterschaften 9-Ball Senioren 55+ Mitte | Kreismeisterschaften 9-Ball Senioren Mitte | Ost 1,35,5,30,35.00,1171,1008,1334,83,5.74,-0.74
Christian Münch,,Einzel,Kreismeisterschaften 10-Ball Herren Nord | Kreismeisterschaften 14.1e Herren Nord | Kreismeisterschaften 8-Ball Herren Nord,6,0,6,6.00,1170,797,1544,190,0.74,-0.74
Michael Haag,,Einzel,BM 10er Ball Senioren Mitte (Sindelfingen) 2019-2020 | BM 14/1 Einzel Senioren Mitte | BM 8er Ball Senioren Mitte | Bezirksmeisterschaften 10er Ball Senioren 45+ Mitte | Bezirksmeisterschaften 14.1e Senioren 45+ Mitte | Bezirksmeisterschaften 14.1e Senioren Mitte | Bezirksmeisterschaften 8er Ball Senioren 45+Mitte | Bezirksmeisterschaften 8er Ball Senioren Mitte | Bezirksmeisterschaften 9er Ball Senioren 45+ Mitte | Kreismeisterschaften 10-Ball Senioren Mitte | Kreismeisterschaften 14.1e Senioren Mitte | Kreismeisterschaften 8-Ball Senioren 45+ Mitte | Kreismeisterschaften 8-Ball Senioren Mitte | Kreismeisterschaften 9-Ball Senioren 45+ Mitte | Kreismeisterschaften 9-Ball Senioren Mitte,54,8,46,54.00,1170,1039,1302,67,8.74,-0.74
Ahad Suleimanjar,BV Markdorf 2,Bezirksliga | Einzel,BM 10er Ball Senioren Ost | Kreismeisterschaften 10-Ball Senioren Ost | Kreismeisterschaften 8-Ball Senioren Ost | Ost 2,10,0,10,10.00,1168,808,1527,183,0.74,-0.74
Dominik Mogel,PBC Bräunlingen 2,Bezirksliga | Einzel,Bezirksmeisterschaften 8er Ball Herren West | Kreismeisterschaften 8-Ball Herren West | Kreismeisterschaften 9-Ball Herren West | West 1,35,8,27,35.00,1168,1020,1316,75,8.74,-0.74
Peter Schwab,,Einzel,Bezirksmeisterschaften 10er Ball Senioren 55+ Nord | Bezirksmeisterschaften 14.1e Senioren 55+ Nord | Bezirksmeisterschaften 9er Ball Senioren 55+ Nord | Kreismeisterschaften 14/1e Senioren 55+ Nord | Kreismeisterschaften 8-Ball Senioren 55+ Nord,11,1,10,11.00,1168,875,1460,149,1.74,-0.74
Ludwig Sandrik,PBV Rottweil 2,Bezirksliga,West 2,10,3,7,10.00,1167,924,1410,124,3.74,-0.74
Charalampos Antonogiorgakis,BULL Leonberg-Höfingen 3,Einzel | Kreisliga A,BM 10er Ball Senioren Mitte (Sindelfingen) 2019-2020 | BM 9er Ball Senioren Mitte | Bezirksmeisterschaften 10er Ball Senioren 45+ Mitte | Bezirksmeisterschaften 14.1e Senioren 45+ Mitte | Bezirksmeisterschaften 8er Ball Senioren 45+Mitte | Bezirksmeisterschaften 9er Ball Senioren 45+ Mitte | Kreismeisterschaften 10-Ball Senioren Mitte | Kreismeisterschaften 8-Ball Senioren 45+ Mitte | Kreismeisterschaften 8-Ball Senioren Mitte | Kreismeisterschaften 9-Ball Senioren 45+ Mitte | Kreismeisterschaften 9-Ball Senioren Mitte | Ost 2,41,7,34,41.00,1166,1023,1309,73,7.75,-0.75
Martin Gießler,PBC Offenburg 6,Bezirksliga,West 1,4,0,4,4.00,1166,788,1544,193,0.74,-0.74
Jan Simon,BV Villingen-Schwenningen 2,Bezirksliga,West 1 | West 2,5,0,5,5.00,1165,793,1537,190,0.75,-0.75
Johannes Müller,P&S Denzlingen 3,Landesliga,West,20,1,19,20.00,1164,904,1423,132,1.75,-0.75
Stephan Boschert,,Einzel,BM 14/1 Einzel Senioren Nord | Bezirksmeisterschaften 14.1e Senioren 55+ Nord | Kreismeisterschaften 14.1e Senioren Nord | Kreismeisterschaften 14/1e Senioren 55+ Nord | Kreismeisterschaften 8-Ball Senioren Nord | Kreismeisterschaften 9-Ball Senioren Nord,15,1,14,15.00,1164,895,1434,137,1.75,-0.75
Maxime Tereba,,Einzel,Kreismeisterschaften 10-Ball Herren Nord | Kreismeisterschaften 14.1e Herren Nord | Kreismeisterschaften 8-Ball Herren Nord | Kreismeisterschaften 9-Ball Herren Nord,11,1,10,11.00,1151,880,1422,138,1.76,-0.76
Fabian Schaber,PBC Langenargen 3,Bezirksliga,Ost 2,14,2,12,14.00,1150,901,1400,127,2.76,-0.76
Finn Schmitz,TV Cannstatt 4,Bezirksliga | Einzel,Kreismeisterschaften 8-Ball Herren Mitte | Kreismeisterschaften 9-Ball Herren Mitte | Ost 1,6,0,6,6.00,1147,778,1516,188,0.77,-0.77
Alex Vuong,,Einzel,Bezirksmeisterschaften 9er Ball Herren Nord | Kreismeisterschaften 8-Ball Herren Nord | Kreismeisterschaften 9-Ball Herren Nord,6,0,6,6.00,1146,771,1521,191,0.77,-0.77
Jörg Lingl,PBC Ochsenhausen 3,Einzel | Kreisliga A,Bezirksmeisterschaften 10er Ball Senioren Ost | Kreismeisterschaften 8-Ball Senioren Ost | Ost 2,17,4,13,17.00,1144,942,1346,103,4.77,-0.77
Matthias Höfler,PBC Bräunlingen 2,Bezirksliga | Landesliga,West | West 2,17,3,14,17.00,1142,941,1344,103,3.77,-0.77
Anita Massow,BSV Tiengen 3,Bezirksliga,West 2,5,0,5,5.00,1139,740,1539,204,0.78,-0.78
Daniel Cavalleri,PBC Offenburg 5,Bezirksliga | Einzel,Landesjugendmeisterschaft 2026 10-Ball U14 | Landesjugendmeisterschaft 2026 14/1 U14 | Landesjugendmeisterschaft 2026 8-Ball U14 | Landesjugendmeisterschaft 2026 9-Ball U14 | West 1,45,13,32,45.00,1137,1009,1265,65,13.78,-0.78
Finn Großmann,,Einzel,Landesjugendmeisterschaft u14-u16 10 Ball | Landesjugendmeisterschaft u14-u16 14/1e | Landesjugendmeisterschaft u14-u16 8 Ball | Landesjugendmeisterschaft u14-u16 9 Ball,13,4,9,13.00,1132,932,1333,102,4.78,-0.78
Lucas Ruschke,BV Villingen-Schwenningen 2,Bezirksliga,West 1 | West 2,67,16,51,67.00,1130,1022,1238,55,16.79,-0.79
Christina Hirschfeld,,Einzel,Bezirksmeisterschaften 8er Ball Damen Nord | Bezirksmeisterschaften 9er Ball Damen Nord,4,0,4,4.00,1129,744,1514,196,0.79,-0.79
Simon Koch,BSV Filderstadt 5,Kreisliga A,Ost 1,13,3,10,13.00,1121,916,1325,104,3.80,-0.80
Domenik Dreibach,PBC Bräunlingen 2,Bezirksliga | Einzel,Bezirksmeisterschaften 8er Ball Herren West | Bezirksmeisterschaften 9er Ball Herren West | Kreismeisterschaften 8-Ball Herren West | Kreismeisterschaften 9-Ball Herren West | West 1,31,7,24,31.00,1119,957,1281,83,7.80,-0.80
Michael Bauer,PBV Rottweil 2,Bezirksliga,West 2,20,2,18,20.00,1115,893,1337,113,2.80,-0.80
Andreas Wagner,BC Bad Schussenried 1 | BC Bad Schussenried 2 | BC Bad Schussenried 3 | BC Bad Schussenried 4 | BC Bad Schussenried 5,Bezirksliga | Kreisliga A,Ost 2,46,9,37,46.00,1111,975,1248,70,9.81,-0.81
Klaus Mülbert,,Einzel,Bezirksmeisterschaften 14.1e Senioren 55+ Nord | Kreismeisterschaften 14/1e Senioren 55+ Nord | Kreismeisterschaften 8-Ball Senioren 55+ Nord,6,0,6,6.00,1111,717,1504,201,0.81,-0.81
Niklas Schilling,,Einzel,Landesjugendmeisterschaft 2026 10-Ball U22 v2 | Landesjugendmeisterschaft 2026 9-Ball U22,5,0,5,5.00,1111,739,1482,189,0.81,-0.81
Maximilian Theis,PBC Reutlingen 2,Kreisliga A,Ost 1,7,1,6,7.00,1099,806,1393,150,1.82,-0.82
Michele Campagna,BBC Plochingen 2,Bezirksliga | Kreisliga A,Ost 1,69,7,62,69.00,1098,963,1233,69,7.82,-0.82
Andreas Looser,PBC Langenargen 1 | PBC Langenargen 2 | PBC Langenargen 3,Bezirksliga | Einzel | Kreisliga A,Kreismeisterschaften 9-Ball Herren Ost | Ost 2,69,8,61,69.00,1096,964,1229,67,8.82,-0.82
Sonja Bieser,PBC Offenburg 3 | PBC Offenburg 4 | PBC Offenburg 5,Bezirksliga | Landesliga,West | West 1,22,2,20,22.00,1095,878,1312,111,2.82,-0.82
Sebastian Czaja,BSV Filderstadt 5 | BSV Filderstadt 6 | PBC Reutlingen 2 | PBC Reutlingen 3,Kreisliga A,Ost 1 | West 2,18,2,16,18.00,1091,863,1319,116,2.83,-0.83
Thomas Graner,BULL Leonberg-Höfingen 2,Bezirksliga | Einzel,Kreismeisterschaften 10-Ball Herren Mitte | Kreismeisterschaften 14.1e Herren Mitte | Kreismeisterschaften 8-Ball Herren Mitte | Kreismeisterschaften 8-Ball Senioren 55+ Mitte | Kreismeisterschaften 9-Ball Herren Mitte | Ost 1,12,0,12,12.00,1081,719,1443,185,0.84,-0.84
Uwe Jansen,Tübinger BC 3,Kreisliga A,Ost 1,7,0,7,7.00,1077,714,1441,186,0.84,-0.84
Melanie Kiefer,PBC Offenburg 3 | PBC Offenburg 5 | PBC Offenburg 6,Bezirksliga | Landesliga,West | West 1,42,6,36,42.00,1073,912,1233,82,6.84,-0.84
Sebastian  Dettling,PBC Bad Saulgau 2 | PBC Bad Saulgau 3,Bezirksliga | Kreisliga A,Ost 2,40,5,35,40.00,1071,916,1225,79,5.84,-0.84
Rico Horst,PBC Bad Saulgau 3,Kreisliga A,Ost 2,9,0,9,9.00,1070,703,1436,187,0.85,-0.85
Stephan Reber,PBC Freudenstadt 3,Bezirksliga,West 1,6,0,6,6.00,1068,688,1448,194,0.85,-0.85
Ernst Fabian,,Einzel,Kreismeisterschaften 10-Ball Senioren Nord | Kreismeisterschaften 9-Ball Senioren Nord,10,0,10,10.00,1059,695,1422,185,0.85,-0.85
Danny Golling,PBC Freudenstadt 4,Bezirksliga | Einzel,Bezirksmeisterschaften 10er Ball Herren West | Bezirksmeisterschaften 8er Ball Herren West | Kreismeisterschaften 10-Ball Herren West | Kreismeisterschaften 8-Ball Herren West | Kreismeisterschaften 9-Ball Herren West | West 1,42,4,38,42.00,1054,881,1226,88,4.86,-0.86
Fabian Hergesell,P&S Denzlingen 4,Bezirksliga,West 1,30,6,24,30.00,1052,871,1232,92,6.86,-0.86
Patricia Kaffesi,PBC Freudenstadt 4,Bezirksliga | Einzel,BM 10er Ball Damen West und Nord | BM 8er Ball Damen West | Bezirksmeisterschaften 10er Ball Damen West | Bezirksmeisterschaften 14.1e Damen West | Bezirksmeisterschaften 8er Ball Damen West | Bezirksmeisterschaften 9er Ball Damen West | Landesmeisterschaft 10er Ball Damen | Landesmeisterschaft 14.1e Damen | Landesmeisterschaft 8er Ball Damen | Landesmeisterschaft 9er Ball Damen | West 1,72,11,61,72.00,1052,933,1171,61,11.86,-0.86
Aaron Bruggesser,PBC Bad Saulgau 3 | PBC Bad Saulgau 4,Kreisliga A,Ost 2,29,3,26,29.00,1050,848,1253,103,3.86,-0.86
Patrick Haudek,PBV Rottweil 2,Bezirksliga,West 2,4,0,4,4.00,1047,638,1456,209,0.86,-0.86
Angelika Müller,BSC Göppingen 3,Einzel | Kreisliga A,BM 10er Ball Damen Ost und Mitte | BM 8er Ball Damen Ost - Mitte | BM 9er Ball Damen Ost und Mitte | Landesmeisterschaft 10er Ball Damen | Landesmeisterschaft 8er Ball Damen | Landesmeisterschaft 9er Ball Damen | Ost 1,31,4,27,31.00,1035,849,1221,95,4.87,-0.87
Kay Maier,PBC Langenargen 4,Kreisliga A,Ost 2,28,3,25,28.00,1035,846,1223,96,3.87,-0.87
Ronny Gabriel,BC Dreiländereck 1,Bezirksliga | Einzel,Kreismeisterschaften 9-Ball Herren West | West 1,19,3,16,19.00,1033,813,1253,112,3.87,-0.87
Christian Oetken,,Einzel,Kreismeisterschaften 10-Ball Senioren Nord | Kreismeisterschaften 14.1e Senioren Nord | Kreismeisterschaften 8-Ball Senioren Nord | Kreismeisterschaften 9-Ball Senioren Nord,12,0,12,12.00,1026,668,1384,183,0.88,-0.88
Joey Isenmann,PBC Offenburg 3 | PBC Offenburg 4 | PBC Offenburg 5,Bezirksliga | Einzel | Landesliga,Bezirksmeisterschaften 10er Ball Herren West | Kreismeisterschaften 10-Ball Herren West | Kreismeisterschaften 8-Ball Herren West | Kreismeisterschaften 9-Ball Herren West | West | West 1,42,5,37,42.00,1017,852,1183,84,5.88,-0.88
Marcin Rossa,BSV Pfullingen 5,Kreisliga A,Ost 1,10,1,9,10.00,1014,737,1290,141,1.89,-0.89
Otto Stefan Witt,BULL Leonberg-Höfingen 3,Einzel | Kreisliga A,Kreismeisterschaften 10-Ball Senioren Mitte | Kreismeisterschaften 8-Ball Senioren Mitte | Kreismeisterschaften 9-Ball Senioren Mitte | Ost 2,8,0,8,8.00,1014,647,1381,187,0.89,-0.89
Thorsten Löffler,BC Dreiländereck 1,Bezirksliga | Einzel,Kreismeisterschaften 10-Ball Herren West | Kreismeisterschaften 8-Ball Herren West | Kreismeisterschaften 9-Ball Herren West | West 1,23,2,21,23.00,1008,776,1240,118,2.89,-0.89
Isabelle Hülskötter,,Einzel,Landesjugendmeisterschaft u14-u16 10 Ball | Landesjugendmeisterschaft u14-u16 14/1e | Landesjugendmeisterschaft u14-u16 8 Ball | Landesjugendmeisterschaft u14-u16 9 Ball,10,1,9,10.00,1007,732,1283,141,1.89,-0.89
Daniela Heide,PBC Offenburg 6,Bezirksliga,West 1,11,0,11,11.00,999,610,1389,199,0.89,-0.89
Hoai Tu Anh Nguyen,PBC Offenburg 5,Bezirksliga | Einzel,Bezirksmeisterschaften 14.1e Damen West | Bezirksmeisterschaften 8er Ball Damen West | Bezirksmeisterschaften 9er Ball Damen West | West 1,28,4,24,28.00,986,796,1177,97,4.90,-0.90
Andreas Wolf,PBC Freudenstadt 2 | PBC Freudenstadt 3 | PBC Freudenstadt 4,Bezirksliga | Landesliga,West | West 1,8,0,8,8.00,982,614,1350,188,0.90,-0.90
Alexander Seil,,Einzel,Landesjugendmeisterschaft 2026 10-Ball U14 | Landesjugendmeisterschaft 2026 9-Ball U14,10,2,8,10.00,978,717,1239,133,2.91,-0.91
Ruben Lorch,BSV Pfullingen 5,Kreisliga A,Ost 1,14,2,12,14.00,968,722,1214,126,2.91,-0.91
Ingo Speidel,PBC Reutlingen 3,Bezirksliga,Ost 1,27,0,27,27.00,967,617,1317,178,0.91,-0.91
Tanja Falk,BSC Göppingen 2 | BSC Göppingen 3,Kreisliga A,Ost 1,10,0,10,10.00,963,596,1331,187,0.91,-0.91
Daniela Behrend,,Einzel,BM 8er Ball Ladies Nord | BM 9er Ball Ladies Nord | Bezirksmeisterschaften 10er Ball Ladies Nord Mitte West | Bezirksmeisterschaften 10er Ball Ladies Nord-Mitte | Bezirksmeisterschaften 10er Ball Ladies Nord-Mitte-West | Bezirksmeisterschaften 8er Ball Ladies Nord-Mitte-West | Bezirksmeisterschaften 9er Ball Ladies  Nord Mitte  West | Bezirksmeisterschaften 9er Ball Ladies Nord-Mitte-West | Landesmeisterschaft 10er Ball Ladies | Landesmeisterschaft 9er Ball Ladies,28,2,26,28.00,944,735,1153,107,2.92,-0.92
Gabriele Winzer-Moser,BSC St. Georgen 1,Bezirksliga | Einzel | Landesliga,BM 8er Ball Damen West | Bezirksmeisterschaften 8er Ball Damen West | Bezirksmeisterschaften 9er Ball Damen West | Landesmeisterschaft 8er Ball Damen | Landesmeisterschaft 9er Ball Damen | West | West 1 | West 2,92,9,83,92.00,933,812,1055,62,9.93,-0.93
Jürgen Großkopf,PBC Bad Saulgau 2,Kreisliga A,Ost 2,11,0,11,11.00,931,564,1299,188,0.93,-0.93
Nikolaos Michailidis,BSV Filderstadt 4 | BSV Filderstadt 5,Kreisliga A,Ost 1,11,1,10,11.00,928,646,1211,144,1.93,-0.93
Lisa Maria Kunz,BSV Pfullingen 5,Kreisliga A,Ost 1,8,0,8,8.00,907,539,1275,188,0.94,-0.94
Jagaganmohan Reddy,BC Weingarten 2,Kreisliga A,Ost 2,12,0,12,12.00,885,521,1250,186,0.94,-0.94
Mario Kraus,BSV Pfullingen 4 | BSV Pfullingen 5,Bezirksliga | Kreisliga A,Ost 1,12,0,12,12.00,885,524,1247,184,0.94,-0.94
Katharina Schnelle,,Einzel,Landesjugendmeisterschaft 2026 10-Ball U14 | Landesjugendmeisterschaft 2026 8-Ball U14 | Landesjugendmeisterschaft 2026 9-Ball U14,14,1,13,14.00,852,584,1121,137,1.95,-0.95
Michael Leupolz,BC Weingarten 1,Bezirksliga | Kreisliga A,Ost 2,26,0,26,26.00,827,471,1183,182,0.96,-0.96
Jennifer Bianca Metz,BC Weingarten 1,Bezirksliga | Kreisliga A,Ost 2,23,0,23,23.00,825,469,1181,182,0.96,-0.96
Jonas Müller,PBC Offenburg 5,Bezirksliga,West 1,20,0,20,20.00,785,423,1147,185,0.97,-0.97
