player_id,pass_nr,name
351225,351225,Aaron Bruggesser
367814,367814,Abdul Mecit Kul
366236,366236,Abdulhussain Nad Ali
368434,368434,Abdullah Yesil
104123,104123,Achim Schmittel
104252,104252,Achim Schwab
245471,245471,Achim Stoll
104975,104975,Achim Wendeler
368823,368823,Adeeb Bitar
369124,369124,Adham Mohamed
368651,368651,Adhurim Tafa
100638,100638,Adrian Cabanillas Lora
103083,103083,Adrian Mernik
368703,368703,Adrian Sam
353732,353732,Adriana Siddi
367979,367979,Adriano Viviani
355184,355184,Ahad Suleimanjar
252173,252173,Ahmad Ayshe
368865,368865,Ahmad Nassar
368550,368550,Ahmet Bumin
105133,105133,Ahmet Yazici
368352,368352,Aleksander Diachkov
368558,368558,Alen Mulaosmanovic
243479,243479,Alen Salic
369293,369293,Alex Nusser
368730,368730,Alex Vuong
369269,369269,Alex Wei
355901,355901,Alexandar Stankovic
100243,100243,Alexander Baur
368032,368032,Alexander Casper
104656,104656,Alexander Eck
368348,368348,Alexander Egger
356369,356369,Alexander Fischer
250898,250898,Alexander Friederich
101284,101284,Alexander Gabat
369205,369205,Alexander Gaffal
101308,101308,Alexander Garmatz
244908,244908,Alexander Gohlke
368834,368834,Alexander Haas
101585,101585,Alexander Haass
251300,251300,Alexander Hemmer
368490,368490,Alexander Kocher
102903,102903,Alexander Mack
369231,369231,Alexander Ponherr
367921,367921,Alexander Rommel
350699,350699,Alexander Schröder
368698,368698,Alexander Seil
368041,368041,Alexander Srp
104541,104541,Alexander Striker
368376,368376,Alexandros Satrazanis
104746,104746,Alexandros Vassiliadis
366459,366459,Alexandru Szabo
369014,369014,Alexandru-Nicolae Baniceru
368011,368011,Alfi Müller
368027,368027,Alfred Hellrigl
103516,103516,Alfred Pfaff
103882,103882,Alfred Rutkowski
368008,368008,Alfred Stöcklein
100814,100814,Alfredo Di Perna
368111,368111,Ali Cetin
368249,368249,Ali Deyhimi
368226,368226,Ali El Ajouz
356203,356203,Ali Tinoush
368850,368850,Alicia Baum
367975,367975,Alpay Gürkal
368433,368433,Alper Köreken
368597,368597,Alper Körpe
367645,367645,Anan Zaity
242976,242976,Anastasios Kagelidis
102355,102355,Anastasios Kiriakidis
368147,368147,Andre Kroschwald
104286,104286,Andre Schwenzfeier
368293,368293,Andrea Zenner
100122,100122,Andreas Augustin
100272,100272,Andreas Begau
100434,100434,Andreas Böhme
100778,100778,Andreas Decker
228690,228690,Andreas Dirlewanger
100873,100873,Andreas Dittrich
100982,100982,Andreas Einsiedler
353791,353791,Andreas Geigle
101474,101474,Andreas Greitmann
101823,101823,Andreas Guenier
101571,101571,Andreas Gut
367924,367924,Andreas Hollesen
101988,101988,Andreas Horn
368283,368283,Andreas Höhn
102114,102114,Andreas Jeschka
102134,102134,Andreas Jörg
102278,102278,Andreas Keilmann
228681,228681,Andreas Kiefer
102424,102424,Andreas Knauf
102663,102663,Andreas Kullmann
102668,102668,Andreas Kunellis
367934,367934,Andreas Loderer
367910,367910,Andreas Looser
103081,103081,Andreas Merkle
103200,103200,Andreas Müller
103479,103479,Andreas Pauling
368971,368971,Andreas Penckwitt
369169,369169,Andreas Picl
103598,103598,Andreas Rago
368438,368438,Andreas Rapp
103690,103690,Andreas Reisinger
103922,103922,Andreas Sattler
242888,242888,Andreas Schmid
240199,240199,Andreas Schoknecht
104203,104203,Andreas Schroff
247575,247575,Andreas Stüber
368034,368034,Andreas Tschinkel
104756,104756,Andreas Vetter
367927,367927,Andreas Wagner
240155,240155,Andreas Wittmeier
105085,105085,Andreas Witzigmann
105093,105093,Andreas Wolf
368093,368093,Andreas Zillmann
240243,240243,Andree Säubert
249451,249451,Andrei Deliman
368532,368532,Andrej Leber
367587,367587,Andrej Stark
354666,354666,Andrew Steinhauer
101629,101629,André Hajdu
369284,369284,Andy Laue
354558,354558,Angelika Kaune
368148,368148,Angelika Müller
368324,368324,Angelo Lázaro Colucci
368202,368202,Angelo Truisi
104655,104655,Anh Tran
355903,355903,Anil Celikbilek
242912,242912,Anita Massow
368829,368829,Anja Gaßmann
350538,350538,Annette Köster
245224,245224,Annette Popp
104206,104206,Anton Schubert
240446,240446,Antonio De Gois
368022,368022,Antonio Nuzziello
367976,367976,Antonio Pejic
248740,248740,Arash Dayyani
253317,253317,Ardalan Mirahmadi
103128,103128,Aristidis Michailidis
367918,367918,Arman Rasoli
368884,368884,Armin Mahmoudi
368483,368483,Armin Mühlich
242771,242771,Armin Reidel
104434,104434,Armin Stauß
100585,100585,Arnd Bülow
100719,100719,Arno Corigliano
102973,102973,Arno Marotz
245527,245527,Artur Kantz
369068,369068,Artur Maximow
245948,245948,Aryan Dayyani
369251,369251,Arzic Omer
368269,368269,Asim Ramakic
104365,104365,Asmir Sinanovic
368993,368993,Athanasios Sarafoudis
103578,103578,Athanassios Psimenidis
103698,103698,Attila Remete
355293,355293,Aurel Casagrande
252865,252865,Axel Eberle
368296,368296,Axel Isenmann
102406,102406,Axel Klimmer
104129,104129,Axel Schmucker
105162,105162,Axel Zeh
368216,368216,Aydin Yaray
242924,242924,Barbaros Tokbas
368188,368188,Bastian Valinski
368807,368807,Bayartsetseg Tsogoo
368134,368134,Benedikt Meschenmoser
100972,100972,Benjamin Eiberger
248184,248184,Benjamin Heck
368107,368107,Benjamin Hirschberger
102153,102153,Benjamin Jung
103558,103558,Benjamin Pran
367916,367916,Benjamin Repphun
354814,354814,Benjamin Ropertz
100075,100075,Benno Amann
103143,103143,Benny-Michel Mildenberger
100889,100889,Bernd Dorenburg
368382,368382,Bernd Feierabend
101264,101264,Bernd Füess
240515,240515,Bernd Hafner
145388,145388,Bernd Hauenstein
355299,355299,Bernd Mahnke
103098,103098,Bernd Messing
104090,104090,Bernd Schmidt
104199,104199,Bernd Schröder
368367,368367,Bernd Sehner
369242,369242,Bernd Ulrich
245238,245238,Bernd Umann
368758,368758,Bernd Wasserrab
111963,111963,Bernd Woitanowski
100137,100137,Bernhard Back
226973,226973,Bernhard Flamm
101412,101412,Bernhard Gneiting
104560,104560,Bernhard Sutor
368696,368696,Bersan Cavildak
101383,101383,Berthold Gillich
103183,103183,Berthold Moser
366458,366458,Besim Rama
104578,104578,Besim Tastekin
368182,368182,Besirat Fekadu
367995,367995,Besnik Shkemza
368972,368972,Bessim Bessim Oglou
242818,242818,Bianca Duttlinger
101856,101856,Bianca Heneka
368012,368012,Birger Tesnau
100640,100640,Birol Caliskan
368425,368425,Björn Finkbeiner
241619,241619,Björn Spiegel
104971,104971,Björn Welte
101426,101426,Boris Golic
244785,244785,Brian Biercher
368879,368879,Brian Wright
353038,353038,Brigitte Uhrig
353889,353889,Bruno Miletic
356163,356163,Bruno Schuon
368061,368061,Bruno Steinbach
100009,100009,Bülent Acar
101538,101538,Bülent Güler
101556,101556,Bülent Gürkan
368356,368356,Bünyamin Öner
368207,368207,Calvin Waldecker
242969,242969,Carlo Frasch
228902,228902,Carlo Hartmann
242287,242287,Carlos Weber
104766,104766,Carmelo Visconti
104309,104309,Carmen Leiser
369039,369039,Carsten Kalitz
354553,354553,Carsten Lendwei
103064,103064,Carsten Mellmann
368419,368419,Catalin Damian
369016,369016,Catalin-Florin Petrescu
100600,100600,Celal Bulut
104767,104767,Celina Visconti
240167,240167,Cem Sarigül
368295,368295,Cesare Caccavelli
100092,100092,Charalampos Antonogiorgakis
369255,369255,Chayangkun Phawongram
100511,100511,Christian Brehme
355292,355292,Christian Casagrande
368894,368894,Christian Di Lella
123648,123648,Christian Endres
101476,101476,Christian Gremmelspacher
369007,369007,Christian Herre
242920,242920,Christian Iliadis
242710,242710,Christian Joos
102180,102180,Christian Kälbli
250690,250690,Christian Lorenz
368080,368080,Christian Münch
368999,368999,Christian Oest
368553,368553,Christian Oetken
247968,247968,Christian Orosz
103820,103820,Christian Rossa
369282,369282,Christian Rundel
368299,368299,Christian Schaber
251152,251152,Christian Schuler
350617,350617,Christian Späthe
368557,368557,Christian Süß
368394,368394,Christian Thanner
104726,104726,Christian Utz
368079,368079,Christian Würthwein
368312,368312,Christin Jentsch
253049,253049,Christina Hirschfeld
159294,159294,Christina Schneider-Radunovic
369113,369113,Christoph Brandt
252942,252942,Christoph Devine
101550,101550,Christoph Günthner
368658,368658,Christoph Schadek
350077,350077,Christoph Tropschuh
353408,353408,Christopher Hopp
368215,368215,Christos Minokoglou
368108,368108,Chuhan Jiao
144449,144449,Ciro Guerra
247503,247503,Claudia Heinen
103552,103552,Claudio Pontuti
369214,369214,Claudio Severino
100069,100069,Claus Altendorf
368957,368957,Colin Ketterlin
100714,100714,Cong Phan Tran
368582,368582,Corinna Weigelt
229104,229104,Cornelius Ryan
369114,369114,Cuma Seker
368402,368402,Cuong Dao-Ngoc
368358,368358,Cüneyt Öner
367852,367852,Damir Kucis
103559,103559,Damir Pran
104760,104760,Damir Vidovic
226928,226928,Dandy Kohlhaw
368772,368772,Dani Omar El-Rajab
351878,351878,Daniel Bonin
369030,369030,Daniel Cavalleri
368321,368321,Daniel Christoph
368575,368575,Daniel Doulgeris
368502,368502,Daniel Fahrner
356080,356080,Daniel Fleischmann
368938,368938,Daniel Hirsch
102108,102108,Daniel Jarke
102186,102186,Daniel Kalnak
242902,242902,Daniel Kimmig
102379,102379,Daniel Klapper
102396,102396,Daniel Kleine
102694,102694,Daniel La Cognata
102767,102767,Daniel Lehmann
103075,103075,Daniel Merbitz
103167,103167,Daniel Moll
369139,369139,Daniel Montfort
353157,353157,Daniel Naumann
246933,246933,Daniel Nieter
103907,103907,Daniel Sanchez Goncalves
367937,367937,Daniel Schmid
105234,105234,Daniel Zmalec
353387,353387,Daniela Behrend
369092,369092,Daniela Heide
102935,102935,Daniela Majer
101017,101017,Danny Engelhardt
252216,252216,Danny Golling
252039,252039,Dany Baron
369008,369008,Dario Borkovic
353736,353736,Dario Dakovic
104376,104376,Darius Skowronek
103923,103923,Darko Sattler
368412,368412,David Agonafer
369144,369144,David Birau
247955,247955,David Galwas
369046,369046,David Hackenberg
369176,369176,David Hermann
369270,369270,David Nguyen
103469,103469,David Party
368765,368765,Dejvid Skender
351327,351327,Denis Maric
246024,246024,Denis Mnich
368468,368468,Dennis Dreissigacker
350088,350088,Dennis Göricke
369168,369168,Dennis Kamuf
369054,369054,Dennis Knoblauch
369112,369112,Dennis Rhein
103842,103842,Dennis Rothaug
246672,246672,Dennis Wörthmüller
103617,103617,Detlef Ratz
248594,248594,Diana Schäfauer
368841,368841,Diego Meier
100493,100493,Dieter Braun
101588,101588,Dieter Haberkorn
368341,368341,Dieter Krause
368474,368474,Dieter Neumann
368743,368743,Dieter Ripp
103858,103858,Dieter Ruck
367936,367936,Dieter Seitz
369116,369116,Dieter Woitanowski
105103,105103,Dieter Wolk
368904,368904,Dietmar Helfrich
101995,101995,Dietmar Horst
349809,349809,Dietmar Karoli
240287,240287,Dietmar Lauer
251206,251206,Dietmar Lübke
368778,368778,Dimitrios Stotoglou
368304,368304,Dimitrios Vafiadis
368432,368432,Dimitris Patsirogiannis
368954,368954,Dirk Bastian
368310,368310,Dirk Dufner
101612,101612,Dirk Hafner
103209,103209,Dirk Müller
103396,103396,Dirk Odenwälder
354626,354626,Dirk Ostendorf
369256,369256,Dirk Rehtanz
242731,242731,Dirk Schäfauer
105043,105043,Dirk Windecker
368210,368210,Dmitrij Matiske
368720,368720,Domenik Dreibach
245236,245236,Dominic Seeger
368523,368523,Dominic Spar
101755,101755,Dominik Heinkele
246406,246406,Dominik Krenzer
368721,368721,Dominik Mogel
244866,244866,Dominik Netzhammer
104642,104642,Dominik Tonn
367964,367964,Dominik Weitzmann
351258,351258,Donald Oreskovic
368773,368773,Dragan Pajovic
352635,352635,Draoui El Mokhtar
249145,249145,Drazen Smolcic
369167,369167,Dusan Livaja
103930,103930,Eberhard Sauter
101447,101447,Eckart Grabe
354741,354741,Eckart Schmidt
368051,368051,Edin Porcic
368496,368496,Edis Eminovic
368814,368814,Eduard Ewert
368547,368547,Eduard Hartter
100670,100670,Efendi Cekerek
245063,245063,Egon Raach
368396,368396,Elias Marx
368816,368816,Emilio Caracciolo
368377,368377,Emin Kajkus
367580,367580,Emir Musinovic
250901,250901,Emrah Atak
368495,368495,Enis Eminovic
368233,368233,Enrique Gonzales Vitores
100039,100039,Erdal Akinci
369106,369106,Erdem Dikici
368519,368519,Eric Braun
247176,247176,Eric Mattern
104396,104396,Eric Sorg
228713,228713,Erich Wohllaib
100863,100863,Ernad Dindic
353643,353643,Ernst Fabian
100025,100025,Erol Ag
368116,368116,Ervin Lika
104610,104610,Erwin Thoma
368716,368716,Esad Selim Gündüz
104407,104407,Eugen Spähn
368471,368471,Eugenio Sousa Blanco
252901,252901,Evi Leder
228692,228692,Ewald Bausch
369025,369025,Eyvinh Polvito
100662,100662,Fabian Cecotti
355791,355791,Fabian Durst
368525,368525,Fabian Gruber
369052,369052,Fabian Hergesell
368779,368779,Fabian Klausmann
248469,248469,Fabian Metz
103211,103211,Fabian Müller
103306,103306,Fabian Neglein
245247,245247,Fabian Rapp
368300,368300,Fabian Schaber
244727,244727,Fabian Snijder
104617,104617,Fabian Thoma-Schuck
369286,369286,Fabian Wieser
104951,104951,Fabienne Weiß
245733,245733,Fabio Li Vigni
103790,103790,Fabio Romano
160734,160734,Farhad Shahverdi
369173,369173,Fatjon Balloshi
242739,242739,Faton Dzini
368413,368413,Felix Böck
368847,368847,Felix Gloge
252092,252092,Felix Häntschel
102305,102305,Felix Kern
369102,369102,Ferdinand Widjaja
251376,251376,Ferhat Cayli
368688,368688,Fersun Ünsel
239643,239643,Fikret Salic
104577,104577,Fikret Tasdemir
368196,368196,Filipe Coelho
368715,368715,Finn Großmann
368504,368504,Finn Schmitz
100773,100773,Fiorenzo De Nuzzo
367948,367948,Flaviano Gabriele
100553,100553,Florian Brugger
100580,100580,Florian Bühler
221451,221451,Florian Geike
368771,368771,Florian Krieg
240130,240130,Florian Martin
103072,103072,Florian Menzel
103085,103085,Florian Merz
249359,249359,Florian Pasch
368670,368670,Florian Rasser
104258,104258,Florian Schwägler
245634,245634,Florian Staud
104507,104507,Florian Stojanoski
252917,252917,Florian Stubert
369181,369181,Florian Trifan
240228,240228,Florian Walther
104888,104888,Florian Weber
369012,369012,Florian-Madalin Baniceru
369057,369057,Francesco Dragotta
239640,239640,Francisco Loresto
100123,100123,Franjo Antunovic
248622,248622,Frank Diedrich
100983,100983,Frank Eisele
101152,101152,Frank Flach
101317,101317,Frank Gebert
101961,101961,Frank Holly
103357,103357,Frank Nitsche
103651,103651,Frank Reichert
103618,103618,Frank Rätz
242796,242796,Frank Schwenk
242876,242876,Frank Tatarkowski
368761,368761,Frank Vollath
104803,104803,Frank Vorauer
104825,104825,Frank Wagenmann
164408,164408,Frank Weiß
350685,350685,Frank-Bernd Wieczorek
101198,101198,Franz Frauenhoffer
368764,368764,Franz Hochenegg
103094,103094,Franz Meschenmoser
368848,368848,Franz Miehle
368681,368681,Franz Rehberger
100370,100370,Frederik Binder
368837,368837,Frederik Nyberg
367980,367980,Furkan Özkan
350473,350473,Gabriele Winzer-Moser
105109,105109,Gary Wong
368662,368662,Genta Gunawan
368354,368354,Georg Wiesehügel
105051,105051,Georg Winter
101463,101463,Gerald Greene
102445,102445,Gerald Kny
103612,103612,Gerald Rastetter
228696,228696,Gerald Ströbele
368211,368211,Gerd Friedl
101994,101994,Gerd Hörrmann
368469,368469,Gerhard Ehrenfried
101528,101528,Gerhard Gryschka
368056,368056,Gerhard Holzer
102159,102159,Gerhard Junker
102460,102460,Gerhard Koch
242994,242994,Gero Fähnle
353993,353993,Gerold Birmili
251258,251258,Gerold Konnerth
354147,354147,Geronimo Rosa
368751,368751,Giovanni Genovese
368050,368050,Giuseppe Cortese
242722,242722,Giuseppe Curcio
100791,100791,Giuseppe Dellaquercia
352444,352444,Glen Corcoran
104761,104761,Goncalo Vieira Manies
351620,351620,Goran Antunovic
240058,240058,Goran Švab
101114,101114,Gordon Fenske
245620,245620,Gottlob Mrugala
354006,354006,Grigorios Pavlidis
368076,368076,Grofo Gomann
350160,350160,Guido Ulmer
369304,369304,Günter Bauer
350620,350620,Günther Bastian
101441,101441,Günther Götz
368035,368035,Gürhan Ag
102225,102225,Habib Karadal
368042,368042,Haci Eymir
102051,102051,Hajredin Idrizi
368224,368224,Hakan Söyler
104646,104646,Hakan Toprak
105130,105130,Hakan Yaratici
368025,368025,Halil Seker
369171,369171,Hamza Benslimane
368517,368517,Hannes Reißner
228708,228708,Hans Heuschmid
369206,369206,Hans Müller
249433,249433,Hans Rothas
245225,245225,Hans Schäfer
368006,368006,Hans-Henning Schmid
100156,100156,Hans-Jürgen Bailer
175404,175404,Hans-Peter Benzinger
352583,352583,Harald Feuerlein
102759,102759,Harald Leder
103714,103714,Harald Reutter
101010,101010,Hardi Engel
350897,350897,Harry Augustin
240263,240263,Harry Kowalczyk
102896,102896,Harry Luxenhofer
252672,252672,Hartmut Jäggle
368479,368479,Hartmut Wegner
245692,245692,Harun Ahmadi
368840,368840,Hasanian Altamermi
240240,240240,Hassan Najjar
368540,368540,Haydar Chehade
368886,368886,Hayk Hovhannisyan
242967,242967,Hayrettin Bozkurt
102685,102685,Hayrettin Kurtoglu
368385,368385,Heidwin Sommer
101888,101888,Heike Salch
100852,100852,Heiko Difflipp
245438,245438,Heiko Heinrich
101926,101926,Heiko Hoffmann
367922,367922,Heiko Schmeil
104615,104615,Heiko Thomas
101424,101424,Heinz Gold
101730,101730,Helmut Heck
251068,251068,Helmut Motsch
350700,350700,Helmut Schröder
103635,103635,Hendrik Reckers
104382,104382,Hendrik Snijder
221366,221366,Henning Wilkner
368537,368537,Henrik Böker
355894,355894,Henrique Barbosa
368386,368386,Henry Spang
367954,367954,Herbert Schiele
102003,102003,Hermann Hoyh
102607,102607,Hermann Krieger
105147,105147,Hikmet Yüksel
369029,369029,Hoai Tu Anh Nguyen
368058,368058,Holger Domdey
102918,102918,Holger Maier
163386,163386,Holger Vier
351710,351710,Homayoun Nikzat
369264,369264,Hoora Dabbaghian
100292,100292,Horst Bendig
101670,101670,Horst Hardtke
367831,367831,Hugo Uhrig
368854,368854,Hülya Kaya-Yesil
368185,368185,Ibrahim Alaani
368689,368689,Ibrahim Erdogan
368340,368340,Idris Abanuzoglu
368257,368257,Ihor Lialin
368625,368625,Ilona Proissl
368686,368686,Ilyas Fölker
101103,101103,Ingo Fehr
368313,368313,Ingo Maier
242957,242957,Ingo Mann
103289,103289,Ingo Nassall
369064,369064,Ingo Speidel
239637,239637,Irina Killian
368905,368905,Irina Wörle
368897,368897,Isabelle Hülskötter
368511,368511,Ismail Hileh
248468,248468,Ivan Franz
101912,101912,Ivan Hodzic
240239,240239,Ivan Mikulic
369066,369066,Izet Nokic
349970,349970,Jacco van de Streek
368767,368767,Jagaganmohan Reddy
368810,368810,Jamil Dib
368346,368346,Jan Fischer
368273,368273,Jan Simon
246408,246408,Jan Weber
368536,368536,Jan-Phillip Heilmann
176072,176072,Janin Oesterle
100304,100304,Janina Benzinger
368456,368456,Janis Lenz
368518,368518,Jannik Buchstab
368484,368484,Jasim Ammar Jasim Al-Khazraji
367991,367991,Jennifer Bianca Metz
354161,354161,Jens Birner
100632,100632,Jens Butenschön
368100,368100,Jens Clemens
101749,101749,Jens Heim
102155,102155,Jens Jung
102610,102610,Jens Krknjak
368353,368353,Jens Murat
103517,103517,Jens Pfaff
368522,368522,Jens Schrader
368235,368235,Jens Sommer
104499,104499,Jens Stintz
104638,104638,Jens Todt
368562,368562,Jeremy Eckert
351227,351227,Joachim Bruggesser
101959,101959,Joachim Höllwarth
368563,368563,Joachim Koepke
102758,102758,Joachim Lechenbauer
354685,354685,Joachim Luft
101182,101182,Joannis Fountoukas
251775,251775,Joao Rodrigues
351633,351633,Jochen Fiedler
101171,101171,Jochen Föhner
353435,353435,Jochen Geiß
368267,368267,Jochen Schütz
368645,368645,Joel Louis Egon Strohmayer
368318,368318,Joey Isenmann
253498,253498,Johanna Indlekofer
369271,369271,Johannes Genter
102721,102721,Johannes Mai
244905,244905,Johannes Müller
356030,356030,Johannes Seith
350713,350713,Jonas Entenmann
369120,369120,Jonas Müller
240290,240290,Jonas Ruff
103314,103314,Jonathan Nestler
356371,356371,Jonny Knapp
368489,368489,Jonny Silasko
104508,104508,Jonny Stojanovic
368535,368535,Joschua Bareiss
104986,104986,Josef Wermes
249124,249124,Joshua Armbruster
368236,368236,Joshua Bartsch
369216,369216,Joshua Rinaldi Hermawan
368208,368208,Josip Ceko
355986,355986,Josip Guja
368427,368427,Jozsef Mark
368096,368096,Jozsef Zvorinji
368978,368978,Julian Schank
354166,354166,Julian Tremmel
355119,355119,Julian Wolf
368099,368099,Juliane Breunig
368738,368738,Justus Quitsch
101830,101830,Jutta Ute Kreimes
100700,100700,Jörg Claassen
170568,170568,Jörg Hechler
101766,101766,Jörg Heinze
102744,102744,Jörg Laupitz
367853,367853,Jörg Leiser
102831,102831,Jörg Lingl
104021,104021,Jörg Schick-Bringer
104257,104257,Jörg Schwager
368044,368044,Jörg Wolf
367913,367913,Jürgen Baumgärtner
368227,368227,Jürgen Benninger
368683,368683,Jürgen Berninger
101190,101190,Jürgen Frank
369132,369132,Jürgen Großkopf
353633,353633,Jürgen Götting
368739,368739,Jürgen Häffner
367932,367932,Jürgen Kieble
352494,352494,Jürgen Klatt
240215,240215,Jürgen Müller
368740,368740,Jürgen Pallmer
368493,368493,Jürgen Porzelt
368450,368450,Jürgen Reisner
368258,368258,Jürgen Steinmann
368200,368200,Jürgen Trost
104892,104892,Jürgen Weber
242798,242798,Jürgen Wilke
368411,368411,Jürgen Wolf
105178,105178,Jürgen Zemke
367935,367935,Kadir Özturgut
369244,369244,Kagan Güler
102370,102370,Kai Kiss
368330,368330,Kalea Hemminger
368372,368372,Kalin-Felix Stefanov
101299,101299,Karim Gampper
102584,102584,Karl-Heinz Krause
105217,105217,Karl-Heinz Zimmermann
368297,368297,Karsten Mieskes
369208,369208,Katharina Schnelle
251187,251187,Kathrin Karwath
355165,355165,Katrin Quaschinsky
368314,368314,Kay Maier
249765,249765,Keven König
251815,251815,Kevin Adamczyk
368781,368781,Kevin Albert
101087,101087,Kevin Fassa
368833,368833,Kevin Feichtinger
369183,369183,Kevin Horvath
369174,369174,Kevin Hähnel
242789,242789,Kevin Künstler
369056,369056,Kevin Minardi
368156,368156,Kevin Patrick Fischer
368289,368289,Kevin Schieber
350683,350683,Kevin Wetzel
368777,368777,Kian Sohns
350343,350343,Kim Simon
240040,240040,Klaus Dietrich
101221,101221,Klaus Friedrich
355161,355161,Klaus Hirthe
368085,368085,Klaus Kappel
102925,102925,Klaus Maier
102987,102987,Klaus Martin
369156,369156,Klaus Meier
103273,103273,Klaus Mutenzer
368969,368969,Klaus Mülbert
355793,355793,Klaus Woehrlin
240143,240143,Konrad Bau
100903,100903,Krischan Dostal
369147,369147,Kristan Bailey
242885,242885,Kristian Kolthoff
368769,368769,Kristijan Skokic
102298,102298,Kurt Kempf
368524,368524,Kurt Ljokaj
367959,367959,Kurt Saller
368492,368492,Kyra Ernst
367968,367968,Károly Kis
368935,368935,Laith Tabakha
369297,369297,Lars Deffner
369045,369045,Lars Jäger
368231,368231,Lars Quitsch
368737,368737,Lasse Quitsch
353635,353635,Lennart Wedel
368818,368818,Leon Schick
368831,368831,Leonhard Klecker
104884,104884,Lepoleon Weatherspoon
368766,368766,Levend Bas
353634,353634,Liem Dang Ngoc
230942,230942,Lisa Knost
368513,368513,Lisa Maria Kunz
252010,252010,Long Werner
367532,367532,Lorenzo Ammazzini
369105,369105,Lothar Enzenhöfer
368409,368409,Lothar Hirsch
240316,240316,Louise Wong
368551,368551,Luca Wolk
250788,250788,Lucas Ruschke
351926,351926,Lucia Birsner
100008,100008,Luciano Abruzzese
369023,369023,Luciano Galman
250917,250917,Ludwig Sandrik
103889,103889,Luigi Sabia
250306,250306,Luigi Sarullo
104742,104742,Luis Varon Marques
368266,368266,Luka Antic
368319,368319,Luka Fuchs
369146,369146,Lukas Bruchmann
368584,368584,Lukas Böser
369131,369131,Lukas Heinz
368659,368659,Lukas Marx
368610,368610,Lukas Masson
368414,368414,Lulzim Ramliku
100531,100531,Lutz Brian
100799,100799,Lutz Denk
102069,102069,Lutz Iserhardt
102115,102115,Lutz Jeschke
103113,103113,Lutz Metzner
369118,369118,Lutz Steinbach
102469,102469,Lynn Kohl
104685,104685,Machmut Turan
368186,368186,Maherr Raad Sada
368998,368998,Mahmoud Alkamil
242955,242955,Manfred Kalliehs
104354,104354,Manfred Sieweke
104852,104852,Manfred Waldvogel
105127,105127,Manfred Wußler
353844,353844,Manuel Aschenbrenner
102381,102381,Manuel Klappstein
245476,245476,Manuel Kreuz
248413,248413,Manuel Letzel
353668,353668,Manuel Schröder
104595,104595,Manuel Thamm
368560,368560,Manuel Wissen
100060,100060,Marc Allinger
367958,367958,Marc Kölling
103573,103573,Marc Proissl
163715,163715,Marc Wagner
104910,104910,Marc Wegenast
368598,368598,Marc Witt
247196,247196,Marc-Andre Barisch
245244,245244,Marcel Biegler
100665,100665,Marcel Cecotti
368343,368343,Marcel Haab
103769,103769,Marcel Roden
351040,351040,Marcel Twardon
368581,368581,Marcin Rossa
250221,250221,Marco Bunke
350621,350621,Marco Conrad
100813,100813,Marco Di Martino
101390,101390,Marco Giusa
102013,102013,Marco Huber
351423,351423,Marco Klotzer
368284,368284,Marco Paletta
103786,103786,Marco Roll
230448,230448,Marco Schmitt
104339,104339,Marco Seybold
368774,368774,Marco Sforza
242963,242963,Marco Warlies
354316,354316,Marco Weise
105193,105193,Marco Zieger
100709,100709,Marcus Colmelet
368503,368503,Marcus Dienst
100996,100996,Marcus Elfenthal
103275,103275,Marcus Mutschler
103629,103629,Marcus Reber
176381,176381,Marcus Strey
104671,104671,Marcus Trumpp
368874,368874,Marcus Winter
105077,105077,Marcus Wittner
105097,105097,Marcus Wolf
100014,100014,Marek Adam
368578,368578,Marian Lacatus
368151,368151,Mario Jurica
102175,102175,Mario Kaiser
368514,368514,Mario Kraus
367978,367978,Mario Mayer
103813,103813,Mario Rosenkranz
353792,353792,Marius Schrimpf
104564,104564,Marius Sutor
104613,104613,Marius Thomanek
368193,368193,Marius Witt
248769,248769,Marius-Daniel Grigore-Martini
369013,369013,Marius-Ionut Baniceru
248742,248742,Mark Epple
242992,242992,Mark Hast
367953,367953,Mark Mende
368274,368274,Mark Pfaffenrodt
104363,104363,Mark Simon
368616,368616,Mark Szinger
245559,245559,Marko Stapel
100100,100100,Markus Appenowitz
100570,100570,Markus Buck
368187,368187,Markus Geppert
354684,354684,Markus Geßinger
143960,143960,Markus Graml
368198,368198,Markus Hanagarth
101671,101671,Markus Hardtke
102204,102204,Markus Kamuf
102497,102497,Markus König
368505,368505,Markus Löscher
368476,368476,Markus Lüft
103011,103011,Markus Mauch
103087,103087,Markus Merz
240166,240166,Markus Pfaff
123146,123146,Markus Rütten
368982,368982,Markus Schneider
369020,369020,Markus Schneider
104284,104284,Markus Schwenke
242833,242833,Markus Stehle
367962,367962,Markus Strauß
350684,350684,Markus Wetzel
369117,369117,Markus Wiedermann
367988,367988,Markus Wörner
369015,369015,Marouen Marzouki
100486,100486,Martin Brandt
228911,228911,Martin Brunsch
240266,240266,Martin Burmeister
100904,100904,Martin Doster
101200,101200,Martin Frei
369170,369170,Martin Gießler
101758,101758,Martin Heinrich
150319,150319,Martin Kurschatke
367989,367989,Martin Reinhardt
353143,353143,Martin Repp
368830,368830,Martin Schröder
104254,104254,Martin Schwab
369119,369119,Martin Seyfer
104667,104667,Martin Trippel
242837,242837,Martin Weber
251771,251771,Martin Wistuba
248623,248623,Marvin Diedrich
368047,368047,Marvin Schiele
369141,369141,Marvin Schneider
350651,350651,Marvin Szymiczek
105209,105209,Marvin Zimmer
367972,367972,Massimo Gabriele
103127,103127,Massimo Miccoli
242709,242709,Mathias Frey
368140,368140,Mathias Hehle
101989,101989,Mathias Hornbach
102729,102729,Mathias Laskus
369028,369028,Matthias Adler
369072,369072,Matthias Bader
101191,101191,Matthias Frank
368292,368292,Matthias Grgic
101672,101672,Matthias Hardtke
367425,367425,Matthias Höfler
102864,102864,Matthias Ludersdorfer
102926,102926,Matthias Maier
242716,242716,Matthias Orth
103581,103581,Matthias Pujic
242727,242727,Matthias Raible
368603,368603,Matthias Schweickert
368546,368546,Matthias Sommer
366248,366248,Matthias Stolz
368868,368868,Matthias Weigl
105099,105099,Matthias Wolf
368733,368733,Matthis Meier
368189,368189,Mattis Wasner
101368,101368,Maurizio Giannachi
368559,368559,Maurizio Reith
368937,368937,Mauro Di Gennaro
369182,369182,Max Barthold
351228,351228,Max Löhle
369261,369261,Max Miedzianowski
369129,369129,Max Piepke
242795,242795,Max Schmidtke
351923,351923,Maxim Buchstab
368194,368194,Maxime Tereba
368482,368482,Maximilian Arnt
368734,368734,Maximilian Hetjens
242922,242922,Maximilian Jentsch
252203,252203,Maximilian Theis
100651,100651,Mehmet Cankurt
101553,101553,Mehmet Gürbüz
368024,368024,Mehmet Kapli
102361,102361,Mehmet Kirli
101818,101818,Melanie Henschel
102862,102862,Melanie Kiefer
245763,245763,Melanie Wolf
368806,368806,Mendbayar Renchin
252972,252972,Mergim Zekaj
369123,369123,Mete Mutlu
100212,100212,Michael Bauer
367977,367977,Michael Breiner
103487,103487,Michael Brüll
100617,100617,Michael Burmeister
368281,368281,Michael Czeringer
100825,100825,Michael Diedrich
252973,252973,Michael Faja
101155,101155,Michael Flaig
367820,367820,Michael Funk
101265,101265,Michael Füess
349925,349925,Michael Grad
101470,101470,Michael Greiner
251014,251014,Michael Gärttner
101443,101443,Michael Götz
101574,101574,Michael Haag
101803,101803,Michael Heneka
368444,368444,Michael Hetjens
240320,240320,Michael Häfele
102320,102320,Michael Keuker
239638,239638,Michael Killian
368031,368031,Michael Kunz
353758,353758,Michael Leonhard
240013,240013,Michael Leupolz
368822,368822,Michael Maihöfer
350161,350161,Michael Martini
242867,242867,Michael Matschewsky
103105,103105,Michael Metzger
356269,356269,Michael Metzger
245346,245346,Michael Minnerop
368984,368984,Michael Müller
368813,368813,Michael Müns
350489,350489,Michael Pogodda
242717,242717,Michael Psarras
355443,355443,Michael Reich
103654,103654,Michael Reichert
103686,103686,Michael Reiser
103837,103837,Michael Roth
369006,369006,Michael Rozmann
368119,368119,Michael Röhrle
354510,354510,Michael Schmitt
368475,368475,Michael Schneider
368139,368139,Michael Schreiber
353693,353693,Michael Schulz
366769,366769,Michael Schwarzjirg
244751,244751,Michael Sdrzallek
368842,368842,Michael Seil
368466,368466,Michael Sigloch
104447,104447,Michael Stegmaier
104532,104532,Michael Straub
244836,244836,Michael Strenski
104546,104546,Michael Strohmaier
368533,368533,Michael Triffo
369303,369303,Michael Trost
368843,368843,Michael Vollmer
240244,240244,Michael Wanjek
105122,105122,Michael Würz
368704,368704,Michael Zimmermann
350350,350350,Michal Radwan
102746,102746,Michelangelo Laurano
248651,248651,Michele Campagna
241138,241138,Mike Becker
100286,100286,Mike Belke
242708,242708,Mike Dörfler
103865,103865,Mike Rüffert
368561,368561,Mike Siege
367987,367987,Mike Walter
368509,368509,Minh Tien Vo
366767,366767,Miodrag Adrian Caravila
368692,368692,Mirjan Hidri
368785,368785,Mirsad Coric
240242,240242,Mirsad Sabic
368804,368804,Mohammad Al Hariri
368649,368649,Mohammad Jiroudi
367897,367897,Mohammed Alhila
355875,355875,Mohammed Ali Bemah
368824,368824,Mohammed Saleh Haji Goyan
369130,369130,Moritz Fritsche
252363,252363,Moritz Rutkowski
369273,369273,Muho Dizdarevic
100798,100798,Murat Deniz
368574,368574,Murat Dervisi
242784,242784,Mustafa Basaran
100296,100296,Mustafa Benk
369065,369065,Mustafa Ilkaya
230995,230995,Mustafa Özyürük
242702,242702,Muzaffer Günay
245260,245260,Necmi Kolbasar
369291,369291,Nguyen Tien Dung
249310,249310,Nic Woywodt
369263,369263,Nicholas Hoeldtke
368485,368485,Nick Neubacher
102034,102034,Nicole Hummel
368457,368457,Niklas Materia
369018,369018,Niklas Schilling
240293,240293,Niklas Vogel
368538,368538,Niklas Weiß
102600,102600,Nikola Kremer
102627,102627,Nikolai Kruhm
369024,369024,Nikolai Lupena
368003,368003,Nikolaos Michailidis
367912,367912,Nikolaos Seristatidis
100413,100413,Nikolaus Blum
242776,242776,Nikolaus Gündel
242926,242926,Nils Dannhauer
368481,368481,Norbert Arnt
101786,101786,Norbert Hell
102164,102164,Norbert Kabas
103756,103756,Norbert Ritschel
157455,157455,Norbert Rollbühler
103997,103997,Norbert Scheinpflug
368431,368431,Norman Wagner
104337,104337,Nuhid Serifovic
245269,245269,Nuno Brenner Miguel
367996,367996,Nurcan Ezdi
100599,100599,Oezer Bulunmaz
368802,368802,Okan Ceken
238915,238915,Oktay Aydinoglu
351950,351950,Olaf Schwarz
368023,368023,Oleg Kuhn
368618,368618,Oliver Alunni
368580,368580,Oliver Eisele
101363,101363,Oliver Geuder
369017,369017,Oliver Hasenfuß
248741,248741,Oliver Hauke
247852,247852,Oliver Kandula
350393,350393,Oliver Kielwein
102539,102539,Oliver Kother
249001,249001,Oliver Krieger
102633,102633,Oliver Kruse
368530,368530,Oliver Macco
368364,368364,Oliver Marx
368143,368143,Oliver Nies
104287,104287,Oliver Schwertschlager
100679,100679,Orhan Cetin
252858,252858,Orhan Parama
228532,228532,Osman Büyük
100124,100124,Ottmar Auzinger
368577,368577,Otto Stefan Witt
368821,368821,Partha Ghosh
100667,100667,Pascal Cecotti
349928,349928,Pascal Habiger
103354,103354,Pascal Nissel
368046,368046,Pascal Pascolo
252214,252214,Pascal Sanna
368705,368705,Pascal Ueltzhoffer
368192,368192,Pascal Witt
105197,105197,Pascal Ziegler
368866,368866,Patric Riedel
102170,102170,Patricia Kaffesi
100447,100447,Patrick Bolduan
368820,368820,Patrick Coklica
350519,350519,Patrick Haudek
366907,366907,Patrick Lampert
242907,242907,Patrick Lauinger
250878,250878,Patrick Mungiuri
368542,368542,Patrick Regan
368545,368545,Patrick Wilczek
366201,366201,Patrik Graf
103122,103122,Patrik Meyer
369142,369142,Paul Ehrlich
368620,368620,Paul Halton
368381,368381,Pavlos Dadakos
102525,102525,Pavlos Korezelidis
244943,244943,Peggy Eisele
368964,368964,Petar Krolo
368664,368664,Petar Popov
368763,368763,Peter Arndt Marroquin
248185,248185,Peter Baur
100510,100510,Peter Brehm
101341,101341,Peter Gemeinhardt
368707,368707,Peter Gerlach
102397,102397,Peter Kleinhans
368499,368499,Peter Koch
121877,121877,Peter Link
102859,102859,Peter Lotterer
368399,368399,Peter Mielke
368981,368981,Peter Polzer
103580,103580,Peter Puff
157028,157028,Peter Restle
103864,103864,Peter Rueff
103876,103876,Peter Rupprecht
104101,104101,Peter Schmidt
368965,368965,Peter Schwab
366961,366961,Peter Stadelmaier
104625,104625,Peter Thurm
100500,100500,Petra Braun
103910,103910,Petra Sannwald
368809,368809,Phat Truong
367907,367907,Phi Dang
368138,368138,Philip Gamerdinger
368142,368142,Philip Kammnick
351326,351326,Philip Smaczny
368811,368811,Philipp Kibele
231558,231558,Philipp Lisenko
104807,104807,Philipp Vosseler
103814,103814,Phillip Rosenkranz
368784,368784,Phillip Woods
368237,368237,Pia Albersmeier
100641,100641,Pietro Calo
368835,368835,Pit Kleyersburg
368261,368261,Preetam Bissessur
104025,104025,Priska Leven
351910,351910,Qayssar Al Saedi
368671,368671,Quynh Ngo
368870,368870,Rachel Silva
368366,368366,Raed Jaafar
367990,367990,Raimund Wanner
367929,367929,Rainer Beck
100501,100501,Rainer Braun
369125,369125,Rainer Glück
101587,101587,Rainer Habelt
101745,101745,Rainer Heilmann
242787,242787,Rainer Hermann
101984,101984,Rainer Hops
353295,353295,Rainer Kenzler
103436,103436,Rainer Ott
104179,104179,Rainer Schönfeld
104299,104299,Rainer Seemann
100089,100089,Ralf Annamaier
248690,248690,Ralf Bachert
368526,368526,Ralf Bühler
101304,101304,Ralf Ganz
101485,101485,Ralf Grießhaber
101831,101831,Ralf Herdtfelder
350315,350315,Ralf Hohlfeld
102294,102294,Ralf Kempermann
102518,102518,Ralf Koppenhöfer
368132,368132,Ralf Krebs
240252,240252,Ralf Markanycz
103076,103076,Ralf Mergel
103593,103593,Ralf Rabold
100037,100037,Ramazan Akdag
368097,368097,Ramazan Yildirim
354706,354706,Ramin Raeisi
355803,355803,Randee Ramzi Yalda
103800,103800,Raoul-Robert Ronto
369215,369215,Raphael Müller
104635,104635,Raphael Titzmann
101366,101366,Rasul Ghanavat
367994,367994,Reaven Zhang
369265,369265,Rebeca Romero Ulloa
352016,352016,Reimar Sauter
367950,367950,Reiner Nies
353918,353918,Rene Hammann
351842,351842,René Wieczorek
368589,368589,Reshawn Spann
101572,101572,Ricardo Gutjahr
247504,247504,Riccardo Heinen
245275,245275,Richard Cornely
368585,368585,Richard Diopa
101688,101688,Richard Hartmann
101689,101689,Richy Hartmann
368040,368040,Rico Horst
369204,369204,Robert Bergmann
100421,100421,Robert Bogdan
368576,368576,Robert Glen-Novak
369022,369022,Robert Holzinger
368098,368098,Robert Karaica
351635,351635,Robert Klinec
369070,369070,Robert Pinczker
104273,104273,Robert Schwarz
368429,368429,Robert Tiffert
105232,105232,Robert Zivanovic
100732,100732,Roberto D`Elia
368498,368498,Roberto Savcic
100985,100985,Robin Eisele
101724,101724,Robin Heber
244987,244987,Robin Kümmerle
355290,355290,Roland Huber
368430,368430,Roland Kirchmaier
102426,102426,Roland Knecht
103069,103069,Roland Menrath
240193,240193,Roland Möbus
103932,103932,Roland Sauter
103998,103998,Roland Scheinpflug
104819,104819,Roland Wacker
100319,100319,Rolf Berkowitz
367253,367253,Rolf Göllner
102948,102948,Rolf Mangelsdorf
104844,104844,Rolf Waible
101972,101972,Roman Holzhauser
355715,355715,Ronald Rogge
101192,101192,Ronny Frank
369060,369060,Ronny Gabriel
250899,250899,Rouven Elischer
101210,101210,Ruben Frick
368515,368515,Ruben Lorch
105049,105049,Ruben Winkler
245485,245485,Rudi Fölker
369031,369031,Rudolf Rolsin
242950,242950,Rudolf Schulz
240041,240041,Rudolf Weiß
368275,368275,Ryan Grabowski
104597,104597,Rüdiger Theis
350961,350961,Sabine Hort
104550,104550,Sabine Stubits
368395,368395,Sabrina Hammer
368195,368195,Sabrina Heinze
368146,368146,Saeid Heydarpour
368199,368199,Sagar Paul
368869,368869,Saif Azzawi
368819,368819,Sait Pelit
353913,353913,Saman Hadi
369233,369233,Sami Kadriolli
367938,367938,Samir Javor
369096,369096,Samuel Schleitzer
351689,351689,Sander Damrau
101958,101958,Sandra Höll
368442,368442,Sandra Lutz
369067,369067,Sasa Kikic
369085,369085,Sascha Baltschukat
368253,368253,Sascha Hiller
251024,251024,Sascha Jungwirth
366412,366412,Sascha Link
228632,228632,Sascha Nyffeler
239641,239641,Sascha Pick
369283,369283,Sascha Rißmann
103925,103925,Sascha Sauer
159092,159092,Sascha Schmidt
104984,104984,Sascha Werle
355164,355164,Saskia Schirmer
101979,101979,Savas Hopff
367949,367949,Savvas Kourpanidis
248593,248593,Sebastian Albrecht
100189,100189,Sebastian Bartsch
368446,368446,Sebastian Buccheri
353826,353826,Sebastian Calinescu
240108,240108,Sebastian Czaja
368512,368512,Sebastian Dettling
368871,368871,Sebastian Engel
368197,368197,Sebastian Hilgarth
368390,368390,Sebastian König
368124,368124,Sebastian Mayer
367871,367871,Sebastian Müller
103433,103433,Sebastian Oswald
240517,240517,Sebastian Roßberg
368579,368579,Sebastian Scherbinin
352331,352331,Sebastian Schöffer
369262,369262,Sebastian Zinck
103616,103616,Sebastiano Ratto
242971,242971,Selim Güzel
368836,368836,Selina Jakob
368137,368137,Semsettin Özkan
251824,251824,Senol Sengün
368506,368506,Seong-Jin Kim
103444,103444,Sercan Özdemir
239648,239648,Serdar Tunbek
102369,102369,Sergej Kirtkov
102549,102549,Sergej Kovalev
100647,100647,Serkan Candir
368220,368220,Sezer Soydinc
367933,367933,Siegbert Müller
367940,367940,Siegfried Brockmann
367917,367917,Sijon Joos
100481,100481,Silke Brand
104379,104379,Silvestar Smokovic
101076,101076,Silvio Fadda
368908,368908,Simon Bernecker
100716,100716,Simon Conrad
368133,368133,Simon Kaincz
253265,253265,Simon Kemmerling
367993,367993,Simon Koch
367945,367945,Simon Schaal
368571,368571,Simon Stoß
249083,249083,Simon Theodoropoulos
100229,100229,Simone Ganß
368302,368302,Simone Künzl
100362,100362,Sonja Bieser
104902,104902,Sonny Weber
102603,102603,Stanislaw Kretz
368389,368389,Stefan Avrancsev
368855,368855,Stefan Behr
100618,100618,Stefan Burmeister
100945,100945,Stefan Duttlinger
249669,249669,Stefan Estenfeld
101313,101313,Stefan Gaschler
101838,101838,Stefan Herms
101854,101854,Stefan Herzer
369093,369093,Stefan Jost
368470,368470,Stefan Kling
102625,102625,Stefan Krüger
102645,102645,Stefan Künzl
366176,366176,Stefan Lorenz
352032,352032,Stefan Neuberger
355908,355908,Stefan Scherer
369019,369019,Stefan Schilling
368015,368015,Stefan Sock
368118,368118,Stefan Süß
247957,247957,Stefan Vater
367416,367416,Stefan Weber
224549,224549,Stefan Weiner
368127,368127,Stefan Weiß
100106,100106,Stefanie Arndt
368423,368423,Stefanie Brakopp
368712,368712,Stefanie Rudolf
368888,368888,Steffen Adler
250710,250710,Steffen Feuerbacher
101451,101451,Steffen Graf
101500,101500,Steffen Gross
240171,240171,Steffen Hoffmann
369225,369225,Steffen Höfer-Achatz
102131,102131,Steffen Joos
175895,175895,Steffen Mämecke
368936,368936,Steffen Runge
103803,103803,Steffen Röschinger
103924,103924,Steffen Säubert
100463,100463,Stephan Boschert
101091,101091,Stephan Faude
102015,102015,Stephan Huber
354401,354401,Stephan Huber
351276,351276,Stephan Kathari
102661,102661,Stephan Kuka
368465,368465,Stephan Lorenz
368206,368206,Stephan Mahler
102928,102928,Stephan Maier
103185,103185,Stephan Moser
242923,242923,Stephan Nimführ
368590,368590,Stephan Rau
103631,103631,Stephan Reber
103634,103634,Stephan Rech-Linker
100112,100112,Steven Ascione
104607,104607,Steven Thieltges
368893,368893,Sukhbat Batjargal
239646,239646,Susanne Schweter
100325,100325,Susi Harbrecht-Berndt
369089,369089,Sven Dastig
104770,104770,Sven Deschner
369268,369268,Sven Erbrecht
247868,247868,Sven Gehrisch
170496,170496,Sven Götz
355166,355166,Sven Kaiser
253091,253091,Sven Kaupp
368222,368222,Sven Schulz
104342,104342,Sven Sibbus
240510,240510,Sven Wezstein
101737,101737,Svenja Schwarzkopf
368447,368447,Svetlana Hetjens
368251,368251,Sylvia Gurnig
100074,100074,Süleyman Altinyaldiz
368203,368203,Tahsin Kirli
368702,368702,Tajana Dürr-Smokovic
353139,353139,Tamara Grad
368896,368896,Tamino Lázaro Colucci
367983,367983,Taner Susuz
245567,245567,Tanja Falk
104795,104795,Tankred Volkmer
231078,231078,Tayfun Teber
368878,368878,Theo Georgoudious
368909,368909,Thilo Ertmann
241919,241919,Thomas Dieckmann
367960,367960,Thomas Doussos
100918,100918,Thomas Drey
100941,100941,Thomas Durst
100934,100934,Thomas Dürr
368461,368461,Thomas Ehrenfried
101009,101009,Thomas Enge
368150,368150,Thomas Etowski
368393,368393,Thomas Frommer
368856,368856,Thomas Graner
101289,101289,Thomas Gäckle
101654,101654,Thomas Handler
368329,368329,Thomas Hemminger
101874,101874,Thomas Hetzel
368178,368178,Thomas Hirschberger
101945,101945,Thomas Höger
240286,240286,Thomas Hörauf
239636,239636,Thomas Kammerer
102328,102328,Thomas Kielmann
102568,102568,Thomas Kramhöller
102626,102626,Thomas Krüger
102680,102680,Thomas Kupfer
239654,239654,Thomas Kühn
103112,103112,Thomas Metzler
242747,242747,Thomas Mooshammer
367119,367119,Thomas Munz
102963,102963,Thomas Mänz
103239,103239,Thomas Müller
154211,154211,Thomas Neumann
367944,367944,Thomas Rehmann
103881,103881,Thomas Russow
368379,368379,Thomas Sander
104208,104208,Thomas Schubert
104183,104183,Thomas Schöpfer
247505,247505,Thomas Sommer
104512,104512,Thomas Stoll
368783,368783,Thomas Stöckel
367985,367985,Thomas Teufel
104633,104633,Thomas Tischmann
100645,100645,Thomas Vincenzo Campo
368780,368780,Thomas Weniger
164805,164805,Thomas Wilczek
105087,105087,Thomas Wochner
369285,369285,Thomas Zaltenbach
353895,353895,Thorgen Brett
101952,101952,Thorsten Holatka
102219,102219,Thorsten Kappus
242861,242861,Thorsten Kartes
250188,250188,Thorsten Kupske
369061,369061,Thorsten Löffler
242808,242808,Thorsten Mohr
368179,368179,Thorsten Möhle
103603,103603,Thorsten Rammer
103839,103839,Thorsten Roth
368724,368724,Thorsten Späth
368960,368960,Tien Dat Le
368762,368762,Tien Dat Ngo
369027,369027,Tien Tan Nguyen
368682,368682,Tilman Rivinius
368832,368832,Timm Ganske
368458,368458,Timo Buske
101013,101013,Timo Engel
101750,101750,Timo Heim
354451,354451,Timo Lipski
171256,171256,Timo Reinert
104357,104357,Timo Sillner
253141,253141,Timur Susuz
104776,104776,Tina Riedel
355824,355824,Tobias Abt
100117,100117,Tobias Auer
368183,368183,Tobias Banzhaf
228904,228904,Tobias Hirt
241999,241999,Tobias Jung
102317,102317,Tobias Kessler
353084,353084,Tobias Krieger
353768,353768,Tobias Küderle
102804,102804,Tobias Lesniak
369235,369235,Tobias Linnow
103509,103509,Tobias Petter
368827,368827,Tobias Reisner
104152,104152,Tobias Schneider
368911,368911,Tobias Simmon
368961,368961,Tobias Sven Stockenberger
104870,104870,Tobias Walz
104991,104991,Tobias Werner
351663,351663,Tobias Wetzel
251288,251288,Tobias Wähler
368135,368135,Tobias Zeller
123384,123384,Tolga Yasmut
367928,367928,Tom Mischner
104820,104820,Tom Wacker
366175,366175,Tomislav Knezevic
367939,367939,Tommaso Parisi
101658,101658,Torsten Hanisch
244941,244941,Torsten Herold
245106,245106,Tuong Tran
101401,101401,Udo Gleich
102352,102352,Udo Kirchgeßner
102519,102519,Udo Koppenhöfer
100445,100445,Ulf Bojus
102972,102972,Ulrich Märkle
354136,354136,Ulrich Oswald
229045,229045,Ulrich Schäfer
253468,253468,Umut Akinci
102327,102327,Ute Kiefer
368516,368516,Uwe Barth
100388,100388,Uwe Bitsch
100718,100718,Uwe Cordes
354369,354369,Uwe Jansen
102719,102719,Uwe Lang
249080,249080,Uwe Machalett
102954,102954,Uwe Mann
104109,104109,Uwe Schmidt
221926,221926,Valentin Marten
367986,367986,Vanja Nikolic
167821,167821,Veit Heller
368241,368241,Victor Rodriguez
368839,368839,Viet Anh Nguyen
102502,102502,Viktor König
368643,368643,Viktor Tschin
368355,368355,Vincent Wiesehügel
103268,103268,Vincenzo Murano
354615,354615,Virginia Eisen
368136,368136,Vithyea Thorn
369104,369104,Vladimir Poplakov
101573,101573,Volker Gutzeit
104775,104775,Volker Vögele
151697,151697,Volkmar Lorenz
367374,367374,Vuk Izidor Zelunka
368622,368622,Vy Le Tuong
349790,349790,Wadea Al Mahamid
369032,369032,Waldemar Müller
103725,103725,Walter Riebeling
242978,242978,Wasilios Kagelidis
104085,104085,Werner Schmidberger
354395,354395,Wilfried Scheibel
368628,368628,Wilfried Schön
240283,240283,Wilhelm Engelbrecht
249710,249710,Wilhelm Schaier
102870,102870,Willi Ludwig
369266,369266,Wilmer Rivera Bruno
247116,247116,Witold Kabacinski
354552,354552,Woldai Wagner
100966,100966,Wolfgang Ehni
101020,101020,Wolfgang Engelhardt
101744,101744,Wolfgang Heiler
368860,368860,Wolfgang Krüger
368443,368443,Wolfgang Laun
104353,104353,Wolfgang Siethoff
161918,161918,Wolfgang Stimmer
353066,353066,Wolfgang Stollberger
242881,242881,Xanthos Vlassidis
367967,367967,Xenia Völker
102047,102047,Xhemajil Ibrahimi
369055,369055,Yahya Bouchikhi
353760,353760,Yannick Redl
368404,368404,Yannik Weber
368109,368109,Yao Wang
245005,245005,Yasar Mak
253021,253021,Yavuz Güleryüz
242773,242773,Yilmaz Aygün
368408,368408,Yilmaz Bulut
242951,242951,Yunus Ayvaz
368922,368922,Yusa Tutucu
101640,101640,Yves Hamacher
251970,251970,Yves Jordan
369103,369103,Yvonne Boos
369004,369004,Zan Bong Yuen
368507,368507,Zeeshan Khan
104752,104752,Zehrudin Vereget
368650,368650,Zeki-Kaan Koyun
100616,100616,Zeljko Burmazovic
350827,350827,Zlatko Martinovic
102551,102551,Zlatko Rosin
102280,102280,Zoltan Kelemen
102111,102111,Zvonimir Jembrih
111155,111155,Önder Coskun
103272,103272,Ümit Muslu
local:aaron bruggesser|PBC Bad Saulgau,,Aaron Bruggesser
local:abdurrahim akdag|BV Pforzheim,,Abdurrahim Akdag
local:achim schmittel|PBC Fr. Lampertheim,,Achim Schmittel
local:achim schwab|PBC Waldbronn-Karlsbad,,Achim Schwab
local:achim schwab|PP Karlsbad,,Achim Schwab
local:achim stoll|BSV Filderstadt,,Achim Stoll
local:achim wendeler|TV Cannstatt,,Achim Wendeler
local:adrian cabanillas lora|BSV Filderstadt,,Adrian Cabanillas Lora
local:adrian mernik|PBC Reutlingen,,Adrian Mernik
local:adrian weller|BSV Nürtingen,,Adrian Weller
local:adrian weller|PBC Reutlingen,,Adrian Weller
local:adriano viviani|Fastbreakers Karlsruhe,,Adriano Viviani
local:agostino rodrigues|PBC Bruchsal,,Agostino Rodrigues
local:ahmad ayshe|BC Feuersee Leonberg,,Ahmad Ayshe
local:ahmet gümüs|PBC Trossingen,,Ahmet Gümüs
local:ahmet gümüs|PBV Rottweil,,Ahmet Gümüs
local:ahmet yazici|PP Böblingen,,Ahmet Yazici
local:ahmet yilmaz|Jump Shot Mingolsheim,,Ahmet Yilmaz
local:ahmet yilmaz|PBC Waghäusel,,Ahmet Yilmaz
local:alban szerafy|BC Dallau,,Alban Szerafy
local:albert terzic|BF Bruchsal,,Albert Terzic
local:alen salic|BBV Mannheim,,Alen Salic
local:alexander khesin|TV Cannstatt,,Alexander  Khesin
local:alexander adelhelm|PBC Bietigheim-Bissingen,,Alexander Adelhelm
local:alexander bailer|BC Feuersee Leonberg,,Alexander Bailer
local:alexander baur|PBC Bad Saulgau,,Alexander Baur
local:alexander bitschinski|BC Dallau,,Alexander Bitschinski
local:alexander bohr|PP Böblingen,,Alexander Bohr
local:alexander fischer|BC Weingarten,,Alexander Fischer
local:alexander friederich|BC Neckarsulm,,Alexander Friederich
local:alexander friederich|PBC Pfedelbach,,Alexander Friederich
local:alexander gabat|BSF Kurpfalz,,Alexander Gabat
local:alexander garmatz|PBC Bad Saulgau,,Alexander Garmatz
local:alexander grossmann|BSV Filderstadt,,Alexander Großmann
local:alexander haass|BC Dallau,,Alexander Haass
local:alexander haass|BV Pforzheim,,Alexander Haass
local:alexander haass aufn.: 20; ø: 3.50|unassigned,,Alexander Haass Aufn.: 20; Ø: 3.50
local:alexander hemmer|BBC Plochingen,,Alexander Hemmer
local:alexander lahnert|BSC Mannheim,,Alexander Lahnert
local:alexander mack|PBC Schwäbisch Hall,,Alexander Mack
local:alexander mack|PBC Schwäbisch-Hall,,Alexander Mack
local:alexander ortmann|PP Böblingen,,Alexander Ortmann
local:alexander pinneker|BSG Albstadt,,Alexander Pinneker
local:alexander ragg|PBC Bräunlingen,,Alexander Ragg
local:alexander sachs|BBV Mannheim,,Alexander Sachs
local:alexander scholz|BC Neckarsulm,,Alexander Scholz
local:alexander srp|BC Feuersee,,Alexander Srp
local:alexander striker|PF Calw,,Alexander Striker
local:alexander sumpf|BSC Waldshut,,Alexander Sumpf
local:alexander weiss|BF Weinheim-Viernheim,,Alexander Weiß
local:alexander wibisono|BSV Pfullingen,,Alexander Wibisono
local:alf hahn|FB Handicap Karlsruhe,,Alf Hahn
local:alfred pfaff|Fastbreakers Karlsruhe,,Alfred Pfaff
local:alfred rutkowski|PBC Rastatt,,Alfred Rutkowski
local:alfredo di perna|BSV Filderstadt,,Alfredo Di Perna
local:alfredo di perna|BSV Nürtingen,,Alfredo Di Perna
local:ali cetin|PBC Ochsenhausen,,Ali Cetin
local:ali kilic|BSG Albstadt,,Ali Kilic
local:alicia baum|PBC Rastatt,,Alicia Baum
local:anastase kagelidis|PP Böblingen,,Anastase Kagelidis
local:anastasia archipov|BC Feuersee Ludwigsburg,,Anastasia Archipov
local:anastasios kiriakidis|BC Aalen,,Anastasios Kiriakidis
local:andre bayer|BC Ludwigsburg,,Andre Bayer
local:andre neumann|BBV Mannheim,,Andre Neumann
local:andre schwanhäuser|BSC St. Georgen,,Andre Schwanhäuser
local:andre schwenzfeier|BSV Pfullingen,,Andre Schwenzfeier
local:andre sondermann|PBC Waghäusel,,Andre Sondermann
local:andre säubert|PBC Waghäusel,,Andre Säubert
local:andrea frommknecht|BC Weingarten,,Andrea Frommknecht
local:andreas augustin|BC Aalen,,Andreas Augustin
local:andreas augustin|PBC Aalen,,Andreas Augustin
local:andreas begau|TV Cannstatt,,Andreas Begau
local:andreas beyerle|PBC Bad Saulgau,,Andreas Beyerle
local:andreas blumenthal|BSV Filderstadt,,Andreas Blumenthal
local:andreas böhme|PBC Waghäusel,,Andreas Böhme
local:andreas decker|BV Pforzheim,,Andreas Decker
local:andreas dirlewanger|PBC Bad Saulgau,,Andreas Dirlewanger
local:andreas dittrich|BSC St. Georgen,,Andreas Dittrich
local:andreas einsiedler|PBC Langenargen,,Andreas Einsiedler
local:andreas gorisek|BF Bronnen,,Andreas Gorisek
local:andreas greitmann|BC Unterteuringen,,Andreas Greitmann
local:andreas gut|BV Villingen-Schwenningen,,Andreas Gut
local:andreas hepp|BSV Weinheim,,Andreas Hepp
local:andreas horn|BSG Albstadt,,Andreas Horn
local:andreas jeschka|PBC Reutlingen,,Andreas Jeschka
local:andreas jörg|BBC Plochingen,,Andreas Jörg
local:andreas keilmann aufn.: 1; ø: 0.00|unassigned,,Andreas Keilmann Aufn.: 1; Ø: 0.00
local:andreas kiefer|BV Markdorf,,Andreas Kiefer
local:andreas knauf|BSC Göppingen,,Andreas Knauf
local:andreas kullmann|PBC Waghäusel,,Andreas Kullmann
local:andreas kunellis|PBC Reutlingen,,Andreas Kunellis
local:andreas menzel|Tübinger BC,,Andreas Menzel
local:andreas müller|BC Sindelfingen,,Andreas Müller
local:andreas pauling|BC Stuttgart 1891,,Andreas Pauling
local:andreas petzold|Jump Shot Mingolsheim,,Andreas Petzold
local:andreas rago|BC Sindelfingen,,Andreas Rago
local:andreas reisinger|PBC Bietigheim-Bissingen,,Andreas Reisinger
local:andreas remete|PBV Rottweil,,Andreas Remete
local:andreas sattler|BC Neckarsulm,,Andreas Sattler
local:andreas sattler|PBC Pfedelbach,,Andreas Sattler
local:andreas schmid|PBC Nagoldtal,,Andreas Schmid
local:andreas schneider|BC Stuttgart 1891,,Andreas Schneider
local:andreas schoknecht|CC Karlsruhe,,Andreas Schoknecht
local:andreas schoknecht|PBC Bietigheim-Bissingen,,Andreas Schoknecht
local:andreas schroff|PBC Bruchsal,,Andreas Schroff
local:andreas stüber|BBV Mannheim,,Andreas Stüber
local:andreas wittmeier|BC Breakers Knittlingen,,Andreas Wittmeier
local:andreas wittmeier|BV Pforzheim,,Andreas Wittmeier
local:andreas witzigmann|PBC Langenargen,,Andreas Witzigmann
local:andreas wohlschlegel|PBC Bräunlingen,,Andreas Wohlschlegel
local:andreas wolf|PBC Freudenstadt,,Andreas Wolf
local:andrei deliman|BC Sindelfingen,,Andrei Deliman
local:andrei deliman|PP Böblingen,,Andrei Deliman
local:andrè hirn|BSV Pfullingen,,Andrè Hirn
local:andré hajdu|PBC Nagoldtal,,André Hajdu
local:andré-maurice breuil|BBV Mannheim,,André-Maurice Breuil
local:andy|Tübinger BC,,Andy
local:anita massow|PBC Reutlingen,,Anita Massow
local:anita massow|Tübinger BC,,Anita Massow
local:anja stiesch|PBC Bräunlingen,,Anja Stiesch
local:annette köster|PBC Langenargen,,Annette Köster
local:anthea schühle|BULL Leonberg-Höfingen,,Anthea Schühle
local:anton schubert|PBC Ochsenhausen,,Anton Schubert
local:anton skalistiras|PBC Waldbronn-Karlsbad,,Anton Skalistiras
local:anton skalistiras|PP Karlsbad,,Anton Skalistiras
local:antonio bello|BSV Filderstadt,,Antonio Bello
local:antonio de gois|BC Neckarsulm,,Antonio De Gois
local:arash dayyani|PF Calw,,Arash Dayyani
local:ardalan mirahmadi|BSV Filderstadt,,Ardalan Mirahmadi
local:aristidis michailidis|BA Nürtingen,,Aristidis Michailidis
local:aristidis michailidis|BSV Filderstadt,,Aristidis Michailidis
local:arman rasoli|PBC Bad Saulgau,,Arman Rasoli
local:armin epp|BSV Weinheim,,Armin  Epp
local:armin reidel|BF Weinheim-Viernheim,,Armin Reidel
local:armin stauss|PBC Freudenstadt,,Armin Stauß
local:armin wetzel|PBC Bad Saulgau,,Armin Wetzel
local:arnd bülow|BF Bruchsal,,Arnd Bülow
local:arndt siebert|BSV Weinheim,,Arndt Siebert
local:arno corigliano|PBC Pfedelbach,,Arno Corigliano
local:arno marotz|BSV Filderstadt,,Arno Marotz
local:artur kantz|BC Sindelfingen,,Artur Kantz
local:artur kantz|PP Böblingen,,Artur Kantz
local:aryan dayyani|PF Calw,,Aryan Dayyani
local:asghar ghashghaie|BSV Pfullingen,,Asghar Ghashghaie
local:athanassios psimenidis|BA Nürtingen,,Athanassios Psimenidis
local:athanassios psimenidis|BSV Filderstadt,,Athanassios Psimenidis
local:attila remete|PBV Rottweil,,Attila Remete
local:aurel casagrande|BC Feuersee Ludwigsburg,,Aurel Casagrande
local:axel eberle|PBDC Kämpfelbach,,Axel Eberle
local:axel förderer|Poolsharks Bruchsal,,Axel Förderer
local:axel klimmer|PBC Bräunlingen,,Axel Klimmer
local:axel sauter|BC Breakers Knittlingen,,Axel Sauter
local:axel schmucker|BSV Weinheim,,Axel Schmucker
local:axel schmucker|Mannheimer BF,,Axel Schmucker
local:azad mak|BV Backnang/Welzheim,,Azad Mak
local:bahram abbasi|BSV Pfullingen,,Bahram Abbasi
local:barbaros tokbas|PBC Schwäbisch Gmünd,,Barbaros Tokbas
local:barbaros tokbas|PBC Schwäbisch-Gmünd,,Barbaros Tokbas
local:bayram uguz|PP Böblingen,,Bayram  Uguz
local:benedikt laux|PBV Schwetzingen,,Benedikt Laux
local:benedikt mais|Bühler SBC,,Benedikt Mais
local:benedikt schramek|PBC Aalen,,Benedikt Schramek
local:benjamin andreas ropertz|BC Feuersee Ludwigsburg,,Benjamin Andreas Ropertz
local:benjamin busse|PBC Waldbronn-Karlsbad,,Benjamin Busse
local:benjamin busse|PP Karlsbad,,Benjamin Busse
local:benjamin eiberger|BC Breakers Knittlingen,,Benjamin Eiberger
local:benjamin eiberger|BV Pforzheim,,Benjamin Eiberger
local:benjamin heck|BSG Albstadt,,Benjamin Heck
local:benjamin kötz|BC Dallau,,Benjamin Kötz
local:benjamin pfau|BC Fellbach,,Benjamin Pfau
local:benjamin pran|BC Neckarsulm,,Benjamin Pran
local:benjamin roth|BF Bronnen,,Benjamin Roth
local:benni bever|Poolsharks Bruchsal,,Benni Bever
local:benno amann|BC Unterteuringen,,Benno Amann
local:bernd amend|PBC Fr. Lampertheim,,Bernd Amend
local:bernd bergwitz|BBV Mannheim,,Bernd Bergwitz
local:bernd dorenburg|BSV Pfullingen,,Bernd Dorenburg
local:bernd füess|BC Sindelfingen,,Bernd Füess
local:bernd füess|BULL Leonberg-Höfingen,,Bernd Füess
local:bernd gentner|BC Aalen,,Bernd Gentner
local:bernd hafner|PF Calw,,Bernd Hafner
local:bernd hauenstein|PBC Aalen,,Bernd Hauenstein
local:bernd messing|PBC Offenburg,,Bernd Messing
local:bernd schmidt|BSV Weinheim,,Bernd Schmidt
local:bernd schröder|PBC Bräunlingen,,Bernd Schröder
local:bernd streib|BSC Göppingen,,Bernd Streib
local:bernd woitanowski|PBC Waghäusel,,Bernd Woitanowski
local:bernhard block|BSC Mannheim,,Bernhard Block
local:bernhard flamm|PBC Fr. Lampertheim,,Bernhard Flamm
local:bernhard gneiting|BSV Nürtingen,,Bernhard Gneiting
local:bernhard gneiting|PBC Reutlingen,,Bernhard Gneiting
local:bernhard sutor|PBC Offenburg,,Bernhard Sutor
local:berthold gillich|BV Pforzheim,,Berthold Gillich
local:berthold moser|PBC Bräunlingen,,Berthold Moser
local:bertold rapp|PBC Ochsenhausen,,Bertold Rapp
local:bescheer muhammed|BSC Göppingen,,Bescheer Muhammed
local:besim tastekin|PBC Bietigheim-Bissingen,,Besim Tastekin
local:bianca duttlinger|BSV Tiengen,,Bianca Duttlinger
local:bianca heneka|PBC Bruchsal,,Bianca Heneka
local:birol caliskan|Fast Breakers Karlsruhe,,Birol Caliskan
local:birol caliskan|Fastbreakers Karlsruhe,,Birol Caliskan
local:birol caliskan|PP Karlsbad,,Birol Caliskan
local:björn bester|BSV Filderstadt,,Björn Bester
local:björn gabriel|BSC Mannheim,,Björn Gabriel
local:björn marschner|BSV Filderstadt,,Björn Marschner
local:björn spiegel|BC Feuersee Ludwigsburg,,Björn Spiegel
local:björn welte|PBC Bräunlingen,,Björn Welte
local:björn welte|PBV Rottweil,,Björn Welte
local:boris golic|PBC Ochsenhausen,,Boris Golic
local:branislav petkovic|PBC Reutlingen,,Branislav Petkovic
local:branko rackovic|BC Stuttgart,,Branko Rackovic
local:brian biercher|BSC Waldshut,,Brian Biercher
local:brian biercher|BSV Tiengen,,Brian Biercher
local:bruno miletic|BC Dreiländereck,,Bruno Miletic
local:bülent acar|PBC Bruchsal,,Bülent Acar
local:bülent güler|BBV Mannheim,,Bülent Güler
local:bülent gürkan|BBV Mannheim,,Bülent Gürkan
local:carlo hartmann|BSG Albstadt,,Carlo Hartmann
local:carlos weber|BV Pforzheim,,Carlos Weber
local:carmelo visconti|BF Weinheim-Viernheim,,Carmelo Visconti
local:carmen seifert|BSV Weinheim,,Carmen Seifert
local:carmen seifert|PBC Fr. Lampertheim,,Carmen Seifert
local:carsten fuchs|BC Sindelfingen,,Carsten Fuchs
local:carsten isele|P&S Denzlingen,,Carsten Isele
local:carsten kempf|BF Weinheim-Viernheim,,Carsten Kempf
local:carsten mellmann|BBV Mannheim,,Carsten Mellmann
local:catalin damian aufn.: 1; ø: 0.00|unassigned,,Catalin Damian Aufn.: 1; Ø: 0.00
local:cedric neugebauer|PBC Kirchheim/Teck,,Cedric Neugebauer
local:celal bulut|BV Markdorf,,Celal Bulut
local:celina visconti|BF Weinheim-Viernheim,,Celina Visconti
local:celina visconti|PBV Schwetzingen,,Celina Visconti
local:cem sarigül|BF Bruchsal,,Cem Sarigül
local:cerem karakaplan|BC Ludwigsburg,,Cerem Karakaplan
local:charalampos antonogiorgakis|BULL Leonberg-Höfingen,,Charalampos Antonogiorgakis
local:christian betting|BC Dreiländereck,,Christian Betting
local:christian casagrande|BC Feuersee Ludwigsburg,,Christian Casagrande
local:christian endres|BULL Leonberg-Höfingen,,Christian Endres
local:christian erl|PBC Offenburg,,Christian Erl
local:christian gnamm|BC Weingarten,,Christian Gnamm
local:christian gremmelspacher|PBC Sand,,Christian Gremmelspacher
local:christian götemann|CC Karlsruhe,,Christian Götemann
local:christian herzenberger|PBC Schwäbisch-Gmünd,,Christian Herzenberger
local:christian hofmann|PBC Nagoldtal,,Christian Hofmann
local:christian iliadis|PBC Schwäbisch Gmünd,,Christian Iliadis
local:christian joos|BC Dreiländereck,,Christian Joos
local:christian klein|Poolsharks Bruchsal,,Christian Klein
local:christian kraut|CC Karlsruhe,,Christian Kraut
local:christian kälbli|BF Bruchsal,,Christian Kälbli
local:christian lata|BSC Göppingen,,Christian Lata
local:christian lorenz|BSV Tiengen,,Christian Lorenz
local:christian orosz|BSV Pfullingen,,Christian Orosz
local:christian rossa|PF Calw,,Christian Rossa
local:christian schaber|BC Weingarten,,Christian Schaber
local:christian schmidt|BC Stuttgart,,Christian Schmidt
local:christian schuler|CC Karlsruhe,,Christian Schuler
local:christian skadlubowicz|BC Weingarten,,Christian Skadlubowicz
local:christian thome|Jump Shot Mingolsheim,,Christian Thome
local:christian utz|Jump Shot Mingolsheim,,Christian Utz
local:christian van dorstern|PBC Nagoldtal,,Christian van Dorstern
local:christian wolf|BSV Weinheim,,Christian Wolf
local:christian würthwein|BSV Weinheim,,Christian Würthwein
local:christian würthwein|Mannheimer BF,,Christian Würthwein
local:christina schneider|BC Ludwigsburg,,Christina Schneider
local:christine gharbi|BC Stuttgart 1891,,Christine Gharbi
local:christine lachenmann|BC Stuttgart 1891,,Christine Lachenmann
local:christoph devine|PBC Pfedelbach,,Christoph Devine
local:christoph günthner|PBC Waldbronn-Karlsbad,,Christoph Günthner
local:christoph jung|Tübinger BC,,Christoph Jung
local:christoph klotz|Tübinger BC,,Christoph Klotz
local:christoph kugel|BSV Weinheim,,Christoph Kugel
local:christoph stewering|PBC Bräunlingen,,Christoph Stewering
local:christoph tropschuh|BBC Plochingen,,Christoph Tropschuh
local:christopher diederichs|BSC Mannheim,,Christopher Diederichs
local:christopher hopp|BC Sindelfingen,,Christopher Hopp
local:christopher stevenson|BSV Weinheim,,Christopher Stevenson
local:claude bernard breuil|BBV Mannheim,,Claude Bernard Breuil
local:claudia möst|PBV Schwetzingen,,Claudia Möst
local:claudia müller|BSV Nürtingen,,Claudia Müller
local:claudio pontuti|BSV Filderstadt,,Claudio Pontuti
local:claudio pontuti|BULL Leonberg-Höfingen,,Claudio Pontuti
local:cong phan tran|BSV Pfullingen,,Cong Phan Tran
local:cornelius ryan|Tübinger BC,,Cornelius Ryan
local:cyrus naimi|BSV Pfullingen,,Cyrus Naimi
local:damir memeyagi|PBC Bad Saulgau,,Damir Memeyagi
local:damir pran|BC Neckarsulm,,Damir Pran
local:damir vidovic|PBC Bräunlingen,,Damir Vidovic
local:dandy kohlhaw|PBC Fr. Lampertheim,,Dandy Kohlhaw
local:daniel bissinger|PBC Offenburg,,Daniel Bissinger
local:daniel bonin|PBC Schwäbisch Hall,,Daniel Bonin
local:daniel fisch|Tübinger BC,,Daniel Fisch
local:daniel fischer|BC Ludwigsburg,,Daniel Fischer
local:daniel fischer|BC Neckarsulm,,Daniel Fischer
local:daniel göricke|Tübinger BC,,Daniel Göricke
local:daniel hannusch|BSV Filderstadt,,Daniel Hannusch
local:daniel hertl|BSV Pfullingen,,Daniel Hertl
local:daniel hörth|PBC Offenburg,,Daniel Hörth
local:daniel jarke|Jump Shot Mingolsheim,,Daniel Jarke
local:daniel jarke|PBC Bruchsal,,Daniel Jarke
local:daniel jimenez|PBC Offenburg,,Daniel Jimenez
local:daniel jovaisas|PBC Schwäbisch-Gmünd,,Daniel Jovaisas
local:daniel kalnak|BSV Pfullingen,,Daniel Kalnak
local:daniel kimmig|PBC Offenburg,,Daniel Kimmig
local:daniel klapper|PBC Nagoldtal,,Daniel Klapper
local:daniel klapper|PP Böblingen,,Daniel Klapper
local:daniel kucharz|PBC Aalen,,Daniel Kucharz
local:daniel la cognata|PBC Freudenstadt,,Daniel La Cognata
local:daniel lehmann|PBC Bräunlingen,,Daniel Lehmann
local:daniel merbitz|BC Stuttgart,,Daniel Merbitz
local:daniel merbitz aufn.: 6; ø: 0.00|unassigned,,Daniel Merbitz Aufn.: 6; Ø: 0.00
local:daniel montfort|P&S Denzlingen,,Daniel Montfort
local:daniel naumann|BSC St. Georgen,,Daniel Naumann
local:daniel nieter|TV Cannstatt,,Daniel Nieter
local:daniel penz|BC Dreiländereck,,Daniel Penz
local:daniel sanchez goncalves|PBC Schwäbisch Gmünd,,Daniel Sanchez Goncalves
local:daniel sanchez goncalves|PBC Schwäbisch-Gmünd,,Daniel Sanchez Goncalves
local:daniel schmid|BSV Filderstadt,,Daniel Schmid
local:daniel schwarz|BC Neckarsulm,,Daniel Schwarz
local:daniel stohler|BC Dreiländereck,,Daniel Stohler
local:daniel stohler|BSV Tiengen,,Daniel Stohler
local:daniel vidackovic|PBC Offenburg,,Daniel Vidackovic
local:daniel zmalec|PBC Bietigheim-Bissingen,,Daniel Zmalec
local:daniela benz|BSV Weinheim,,Daniela Benz
local:daniela majer|BSC Göppingen,,Daniela Majer
local:danny engelhardt|PBC Pfedelbach,,Danny Engelhardt
local:danny golling|PBC Freudenstadt,,Danny Golling
local:dany baron|PP Böblingen,,Dany Baron
local:dany baron|TV Cannstatt,,Dany Baron
local:darko sattler|PBC Nagoldtal,,Darko Sattler
local:david berkemeyer|BC Feuersee,,David Berkemeyer
local:david berkemeyer|BC Feuersee Ludwigsburg,,David Berkemeyer
local:david galwas|PBC Freudenstadt,,David Galwas
local:david geimer|BC Dallau,,David Geimer
local:david hermann|BSC Göppingen,,David Hermann
local:david kugler|BSV Filderstadt,,David Kugler
local:david party|PBC Offenburg,,David Party
local:denis avila garcia|BC Neckarsulm,,Denis Avila Garcia
local:denis burmazovic|PBC Pfedelbach,,Denis Burmazovic
local:denis dimster|BSV Pfullingen,,Denis Dimster
local:denis kälbli|BF Bruchsal,,Denis Kälbli
local:denis maric|BC Sindelfingen,,Denis Maric
local:denis mnich|BC Sindelfingen,,Denis Mnich
local:dennie kremer|Poolsharks Bruchsal,,Dennie Kremer
local:dennis göricke|Tübinger BC,,Dennis Göricke
local:dennis laszkowski|BBV Mannheim,,Dennis Laszkowski
local:dennis rothaug|BV Villingen-Schwenningen,,Dennis Rothaug
local:dennis wörthmüller|PBV Schwetzingen,,Dennis Wörthmüller
local:denys kovrishkin|Poolsharks Bruchsal,,Denys Kovrishkin
local:desiree humblot|BSC Göppingen,,Desiree Humblot
local:detlef müller|PBDC Kämpfelbach,,Detlef Müller
local:detlef ratz|PBDC Kämpfelbach,,Detlef Ratz
local:diana schäfauer|BC Neckarsulm,,Diana Schäfauer
local:dieter braun|BC Feuersee Ludwigsburg,,Dieter Braun
local:dieter haberkorn|PBC Bad Saulgau,,Dieter Haberkorn
local:dieter habiger|BV Pforzheim,,Dieter Habiger
local:dieter nass|PBC Ochsenhausen,,Dieter Naß
local:dieter neumann|BSV Weinheim,,Dieter Neumann
local:dieter ruck|BSF Kurpfalz,,Dieter Ruck
local:dieter wolk|BF Weinheim-Viernheim,,Dieter Wolk
local:dietmar horst|CC Karlsruhe,,Dietmar Horst
local:dietmar karoli|Tübinger BC,,Dietmar Karoli
local:dietmar lauer|PBC Bietigheim-Bissingen,,Dietmar Lauer
local:dietmar lübke|BSV Filderstadt,,Dietmar Lübke
local:dietmar lübke|BSV Nürtingen,,Dietmar Lübke
local:dingyuan (michael) wan|PBV Rottweil,,Dingyuan (Michael) Wan
local:dirk bauer|BSV Weinheim,,Dirk Bauer
local:dirk kalinowsky|BSF Kurpfalz,,Dirk Kalinowsky
local:dirk müller|PBC Waldbronn-Karlsbad,,Dirk Müller
local:dirk müller|PP Karlsbad,,Dirk Müller
local:dirk odenwälder|Jump Shot Mingolsheim,,Dirk Odenwälder
local:dirk schäfauer|BC Neckarsulm,,Dirk Schäfauer
local:dirk schäfer|BSV Weinheim,,Dirk Schäfer
local:dirk sensis|PBC Bad Saulgau,,Dirk Sensis
local:dirk straka|BC Ludwigsburg,,Dirk Straka
local:dirk windecker|BBV Mannheim,,Dirk Windecker
local:dixi|Tübinger BC,,Dixi
local:dominic pfisterer|PBV Schwetzingen,,Dominic Pfisterer
local:dominic seeger|BC Feuersee Ludwigsburg,,Dominic Seeger
local:dominick madden|BSC Mannheim,,Dominick  Madden
local:dominik|Tübinger BC,,Dominik
local:dominik diemer|Poolsharks Bruchsal,,Dominik Diemer
local:dominik fessner|Poolsharks Bruchsal,,Dominik Fessner
local:dominik kant|Tübinger BC,,Dominik Kant
local:dominik kasper|Fast Breakers Karlsruhe,,Dominik Kasper
local:dominik kasper|Fastbreakers Karlsruhe,,Dominik Kasper
local:dominik krenzer|BULL Leonberg-Höfingen,,Dominik Krenzer
local:dominik leibold|CC Karlsruhe,,Dominik Leibold
local:dominik netzhammer|BSV Tiengen,,Dominik Netzhammer
local:dominik schilling|PBV Schwetzingen,,Dominik Schilling
local:dominika|Tübinger BC,,Dominika
local:donald oreskovic|PBC Bad Saulgau,,Donald Oreskovic
local:dorothee hammerschmidt|BBV Mannheim,,Dorothee Hammerschmidt
local:dr. björn brenner|PBC Bad Saulgau,,Dr. Björn Brenner
local:dragan vasiljevic|PF Calw,,Dragan Vasiljevic
local:draoui el mokhtar|BV Pforzheim,,Draoui El Mokhtar
local:drazen smolcic|PBC Sand,,Drazen Smolcic
local:driton sahiti|PP Böblingen,,Driton Sahiti
local:dudan duong|BC Stuttgart 1891,,Dudan Duong
local:eberhard sauter|PBC Freudenstadt,,Eberhard Sauter
local:eckart grabe|BSV Filderstadt,,Eckart Grabe
local:eduard hartter|Fastbreakers Karlsruhe,,Eduard Hartter
local:efendi cekerek|BBV Mannheim,,Efendi Cekerek
local:egon raach|BSG Albstadt,,Egon Raach
local:eicke täufert|BSV Filderstadt,,Eicke Täufert
local:elke thomas|BSC Mannheim,,Elke Thomas
local:emrah atak|BC Neckarsulm,,Emrah Atak
local:emre gürbüz|PBC Bräunlingen,,Emre Gürbüz
local:ender aggül|PBC Schwäbisch-Gmünd,,Ender  Aggül
local:engin dogan|BC Neckarsulm,,Engin Dogan
local:erdal akinci|PBC Bad Saulgau,,Erdal Akinci
local:eric mattern|PBV Schwetzingen,,Eric Mattern
local:eric mattern|Poolsharks Bruchsal,,Eric Mattern
local:eric sorg|PBC Aalen,,Eric Sorg
local:erich wohllaib|BF Bronnen,,Erich Wohllaib
local:erkan karakaplan|BC Ludwigsburg,,Erkan Karakaplan
local:ernst barran|PBC Schwäbisch Gmünd,,Ernst Barran
local:ernst barran|PBC Schwäbisch-Gmünd,,Ernst Barran
local:eugen spähn|PBC Ochsenhausen,,Eugen Spähn
local:eugenio sousa blanco|BSV Weinheim,,Eugenio Sousa Blanco
local:evelin thoma-schuck|BC Weingarten,,Evelin Thoma-Schuck
local:evi siddi|CC Karlsruhe,,Evi Siddi
local:ewald hwan krzic|BC Feuersee,,Ewald Hwan Krzic
local:fabian danner|BSV Nürtingen,,Fabian Danner
local:fabian danner|PBC Reutlingen,,Fabian Danner
local:fabian geiger|PBV Schwetzingen,,Fabian Geiger
local:fabian glaser|PBC Trossingen,,Fabian Glaser
local:fabian gollerthan|BC Neckarsulm,,Fabian Gollerthan
local:fabian metz|CC Karlsruhe,,Fabian Metz
local:fabian müller|BV Markdorf,,Fabian Müller
local:fabian neglein|BC Weingarten,,Fabian Neglein
local:fabian neglein|PBC Bad Saulgau,,Fabian Neglein
local:fabian rapp|BSV Pfullingen,,Fabian Rapp
local:fabian snijder|BSV Weinheim,,Fabian Snijder
local:fabian snijder|Mannheimer BF,,Fabian Snijder
local:fabian thoma-schuck|BC Weingarten,,Fabian Thoma-Schuck
local:fabienne weiss|SBSC Denkendorf,,Fabienne Weiß
local:fabio romano|BULL Leonberg-Höfingen,,Fabio Romano
local:fabio sciuto|Fastbreakers Karlsruhe,,Fabio Sciuto
local:faton dzini|BULL Leonberg-Höfingen,,Faton Dzini
local:felix fabry|BSV Nürtingen,,Felix Fabry
local:felix fabry|PBC Reutlingen,,Felix Fabry
local:felix häntschel|PF Calw,,Felix Häntschel
local:felix kern|PBC Waghäusel,,Felix Kern
local:felix kärcher|Poolsharks Bruchsal,,Felix Kärcher
local:ferhat cayli|BC Neckarsulm,,Ferhat Cayli
local:fevzi kirkgöze|BC Ludwigsburg,,Fevzi Kirkgöze
local:fikret salic|BBV Mannheim,,Fikret Salic
local:fikret tasdemir|P&S Denzlingen,,Fikret Tasdemir
local:fiorenzo de nuzzo|BV Pforzheim,,Fiorenzo De Nuzzo
local:flamur zeqiraj|PBC Pfedelbach,,Flamur Zeqiraj
local:florian buchwald|BF Bruchsal,,Florian Buchwald
local:florian bühler|Tübinger BC,,Florian Bühler
local:florian feil|BSC Göppingen,,Florian Feil
local:florian fellhauer|PBC Waghäusel,,Florian Fellhauer
local:florian hayn|BV Villingen-Schwenningen,,Florian Hayn
local:florian kurzmann|PF Calw,,Florian Kurzmann
local:florian martin|PBC Bräunlingen,,Florian Martin
local:florian martin luz|BSV Pfullingen,,Florian Martin Luz
local:florian menzel|PBV Schwetzingen,,Florian Menzel
local:florian rericha|BV Pforzheim,,Florian Rericha
local:florian schwägler|PBC Freudenstadt,,Florian Schwägler
local:florian staud|PBC Nagoldtal,,Florian Staud
local:florian stier|PBC Bad Saulgau,,Florian Stier
local:florian stojanoski|PBV Schwetzingen,,Florian Stojanoski
local:florian stojanoski aufn.: 20; ø: 0.20|unassigned,,Florian Stojanoski Aufn.: 20; Ø: 0.20
local:florian stubert|BSV Filderstadt,,Florian Stubert
local:florian ungerer|PBC Pfedelbach,,Florian Ungerer
local:florian walther|PBC Bruchsal,,Florian Walther
local:francesco miccoli|BC Ludwigsburg,,Francesco Miccoli
local:francisco gatsby|BV Villingen-Schwenningen,,Francisco Gatsby
local:francisco loresto|BBV Mannheim,,Francisco Loresto
local:francisco perez camacho|BSV Weinheim,,Francisco Perez Camacho
local:franco miccoli|BC Ludwigsburg,,Franco Miccoli
local:franco stano|PBC Waldbronn-Karlsbad,,Franco Stano
local:franco stano|PP Karlsbad,,Franco Stano
local:franjo antunovic|BBC Plochingen,,Franjo Antunovic
local:franjo antunovic|SBSC Denkendorf,,Franjo Antunovic
local:frank|Tübinger BC,,Frank
local:frank blaser|PBC Waghäusel,,Frank Blaser
local:frank diedrich aufn.: 1; ø: 0.00|unassigned,,Frank Diedrich Aufn.: 1; Ø: 0.00
local:frank eisele|BSV Filderstadt,,Frank Eisele
local:frank eisele|PBC Reutlingen,,Frank Eisele
local:frank etter|BC Breakers Knittlingen,,Frank Etter
local:frank flach|PBC Ochsenhausen,,Frank Flach
local:frank gebert|BSV Filderstadt,,Frank Gebert
local:frank holly|BSF Kurpfalz,,Frank Holly
local:frank nitsche|CC Karlsruhe,,Frank Nitsche
local:frank nitsche|Fastbreakers Karlsruhe,,Frank Nitsche
local:frank reichert|PBC Freudenstadt,,Frank Reichert
local:frank rätz|PBC Waghäusel,,Frank Rätz
local:frank schwenk|BSC Göppingen,,Frank Schwenk
local:frank stöckel|Poolsharks Bruchsal,,Frank Stöckel
local:frank störzer|PBC Freudenstadt,,Frank Störzer
local:frank tatarkowski|PBC Offenburg,,Frank Tatarkowski
local:frank vorauer|BBC Plochingen,,Frank Vorauer
local:frank vorauer|PBC Nagoldtal,,Frank Vorauer
local:frank vorauer|SBSC Denkendorf,,Frank Vorauer
local:frank wagenmann|PBC Offenburg,,Frank Wagenmann
local:frank wagenmann|PBC Sand,,Frank Wagenmann
local:frank weiss|BBC Plochingen,,Frank Weiß
local:frank weiss|SBSC Denkendorf,,Frank Weiß
local:frank-bernd wieczorek|BC Dallau,,Frank-Bernd Wieczorek
local:franz frauenhoffer|PBC Bad Saulgau,,Franz Frauenhoffer
local:franz hof|BULL Leonberg-Höfingen,,Franz Hof
local:franz meschenmoser|PBC Bad Saulgau,,Franz Meschenmoser
local:frederic dachs|BSV Filderstadt,,Frederic Dachs
local:frederick guntermann|Jump Shot Mingolsheim,,Frederick Guntermann
local:frederik binder|BSV Filderstadt,,Frederik Binder
local:freilos|BA Nürtingen,,Freilos
local:freilos|BBC Plochingen,,Freilos
local:freilos|BBV Mannheim,,Freilos
local:freilos|BC Aalen,,Freilos
local:freilos|BC Breakers Knittlingen,,Freilos
local:freilos|BC Crailsheim,,Freilos
local:freilos|BC Dallau,,Freilos
local:freilos|BC Dreiländereck,,Freilos
local:freilos|BC Fellbach,,Freilos
local:freilos|BC Feuersee,,Freilos
local:freilos|BC Feuersee Leonberg,,Freilos
local:freilos|BC Feuersee Ludwigsburg,,Freilos
local:freilos|BC Ludwigsburg,,Freilos
local:freilos|BC Neckarsulm,,Freilos
local:freilos|BC Sindelfingen,,Freilos
local:freilos|BC Stuttgart 1891,,Freilos
local:freilos|BC Weingarten,,Freilos
local:freilos|BF Bronnen,,Freilos
local:freilos|BF Bruchsal,,Freilos
local:freilos|BF Weinheim-Viernheim,,Freilos
local:freilos|BSC Göppingen,,Freilos
local:freilos|BSC Mannheim,,Freilos
local:freilos|BSC St. Georgen,,Freilos
local:freilos|BSC Waldshut,,Freilos
local:freilos|BSF Kurpfalz,,Freilos
local:freilos|BSG Albstadt,,Freilos
local:freilos|BSV Filderstadt,,Freilos
local:freilos|BSV Konstanz,,Freilos
local:freilos|BSV Nürtingen,,Freilos
local:freilos|BSV Pfullingen,,Freilos
local:freilos|BSV Tiengen,,Freilos
local:freilos|BSV Weinheim,,Freilos
local:freilos|BULL Leonberg-Höfingen,,Freilos
local:freilos|BV Backnang/Welzheim,,Freilos
local:freilos|BV Markdorf,,Freilos
local:freilos|BV Pforzheim,,Freilos
local:freilos|BV Villingen-Schwenningen,,Freilos
local:freilos|Bühler SBC,,Freilos
local:freilos|CC Karlsruhe,,Freilos
local:freilos|FB Handicap Karlsruhe,,Freilos
local:freilos|Fast Breakers Karlsruhe,,Freilos
local:freilos|Fastbreakers Karlsruhe,,Freilos
local:freilos|Heidenheimer BC,,Freilos
local:freilos|Jump Shot Mingolsheim,,Freilos
local:freilos|P&S Denzlingen,,Freilos
local:freilos|PBC Aalen,,Freilos
local:freilos|PBC Backnang,,Freilos
local:freilos|PBC Bad Saulgau,,Freilos
local:freilos|PBC Bietigheim-Bissingen,,Freilos
local:freilos|PBC Bruchsal,,Freilos
local:freilos|PBC Bräunlingen,,Freilos
local:freilos|PBC Fr. Lampertheim,,Freilos
local:freilos|PBC Freudenstadt,,Freilos
local:freilos|PBC Langenargen,,Freilos
local:freilos|PBC Nagoldtal,,Freilos
local:freilos|PBC Ochsenhausen,,Freilos
local:freilos|PBC Offenburg,,Freilos
local:freilos|PBC Pfedelbach,,Freilos
local:freilos|PBC Rastatt,,Freilos
local:freilos|PBC Reutlingen,,Freilos
local:freilos|PBC Sand,,Freilos
local:freilos|PBC Schwäbisch Gmünd,,Freilos
local:freilos|PBC Schwäbisch Hall,,Freilos
local:freilos|PBC Schwäbisch-Gmünd,,Freilos
local:freilos|PBC Schwäbisch-Hall,,Freilos
local:freilos|PBC Trossingen,,Freilos
local:freilos|PBC Waghäusel,,Freilos
local:freilos|PBC Waldbronn-Karlsbad,,Freilos
local:freilos|PBDC Kämpfelbach,,Freilos
local:freilos|PBSC Pforzheim,,Freilos
local:freilos|PBSV Südbaden,,Freilos
local:freilos|PBV Rottweil,,Freilos
local:freilos|PBV Schwetzingen,,Freilos
local:freilos|PF Calw,,Freilos
local:freilos|PP Böblingen,,Freilos
local:freilos|PP Karlsbad,,Freilos
local:freilos|Poolsharks Bruchsal,,Freilos
local:freilos|SBSC Denkendorf,,Freilos
local:freilos|TV Cannstatt,,Freilos
local:freilos|Tübinger BC,,Freilos
local:freilos|unassigned,,Freilos
local:friedrich kamuf|BF Bruchsal,,Friedrich Kamuf
local:gabriel correia|PBC Offenburg,,Gabriel Correia
local:gaetano profeta|BC Neckarsulm,,Gaetano Profeta
local:garry wong|PBC Schwäbisch Gmünd,,Garry Wong
local:garry wong|PBC Schwäbisch-Gmünd,,Garry Wong
local:georg vujovic|PBC Trossingen,,Georg Vujovic
local:george reinhart|PBC Kirchheim/Teck,,George Reinhart
local:georgios lykakis|Heidenheimer BC,,Georgios Lykakis
local:georgios skempes|PBC Reutlingen,,Georgios Skempes
local:gerald giessler|PBC Offenburg,,Gerald Gießler
local:gerald greene|BC Neckarsulm,,Gerald Greene
local:gerald greene|PBC Pfedelbach,,Gerald Greene
local:gerald kny|BV Pforzheim,,Gerald Kny
local:gerald rastetter|Fastbreakers Karlsruhe,,Gerald Rastetter
local:gerald ströbele|PBC Langenargen,,Gerald Ströbele
local:gerd hörrmann|PBC Waldbronn-Karlsbad,,Gerd Hörrmann
local:gerd hörrmann|PP Karlsbad,,Gerd Hörrmann
local:gerhard ehrenfried|BSV Weinheim,,Gerhard Ehrenfried
local:gerhard gryschka|BV Pforzheim,,Gerhard Gryschka
local:gerhard koch|TV Cannstatt,,Gerhard Koch
local:gero fähnle|BSV Filderstadt,,Gero Fähnle
local:gero fähnle|BSV Nürtingen,,Gero Fähnle
local:gerold birmili|BC Sindelfingen,,Gerold Birmili
local:gerold konnerth|BSC Göppingen,,Gerold Konnerth
local:gerrit heinecke|BV Backnang/Welzheim,,Gerrit Heinecke
local:giridhar chalamcharla|CC Karlsruhe,,Giridhar Chalamcharla
local:giuseppe curcio|BSV Filderstadt,,Giuseppe Curcio
local:giuseppe curcio|TV Cannstatt,,Giuseppe Curcio
local:giuseppe dellaquercia|PBC Bietigheim-Bissingen,,Giuseppe Dellaquercia
local:giuseppe mirarchi-molinari|PBC Schwäbisch Hall,,Giuseppe Mirarchi-Molinari
local:giuseppe mirarchi-molinari|PBC Schwäbisch-Hall,,Giuseppe Mirarchi-Molinari
local:glen corcoran|PBC Ochsenhausen,,Glen Corcoran
local:goncalo vieira manies|PF Calw,,Goncalo Vieira Manies
local:goran antunovic|Tübinger BC,,Goran Antunovic
local:goran schwab|BSV Filderstadt,,Goran Schwab
local:gordon fenske|PBDC Kämpfelbach,,Gordon Fenske
local:gottlob mrugala|CC Karlsruhe,,Gottlob Mrugala
local:grigorios pavlidis|PBC Schwäbisch Gmünd,,Grigorios Pavlidis
local:guido burkhardt|PBC Offenburg,,Guido Burkhardt
local:guido kilian|BSV Weinheim,,Guido Kilian
local:guido ulmer|BSV Pfullingen,,Guido Ulmer
local:günther bastian|PBC Langenargen,,Günther Bastian
local:günther deckenbach|SBSC Denkendorf,,Günther Deckenbach
local:günther götz|BSC St. Georgen,,Günther Götz
local:habib karadal|BV Pforzheim,,Habib Karadal
local:haidar abbass hadi|PBC Schwäbisch-Gmünd,,Haidar  Abbass Hadi
local:hajredin idrizi|PBC Pfedelbach,,Hajredin Idrizi
local:hakan toprak|PBC Reutlingen,,Hakan Toprak
local:hakan yaratici|PBC Bräunlingen,,Hakan Yaratici
local:hakan öz|PBC Ochsenhausen,,Hakan Öz
local:halil seker|BA Nürtingen,,Halil Seker
local:hannes simon|Heidenheimer BC,,Hannes Simon
local:hanno bernauer|BC Dreiländereck,,Hanno  Bernauer
local:hanno bröcker|PBV Rottweil,,Hanno Bröcker
local:hans altenhofen|BSC Göppingen,,Hans Altenhofen
local:hans heuschmid|BF Bronnen,,Hans Heuschmid
local:hans rothas|PBC Rastatt,,Hans Rothas
local:hans schnellbach|BBV Mannheim,,Hans Schnellbach
local:hans walter|PBSV Südbaden,,Hans Walter
local:hans welter|Heidenheimer BC,,Hans Welter
local:hans-henning schmid|BC Weingarten,,Hans-Henning Schmid
local:hans-jürgen bailer|PBC Bietigheim-Bissingen,,Hans-Jürgen Bailer
local:hans-peter benzinger|BC Ludwigsburg,,Hans-Peter Benzinger
local:hans-peter benzinger|FB Handicap Karlsruhe,,Hans-Peter Benzinger
local:hans-peter huy|BC Dallau,,Hans-Peter Huy
local:hansjörg doll|PBC Rastatt,,Hansjörg Doll
local:harald fleck|PBC Bruchsal,,Harald Fleck
local:harald leder|CC Karlsruhe,,Harald Leder
local:harald preuss|PBC Bad Saulgau,,Harald Preuß
local:harald schmidt|BC Ludwigsburg,,Harald Schmidt
local:harald schwarz|BC Weingarten,,Harald Schwarz
local:harald thomas|PBC Fr. Lampertheim,,Harald Thomas
local:harald wagner|BC Crailsheim,,Harald Wagner
local:harald weiteder|BSV Nürtingen,,Harald Weiteder
local:hardi engel|BV Markdorf,,Hardi Engel
local:harry kowalczyk|CC Karlsruhe,,Harry Kowalczyk
local:harry luxenhofer|BULL Leonberg-Höfingen,,Harry Luxenhofer
local:hartmut jäggle|PBC Bad Saulgau,,Hartmut Jäggle
local:hartmut wegner|BSV Weinheim,,Hartmut Wegner
local:harun ahmadi|PBC Waldbronn-Karlsbad,,Harun Ahmadi
local:harun ahmadi|PP Karlsbad,,Harun Ahmadi
local:hasan orman|PBC Trossingen,,Hasan Orman
local:hasan yildirim|PBC Ochsenhausen,,Hasan Yildirim
local:hassan najjar|PBC Waghäusel,,Hassan Najjar
local:hayrettin bozkurt|PP Böblingen,,Hayrettin Bozkurt
local:heike salch|PBV Schwetzingen,,Heike Salch
local:heiko difflipp|PBC Schwäbisch Hall,,Heiko Difflipp
local:heiko difflipp|PBC Schwäbisch-Hall,,Heiko Difflipp
local:heiko hoffmann|BSF Kurpfalz,,Heiko Hoffmann
local:heiko kadel|BSV Weinheim,,Heiko Kadel
local:heiko rawiel|PBV Schwetzingen,,Heiko Rawiel
local:heiko thomas|BC Feuersee Ludwigsburg,,Heiko Thomas
local:heinz gold|BSF Kurpfalz,,Heinz Gold
local:heinz obergfell|PBC Trossingen,,Heinz Obergfell
local:heinz-günter schliffer|BSV Filderstadt,,Heinz-Günter  Schliffer
local:helmut motsch|PF Calw,,Helmut Motsch
local:helmuth schwager|PBC Bräunlingen,,Helmuth Schwager
local:hendrik reckers|PBC Waghäusel,,Hendrik Reckers
local:hendrik snijder|BSV Weinheim,,Hendrik Snijder
local:hendrik snijder|Mannheimer BF,,Hendrik Snijder
local:henning wilkner|BBV Mannheim,,Henning Wilkner
local:henrique barbosa|BSV Pfullingen,,Henrique Barbosa
local:herbert kieninger|BSC St. Georgen,,Herbert Kieninger
local:hermann hoyh|BSV Filderstadt,,Hermann Hoyh
local:hermann krieger|CC Karlsruhe,,Hermann Krieger
local:hermann möst|BBV Mannheim,,Hermann Möst
local:hermann möst|PBV Schwetzingen,,Hermann Möst
local:hikmet yüksel|BC Dreiländereck,,Hikmet Yüksel
local:hikmet yüksel|PBSV Südbaden,,Hikmet Yüksel
local:holger maier|BC Stuttgart 1891,,Holger Maier
local:holger mayer|BF Bronnen,,Holger Mayer
local:holger schmalz|PBSV Südbaden,,Holger Schmalz
local:holger vier|PBC Bruchsal,,Holger Vier
local:holger vier|PBC Fr. Lampertheim,,Holger Vier
local:homayoun nikzat|BSV Konstanz,,Homayoun Nikzat
local:horst adelmann|BSV Weinheim,,Horst Adelmann
local:horst bendig|P&S Denzlingen,,Horst Bendig
local:horst hardtke|BC Aalen,,Horst Hardtke
local:horst weber|PBC Bad Saulgau,,Horst Weber
local:hubert keller|PF Calw,,Hubert Keller
local:hubert kratschmann|PBC Kirchheim/Teck,,Hubert Kratschmann
local:hussein|Tübinger BC,,Hussein
local:hüsamettin tunbek|BBV Mannheim,,Hüsamettin Tunbek
local:ibrahim uzun|BA Nürtingen,,Ibrahim Uzun
local:ibrahim uzun|Heidenheimer BC,,Ibrahim Uzun
local:igor koba|PP Böblingen,,Igor Koba
local:ingo fehr|BC Unterteuringen,,Ingo Fehr
local:ingo laule|PBC Trossingen,,Ingo Laule
local:ingo mann|BC Sindelfingen,,Ingo Mann
local:ingo nassall|PBC Waldbronn-Karlsbad,,Ingo Nassall
local:ingo nassall|PP Karlsbad,,Ingo Nassall
local:irina killian|BBV Mannheim,,Irina Killian
local:ismet mehmeti|PBC Bietigheim-Bissingen,,Ismet Mehmeti
local:ivan franz|CC Karlsruhe,,Ivan Franz
local:ivan galic|BSV Filderstadt,,Ivan Galic
local:ivan galic|BSV Nürtingen,,Ivan Galic
local:ivan hodzic|PP Böblingen,,Ivan Hodzic
local:ivan mikulic|PBC Waghäusel,,Ivan Mikulic
local:jaber judeh|BSV Konstanz,,Jaber Judeh
local:jacco van de streek|P&S Denzlingen,,Jacco van de Streek
local:james atkinson|BC Sindelfingen,,James Atkinson
local:jan bitsch-bras|BSV Weinheim,,Jan Bitsch-Bras
local:jan stauber|BSV Pfullingen,,Jan Stauber
local:jan wagner|BV Villingen-Schwenningen,,Jan Wagner
local:jan weber|BSG Albstadt,,Jan Weber
local:jan weber|BSV Filderstadt,,Jan Weber
local:jan weber|PBC Bad Saulgau,,Jan Weber
local:janina benzinger|BC Ludwigsburg,,Janina Benzinger
local:janosch kersten|PBV Schwetzingen,,Janosch Kersten
local:jaqueline roll|BSV Tiengen,,Jaqueline Roll
local:jennifer ring|BSC Göppingen,,Jennifer Ring
local:jennifer zehentner|BV Pforzheim,,Jennifer Zehentner
local:jens schnaidt|PP Böblingen,,Jens  Schnaidt
local:jens butenschön|PBC Langenargen,,Jens Butenschön
local:jens heim aufn.: 26; ø: 0.31|unassigned,,Jens Heim Aufn.: 26; Ø: 0.31
local:jens krknjak|PBC Nagoldtal,,Jens Krknjak
local:jens matzel|BSV Weinheim,,Jens Matzel
local:jens michel|CC Karlsruhe,,Jens Michel
local:jens pfaff|Fastbreakers Karlsruhe,,Jens Pfaff
local:jens stintz|BSV Filderstadt,,Jens Stintz
local:jens stintz|BSV Nürtingen,,Jens Stintz
local:jens todt|PBC Bietigheim-Bissingen,,Jens Todt
local:jeremy nauert|CC Karlsruhe,,Jeremy Nauert
local:joachim bruggesser|PBC Bad Saulgau,,Joachim Bruggesser
local:joachim höllwarth|CC Karlsruhe,,Joachim Höllwarth
local:joachim lechenbauer|BC Stuttgart 1891,,Joachim Lechenbauer
local:joachim luft|PBC Bietigheim-Bissingen,,Joachim Luft
local:joachim restner|PBC Bad Saulgau,,Joachim Restner
local:joannis fountoukas|PBC Bruchsal,,Joannis Fountoukas
local:joao rodrigues|BSV Pfullingen,,Joao Rodrigues
local:jochen eberhard|PBC Fr. Lampertheim,,Jochen  Eberhard
local:jochen fiedler|BSC Mannheim,,Jochen Fiedler
local:jochen föhner|BF Bruchsal,,Jochen Föhner
local:jochen köhler|BSV Weinheim,,Jochen Köhler
local:jochen köhler|PBC Fr. Lampertheim,,Jochen Köhler
local:jochen sannwald|BC Stuttgart 1891,,Jochen Sannwald
local:jochen woywodt|PBC Nagoldtal,,Jochen Woywodt
local:joel nothstein|BV Villingen-Schwenningen,,Joel Nothstein
local:johann keppler|BC Dallau,,Johann Keppler
local:johannes lange|Tübinger BC,,Johannes Lange
local:jonas bohrer|PBC Fr. Lampertheim,,Jonas  Bohrer
local:jonas entenmann|Tübinger BC,,Jonas Entenmann
local:jonas kerker|PBC Nagoldtal,,Jonas Kerker
local:jonathan nestler|PBC Freudenstadt,,Jonathan Nestler
local:jonathan zimmermann|PF Calw,,Jonathan Zimmermann
local:jonny stojanovic|BC Stuttgart 1891,,Jonny Stojanovic
local:josef wermes|Poolsharks Bruchsal,,Josef Wermes
local:joshua armbruster|PBC Freudenstadt,,Joshua Armbruster
local:juan condello|BC Stuttgart,,Juan Condello
local:julian koten|BSV Filderstadt,,Julian Koten
local:julian tremmel|BSV Konstanz,,Julian Tremmel
local:justus quitsch|PBC Bruchsal,,Justus Quitsch
local:jutta klaussner|CC Karlsruhe,,Jutta Klaussner
local:jutta ute kreimes|BF Bruchsal,,Jutta Ute Kreimes
local:jörg brenner|BC Breakers Knittlingen,,Jörg Brenner
local:jörg hechler|BSG Albstadt,,Jörg Hechler
local:jörg heinze|PBC Bruchsal,,Jörg Heinze
local:jörg hennze|BSV Weinheim,,Jörg Hennze
local:jörg laupitz|PBC Nagoldtal,,Jörg Laupitz
local:jörg lingl|PBC Ochsenhausen,,Jörg Lingl
local:jörg mader|BSV Nürtingen,,Jörg Mader
local:jörg schabirosky|BSV Filderstadt,,Jörg Schabirosky
local:jörg schwager|BSC Göppingen,,Jörg Schwager
local:jürgen baumgärtner|BC Aalen,,Jürgen Baumgärtner
local:jürgen bressel|BC Sindelfingen,,Jürgen Bressel
local:jürgen brunner|PBC Pfedelbach,,Jürgen Brunner
local:jürgen frank|BF Bruchsal,,Jürgen Frank
local:jürgen grimm|PF Calw,,Jürgen Grimm
local:jürgen hartmann|PBC Pfedelbach,,Jürgen Hartmann
local:jürgen hodrius|Tübinger BC,,Jürgen Hodrius
local:jürgen häfner|BSV Filderstadt,,Jürgen Häfner
local:jürgen klatt|BC Feuersee Ludwigsburg,,Jürgen Klatt
local:jürgen lummer|PBC Schwäbisch-Hall,,Jürgen Lummer
local:jürgen müller|Jump Shot Mingolsheim,,Jürgen Müller
local:jürgen reisner|BC Aalen,,Jürgen Reisner
local:jürgen schroff|Jump Shot Mingolsheim,,Jürgen Schroff
local:jürgen schroff|PBC Bruchsal,,Jürgen Schroff
local:jürgen steimer|BBC Plochingen,,Jürgen Steimer
local:jürgen steimer|SBSC Denkendorf,,Jürgen Steimer
local:jürgen wilke|BSC Göppingen,,Jürgen Wilke
local:jürgen wurster|Heidenheimer BC,,Jürgen Wurster
local:kadir özkök|CC Karlsruhe,,Kadir Özkök
local:kai kiss|BSV Tiengen,,Kai Kiss
local:kai niklas hausdorf|PBC Nagoldtal,,Kai Niklas Hausdorf
local:kai-uwe ludwig|PBC Rastatt,,Kai-Uwe Ludwig
local:karim gampper|BC Feuersee,,Karim Gampper
local:karim gampper|BC Feuersee Ludwigsburg,,Karim Gampper
local:karl-heinz liebhardt|PBC Kirchheim/Teck,,Karl-Heinz Liebhardt
local:karl-heinz zimmermann|PBV Schwetzingen,,Karl-Heinz Zimmermann
local:katharina wieczorek|BC Dallau,,Katharina Wieczorek
local:kathleen jung|PF Calw,,Kathleen Jung
local:kathrin karwath|BSV Nürtingen,,Kathrin Karwath
local:kathrin karwath|PBC Reutlingen,,Kathrin Karwath
local:kemal elma|PP Böblingen,,Kemal Elma
local:keven könig|PBV Schwetzingen,,Keven König
local:kevin kudell|BSV Filderstadt,,Kevin  Kudell
local:kevin adamczyk|BC Aalen,,Kevin Adamczyk
local:kevin baumgartner|Poolsharks Bruchsal,,Kevin Baumgartner
local:kevin bergwitz|BBV Mannheim,,Kevin Bergwitz
local:kevin fassa|BC Dallau,,Kevin Fassa
local:kevin künstler|BSC Göppingen,,Kevin Künstler
local:kevin wetzel|BC Dallau,,Kevin Wetzel
local:kevin wiedensohler|PBC Bräunlingen,,Kevin Wiedensohler
local:klaus dietrich|BV Markdorf,,Klaus Dietrich
local:klaus fischer|BSV Filderstadt,,Klaus Fischer
local:klaus fischer|BSV Nürtingen,,Klaus Fischer
local:klaus kemp|PBC Bräunlingen,,Klaus Kemp
local:klaus kubelka|BC Sindelfingen,,Klaus Kubelka
local:klaus lehleiter|PBC Bad Saulgau,,Klaus Lehleiter
local:klaus maier|BSC St. Georgen,,Klaus Maier
local:klaus martin|PBC Waghäusel,,Klaus Martin
local:klaus merdes|BF Bruchsal,,Klaus Merdes
local:klaus schmölz|BF Bronnen,,Klaus Schmölz
local:klaus zobrekis|BSV Weinheim,,Klaus Zobrekis
local:klaus zobrekis|PBC Bad Saulgau,,Klaus Zobrekis
local:konrad bau|Tübinger BC,,Konrad Bau
local:konstantin egle|BSV Filderstadt,,Konstantin Egle
local:konstantin egle|PBC Ochsenhausen,,Konstantin Egle
local:konstantin sawal|PP Böblingen,,Konstantin Sawal
local:krischan dostal|BV Markdorf,,Krischan Dostal
local:kristian kolthoff|PBC Nagoldtal,,Kristian Kolthoff
local:kristian kolthoff|PBV Schwetzingen,,Kristian Kolthoff
local:kristijan drljo|BBC Plochingen,,Kristijan Drljo
local:kristijan drljo|SBSC Denkendorf,,Kristijan Drljo
local:köksal albayrak|BC Dallau,,Köksal Albayrak
local:lars quitsch|PBC Bruchsal,,Lars Quitsch
local:lars woggan|BSV Filderstadt,,Lars Woggan
local:lars woggan|BSV Nürtingen,,Lars Woggan
local:lasse quitsch|PBC Bruchsal,,Lasse Quitsch
local:lennart vietzke|BSV Weinheim,,Lennart Vietzke
local:leonhard dietzel|TV Cannstatt,,Leonhard Dietzel
local:lionel heit|PBC Offenburg,,Lionel Heit
local:lisa knost|BSF Kurpfalz,,Lisa Knost
local:long werner|PBC Waldbronn-Karlsbad,,Long Werner
local:lothar ring|PBC Ochsenhausen,,Lothar Ring
local:lothar schwarz|BSC St. Georgen,,Lothar Schwarz
local:louis hahn|BC Weingarten,,Louis Hahn
local:louise wong|BC Feuersee,,Louise Wong
local:lucas ruschke|BV Villingen-Schwenningen,,Lucas Ruschke
local:lucia birsner|BSV Tiengen,,Lucia Birsner
local:luciano abruzzese|BC Weingarten,,Luciano Abruzzese
local:luciano abruzzese|BV Markdorf,,Luciano Abruzzese
local:ludwig sandrik|PBV Rottweil,,Ludwig Sandrik
local:luigi sabia|BV Markdorf,,Luigi Sabia
local:luigi sarullo|PBC Waldbronn-Karlsbad,,Luigi Sarullo
local:luigi sarullo|PBDC Kämpfelbach,,Luigi Sarullo
local:luis beilicke|Poolsharks Bruchsal,,Luis Beilicke
local:luis varon marques|TV Cannstatt,,Luis Varon Marques
local:luka antic aufn.: 20; ø: 0.45|unassigned,,Luka Antic Aufn.: 20; Ø: 0.45
local:luka galic|BSV Filderstadt,,Luka Galic
local:lukas jäckel|PBV Rottweil,,Lukas Jäckel
local:lutz brian|BC Dallau,,Lutz Brian
local:lutz denk|BBC Plochingen,,Lutz Denk
local:lutz denk|SBSC Denkendorf,,Lutz Denk
local:lutz iserhardt|PBC Fr. Lampertheim,,Lutz Iserhardt
local:lutz jeschke|BC Weingarten,,Lutz Jeschke
local:lutz metzner|BV Markdorf,,Lutz Metzner
local:machmut turan|PP Böblingen,,Machmut Turan
local:manfred hess|BC Sindelfingen,,Manfred Hess
local:manfred hess|BSV Nürtingen,,Manfred Hess
local:manfred kalliehs|PF Calw,,Manfred Kalliehs
local:manfred kocksch|PBC Schwäbisch-Hall,,Manfred Kocksch
local:manfred kreusel|BC Neckarsulm,,Manfred Kreusel
local:manfred lutz|PBC Nagoldtal,,Manfred Lutz
local:manfred rauch|PBC Bad Saulgau,,Manfred Rauch
local:manfred sieweke|PBC Ochsenhausen,,Manfred Sieweke
local:manfred wesemeyer|BC Weingarten,,Manfred Wesemeyer
local:manfred wussler|PBC Offenburg,,Manfred Wußler
local:manuel aschenbrenner|BC Weingarten,,Manuel Aschenbrenner
local:manuel aschenbrenner|PBC Bad Saulgau,,Manuel Aschenbrenner
local:manuel böhm|BC Dallau,,Manuel Böhm
local:manuel klappstein|Fast Breakers Karlsruhe,,Manuel Klappstein
local:manuel klappstein|PBC Rastatt,,Manuel Klappstein
local:manuel kreiter|BV Markdorf,,Manuel Kreiter
local:manuel kreuz|PBSC Pforzheim,,Manuel Kreuz
local:manuel kreuz|PP Karlsbad,,Manuel Kreuz
local:manuel kunze|BC Dreiländereck,,Manuel Kunze
local:manuel letzel|BBV Mannheim,,Manuel Letzel
local:manuel thamm|BV Pforzheim,,Manuel Thamm
local:manuel westermann|P&S Denzlingen,,Manuel Westermann
local:manuela schmid|BF Bronnen,,Manuela Schmid
local:marc proissl|BSV Weinheim,,Marc Proissl
local:marc wegenast|BC Weingarten,,Marc Wegenast
local:marc-andre barisch|TV Cannstatt,,Marc-Andre Barisch
local:marcel bailey|BSF Kurpfalz,,Marcel Bailey
local:marcel biegler|BSV Pfullingen,,Marcel Biegler
local:marcel drischel|PF Calw,,Marcel Drischel
local:marcel roden|CC Karlsruhe,,Marcel Roden
local:marcel rossow|BBV Mannheim,,Marcel Rossow
local:marcel rossow|PBV Schwetzingen,,Marcel Rossow
local:marcel twardon|BC Feuersee,,Marcel Twardon
local:marcel wohlgemuth|BC Weingarten,,Marcel Wohlgemuth
local:marco bunke|BSV Pfullingen,,Marco Bunke
local:marco conrad|PBC Langenargen,,Marco Conrad
local:marco di martino|BBV Mannheim,,Marco Di Martino
local:marco giusa|PBC Bietigheim-Bissingen,,Marco Giusa
local:marco huber|BC Breakers Knittlingen,,Marco Huber
local:marco huber|BV Pforzheim,,Marco Huber
local:marco klotzer|BSV Filderstadt,,Marco Klotzer
local:marco lang|Fastbreakers Karlsruhe,,Marco Lang
local:marco poggiolini|BC Dreiländereck,,Marco Poggiolini
local:marco post|BC Dallau,,Marco Post
local:marco roll|BF Weinheim-Viernheim,,Marco Roll
local:marco schmitt|BBV Mannheim,,Marco Schmitt
local:marco schmitt|Mannheimer BF,,Marco Schmitt
local:marco seybold|PBC Bietigheim-Bissingen,,Marco Seybold
local:marco warlies|PF Calw,,Marco Warlies
local:marco weise|BSV Konstanz,,Marco Weise
local:marco wolfsegger|BC Breakers Knittlingen,,Marco Wolfsegger
local:marco zieger|PBC Waghäusel,,Marco Zieger
local:marcus deuchler|PBC Waldbronn-Karlsbad,,Marcus  Deuchler
local:marcus colmelet|Fastbreakers Karlsruhe,,Marcus Colmelet
local:marcus erbe|BC Sindelfingen,,Marcus Erbe
local:marcus krakowsky|PBC Trossingen,,Marcus Krakowsky
local:marcus reber|BULL Leonberg-Höfingen,,Marcus Reber
local:marcus trumpp|BSV Pfullingen,,Marcus Trumpp
local:marcus vonderstrass|P&S Denzlingen,,Marcus Vonderstraß
local:marcus wittner|FB Handicap Karlsruhe,,Marcus Wittner
local:marcus wolf|PBC Bräunlingen,,Marcus Wolf
local:marek adam|PBC Waghäusel,,Marek Adam
local:mario bauch|Fastbreakers Karlsruhe,,Mario Bauch
local:mario becker|BBV Mannheim,,Mario Becker
local:mario janssen|BC Ludwigsburg,,Mario Janssen
local:mario janssen|BC Stuttgart,,Mario Janssen
local:mario kaiser|BSC St. Georgen,,Mario Kaiser
local:mario kiefer|PBC Kirchheim/Teck,,Mario Kiefer
local:mario mayer|PBC Rastatt,,Mario Mayer
local:mario rosenkranz|PBC Bräunlingen,,Mario Rosenkranz
local:marius sutor|PBC Offenburg,,Marius Sutor
local:marius thomanek|BC Sindelfingen,,Marius Thomanek
local:marius-daniel grigore-martini|BSV Pfullingen,,Marius-Daniel Grigore-Martini
local:mark epple|PF Calw,,Mark Epple
local:mark hast|Tübinger BC,,Mark Hast
local:mark hug|Heidenheimer BC,,Mark Hug
local:mark simon|PBC Nagoldtal,,Mark Simon
local:marko andrasic|BSC St. Georgen,,Marko Andrasic
local:marko stapel|BV Villingen-Schwenningen,,Marko Stapel
local:markus appenowitz|BSV Filderstadt,,Markus Appenowitz
local:markus gessinger|PBC Bietigheim-Bissingen,,Markus Geßinger
local:markus hardtke|BC Aalen,,Markus Hardtke
local:markus jentsch|PBC Schwäbisch Gmünd,,Markus Jentsch
local:markus jentsch|PBC Schwäbisch-Gmünd,,Markus Jentsch
local:markus kamuf|BF Bruchsal,,Markus Kamuf
local:markus knöll|BSV Nürtingen,,Markus Knöll
local:markus könig|BSV Filderstadt,,Markus König
local:markus könig|PBC Bad Saulgau,,Markus König
local:markus merz|BSF Kurpfalz,,Markus Merz
local:markus pfaff|BF Bruchsal,,Markus Pfaff
local:markus rütten|BC Dreiländereck,,Markus Rütten
local:markus rütten|P&S Denzlingen,,Markus Rütten
local:markus schneider|BV Pforzheim,,Markus Schneider
local:markus schulz|BC Dallau,,Markus Schulz
local:markus stehle|BV Villingen-Schwenningen,,Markus Stehle
local:markus strauss|PBC Bad Saulgau,,Markus Strauß
local:markus werner|Heidenheimer BC,,Markus Werner
local:markus wetzel|BC Dallau,,Markus Wetzel
local:markus wörner|Jump Shot Mingolsheim,,Markus Wörner
local:martin brandt|BV Markdorf,,Martin Brandt
local:martin brunsch|BC Sindelfingen,,Martin Brunsch
local:martin burmeister|BC Sindelfingen,,Martin Burmeister
local:martin derzapf|BC Dallau,,Martin Derzapf
local:martin doster|BSC Göppingen,,Martin Doster
local:martin frei|PBC Offenburg,,Martin Frei
local:martin heinrich|PBV Schwetzingen,,Martin Heinrich
local:martin janoschka|BC Neckarsulm,,Martin Janoschka
local:martin jelitte|PBC Ochsenhausen,,Martin Jelitte
local:martin kloos|BF Bronnen,,Martin Kloos
local:martin korbar|PBC Schwäbisch Hall,,Martin Korbar
local:martin korbar|PBC Schwäbisch-Hall,,Martin Korbar
local:martin kögel|PBC Rastatt,,Martin Kögel
local:martin repp|BC Sindelfingen,,Martin Repp
local:martin stachowitz|PBC Bräunlingen,,Martin Stachowitz
local:martin stegmann|BSC Göppingen,,Martin Stegmann
local:martin trippel|PBC Langenargen,,Martin Trippel
local:martin weber|Bühler SBC,,Martin Weber
local:martin wistuba|BSV Pfullingen,,Martin Wistuba
local:marvin gierden|PBV Schwetzingen,,Marvin Gierden
local:marvin gärtner|PBC Aalen,,Marvin Gärtner
local:marvin kucharz|PBC Aalen,,Marvin Kucharz
local:marvin zimmer|Fastbreakers Karlsruhe,,Marvin Zimmer
local:massimo miccoli|BC Ludwigsburg,,Massimo Miccoli
local:mathias christ|SBSC Denkendorf,,Mathias Christ
local:mathias frey|P&S Denzlingen,,Mathias Frey
local:mathias fritsche|BSG Albstadt,,Mathias Fritsche
local:mathias hartner|Heidenheimer BC,,Mathias Hartner
local:mathias hornbach|P&S Denzlingen,,Mathias Hornbach
local:mathias klaus|P&S Denzlingen,,Mathias Klaus
local:mathias laskus|PBV Rottweil,,Mathias Laskus
local:mathias schweissing|Fastbreakers Karlsruhe,,Mathias Schweissing
local:matthias ade|BSV Filderstadt,,Matthias Ade
local:matthias blech|PBV Schwetzingen,,Matthias Blech
local:matthias frank|PBC Schwäbisch Gmünd,,Matthias Frank
local:matthias frank|PBC Schwäbisch-Gmünd,,Matthias Frank
local:matthias hardtke|BC Aalen,,Matthias Hardtke
local:matthias ludersdorfer|Tübinger BC,,Matthias Ludersdorfer
local:matthias maier|PBC Bräunlingen,,Matthias Maier
local:matthias orth|BC Dreiländereck,,Matthias Orth
local:matthias pujic|Jump Shot Mingolsheim,,Matthias Pujic
local:matthias raible|BC Fellbach,,Matthias Raible
local:matthias raible|TV Cannstatt,,Matthias Raible
local:matthias schurer|BSV Konstanz,,Matthias Schurer
local:matthias wolf|Jump Shot Mingolsheim,,Matthias Wolf
local:maurizio giannachi|PBC Fr. Lampertheim,,Maurizio Giannachi
local:max berghoff|BSV Pfullingen,,Max Berghoff
local:max löhle|PBC Bad Saulgau,,Max Löhle
local:max schmidtke|BSC Göppingen,,Max Schmidtke
local:maxim buchstab|PBC Schwäbisch Gmünd,,Maxim Buchstab
local:maxime martin|PBC Offenburg,,Maxime Martin
local:maximilian emig|BSV Konstanz,,Maximilian Emig
local:maximilian haug|BV Villingen-Schwenningen,,Maximilian Haug
local:maximilian jentsch|PBC Schwäbisch Gmünd,,Maximilian Jentsch
local:maximilian jentsch|PBC Schwäbisch-Gmünd,,Maximilian Jentsch
local:maximilian theis|PBC Reutlingen,,Maximilian Theis
local:maximilian vogel|BSC Göppingen,,Maximilian Vogel
local:maximilien koch|PBC Offenburg,,Maximilien Koch
local:mehdi yassine|PBC Offenburg,,Mehdi Yassine
local:mehmet gürbüz|PBC Bräunlingen,,Mehmet Gürbüz
local:mehmet kirli|PBC Schwäbisch Gmünd,,Mehmet Kirli
local:mehmet kirli|PBC Schwäbisch-Gmünd,,Mehmet Kirli
local:mehmet özkan|PBC Nagoldtal,,Mehmet Özkan
local:melanie reger|PBC Bräunlingen,,Melanie Reger
local:mena kelada|BSV Konstanz,,Mena Kelada
local:mergim zekaj|PBC Pfedelbach,,Mergim Zekaj
local:mete mutlu|PBC Freudenstadt,,Mete Mutlu
local:michael bauer|PBV Rottweil,,Michael Bauer
local:michael betz|PBC Waghäusel,,Michael Betz
local:michael boike|BC Ludwigsburg,,Michael Boike
local:michael brüll|BC Stuttgart 1891,,Michael Brüll
local:michael burmeister|PBC Nagoldtal,,Michael Burmeister
local:michael diedrich|PBC Sand,,Michael Diedrich
local:michael erhardt|BULL Leonberg-Höfingen,,Michael Erhardt
local:michael faja|PBC Pfedelbach,,Michael Faja
local:michael flaig|BSF Kurpfalz,,Michael Flaig
local:michael füess|BC Sindelfingen,,Michael Füess
local:michael gaspar|PBC Kirchheim/Teck,,Michael Gaspar
local:michael grad|BSV Pfullingen,,Michael Grad
local:michael gross|BSV Filderstadt,,Michael Groß
local:michael götz|PBC Fr. Lampertheim,,Michael Götz
local:michael haag|PBC Nagoldtal,,Michael Haag
local:michael hemminger|BSV Nürtingen,,Michael Hemminger
local:michael heneka|PBC Bruchsal,,Michael Heneka
local:michael herr|PBC Sand,,Michael Herr
local:michael hofmann|PBC Waldbronn-Karlsbad,,Michael Hofmann
local:michael häfele|BC Feuersee Ludwigsburg,,Michael Häfele
local:michael kersting|BF Weinheim-Viernheim,,Michael Kersting
local:michael keuker|BF Weinheim-Viernheim,,Michael Keuker
local:michael killian|BBV Mannheim,,Michael Killian
local:michael kling|PBC Waldbronn-Karlsbad,,Michael Kling
local:michael kohl|PBV Schwetzingen,,Michael Kohl
local:michael lauble|PBC Bräunlingen,,Michael Lauble
local:michael leupolz|BC Weingarten,,Michael Leupolz
local:michael martini|BSV Pfullingen,,Michael Martini
local:michael matschewsky|PBC Freudenstadt,,Michael Matschewsky
local:michael merz|FB Handicap Karlsruhe,,Michael Merz
local:michael miller|TV Cannstatt,,Michael Miller
local:michael minnerop|PF Calw,,Michael Minnerop
local:michael psarras|BC Dreiländereck,,Michael Psarras
local:michael reich|BC Sindelfingen,,Michael Reich
local:michael reichert|PBC Freudenstadt,,Michael Reichert
local:michael reiser|PF Calw,,Michael Reiser
local:michael schneider|PBC Waldbronn-Karlsbad,,Michael Schneider
local:michael schneider|PBSC Pforzheim,,Michael Schneider
local:michael schneider|PP Karlsbad,,Michael Schneider
local:michael schreiner|BSV Filderstadt,,Michael Schreiner
local:michael schulz|BSV Konstanz,,Michael Schulz
local:michael single|Tübinger BC,,Michael Single
local:michael steinmüller|BSV Weinheim,,Michael Steinmüller
local:michael straub|PBV Schwetzingen,,Michael Straub
local:michael strenski|PBC Bruchsal,,Michael Strenski
local:michael strohmaier|BSV Tiengen,,Michael Strohmaier
local:michael thelen|BC Stuttgart 1891,,Michael Thelen
local:michael ufrecht|BC Breakers Knittlingen,,Michael Ufrecht
local:michael wahl|BSV Pfullingen,,Michael Wahl
local:michael wanjek|PBC Waghäusel,,Michael Wanjek
local:michael welchner|SBSC Denkendorf,,Michael Welchner
local:michael würz|BC Dallau,,Michael Würz
local:michaela hug-erhardt|Heidenheimer BC,,Michaela Hug-Erhardt
local:michaeli karipidis|BC Neckarsulm,,Michaeli Karipidis
local:michaeli karipidis|PBC Pfedelbach,,Michaeli Karipidis
local:michal radwan|BULL Leonberg-Höfingen,,Michal Radwan
local:michelangelo laurano|PBC Bad Saulgau,,Michelangelo Laurano
local:michele riccardo colamonaco|Fastbreakers Karlsruhe,,Michele Riccardo Colamonaco
local:mike belke|PBC Sand,,Mike Belke
local:mike dörfler|BC Dreiländereck,,Mike Dörfler
local:mike dörfler|PBSV Südbaden,,Mike Dörfler
local:mike reissberg|PBC Waghäusel,,Mike Reißberg
local:mike walter|Jump Shot Mingolsheim,,Mike Walter
local:mike white|BSV Pfullingen,,Mike White
local:milos topalovic|BC Weingarten,,Milos Topalovic
local:ming cai|CC Karlsruhe,,Ming  Cai
local:miroslaw kolodziej|BC Dallau,,Miroslaw Kolodziej
local:mirsad sabic|PBC Waghäusel,,Mirsad Sabic
local:mladen mesic|PBC Bruchsal,,Mladen Mesic
local:mladen milicevic|PBC Offenburg,,Mladen Milicevic
local:mohsen abbas-kashi|PBV Schwetzingen,,Mohsen Abbas-Kashi
local:moritz berchtold|PBC Kirchheim/Teck,,Moritz Berchtold
local:moritz körber|BC Sindelfingen,,Moritz Körber
local:moritz rutkowski|PBC Rastatt,,Moritz Rutkowski
local:murat deniz|BC Dallau,,Murat Deniz
local:murat kocin|BC Neckarsulm,,Murat Kocin
local:murat niyazi|BC Ludwigsburg,,Murat Niyazi
local:mustafa basaran|BSC Göppingen,,Mustafa Basaran
local:mustafa benk|PBC Bietigheim-Bissingen,,Mustafa Benk
local:mustafa ciftci|PBC Pfedelbach,,Mustafa Ciftci
local:mustafa fidan|PBC Schwäbisch-Hall,,Mustafa Fidan
local:mustafa yilmaz|BBC Plochingen,,Mustafa Yilmaz
local:mustafa özyürük|PBC Aalen,,Mustafa Özyürük
local:muzaffer günay|BC Aalen,,Muzaffer Günay
local:münir aydogan|BBV Mannheim,,Münir Aydogan
local:mürsel inci|PP Böblingen,,Mürsel  Inci
local:nathalie rohmer|PBC Offenburg,,Nathalie Rohmer
local:necmi kolbasar|PBC Bietigheim-Bissingen,,Necmi Kolbasar
local:necmi kolbasar|PBSC Pforzheim,,Necmi Kolbasar
local:nemanja gligoric|PBC Kirchheim/Teck,,Nemanja Gligoric
local:nenad malinovic|PBC Trossingen,,Nenad Malinovic
local:nic woywodt|PBC Nagoldtal,,Nic Woywodt
local:nico gehring|BF Bronnen,,Nico Gehring
local:nico stein|BSV Filderstadt,,Nico Stein
local:nico zacharowski|Fast Breakers Karlsruhe,,Nico Zacharowski
local:nico zacharowski|Fastbreakers Karlsruhe,,Nico Zacharowski
local:nicolai duśek|BSV Konstanz,,Nicolai Duśek
local:nicolas bernhardt|PBC Fr. Lampertheim,,Nicolas Bernhardt
local:nicolas kalb|PBC Offenburg,,Nicolas Kalb
local:nicolas markel|PBC Bietigheim-Bissingen,,Nicolas Markel
local:nicole hummel|BSC St. Georgen,,Nicole Hummel
local:nicole riedl|BC Fellbach,,Nicole Riedl
local:niklas vogel|BULL Leonberg-Höfingen,,Niklas Vogel
local:nikola kremer|Poolsharks Bruchsal,,Nikola Kremer
local:nikola mitrovic|unassigned,,Nikola Mitrovic
local:nikolai kruhm|PBC Fr. Lampertheim,,Nikolai Kruhm
local:nikolaus blum|PBC Ochsenhausen,,Nikolaus Blum
local:nikolaus deckers|P&S Denzlingen,,Nikolaus Deckers
local:nikolaus gündel|P&S Denzlingen,,Nikolaus Gündel
local:nils dannhauer|BC Feuersee,,Nils Dannhauer
local:nils stadler|BC Weingarten,,Nils Stadler
local:norbert hell|BSV Filderstadt,,Norbert Hell
local:norbert hell|BSV Nürtingen,,Norbert Hell
local:norbert mallin|BSC Göppingen,,Norbert Mallin
local:norbert puwek|BV Villingen-Schwenningen,,Norbert Puwek
local:norbert reges|BSV Filderstadt,,Norbert Reges
local:norbert rollbühler|BC Aalen,,Norbert Rollbühler
local:norbert rollbühler|PBC Schwäbisch-Hall,,Norbert Rollbühler
local:norbert scheinpflug|BSV Tiengen,,Norbert Scheinpflug
local:norman hopson|FB Handicap Karlsruhe,,Norman Hopson
local:norman rink|BC Dallau,,Norman Rink
local:nuhid serifovic|BULL Leonberg-Höfingen,,Nuhid Serifovic
local:nuhid serifovic|TV Cannstatt,,Nuhid Serifovic
local:nuno brenner miguel|PBV Schwetzingen,,Nuno Brenner Miguel
local:oezer bulunmaz|PBC Waldbronn-Karlsbad,,Oezer Bulunmaz
local:oezer bulunmaz|PP Karlsbad,,Oezer Bulunmaz
local:oktay aydinoglu|BV Backnang/Welzheim,,Oktay Aydinoglu
local:olaf arnold|BC Weingarten,,Olaf Arnold
local:olaf drischel|PF Calw,,Olaf Drischel
local:olaf schwarz|BC Sindelfingen,,Olaf Schwarz
local:olcay zabun|BC Dallau,,Olcay Zabun
local:oliver fechter|PBC Bad Saulgau,,Oliver Fechter
local:oliver geuder|BSV Weinheim,,Oliver Geuder
local:oliver grimm|PBC Freudenstadt,,Oliver Grimm
local:oliver jörger|PBC Offenburg,,Oliver Jörger
local:oliver kandula|PBC Schwäbisch Hall,,Oliver Kandula
local:oliver kandula|PBC Schwäbisch-Hall,,Oliver Kandula
local:oliver kother|PBC Bruchsal,,Oliver Kother
local:oliver krieger|PBC Aalen,,Oliver Krieger
local:oliver schmalz|Poolsharks Bruchsal,,Oliver Schmalz
local:oliver schwertschlager|BC Stuttgart 1891,,Oliver Schwertschlager
local:oliver süss|PBC Bruchsal,,Oliver Süß
local:oliver-harry rapp|BSC Göppingen,,Oliver-Harry  Rapp
local:orhan cetin|BSV Pfullingen,,Orhan Cetin
local:orhan cetin|Tübinger BC,,Orhan Cetin
local:orhan parama|BSC Göppingen,,Orhan Parama
local:osman büyük|BA Nürtingen,,Osman Büyük
local:osman büyük|BSV Filderstadt,,Osman Büyük
local:oswald keulig|Jump Shot Mingolsheim,,Oswald Keulig
local:ottmar auzinger|PBC Ochsenhausen,,Ottmar Auzinger
local:ovidiu jompan|BSC Göppingen,,Ovidiu Jompan
local:pascal arnold|BSV Weinheim,,Pascal  Arnold
local:pascal alix|PBC Offenburg,,Pascal Alix
local:pascal habiger|BV Pforzheim,,Pascal Habiger
local:pascal nissel|PBC Waghäusel,,Pascal Nissel
local:pascal ranzmann|CC Karlsruhe,,Pascal Ranzmann
local:pascal sanna|PBC Freudenstadt,,Pascal Sanna
local:pascal ziegler|PF Calw,,Pascal Ziegler
local:patricia kaffesi|PBC Freudenstadt,,Patricia Kaffesi
local:patrick bolduan|BC Weingarten,,Patrick Bolduan
local:patrick haag|BC Stuttgart 1891,,Patrick Haag
local:patrick haudek|PBV Rottweil,,Patrick Haudek
local:patrick koch|PBC Trossingen,,Patrick Koch
local:patrick lauinger|Fast Breakers Karlsruhe,,Patrick Lauinger
local:patrick lauinger|Fastbreakers Karlsruhe,,Patrick Lauinger
local:patrick lauinger|PBC Rastatt,,Patrick Lauinger
local:patrick mungiuri|BV Pforzheim,,Patrick Mungiuri
local:patrick regan|Jump Shot Mingolsheim,,Patrick Regan
local:patrick schuhmacher|PBV Schwetzingen,,Patrick Schuhmacher
local:patrick steimer|PBV Rottweil,,Patrick Steimer
local:patrik meyer|PBC Offenburg,,Patrik Meyer
local:pavlos korezelidis|BBC Plochingen,,Pavlos Korezelidis
local:pedro lazaro|PBC Waldbronn-Karlsbad,,Pedro Lazaro
local:pedro lazaro|PBSC Pforzheim,,Pedro Lazaro
local:peggy hessland|BSV Filderstadt,,Peggy Heßland
local:peggy hessland|PBC Reutlingen,,Peggy Heßland
local:peter baur|BSG Albstadt,,Peter Baur
local:peter brehm|BC Fellbach,,Peter Brehm
local:peter dörfler|PBSV Südbaden,,Peter Dörfler
local:peter gemeinhardt|CC Karlsruhe,,Peter Gemeinhardt
local:peter gerhards|PBV Schwetzingen,,Peter Gerhards
local:peter holstein|PBC Fr. Lampertheim,,Peter Holstein
local:peter jankowsky|BBV Mannheim,,Peter Jankowsky
local:peter jürgens|BULL Leonberg-Höfingen,,Peter Jürgens
local:peter kleinhans|PBC Langenargen,,Peter Kleinhans
local:peter link|TV Cannstatt,,Peter Link
local:peter lotterer|PBC Reutlingen,,Peter Lotterer
local:peter polzer|Jump Shot Mingolsheim,,Peter Polzer
local:peter puff|PBC Waghäusel,,Peter Puff
local:peter restle|BSV Pfullingen,,Peter Restle
local:peter rupprecht|PBC Waghäusel,,Peter Rupprecht
local:peter schmidt|BSV Tiengen,,Peter Schmidt
local:peter schwanhäuser|BSC St. Georgen,,Peter Schwanhäuser
local:peter strobel|BC Feuersee Ludwigsburg,,Peter Strobel
local:peter thurm|PBC Bruchsal,,Peter Thurm
local:peter tulner|BSC Mannheim,,Peter Tulner
local:peter vosseler|PBC Ochsenhausen,,Peter Vosseler
local:petra braun|BC Ludwigsburg,,Petra Braun
local:petra sannwald|BC Ludwigsburg,,Petra Sannwald
local:philip krätzer|BSV Filderstadt,,Philip Krätzer
local:philip smarczny|BC Sindelfingen,,Philip Smarczny
local:philipp griegel|PBC Kirchheim/Teck,,Philipp Griegel
local:philipp kau|BSV Nürtingen,,Philipp Kau
local:philipp lisenko|P&S Denzlingen,,Philipp Lisenko
local:philipp maier|BSC Waldshut,,Philipp Maier
local:philipp zundl|PBSV Südbaden,,Philipp Zundl
local:phillip rosenkranz|PBC Bräunlingen,,Phillip Rosenkranz
local:pietro calo|BC Weingarten,,Pietro Calo
local:pietro calo|BV Markdorf,,Pietro Calo
local:priska schiera|PBC Bruchsal,,Priska Schiera
local:qayssar al saedi|BSV Konstanz,,Qayssar Al Saedi
local:quang gan hoang|BBV Mannheim,,Quang Gan Hoang
local:rachid bouchareb|PBC Offenburg,,Rachid Bouchareb
local:rafael schombierski|PBC Pfedelbach,,Rafael Schombierski
local:raffaele manobianco|BULL Leonberg-Höfingen,,Raffaele Manobianco
local:raffaelo federico|PBDC Kämpfelbach,,Raffaelo Federico
local:raimund wanner|PBC Ochsenhausen,,Raimund Wanner
local:rainer biedermann|BULL Leonberg-Höfingen,,Rainer Biedermann
local:rainer braun|BSV Tiengen,,Rainer Braun
local:rainer dalecke|PBV Schwetzingen,,Rainer Dalecke
local:rainer habelt|TV Cannstatt,,Rainer Habelt
local:rainer heilmann|BSC Waldshut,,Rainer Heilmann
local:rainer heilmann|BSV Tiengen,,Rainer Heilmann
local:rainer hermann|BSC Göppingen,,Rainer Hermann
local:rainer hops|PBC Bad Saulgau,,Rainer Hops
local:rainer häfele|BSV Nürtingen,,Rainer Häfele
local:rainer kenzler|BULL Leonberg-Höfingen,,Rainer Kenzler
local:rainer ott|CC Karlsruhe,,Rainer Ott
local:rainer rurländer|PBC Kirchheim/Teck,,Rainer Rurländer
local:rainer schaaf|PBC Kirchheim/Teck,,Rainer Schaaf
local:rainer schönfeld|PBC Reutlingen,,Rainer Schönfeld
local:rainer seemann|PBC Schwäbisch Hall,,Rainer Seemann
local:rainer seemann|PBC Schwäbisch-Hall,,Rainer Seemann
local:raitis ivanovs|BC Dallau,,Raitis Ivanovs
local:ralf annamaier|PBC Schwäbisch Gmünd,,Ralf Annamaier
local:ralf bachert|PBC Bietigheim-Bissingen,,Ralf Bachert
local:ralf ganz|CC Karlsruhe,,Ralf Ganz
local:ralf griesshaber|PBC Trossingen,,Ralf Grießhaber
local:ralf herdtfelder|BC Neckarsulm,,Ralf Herdtfelder
local:ralf hespeler|BSV Konstanz,,Ralf Hespeler
local:ralf hohlfeld|BC Feuersee Ludwigsburg,,Ralf Hohlfeld
local:ralf horstmann|BC Sindelfingen,,Ralf Horstmann
local:ralf horstmann|PP Böblingen,,Ralf Horstmann
local:ralf kempermann|Poolsharks Bruchsal,,Ralf Kempermann
local:ralf kempermann aufn.: 1; ø: 0.00|unassigned,,Ralf Kempermann Aufn.: 1; Ø: 0.00
local:ralf koppenhöfer|CC Karlsruhe,,Ralf Koppenhöfer
local:ralf lederer|BSV Filderstadt,,Ralf Lederer
local:ralf markanycz|Poolsharks Bruchsal,,Ralf Markanycz
local:ralf mergel|BF Bruchsal,,Ralf Mergel
local:ralf nimtz|BSC Mannheim,,Ralf Nimtz
local:ralf rabold|PBC Waldbronn-Karlsbad,,Ralf Rabold
local:ralf rabold|PP Karlsbad,,Ralf Rabold
local:ralf schmitt|BF Weinheim-Viernheim,,Ralf Schmitt
local:ralph fritz|PBC Waghäusel,,Ralph Fritz
local:ralph stegmüller|BC Feuersee Ludwigsburg,,Ralph Stegmüller
local:ramazan akdag|BV Pforzheim,,Ramazan Akdag
local:randi ramzi ya´da|BSV Pfullingen,,Randi Ramzi ya´da
local:raoul-robert ronto|PBC Rastatt,,Raoul-Robert Ronto
local:raphael titzmann|BSV Filderstadt,,Raphael Titzmann
local:rasul ghanavat|PBC Reutlingen,,Rasul Ghanavat
local:reinhold bayer|BC Ludwigsburg,,Reinhold Bayer
local:reinhold waldraff|PBC Bad Saulgau,,Reinhold Waldraff
local:rene geier|Fast Breakers Karlsruhe,,Rene Geier
local:rene geier|Fastbreakers Karlsruhe,,Rene Geier
local:rene geier|PBC Rastatt,,Rene Geier
local:rene scheffel|BSV Weinheim,,Rene Scheffel
local:rene weiss|PBC Bruchsal,,Rene Weiß
local:rené wieczorek|BC Dallau,,René Wieczorek
local:riccardo heinen|PBV Schwetzingen,,Riccardo Heinen
local:richard cornely|PBV Schwetzingen,,Richard Cornely
local:richard gromann|PBC Bräunlingen,,Richard Gromann
local:richard hartmann|PBC Sand,,Richard Hartmann
local:richard rössler|Fast Breakers Karlsruhe,,Richard Rößler
local:richard rössler|Fastbreakers Karlsruhe,,Richard Rößler
local:richard rössler|PP Karlsbad,,Richard Rößler
local:richard uhlig|PBV Schwetzingen,,Richard Uhlig
local:richy hartmann|PBC Sand,,Richy Hartmann
local:rita neef-bächle|PBC Bräunlingen,,Rita Neef-Bächle
local:robert bogdan|TV Cannstatt,,Robert Bogdan
local:robert karaica|BC Aalen,,Robert Karaica
local:robert karaica|Heidenheimer BC,,Robert Karaica
local:robert klinec|BSV Weinheim,,Robert Klinec
local:robert schwarz|BC Stuttgart,,Robert Schwarz
local:robert stehr|PBC Bad Saulgau,,Robert Stehr
local:robert zivanovic|BBC Plochingen,,Robert Zivanovic
local:robert zivanovic|SBSC Denkendorf,,Robert Zivanovic
local:roberto d`elia|BC Unterteuringen,,Roberto D`Elia
local:roberto masala|Heidenheimer BC,,Roberto Masala
local:robin eisele|BSV Tiengen,,Robin Eisele
local:robin kemter|Jump Shot Mingolsheim,,Robin Kemter
local:roland lindauer|PBC Waldbronn-Karlsbad,,Roland  Lindauer
local:roland frei|BV Villingen-Schwenningen,,Roland Frei
local:roland knecht|BF Bruchsal,,Roland Knecht
local:roland lindauer|PP Karlsbad,,Roland Lindauer
local:roland menrath|BF Bruchsal,,Roland Menrath
local:roland möbus|CC Karlsruhe,,Roland Möbus
local:roland sauter|PBC Bräunlingen,,Roland Sauter
local:roland scheinpflug|BSV Tiengen,,Roland Scheinpflug
local:roland wacker|PBC Reutlingen,,Roland Wacker
local:rolf alex|CC Karlsruhe,,Rolf Alex
local:rolf berkowitz|PBC Freudenstadt,,Rolf Berkowitz
local:rolf mangelsdorf|BSV Tiengen,,Rolf Mangelsdorf
local:rolf waible|PBC Waldbronn-Karlsbad,,Rolf Waible
local:roman holzhauser|PBC Sand,,Roman Holzhauser
local:romina kobelt|BSV Nürtingen,,Romina Kobelt
local:ronald blöchle|PBC Freudenstadt,,Ronald Blöchle
local:ronny bräse|BSV Pfullingen,,Ronny Bräse
local:ronny frank|BSC Waldshut,,Ronny Frank
local:ronny frank|BSV Tiengen,,Ronny Frank
local:rouven elischer|BC Neckarsulm,,Rouven Elischer
local:roy martin|BULL Leonberg-Höfingen,,Roy Martin
local:ruben frick|PBV Rottweil,,Ruben Frick
local:ruben winkler|PBC Schwäbisch Hall,,Ruben Winkler
local:ruben winkler|PBC Schwäbisch-Hall,,Ruben Winkler
local:rudi fölker|PBC Bad Saulgau,,Rudi Fölker
local:rudolf schulz|PBV Schwetzingen,,Rudolf Schulz
local:rudolf turna|BC Feuersee Leonberg,,Rudolf Turna
local:rudolf weiss|PBC Bad Saulgau,,Rudolf Weiß
local:rüdiger albrecht|BC Sindelfingen,,Rüdiger Albrecht
local:rüdiger theis|PBC Reutlingen,,Rüdiger Theis
local:rüdiger theis|Tübinger BC,,Rüdiger Theis
local:sabine günter|BC Weingarten,,Sabine Günter
local:sabine hort|BC Breakers Knittlingen,,Sabine Hort
local:sabine hort|BV Pforzheim,,Sabine Hort
local:saeid heydarpour|BC Feuersee Ludwigsburg,,Saeid Heydarpour
local:salvatore badalucco|PBV Rottweil,,Salvatore Badalucco
local:salvatore noto|PBC Waldbronn-Karlsbad,,Salvatore Noto
local:salvatore noto|PP Karlsbad,,Salvatore Noto
local:sam wetzel|BC Weingarten,,Sam Wetzel
local:saman hadi|PF Calw,,Saman Hadi
local:sander damrau|BSV Pfullingen,,Sander Damrau
local:sandra höll|PBC Nagoldtal,,Sandra Höll
local:sandro hirn|BSV Pfullingen,,Sandro Hirn
local:sarah esaias|BF Bruchsal,,Sarah Esaias
local:sascha baumann|SBSC Denkendorf,,Sascha Baumann
local:sascha jungwirth|Fastbreakers Karlsruhe,,Sascha Jungwirth
local:sascha nyffeler|BC Weingarten,,Sascha Nyffeler
local:sascha nyffeler|PBC Bad Saulgau,,Sascha Nyffeler
local:sascha pick|BBV Mannheim,,Sascha Pick
local:sascha sasic|BSV Pfullingen,,Sascha Sasic
local:sascha sauer|BSV Filderstadt,,Sascha Sauer
local:sascha vollmer|BSC Göppingen,,Sascha Vollmer
local:sascha werle|BC Breakers Knittlingen,,Sascha Werle
local:sascha werle|PBC Rastatt,,Sascha Werle
local:saskia essig|BULL Leonberg-Höfingen,,Saskia Essig
local:savas hopff|PF Calw,,Savas Hopff
local:sean hermann|BSC Göppingen,,Sean Hermann
local:sebastian albrecht|BC Neckarsulm,,Sebastian Albrecht
local:sebastian bartsch|PBC Langenargen,,Sebastian Bartsch
local:sebastian denuell|BC Feuersee Leonberg,,Sebastian Denuell
local:sebastian gähler|BSV Konstanz,,Sebastian Gähler
local:sebastian oswald|BSV Pfullingen,,Sebastian Oswald
local:sebastian rudat|BC Neckarsulm,,Sebastian Rudat
local:sebastian schweyer|BSC Mannheim,,Sebastian Schweyer
local:sebastian schöffer|PF Calw,,Sebastian Schöffer
local:sebastiano ratto|BSC Göppingen,,Sebastiano Ratto
local:selami hasi|BC Neckarsulm,,Selami Hasi
local:selim güzel|PP Böblingen,,Selim Güzel
local:senol sengün|BBV Mannheim,,Senol Sengün
local:senol sengün|BSC Mannheim,,Senol Sengün
local:sercan özdemir|PP Böblingen,,Sercan Özdemir
local:serdar tunbek|BBV Mannheim,,Serdar Tunbek
local:sergei kirtkov|PBV Schwetzingen,,Sergei Kirtkov
local:sergej meiser|PBC Reutlingen,,Sergej Meiser
local:sergej schmidt|BC Neckarsulm,,Sergej Schmidt
local:serhat karakaplan|BC Ludwigsburg,,Serhat Karakaplan
local:serkan candir|BSV Filderstadt,,Serkan Candir
local:siegfried dietl|PBC Langenargen,,Siegfried Dietl
local:silvestar smokovic|BSC Göppingen,,Silvestar Smokovic
local:silvio fadda|BV Markdorf,,Silvio Fadda
local:silvio massow|BSV Tiengen,,Silvio Massow
local:silvio massow|Tübinger BC,,Silvio Massow
local:simon conrad|BSG Albstadt,,Simon Conrad
local:simon dupper|BV Villingen-Schwenningen,,Simon Dupper
local:simon kaincz|BSV Nürtingen,,Simon Kaincz
local:simon kemmerling|PBC Bräunlingen,,Simon Kemmerling
local:simon pietro lombardo|Heidenheimer BC,,Simon Pietro Lombardo
local:simon theodoropoulos|Tübinger BC,,Simon Theodoropoulos
local:simon wiedemann|CC Karlsruhe,,Simon Wiedemann
local:sinan aydogan|BBV Mannheim,,Sinan Aydogan
local:soner öz|PP Böblingen,,Soner  Öz
local:soner ulucanli|PBV Rottweil,,Soner Ulucanli
local:sonny weber|BBV Mannheim,,Sonny Weber
local:soydan cetin|PBC Ochsenhausen,,Soydan Cetin
local:stefan barth|FB Handicap Karlsruhe,,Stefan Barth
local:stefan burmeister|PBC Nagoldtal,,Stefan Burmeister
local:stefan bätzler|Bühler SBC,,Stefan Bätzler
local:stefan bätzler|Jump Shot Mingolsheim,,Stefan Bätzler
local:stefan duttlinger|BSV Tiengen,,Stefan Duttlinger
local:stefan gaschler|BC Dallau,,Stefan Gaschler
local:stefan gebauer|PBC Ochsenhausen,,Stefan Gebauer
local:stefan herms|PBC Bräunlingen,,Stefan Herms
local:stefan herzer|PBC Schwäbisch Gmünd,,Stefan Herzer
local:stefan herzer|PBC Schwäbisch-Gmünd,,Stefan Herzer
local:stefan kling|BSV Weinheim,,Stefan Kling
local:stefan krüger|PBC Schwäbisch Hall,,Stefan Krüger
local:stefan krüger|PBC Schwäbisch-Hall,,Stefan Krüger
local:stefan kuhn|BC Dreiländereck,,Stefan Kuhn
local:stefan kuhn|BSV Tiengen,,Stefan Kuhn
local:stefan künzl|TV Cannstatt,,Stefan Künzl
local:stefan neuberger|BC Neckarsulm,,Stefan Neuberger
local:stefan neuss|BF Bronnen,,Stefan Neuß
local:stefan rieger|PBC Schwäbisch-Gmünd,,Stefan Rieger
local:stefan stoll|BSV Filderstadt,,Stefan Stoll
local:stefan vater|PBC Freudenstadt,,Stefan Vater
local:stefan walloch|BC Aalen,,Stefan Walloch
local:stefan weiner|BV Villingen-Schwenningen,,Stefan Weiner
local:stefan weiner|PBC Trossingen,,Stefan Weiner
local:stefanie arndt|BSV Tiengen,,Stefanie Arndt
local:steffen adler|BF Weinheim-Viernheim,,Steffen Adler
local:steffen adler|BSV Weinheim,,Steffen Adler
local:steffen auer|PBC Bad Saulgau,,Steffen Auer
local:steffen behnke|BC Ludwigsburg,,Steffen Behnke
local:steffen feuerbacher|PBC Freudenstadt,,Steffen Feuerbacher
local:steffen graf|BV Villingen-Schwenningen,,Steffen Graf
local:steffen hoffmann|BF Bruchsal,,Steffen Hoffmann
local:steffen joos|BSV Tiengen,,Steffen Joos
local:steffen mämecke|BSC Mannheim,,Steffen Mämecke
local:steffen mämecke|PBC Waghäusel,,Steffen Mämecke
local:steffen paukner|BC Dallau,,Steffen Paukner
local:steffen röschinger|BBC Plochingen,,Steffen Röschinger
local:steffen röschinger|SBSC Denkendorf,,Steffen Röschinger
local:steffen säubert|PBC Waghäusel,,Steffen Säubert
local:steffen wanner|PBC Trossingen,,Steffen Wanner
local:stephan huber|BSV Konstanz,,Stephan Huber
local:stephan huber|CC Karlsruhe,,Stephan Huber
local:stephan huber|unassigned,,Stephan Huber
local:stephan mahler|PBC Aalen,,Stephan Mahler
local:stephan maier|TV Cannstatt,,Stephan Maier
local:stephan moser|BV Villingen-Schwenningen,,Stephan Moser
local:stephan nimführ|PBC Schwäbisch Gmünd,,Stephan Nimführ
local:stephan nimführ|PBC Schwäbisch-Gmünd,,Stephan Nimführ
local:stephan rau|P&S Denzlingen,,Stephan Rau
local:stephan reber|PBC Freudenstadt,,Stephan Reber
local:stephan rech-linker|BC Sindelfingen,,Stephan Rech-Linker
local:steve braun|BSC Mannheim,,Steve Braun
local:steve heeb|PBC Nagoldtal,,Steve Heeb
local:steven ascione|BC Dallau,,Steven Ascione
local:steven thieltges|PBC Bietigheim-Bissingen,,Steven Thieltges
local:stipe topic|BSV Nürtingen,,Stipe Topic
local:suayip karadeniz|BC Stuttgart,,Suayip Karadeniz
local:suna brunnemer|Jump Shot Mingolsheim,,Suna Brunnemer
local:suphi yalman|BV Villingen-Schwenningen,,Suphi Yalman
local:susi harbrecht-berndt|BULL Leonberg-Höfingen,,Susi Harbrecht-Berndt
local:sven deschner|BV Villingen-Schwenningen,,Sven Deschner
local:sven erbrecht|Fast Breakers Karlsruhe,,Sven Erbrecht
local:sven erbrecht|Fastbreakers Karlsruhe,,Sven Erbrecht
local:sven fluske|BSV Weinheim,,Sven Fluske
local:sven gehrisch|PBC Fr. Lampertheim,,Sven Gehrisch
local:sven götz|PBC Fr. Lampertheim,,Sven Götz
local:sven hertel|BC Dreiländereck,,Sven Hertel
local:sven kaupp|Fastbreakers Karlsruhe,,Sven Kaupp
local:sven kaupp|PBC Rastatt,,Sven Kaupp
local:sven müller|PBV Schwetzingen,,Sven Müller
local:sven neumann (e)|PBV Rottweil,,Sven Neumann (E)
local:sven schulz|PBC Nagoldtal,,Sven Schulz
local:sven sibbus|BV Pforzheim,,Sven Sibbus
local:sven wezstein|PBC Bietigheim-Bissingen,,Sven Wezstein
local:svenja heide|BC Weingarten,,Svenja Heide
local:swetlana boguslawska|BSC Mannheim,,Swetlana Boguslawska
local:sybille kny|BV Pforzheim,,Sybille Kny
local:szidónia székely|Jump Shot Mingolsheim,,Szidónia Székely
local:süleyman altinyaldiz|BC Dallau,,Süleyman Altinyaldiz
local:tahsin kirli|PBC Aalen,,Tahsin Kirli
local:tamara drischel|PP Karlsbad,,Tamara Drischel
local:tanja mader|BSV Nürtingen,,Tanja Mader
local:tankred volkmer|BV Backnang/Welzheim,,Tankred Volkmer
local:tasos tsolakidis|Heidenheimer BC,,Tasos Tsolakidis
local:tayfun teber|PBV Schwetzingen,,Tayfun Teber
local:the trung duong|Heidenheimer BC,,The Trung Duong
local:thierry kalb|PBC Offenburg,,Thierry Kalb
local:thilo muff|BBC Plochingen,,Thilo Muff
local:thilo scherbacher|BSV Pfullingen,,Thilo Scherbacher
local:thimo hugger|PBC Waldbronn-Karlsbad,,Thimo Hugger
local:thimo hugger|PP Karlsbad,,Thimo Hugger
local:thomas haas|BSC Göppingen,,Thomas  Haas
local:thomas buchstab|PBC Schwäbisch Gmünd,,Thomas Buchstab
local:thomas butscher|PBC Bad Saulgau,,Thomas Butscher
local:thomas dieckmann|Tübinger BC,,Thomas Dieckmann
local:thomas drey|BF Bronnen,,Thomas Drey
local:thomas durst|BC Stuttgart 1891,,Thomas Durst
local:thomas dürr|PBC Nagoldtal,,Thomas Dürr
local:thomas eichberg|BC Crailsheim,,Thomas Eichberg
local:thomas enge|PBC Reutlingen,,Thomas Enge
local:thomas gäckle|PF Calw,,Thomas Gäckle
local:thomas handler|BC Ludwigsburg,,Thomas Handler
local:thomas haug|BV Villingen-Schwenningen,,Thomas Haug
local:thomas haug|PBC Trossingen,,Thomas Haug
local:thomas helmling|BSV Weinheim,,Thomas Helmling
local:thomas hetzel|PBC Sand,,Thomas Hetzel
local:thomas hodrius|PBC Reutlingen,,Thomas Hodrius
local:thomas hodrius|Tübinger BC,,Thomas Hodrius
local:thomas höger|TV Cannstatt,,Thomas Höger
local:thomas hörauf|BC Feuersee Ludwigsburg,,Thomas Hörauf
local:thomas kammerer|BBV Mannheim,,Thomas Kammerer
local:thomas kielmann|PBC Fr. Lampertheim,,Thomas Kielmann
local:thomas kramhöller|BC Neckarsulm,,Thomas Kramhöller
local:thomas kramhöller|PBC Bietigheim-Bissingen,,Thomas Kramhöller
local:thomas kraus|PBC Bad Saulgau,,Thomas Kraus
local:thomas krämer|BF Weinheim-Viernheim,,Thomas Krämer
local:thomas krüger|BULL Leonberg-Höfingen,,Thomas Krüger
local:thomas kupfer|PBC Schwäbisch Hall,,Thomas Kupfer
local:thomas kupfer|PBC Schwäbisch-Hall,,Thomas Kupfer
local:thomas kühn|BBV Mannheim,,Thomas Kühn
local:thomas leiblich|BC Neckarsulm,,Thomas Leiblich
local:thomas maier|Heidenheimer BC,,Thomas Maier
local:thomas metzler|PBC Bad Saulgau,,Thomas Metzler
local:thomas mooshammer|PP Böblingen,,Thomas Mooshammer
local:thomas mänz|BSV Filderstadt,,Thomas Mänz
local:thomas mänz|BSV Nürtingen,,Thomas Mänz
local:thomas müller|PBC Fr. Lampertheim,,Thomas Müller
local:thomas neumann|PBC Waghäusel,,Thomas Neumann
local:thomas russow|BF Weinheim-Viernheim,,Thomas Russow
local:thomas schnurr|PBC Offenburg,,Thomas Schnurr
local:thomas schubert|BC Stuttgart,,Thomas Schubert
local:thomas schöpfer|Tübinger BC,,Thomas Schöpfer
local:thomas sommer|PBV Schwetzingen,,Thomas Sommer
local:thomas stoll|BC Sindelfingen,,Thomas Stoll
local:thomas stoll|BSV Nürtingen,,Thomas Stoll
local:thomas teufel|PBC Offenburg,,Thomas Teufel
"local:thomas vincenzo ""enzo"" campo|PBC Waldbronn-Karlsbad",,"Thomas Vincenzo ""Enzo"" Campo"
"local:thomas vincenzo ""enzo"" campo|PP Karlsbad",,"Thomas Vincenzo ""Enzo"" Campo"
local:thomas weniger|BSC Waldshut,,Thomas Weniger
local:thomas wilczek|BV Backnang/Welzheim,,Thomas Wilczek
local:thorsten bruder|BC Neckarsulm,,Thorsten Bruder
local:thorsten goetzke|Bühler SBC,,Thorsten Goetzke
local:thorsten günther|Poolsharks Bruchsal,,Thorsten Günther
local:thorsten kartes|PBC Fr. Lampertheim,,Thorsten Kartes
local:thorsten kupske|BC Feuersee Ludwigsburg,,Thorsten Kupske
local:thorsten mohr|BSV Konstanz,,Thorsten Mohr
local:thorsten roth|PBV Schwetzingen,,Thorsten Roth
local:thorsten schmieder|Bühler SBC,,Thorsten Schmieder
local:thorsten vohl|BSV Filderstadt,,Thorsten Vohl
local:tihomir miljevic|BC Stuttgart,,Tihomir Miljevic
local:tilman beck|BC Crailsheim,,Tilman Beck
local:tim beilicke|Poolsharks Bruchsal,,Tim Beilicke
local:tim farrenkopf|BC Dallau,,Tim Farrenkopf
local:timm urschinger|BC Dreiländereck,,Timm Urschinger
local:timm urschinger|BSV Tiengen,,Timm Urschinger
local:timo heim|PBC Offenburg,,Timo Heim
local:timo nittel|BV Pforzheim,,Timo Nittel
local:timo notheisen|PBC Waghäusel,,Timo Notheisen
local:timo rebstock|BV Villingen-Schwenningen,,Timo Rebstock
local:timo reinert|PBC Fr. Lampertheim,,Timo Reinert
local:timo sillner|BC Stuttgart 1891,,Timo Sillner
local:timo weis|BC Dreiländereck,,Timo Weis
local:timur susuz|PBC Aalen,,Timur Susuz
local:tina|unassigned,,Tina
local:tina vogelmann|BC Stuttgart,,Tina Vogelmann
local:tina vogelmann|BULL Leonberg-Höfingen,,Tina Vogelmann
local:tobias auer|BC Ludwigsburg,,Tobias Auer
local:tobias bayer|P&S Denzlingen,,Tobias Bayer
local:tobias hirt|BSG Albstadt,,Tobias Hirt
local:tobias hirt|PBC Bad Saulgau,,Tobias Hirt
local:tobias kessler|PBSC Pforzheim,,Tobias Kessler
local:tobias kessler|PP Karlsbad,,Tobias Kessler
local:tobias krieger|PBC Aalen,,Tobias Krieger
local:tobias laubenstein|CC Karlsruhe,,Tobias Laubenstein
local:tobias lesniak|BSC St. Georgen,,Tobias Lesniak
local:tobias petter|BC Aalen,,Tobias Petter
local:tobias reiling|PBDC Kämpfelbach,,Tobias Reiling
local:tobias reisner|BC Aalen,,Tobias Reisner
local:tobias schneider|BF Bronnen,,Tobias Schneider
local:tobias stengele|PF Calw,,Tobias Stengele
local:tobias walz|PBC Nagoldtal,,Tobias Walz
local:tobias wetzel|BC Dallau,,Tobias Wetzel
local:tobias wähler|BV Pforzheim,,Tobias Wähler
local:tobias zimmermann|BC Feuersee Ludwigsburg,,Tobias Zimmermann
local:tom mischner|BC Weingarten,,Tom Mischner
local:tom wacker|PBC Waldbronn-Karlsbad,,Tom Wacker
local:tom wacker|PP Karlsbad,,Tom Wacker
local:toni grieco|PBC Bräunlingen,,Toni Grieco
local:torsten herold|BSV Filderstadt,,Torsten Herold
local:torsten kaufmann|Tübinger BC,,Torsten Kaufmann
local:tuncay turna|PBC Schwäbisch-Gmünd,,Tuncay  Turna
local:tuong tran|BSV Pfullingen,,Tuong Tran
local:udo kirchgessner|PBC Waghäusel,,Udo Kirchgeßner
local:udo kirchgessner aufn.: 5; ø: 12.00|unassigned,,Udo Kirchgeßner Aufn.: 5; Ø: 12.00
local:udo koppenhöfer|CC Karlsruhe,,Udo Koppenhöfer
local:udo träutlein|BSV Weinheim,,Udo Träutlein
local:udo träutlein|PBV Schwetzingen,,Udo Träutlein
local:ulf bojus|BC Neckarsulm,,Ulf Bojus
local:ulrich märkle|Tübinger BC,,Ulrich Märkle
local:ulrich schäfer|BSV Pfullingen,,Ulrich Schäfer
local:umut akinci|PBC Bad Saulgau,,Umut Akinci
local:ute kiefer|CC Karlsruhe,,Ute Kiefer
local:uwe|Tübinger BC,,Uwe
local:uwe binder|Heidenheimer BC,,Uwe Binder
local:uwe bitsch|PBC Fr. Lampertheim,,Uwe Bitsch
local:uwe cordes|Tübinger BC,,Uwe Cordes
local:uwe drawert|BSV Pfullingen,,Uwe Drawert
local:uwe lang|BC Dreiländereck,,Uwe Lang
local:uwe lang|P&S Denzlingen,,Uwe Lang
local:uwe lang|PBC Offenburg,,Uwe Lang
local:uwe machalett|PBC Freudenstadt,,Uwe Machalett
local:uwe mann|PBC Rastatt,,Uwe Mann
local:uwe schmidtbauer|BC Neckarsulm,,Uwe Schmidtbauer
local:valentin marten|BC Neckarsulm,,Valentin Marten
local:vanessa terzic|BF Bruchsal,,Vanessa Terzic
local:vedran rako|BULL Leonberg-Höfingen,,Vedran Rako
local:vedran rako|TV Cannstatt,,Vedran Rako
local:veljko andrasic|BSC St. Georgen,,Veljko Andrasic
local:viktor könig|BF Weinheim-Viernheim,,Viktor König
local:vincent enderlin|PBC Offenburg,,Vincent Enderlin
local:vincent wiesehügel|PBC Bruchsal,,Vincent Wiesehügel
local:vincenzo murano|BSC Göppingen,,Vincenzo Murano
local:vjekoslav mikulic|Heidenheimer BC,,Vjekoslav Mikulic
local:vladislav hebel|P&S Denzlingen,,Vladislav Hebel
local:volker auer|PBC Bad Saulgau,,Volker Auer
local:volker debus|BC Feuersee Leonberg,,Volker Debus
local:volker gutzeit|BBC Plochingen,,Volker Gutzeit
local:volker gutzeit|SBSC Denkendorf,,Volker Gutzeit
local:volker vögele|BSF Kurpfalz,,Volker Vögele
local:volkmar lorenz|PBC Schwäbisch Gmünd,,Volkmar Lorenz
local:volkmar lorenz|PBC Schwäbisch-Gmünd,,Volkmar Lorenz
local:wahib jaradat|Tübinger BC,,Wahib Jaradat
local:walter riebeling|PBC Sand,,Walter Riebeling
local:walter utz|PBC Ochsenhausen,,Walter Utz
local:werner schmidberger|PBC Ochsenhausen,,Werner Schmidberger
local:wilfried scheibel|BV Markdorf,,Wilfried Scheibel
local:wilhelm engelbrecht|BC Feuersee Ludwigsburg,,Wilhelm Engelbrecht
local:wilhelm schaier|PBDC Kämpfelbach,,Wilhelm Schaier
local:wilhelm zängler|PBV Rottweil,,Wilhelm Zängler
local:willi ludwig|PBC Waldbronn-Karlsbad,,Willi Ludwig
local:willi ludwig|PP Karlsbad,,Willi Ludwig
local:winfried netzer|PBC Ochsenhausen,,Winfried Netzer
local:witalij brendel|BC Crailsheim,,Witalij Brendel
local:witold kabacinski|PBC Waghäusel,,Witold Kabacinski
local:woldai wagner|BSV Konstanz,,Woldai Wagner
local:wolfgang duffner|BSC St. Georgen,,Wolfgang Duffner
local:wolfgang engelhardt|PBV Schwetzingen,,Wolfgang Engelhardt
local:wolfgang flöter|BF Bronnen,,Wolfgang Flöter
local:wolfgang frei|BV Villingen-Schwenningen,,Wolfgang Frei
local:wolfgang heiler|Poolsharks Bruchsal,,Wolfgang Heiler
local:wolfgang schmidt|BSV Nürtingen,,Wolfgang Schmidt
local:wolfgang schmidt|PBC Reutlingen,,Wolfgang Schmidt
local:wolfgang siethoff|PBC Waldbronn-Karlsbad,,Wolfgang Siethoff
local:wolfgang siethoff|PP Karlsbad,,Wolfgang Siethoff
local:wolfgang steidle|BC Aalen,,Wolfgang Steidle
local:wolfgang stimmer|PBC Ochsenhausen,,Wolfgang Stimmer
local:xanthos vlassidis|BC Weingarten,,Xanthos Vlassidis
local:xhemajil ibrahimi|PBC Freudenstadt,,Xhemajil Ibrahimi
local:yang yu|PBC Reutlingen,,Yang Yu
local:yannick droste|BSC Mannheim,,Yannick Droste
local:yannick redl|PBC Rastatt,,Yannick Redl
local:yasar mak|BV Backnang/Welzheim,,Yasar Mak
local:yavuz güleryüz|P&S Denzlingen,,Yavuz Güleryüz
local:yunus ayvaz|PF Calw,,Yunus Ayvaz
local:yunus gürbüz|BV Villingen-Schwenningen,,Yunus Gürbüz
local:yves hamacher|CC Karlsruhe,,Yves Hamacher
local:zehrudin vereget|PBV Schwetzingen,,Zehrudin Vereget
local:zejko zoric|P&S Denzlingen,,Zejko Zoric
local:zeki parlak|PBC Aalen,,Zeki Parlak
local:zeljko burmazovic|PBC Pfedelbach,,Zeljko Burmazovic
local:zeljko stefanac|BSV Filderstadt,,Zeljko Stefanac
local:zeynel benk|PBC Bietigheim-Bissingen,,Zeynel Benk
local:zlatko martinovic|TV Cannstatt,,Zlatko Martinovic
local:zlatko rosin|BC Aalen,,Zlatko Rosin
local:zoltan kelemen|BSF Kurpfalz,,Zoltan Kelemen
local:zoran buzasi|Heidenheimer BC,,Zoran Buzasi
local:zvonimir jembrih|PBC Schwäbisch Gmünd,,Zvonimir Jembrih
local:zvonimir jembrih|PBC Schwäbisch-Gmünd,,Zvonimir Jembrih
local:önder coskun|Fastbreakers Karlsruhe,,Önder Coskun
local:ümit muslu|PBV Schwetzingen,,Ümit Muslu
