player,team,league,staffel,games,wins,losses,weighted_games,elo,elo_low,elo_high,elo_se,expected_wins,residual
Ricardo Gutjahr,,Einzel,BM 8er Ball Herren Mitte | Kreismeisterschaften 8-Ball Herren Mitte | Landesmeisterschaft 10er Ball Herren | Landesmeisterschaft 14.1e Herren | Landesmeisterschaft 8er Ball Herren | Landesmeisterschaft 9er Ball Herren,99,89,10,99.00,1890,1814,1965,38,68.91,0.41
Mehmet Cankurt,Mannheimer BF 1,Landesliga,Nord,26,26,0,26.00,1856,1683,2029,88,21.28,0.39
Eric Mattern,,Einzel,Bezirksmeisterschaften 10er Ball Herren Nord | Bezirksmeisterschaften 14.1e Herren Nord | Bezirksmeisterschaften 8er Ball Herren Nord | Bezirksmeisterschaften 9er Ball Herren Nord | Kreismeisterschaften 10-Ball Herren Nord | Kreismeisterschaften 8-Ball Herren Nord | Kreismeisterschaften 9-Ball Herren Nord | LJM 2023 m-u23 8-Ball | LJM 2023 m-u23 9-Ball | Landesjugendmeisterschaft mU22 10 Ball | Landesjugendmeisterschaft mU22 9 Ball | Landesjugendmeisterschaft u14-u22 10-Ball | Landesjugendmeisterschaft u14-u22 14/1e | Landesjugendmeisterschaft u14-u22 8-Ball | Landesjugendmeisterschaft u14-u22 9-Ball | Landesmeisterschaft 10er Ball Herren | Landesmeisterschaft 14.1e Herren | Landesmeisterschaft 8er Ball Herren | Landesmeisterschaft 9er Ball Herren,115,99,16,115.00,1823,1752,1894,36,78.60,0.37
Hermann Hoyh,TV Cannstatt 1,Einzel | Landesliga,Landesmeisterschaft 10er Ball Herren | Landesmeisterschaft 14.1e Herren | Landesmeisterschaft 8er Ball Herren | Landesmeisterschaft 9er Ball Herren | Mitte,46,38,8,46.00,1811,1699,1924,57,32.17,0.36
Markus Kamuf,BF Bruchsal 1 | BF Bruchsal 2,Bezirksliga | Einzel,BM 10er Ball Senioren Nord | Bezirksmeisterschaften 9er Ball Senioren Nord | Landesmeisterschaft 10er Ball Senioren | Landesmeisterschaft 14.1e Senioren | Landesmeisterschaft 14.1e Senioren 45+ | Landesmeisterschaft 8er Ball Senioren | Landesmeisterschaft 8er Ball Senioren 45+ | Landesmeisterschaft 9er Ball Senioren | Landesmeisterschaft 9er Ball Senioren 45+ | Nord 1 | Nord 2,92,75,17,92.00,1808,1733,1884,39,60.32,0.36
Matthias Hardtke,,Einzel,BM 10er Ball Herren Mitte | BM 14/1 Einzel Herren Mitte | BM 8er Ball Herren Mitte | BM 9er Ball Herren Mitte | Bezirksmeisterschaften 14.1e Herren Mitte | Bezirksmeisterschaften 8er Ball Herren Mitte | Bezirksmeisterschaften 9er Ball Herren Mitte | Kreismeisterschaften 10-Ball Herren Mitte | Kreismeisterschaften 14.1e Herren Mitte | Kreismeisterschaften 8-Ball Herren Mitte | Kreismeisterschaften 9-Ball Herren Mitte | Landesmeisterschaft 10er Ball Herren | Landesmeisterschaft 14.1e Herren | Landesmeisterschaft 8er Ball Herren | Landesmeisterschaft 9er Ball Herren,157,110,47,157.00,1807,1750,1865,29,97.06,0.36
Alexander Haass,,Einzel,BM 10er Ball Herren Nord | BM 10er Ball Herren Nord (Kurpfalz) 2019-2020 | BM 14/1 Einzel Herren Nord | Kreismeisterschaften 8-Ball Herren Nord | Landesmeisterschaft 10er Ball Herren | Landesmeisterschaft 14.1e Herren | Landesmeisterschaft 8er Ball Herren | Landesmeisterschaft 9er Ball Herren,73,51,22,73.00,1806,1723,1890,42,44.08,0.36
Geronimo Rosa,,Einzel,Landesmeisterschaft 10er Ball Herren | Landesmeisterschaft 14.1e Herren | Landesmeisterschaft 8er Ball Herren | Landesmeisterschaft 9er Ball Herren,41,27,14,41.00,1805,1695,1914,56,23.35,0.35
Christian Brehme,,Einzel,Bezirksmeisterschaften 10er Ball Herren Nord | Bezirksmeisterschaften 14.1e Herren Nord | Bezirksmeisterschaften 8er Ball Herren Nord | Bezirksmeisterschaften 9er Ball Herren Nord | Kreismeisterschaften 10-Ball Herren Nord | Kreismeisterschaften 14/1e Herren Nord | Kreismeisterschaften 8-Ball Herren Nord | Kreismeisterschaften 9-Ball Herren Nord | Landesmeisterschaft 10er Ball Herren | Landesmeisterschaft 14.1e Herren | Landesmeisterschaft 8er Ball Herren | Landesmeisterschaft 9er Ball Herren,64,48,16,64.00,1799,1707,1891,47,41.19,0.35
Andreas Schroff,,Einzel,Bezirksmeisterschaften 10er Ball Herren Nord | Bezirksmeisterschaften 14.1e Herren Nord | Bezirksmeisterschaften 8er Ball Herren Nord | Bezirksmeisterschaften 9er Ball Herren Nord | Kreismeisterschaften 10-Ball Herren Nord | Kreismeisterschaften 14/1e Herren Nord | Kreismeisterschaften 8-Ball Herren Nord | Kreismeisterschaften 9-Ball Herren Nord | Landesmeisterschaft 10er Ball Herren | Landesmeisterschaft 14.1e Herren | Landesmeisterschaft 8er Ball Herren | Landesmeisterschaft 9er Ball Herren,68,53,15,68.00,1795,1705,1886,46,45.22,0.35
Helmut Heck,PBC Rastatt 1 | PBC Rastatt 2,Bezirksliga | Kreisliga A | Landesliga,Mitte | Mitte 1 | Mitte 2,8,8,0,8.00,1793,1510,2076,144,6.25,0.34
Fabian Neglein,,Einzel,Bezirksmeisterschaften 10er Ball Herren Ost | Bezirksmeisterschaften 14.1e Herren Ost | Bezirksmeisterschaften 8er Ball Herren Ost | Bezirksmeisterschaften 9er Ball Herren Ost | Kreismeisterschaften 10-Ball Herren Ost | Kreismeisterschaften 8-Ball Herren Ost | Kreismeisterschaften 9-Ball Herren Ost | Landesmeisterschaft 10er Ball Herren | Landesmeisterschaft 14.1e Herren | Landesmeisterschaft 8er Ball Herren | Landesmeisterschaft 9er Ball Herren,53,39,14,53.00,1785,1682,1888,53,35.40,0.34
Ruben Frick,,Einzel,Landesmeisterschaft 14.1e Herren | Landesmeisterschaft 9er Ball Herren,11,6,5,11.00,1780,1577,1983,103,5.63,0.33
Markus Buck,BSC Göppingen 2,Landesliga,Ost,18,17,1,18.00,1779,1597,1962,93,13.38,0.33
Bernd Hauenstein,,Einzel,BM 9er Ball Herren Mitte | Kreismeisterschaften 9-Ball Herren Mitte,8,6,2,8.00,1778,1536,2021,124,4.79,0.33
Daniel Merbitz,,Einzel,BM 10er Ball Senioren Mitte (Sindelfingen) 2019-2020 | Bezirksmeisterschaften 10er Ball Senioren Mitte | Bezirksmeisterschaften 14.1e Senioren Mitte | Bezirksmeisterschaften 8er Ball Senioren Mitte | Bezirksmeisterschaften 9er Ball Senioren Mitte | Landesmeisterschaft 10er Ball Senioren | Landesmeisterschaft 10er Ball Senioren 45+ | Landesmeisterschaft 14.1e Senioren | Landesmeisterschaft 14.1e Senioren 45+ | Landesmeisterschaft 8er Ball Senioren | Landesmeisterschaft 8er Ball Senioren 45+ | Landesmeisterschaft 9er Ball Senioren | Landesmeisterschaft 9er Ball Senioren 45+,117,85,32,117.00,1768,1703,1833,33,69.71,0.33
Farhad Shahverdi,BC Sindelfingen 3,Einzel | Landesliga,Kreismeisterschaften 8-Ball Senioren Mitte | Mitte,6,4,2,6.00,1766,1472,2061,150,4.22,0.32
Robin Heber,,Einzel,BM 8er Ball Senioren Mitte | Bezirksmeisterschaften 10er Ball Senioren 55+ Mitte | Bezirksmeisterschaften 10er Ball Senioren Mitte | Bezirksmeisterschaften 14.1e Senioren Mitte | Bezirksmeisterschaften 8er Ball Senioren Mitte | Landesmeisterschaft 10er Ball Senioren | Landesmeisterschaft 10er Ball Senioren 55+ | Landesmeisterschaft 14.1e Senioren | Landesmeisterschaft 14.1e Senioren 55+ | Landesmeisterschaft 8er Ball Senioren | Landesmeisterschaft 8er Ball Senioren 55+ | Landesmeisterschaft 9er Ball Senioren | Landesmeisterschaft 9er Ball Senioren 55+,108,72,36,108.00,1766,1698,1833,34,64.12,0.33
Tina Riedel,,Einzel,Landesmeisterschaft 10er Ball Damen | Landesmeisterschaft 14.1e Damen | Landesmeisterschaft 8er Ball Damen | Landesmeisterschaft 9er Ball Damen,16,14,2,16.00,1764,1572,1956,98,11.91,0.32
Marcus Mutschler,PBC Bietigheim-Bissingen 1,Bezirksliga | Einzel | Landesliga,Kreismeisterschaften 10-Ball Herren Mitte | Kreismeisterschaften 9-Ball Herren Mitte | Landesmeisterschaft 8er Ball Herren | Mitte | Mitte 2,25,18,7,25.00,1762,1615,1908,75,16.80,0.32
Andreas Keilmann,BC Sindelfingen 3 | BC Sindelfingen 5,Bezirksliga | Einzel | Landesliga,BM 10er Ball Herren West (Offenburg) 2019-2020 | BM 10er Ball Senioren West | BM 14/1 Einzel Senioren West | BM 8er Ball Senioren West | BM 9er Ball Senioren West | Bezirksmeisterschaften 14.1e Senioren 45+ Mitte | Bezirksmeisterschaften 8er Ball Senioren Mitte | Bezirksmeisterschaften 9er Ball Senioren Mitte | Kreismeisterschaften 10-Ball Senioren West | Kreismeisterschaften 8-Ball Senioren Mitte | Kreismeisterschaften 8-Ball Senioren West | Kreismeisterschaften 9-Ball Senioren Mitte | Kreismeisterschaften 9-Ball Senioren West | Landesmeisterschaft 10er Ball Herren | Landesmeisterschaft 10er Ball Senioren | Landesmeisterschaft 10er Ball Senioren 45+ | Landesmeisterschaft 14.1e Senioren | Landesmeisterschaft 8er Ball Senioren | Landesmeisterschaft 8er Ball Senioren 45+ | Landesmeisterschaft 9er Ball Senioren | Landesmeisterschaft 9er Ball Senioren 45+ | Mitte | West 1,163,117,46,163.00,1754,1697,1811,29,102.38,0.32
Gerd Hörrmann,PBC Rastatt 1 | PP Karlsbad 1,Bezirksliga | Einzel | Kreisliga A | Landesliga,BM 10er Ball Senioren Nord (PBC Waghäusel) 2019-2020 | BM 14/1 Einzel Senioren Nord | BM 9er Ball Senioren Nord | Bezirksmeisterschaften 10er Ball Senioren Nord | Bezirksmeisterschaften 14.1e Senioren 55+ Mitte | Bezirksmeisterschaften 14.1e Senioren Nord | Bezirksmeisterschaften 8er Ball Senioren Nord | Bezirksmeisterschaften 9er Ball Senioren 55+ Mitte | Bezirksmeisterschaften 9er Ball Senioren Nord | Kreismeisterschaften 10-Ball Senioren Nord | Kreismeisterschaften 8-Ball Senioren Nord | Kreismeisterschaften 9-Ball Senioren 55+ Mitte | Kreismeisterschaften 9-Ball Senioren Nord | Landesmeisterschaft 14.1e Senioren | Landesmeisterschaft 14.1e Senioren 55+ | Landesmeisterschaft 8er Ball Senioren | Landesmeisterschaft 9er Ball Senioren | Landesmeisterschaft 9er Ball Senioren 55+ | Mitte | Nord | Nord 1 | Nord 2,159,126,33,159.00,1749,1690,1807,30,105.32,0.31
Marco Giusa,PBC Bietigheim-Bissingen 2 | TV Cannstatt 2,Einzel | Landesliga,BM 10er Ball Herren Mitte (Sindelfingen) 2019-2020 | Bezirksmeisterschaften 10er Ball Herren Mitte | Bezirksmeisterschaften 14.1e Herren Mitte | Bezirksmeisterschaften 8er Ball Herren Mitte | Bezirksmeisterschaften 9er Ball Herren Mitte | Kreismeisterschaften 10-Ball Herren Mitte | Kreismeisterschaften 14.1e Herren Mitte | Kreismeisterschaften 8-Ball Herren Mitte | Kreismeisterschaften 9-Ball Herren Mitte | Landesmeisterschaft 10er Ball Herren | Landesmeisterschaft 14.1e Herren | Landesmeisterschaft 8er Ball Herren | Mitte | Ost,128,97,31,128.00,1749,1684,1813,33,81.20,0.31
Xanthos Vlassidis,,Einzel,BM 10er Ball Herren Mitte (Sindelfingen) 2019-2020 | Bezirksmeisterschaften 10er Ball Senioren 45+ Mitte | Bezirksmeisterschaften 14.1e Senioren 45+ Mitte | Bezirksmeisterschaften 8er Ball Senioren 45+Mitte | Bezirksmeisterschaften 9er Ball Senioren 45+ Mitte | Kreismeisterschaften 8-Ball Senioren 45+ Mitte | Kreismeisterschaften 9-Ball Senioren 45+ Mitte | Landesmeisterschaft 10er Ball Senioren 45+ | Landesmeisterschaft 8er Ball Senioren 45+ | Landesmeisterschaft 9er Ball Senioren 45+,46,36,10,46.00,1748,1642,1854,54,29.16,0.31
Holger Maier,,Einzel,Bezirksmeisterschaften 10er Ball Senioren Mitte | Bezirksmeisterschaften 8er Ball Senioren Mitte | Bezirksmeisterschaften 9er Ball Senioren Mitte | Kreismeisterschaften 10-Ball Senioren Mitte | Kreismeisterschaften 8-Ball Senioren Mitte | Kreismeisterschaften 9-Ball Senioren Mitte | Landesmeisterschaft 10er Ball Senioren | Landesmeisterschaft 10er Ball Senioren 45+ | Landesmeisterschaft 8er Ball Senioren | Landesmeisterschaft 8er Ball Senioren 45+ | Landesmeisterschaft 9er Ball Senioren | Landesmeisterschaft 9er Ball Senioren 45+,80,51,29,80.00,1747,1668,1826,40,46.81,0.31
Manuel Klappstein,PBC Rastatt 1 | PBC Rastatt 2 | PBC Rastatt 3,Bezirksliga | Kreisliga A | Landesliga,Mitte | Mitte 1 | Mitte 2 | Mitte 3 | Mitte 4,106,98,8,106.00,1747,1667,1827,41,81.30,0.31
Markus Hardtke,,Einzel,BM 10er Ball Herren Mitte | BM 14/1 Einzel Herren Mitte | BM 8er Ball Herren Mitte | BM 9er Ball Herren Mitte | Bezirksmeisterschaften 10er Ball Herren Mitte | Bezirksmeisterschaften 14.1e Herren Mitte | Bezirksmeisterschaften 8er Ball Herren Mitte | Bezirksmeisterschaften 9er Ball Herren Mitte | Kreismeisterschaften 10-Ball Herren Mitte | Kreismeisterschaften 14.1e Herren Mitte | Kreismeisterschaften 8-Ball Herren Mitte | Kreismeisterschaften 9-Ball Herren Mitte | Landesmeisterschaft 10er Ball Herren | Landesmeisterschaft 14.1e Herren | Landesmeisterschaft 8er Ball Herren | Landesmeisterschaft 9er Ball Herren,159,101,58,159.00,1745,1689,1801,29,89.25,0.31
Stefan Duttlinger,BSV Tiengen 2,Einzel | Landesliga,BM 10er Ball Herren West | BM 10er Ball Herren West (Offenburg) 2019-2020 | BM 14/1 Einzel Herren West | BM 9er Ball Herren West | Bezirksmeisterschaften 10er Ball Herren West | Bezirksmeisterschaften 14.1e Herren West | Bezirksmeisterschaften 8er Ball Herren West | Bezirksmeisterschaften 9er Ball Herren West | Landesmeisterschaft 10er Ball Herren | Landesmeisterschaft 14.1e Herren | Landesmeisterschaft 8er Ball Herren | Landesmeisterschaft 9er Ball Herren | West,117,78,39,117.00,1745,1680,1811,33,66.97,0.31
Markus Strauß,BV Villingen-Schwenningen 1,Einzel | Landesliga,Bezirksmeisterschaften 10er Ball Senioren 55+ West | Bezirksmeisterschaften 14.1e Senioren 55+ West | Landesmeisterschaft 10er Ball Senioren 55+ | Landesmeisterschaft 14.1e Senioren 55+ | West,32,26,6,32.00,1744,1613,1875,67,21.95,0.30
Giuseppe Curcio,TV Cannstatt 1,Landesliga,Mitte,26,23,3,26.00,1743,1602,1883,72,17.36,0.30
Martin Schwab,,Einzel,BM 10er Ball Senioren West | BM 14/1 Einzel Senioren West | BM 8er Ball Senioren West | BM 9er Ball Senioren West | Bezirksmeisterschaften 10er Ball Senioren West | Bezirksmeisterschaften 9er Ball Senioren West | Kreismeisterschaften 10-Ball Senioren West | Kreismeisterschaften 8-Ball Senioren West | Kreismeisterschaften 9-Ball Senioren West | Landesmeisterschaft 10er Ball Senioren | Landesmeisterschaft 14.1e Senioren | Landesmeisterschaft 8er Ball Senioren | Landesmeisterschaft 9er Ball Senioren,80,62,18,80.00,1743,1664,1823,41,48.39,0.31
Ruben Winkler,PBC Schwäbisch Hall 1,Einzel | Landesliga,BM 14/1 Einzel Herren Mitte | Kreismeisterschaften 8-Ball Herren Mitte | Nord,36,29,7,36.00,1743,1619,1867,63,24.84,0.30
Hendrik Reckers,BF Bruchsal 1,Einzel | Landesliga,BM 10er Ball Herren Nord | BM 8er Ball Herren Nord | BM 9er Ball Herren Nord | Bezirksmeisterschaften 10er Ball Herren Nord | Bezirksmeisterschaften 8er Ball Herren Nord | Bezirksmeisterschaften 9er Ball Herren Nord | Kreismeisterschaften 10-Ball Herren Nord | Kreismeisterschaften 9-Ball Herren Nord | Landesmeisterschaft 10er Ball Herren | Landesmeisterschaft 14.1e Herren | Landesmeisterschaft 8er Ball Herren | Landesmeisterschaft 9er Ball Herren | Nord,72,47,25,72.00,1742,1658,1826,43,42.48,0.30
Alexandros Vassiliadis,PBC Aalen 1 | PBC Aalen 2,Bezirksliga | Landesliga,Mitte | Mitte 1 | Ost 2,75,69,6,75.00,1740,1651,1828,45,53.51,0.30
Dieter Neumann,Pool Knights Bensheim 1 | Pool Knights Bensheim 2,Bezirksliga | Einzel | Kreisliga A | Landesliga,Bezirksmeisterschaften 10er Ball Herren Nord | Bezirksmeisterschaften 10er Ball Senioren 45+ Nord | Bezirksmeisterschaften 14.1e Herren Nord | Bezirksmeisterschaften 14.1e Senioren 45+ Nord | Bezirksmeisterschaften 8er Ball Herren Nord | Bezirksmeisterschaften 8er Ball Senioren 45+Nord | Bezirksmeisterschaften 9er Ball Herren Nord | Bezirksmeisterschaften 9er Ball Senioren 45+ Nord | Kreismeisterschaften 10-Ball Herren Nord | Kreismeisterschaften 14.1e Herren Nord | Kreismeisterschaften 8-Ball Herren Nord | Kreismeisterschaften 9-Ball Herren Nord | Landesmeisterschaft 14.1e Herren | Landesmeisterschaft 8er Ball Herren | Landesmeisterschaft 8er Ball Senioren 45+ | Landesmeisterschaft 9er Ball Herren | Nord | Nord 1 | Nord 3,156,118,38,156.00,1740,1681,1799,30,101.22,0.31
Károly Kis,BC Bad Schussenried 1,Landesliga,Ost,16,14,2,16.00,1739,1564,1915,90,10.36,0.30
Florian Menzel,,Einzel,BM 10er Ball Herren Nord | BM 10er Ball Herren Nord (Kurpfalz) 2019-2020 | BM 8er Ball Herren Nord | BM 9er Ball Herren Nord | Bezirksmeisterschaften 14.1e Herren Nord | Bezirksmeisterschaften 8er Ball Herren Nord | Kreismeisterschaften 14.1e Herren Nord | Kreismeisterschaften 14/1e Herren Nord | Kreismeisterschaften 8-Ball Herren Nord | Kreismeisterschaften 9-Ball Herren Nord | Landesmeisterschaft 8er Ball Herren,68,46,22,68.00,1737,1651,1823,44,41.19,0.30
Matthias Ludersdorfer,Tübinger BC 1 | Tübinger BC 2,Bezirksliga | Einzel | Kreisliga A | Landesliga,Bezirksmeisterschaften 14.1e Herren Mitte | Kreismeisterschaften 14.1e Herren Mitte | Landesmeisterschaft 14.1e Herren | Ost | Ost 1,37,29,8,37.00,1732,1607,1856,64,25.35,0.29
Jens Heim,,Einzel,BM 10er Ball Herren Nord | BM 14/1 Einzel Herren Nord | BM 9er Ball Herren Nord | Bezirksmeisterschaften 10er Ball Herren Nord | Bezirksmeisterschaften 10er Ball Senioren 45+ Nord | Bezirksmeisterschaften 14.1e Senioren 45+ Nord | Bezirksmeisterschaften 8er Ball Senioren 45+Nord | Bezirksmeisterschaften 9er Ball Senioren 45+ Nord | Kreismeisterschaften 10-Ball Herren Nord | Kreismeisterschaften 14.1e Herren Nord | Kreismeisterschaften 9-Ball Herren Nord | Landesmeisterschaft 10er Ball Senioren 45+ | Landesmeisterschaft 14.1e Herren | Landesmeisterschaft 14.1e Senioren 45+ | Landesmeisterschaft 9er Ball Herren | Landesmeisterschaft 9er Ball Senioren 45+,79,51,28,79.00,1730,1651,1810,40,46.50,0.29
Christian Schaber,PBC Langenargen 2 | PBC Langenargen 3,Bezirksliga | Einzel,Bezirksmeisterschaften 10er Ball Senioren Ost | Bezirksmeisterschaften 14.1e Senioren 45+ Ost | Bezirksmeisterschaften 8er Ball Senioren Ost | Bezirksmeisterschaften 9er Ball Senioren 45+ Ost | Bezirksmeisterschaften 9er Ball Senioren Ost | Kreismeisterschaften 8-Ball Senioren Ost | Landesmeisterschaft 10er Ball Senioren | Landesmeisterschaft 10er Ball Senioren 45+ | Landesmeisterschaft 14.1e Senioren 45+ | Landesmeisterschaft 8er Ball Senioren | Landesmeisterschaft 9er Ball Senioren | Ost 2,64,51,13,64.00,1729,1637,1820,47,41.72,0.29
Randee Ramzi Yalda,BSV Pfullingen 1,Einzel | Landesliga,BM 10er Ball Herren Ost | BM 14/1 Einzel Herren Ost | BM 9er Ball Herren Ost | Bezirksmeisterschaften 10er Ball Herren Ost | Bezirksmeisterschaften 14.1e Herren Ost | Bezirksmeisterschaften 8er Ball Herren Ost | Bezirksmeisterschaften 9er Ball Herren Ost | Kreismeisterschaften 10-Ball Herren Ost | Kreismeisterschaften 8-Ball Herren Ost | Kreismeisterschaften 9-Ball Herren Ost | Landesmeisterschaft 10er Ball Herren | Landesmeisterschaft 14.1e Herren | Landesmeisterschaft 8er Ball Herren | Landesmeisterschaft 9er Ball Herren | Ost | West,107,80,27,107.00,1728,1659,1798,35,65.99,0.29
Adrian Cabanillas Lora,BSV Shooters Fellbach 1 | TV Cannstatt 1 | TV Cannstatt 2,Bezirksliga | Einzel | Landesliga,BM 10er Ball Herren Mitte | BM 14/1 Einzel Herren Mitte | BM 9er Ball Herren Mitte | Bezirksmeisterschaften 10er Ball Herren Mitte | Bezirksmeisterschaften 14.1e Herren Mitte | Bezirksmeisterschaften 8er Ball Herren Mitte | Bezirksmeisterschaften 9er Ball Herren Mitte | Kreismeisterschaften 10-Ball Herren Mitte | Kreismeisterschaften 14.1e Herren Mitte | Kreismeisterschaften 8-Ball Herren Mitte | Kreismeisterschaften 9-Ball Herren Mitte | Landesmeisterschaft 10er Ball Herren | Landesmeisterschaft 14.1e Herren | Landesmeisterschaft 9er Ball Herren | Mitte | Mitte 2 | Ost 2,114,84,30,114.00,1727,1660,1794,34,69.23,0.29
Philipp Lisenko,P&S Denzlingen 1 | P&S Denzlingen 2,Landesliga,West,46,42,4,46.00,1726,1611,1841,59,33.87,0.29
Andreas Kullmann,,Einzel,Bezirksmeisterschaften 10er Ball Senioren 55+ Nord | Bezirksmeisterschaften 14.1e Senioren 55+ Nord | Bezirksmeisterschaften 14.1e Senioren Nord | Bezirksmeisterschaften 8er Ball Senioren 55+Nord | Bezirksmeisterschaften 8er Ball Senioren Nord | Bezirksmeisterschaften 9er Ball Senioren 55+ Nord | Bezirksmeisterschaften 9er Ball Senioren Nord | Kreismeisterschaften 14.1e Senioren Nord | Kreismeisterschaften 14/1e Senioren 55+ Nord | Kreismeisterschaften 8-Ball Senioren Nord | Kreismeisterschaften 9-Ball Senioren Nord | Landesmeisterschaft 10er Ball Senioren 55+ | Landesmeisterschaft 14.1e Senioren | Landesmeisterschaft 14.1e Senioren 55+ | Landesmeisterschaft 8er Ball Senioren | Landesmeisterschaft 8er Ball Senioren 55+ | Landesmeisterschaft 9er Ball Senioren 55+,85,67,18,85.00,1725,1646,1803,40,54.59,0.29
Calvin Waldecker,CC Karlsruhe 1 | CC Karlsruhe 2 | PBC Rastatt 1,Bezirksliga | Einzel | Landesliga,Bezirksmeisterschaften 9er Ball Herren Nord | Kreismeisterschaften 10-Ball Herren Nord | Kreismeisterschaften 14/1e Herren Nord | Kreismeisterschaften 8-Ball Herren Nord | Kreismeisterschaften 9-Ball Herren Nord | Mitte 1 | Nord,128,97,31,128.00,1723,1658,1788,33,84.18,0.29
Andreas Jeschka,PBC Reutlingen 1,Einzel | Landesliga,BM 10er Ball Senioren Ost | BM 14/1 Einzel Senioren Ost | BM 8er Ball Senioren Ost | Kreismeisterschaften 10-Ball Senioren Ost | Kreismeisterschaften 8-Ball Senioren Ost | Kreismeisterschaften 9-Ball Senioren Ost | Landesmeisterschaft 10er Ball Senioren | Landesmeisterschaft 14.1e Senioren | Landesmeisterschaft 8er Ball Senioren | West,40,31,9,40.00,1721,1607,1835,58,25.45,0.28
Tayfun Teber,,Einzel,Kreismeisterschaften 9-Ball Herren Nord,6,6,0,6.00,1720,1429,2010,148,4.22,0.28
Marek Adam,PBC Waghäusel 2 | PBC Waghäusel 3,Bezirksliga | Einzel | Landesliga,Landesmeisterschaft 14.1e Herren | Landesmeisterschaft 9er Ball Herren | Nord | Nord 2,28,24,4,28.00,1716,1573,1860,73,19.22,0.28
Patrick Lauinger,PBC Rastatt 1 | PBC Rastatt 2 | PBC Rastatt 3,Bezirksliga | Kreisliga A | Landesliga,Mitte | Mitte 1 | Mitte 2 | Mitte 3 | Mitte 4,124,109,15,124.00,1714,1645,1783,35,88.40,0.28
Frank Wagenmann,PBC Offenburg 2,Einzel | Landesliga,BM 10er Ball Senioren West (Sand) 2019-2020 | BM 9er Ball Senioren West | Landesmeisterschaft 10er Ball Senioren | Landesmeisterschaft 8er Ball Senioren | Landesmeisterschaft 9er Ball Senioren | West,35,22,13,35.00,1713,1595,1830,60,19.66,0.27
Pavlos Dadakos,PBC Reutlingen 1,Einzel | Landesliga,Bezirksmeisterschaften 10er Ball Herren Ost | Bezirksmeisterschaften 14.1e Herren Ost | Bezirksmeisterschaften 8er Ball Herren Ost | Bezirksmeisterschaften 9er Ball Herren Ost | Kreismeisterschaften 10-Ball Herren Ost | Kreismeisterschaften 14.1e Herren Ost | Kreismeisterschaften 8-Ball Herren Ost | Kreismeisterschaften 9-Ball Herren Ost | Landesmeisterschaft 10er Ball Herren | Landesmeisterschaft 14.1e Herren | Landesmeisterschaft 8er Ball Herren | Landesmeisterschaft 9er Ball Herren | West,119,77,42,119.00,1712,1647,1777,33,69.14,0.28
Steffen Gross,,Einzel,Landesmeisterschaft 10er Ball Senioren | Landesmeisterschaft 14.1e Senioren | Landesmeisterschaft 8er Ball Senioren | Landesmeisterschaft 9er Ball Senioren,41,26,15,41.00,1712,1604,1821,55,21.19,0.27
Marius Sutor,PBC Offenburg 2,Landesliga,West,70,60,10,70.00,1711,1622,1800,45,47.80,0.27
Oliver Kielwein,,Einzel,Bezirksmeisterschaften 8er Ball Senioren Mitte | Kreismeisterschaften 10-Ball Senioren Mitte | Kreismeisterschaften 8-Ball Senioren Mitte | Kreismeisterschaften 9-Ball Senioren Mitte,30,23,7,30.00,1711,1579,1843,67,19.54,0.27
Simone Künzl,BC Sindelfingen 3,Einzel | Landesliga,BM 10er Ball Damen Ost und Mitte | BM 8er Ball Damen Ost - Mitte | BM 9er Ball Damen Ost und Mitte | Landesmeisterschaft 10er Ball Damen | Landesmeisterschaft 14.1e Damen | Landesmeisterschaft 8er Ball Damen | Landesmeisterschaft 9er Ball Damen | Mitte,69,61,8,69.00,1709,1617,1800,47,48.67,0.27
Ingo Nassall,BV Pforzheim 1 | PBC Rastatt 1 | PBC Rastatt 2 | PBC Rastatt 3,Bezirksliga | Einzel | Kreisliga A | Landesliga,BM 10er Ball Senioren Mitte | BM 10er Ball Senioren Nord (PBC Waghäusel) 2019-2020 | BM 14/1 Einzel Senioren Mitte | BM 8er Ball Senioren Mitte | Bezirksmeisterschaften 10er Ball Senioren Mitte | Bezirksmeisterschaften 14.1e Senioren 55+ Mitte | Bezirksmeisterschaften 14.1e Senioren Mitte | Bezirksmeisterschaften 8er Ball Senioren 55+Mitte | Bezirksmeisterschaften 8er Ball Senioren Mitte | Bezirksmeisterschaften 9er Ball Senioren 55+ Mitte | Bezirksmeisterschaften 9er Ball Senioren Mitte | Kreismeisterschaften 10-Ball Senioren Mitte | Kreismeisterschaften 8-Ball Senioren 55+ Mitte | Kreismeisterschaften 9-Ball Senioren Mitte | Landesmeisterschaft 10er Ball Senioren | Landesmeisterschaft 10er Ball Senioren 55+ | Landesmeisterschaft 14.1e Senioren | Landesmeisterschaft 14.1e Senioren 55+ | Landesmeisterschaft 8er Ball Senioren | Landesmeisterschaft 8er Ball Senioren 55+ | Landesmeisterschaft 9er Ball Senioren | Landesmeisterschaft 9er Ball Senioren 55+ | Mitte | Mitte 1 | Mitte 3 | Mitte 4,251,185,66,251.00,1708,1662,1754,23,158.03,0.28
Michael Roth,CC Karlsruhe 1 | CC Karlsruhe 2,Bezirksliga | Einzel | Landesliga,BM 10er Ball Senioren Nord | BM 9er Ball Senioren Nord | Kreismeisterschaften 10-Ball Senioren Nord | Kreismeisterschaften 14.1e Senioren Nord | Kreismeisterschaften 8-Ball Senioren Nord | Kreismeisterschaften 9-Ball Senioren Nord | Nord | Nord 1,74,55,19,74.00,1708,1624,1792,43,48.02,0.27
Daniel Moll,BV Markdorf 1 | BV Markdorf 2,Bezirksliga | Landesliga,Ost | Ost 2,42,36,6,42.00,1707,1595,1819,57,27.86,0.27
Erdal Akinci,,Einzel,BM 10er Ball Herren Ost (Pfullingen) 2019-2020 | BM 10er Ball Senioren Ost | BM 14/1 Einzel Senioren Ost | BM 8er Ball Senioren Ost | BM 9er Ball Senioren Ost | Bezirksmeisterschaften 10er Ball Senioren 45+ Ost | Bezirksmeisterschaften 10er Ball Senioren Ost | Bezirksmeisterschaften 14.1e Senioren 45+ Ost | Bezirksmeisterschaften 14.1e Senioren Ost | Bezirksmeisterschaften 8er Ball Senioren 45+Ost | Bezirksmeisterschaften 8er Ball Senioren Ost | Bezirksmeisterschaften 9er Ball Senioren Ost | Kreismeisterschaften 10-Ball Senioren Ost | Kreismeisterschaften 8-Ball Senioren Ost | Kreismeisterschaften 9-Ball Senioren Ost | Landesmeisterschaft 10er Ball Herren | Landesmeisterschaft 10er Ball Senioren | Landesmeisterschaft 10er Ball Senioren 45+ | Landesmeisterschaft 14.1e Herren | Landesmeisterschaft 14.1e Senioren | Landesmeisterschaft 14.1e Senioren 45+ | Landesmeisterschaft 8er Ball Herren | Landesmeisterschaft 8er Ball Senioren | Landesmeisterschaft 9er Ball Herren | Landesmeisterschaft 9er Ball Senioren | Landesmeisterschaft 9er Ball Senioren 45+,157,92,65,157.00,1707,1650,1764,29,90.40,0.27
Michael Matschewsky,PBC Freudenstadt 1,Einzel | Landesliga,BM 9er Ball Herren West | Kreismeisterschaften 9-Ball Herren West | LJM 2023 m-u23 8-Ball | LJM 2023 m-u23 9-Ball | Landesmeisterschaft 9er Ball Herren | West,42,30,12,42.00,1707,1595,1819,57,25.19,0.27
Frank Gebert,BC Blaustein 1 | BSV Filderstadt 3,Einzel | Landesliga,Bezirksmeisterschaften 10er Ball Senioren 55+ Ost | Bezirksmeisterschaften 10er Ball Senioren Ost | Bezirksmeisterschaften 14.1e Senioren 55+ Ost | Bezirksmeisterschaften 9er Ball Senioren 55+ Ost | Bezirksmeisterschaften 9er Ball Senioren Ost | Kreismeisterschaften 10-Ball Senioren Ost | Kreismeisterschaften 9-Ball Senioren Ost | Landesmeisterschaft 14.1e Senioren | Landesmeisterschaft 14.1e Senioren 55+ | Landesmeisterschaft 8er Ball Senioren | Landesmeisterschaft 9er Ball Senioren | Ost,84,65,19,84.00,1706,1627,1785,40,53.22,0.27
Frank Nitsche,CC Karlsruhe 1 | CC Karlsruhe 2,Bezirksliga | Einzel | Landesliga,BM 10er Ball Senioren Nord (PBC Waghäusel) 2019-2020 | Landesmeisterschaft 10er Ball Senioren | Nord | Nord 1,30,24,6,30.00,1706,1578,1835,66,18.58,0.27
Zeljko Burmazovic,PBC Schwäbisch Hall 1,Einzel | Landesliga,BM 10er Ball Herren Mitte | BM 9er Ball Herren Mitte | Bezirksmeisterschaften 10er Ball Herren Mitte | Bezirksmeisterschaften 8er Ball Herren Mitte | Kreismeisterschaften 10-Ball Herren Mitte | Kreismeisterschaften 8-Ball Herren Mitte | Kreismeisterschaften 9-Ball Herren Mitte | Nord,74,49,25,74.00,1706,1624,1788,42,43.76,0.27
Thomas Gäckle,PF Calw 1 | PF Calw 2,Bezirksliga | Einzel | Kreisliga A,BM 10er Ball Herren Mitte | BM 10er Ball Herren Mitte (Sindelfingen) 2019-2020 | BM 14/1 Einzel Herren Mitte | BM 8er Ball Herren Mitte | BM 9er Ball Herren Mitte | Bezirksmeisterschaften 10er Ball Herren Mitte | Bezirksmeisterschaften 10er Ball Senioren 45+ Mitte | Bezirksmeisterschaften 14.1e Herren Mitte | Bezirksmeisterschaften 14.1e Senioren 45+ Mitte | Bezirksmeisterschaften 8er Ball Herren Mitte | Bezirksmeisterschaften 8er Ball Senioren 45+Mitte | Bezirksmeisterschaften 9er Ball Herren Mitte | Bezirksmeisterschaften 9er Ball Senioren 45+ Mitte | Kreismeisterschaften 10-Ball Herren Mitte | Kreismeisterschaften 14.1e Herren Mitte | Kreismeisterschaften 8-Ball Herren Mitte | Kreismeisterschaften 8-Ball Senioren 45+ Mitte | Kreismeisterschaften 9-Ball Herren Mitte | Kreismeisterschaften 9-Ball Senioren 45+ Mitte | Landesmeisterschaft 10er Ball Herren | Landesmeisterschaft 10er Ball Senioren 45+ | Landesmeisterschaft 14.1e Herren | Landesmeisterschaft 14.1e Senioren 45+ | Landesmeisterschaft 8er Ball Senioren 45+ | Landesmeisterschaft 9er Ball Herren | Landesmeisterschaft 9er Ball Senioren 45+ | Mitte 2 | West 1,155,105,50,155.00,1705,1647,1763,30,93.69,0.27
Patrick Mungiuri,BV Pforzheim 2,Bezirksliga | Einzel | Landesliga,BM 10er Ball Herren Mitte | BM 8er Ball Herren Mitte | Bezirksmeisterschaften 10er Ball Herren Mitte | Bezirksmeisterschaften 14.1e Herren Mitte | Bezirksmeisterschaften 8er Ball Herren Mitte | Bezirksmeisterschaften 9er Ball Herren Mitte | Kreismeisterschaften 10-Ball Herren Mitte | Kreismeisterschaften 14.1e Herren Mitte | Kreismeisterschaften 14/1e Herren Mitte | Kreismeisterschaften 8-Ball Herren Mitte | Kreismeisterschaften 9-Ball Herren Mitte | Landesmeisterschaft 8er Ball Herren | Landesmeisterschaft 9er Ball Herren | Mitte | Mitte 2,145,105,40,145.00,1701,1642,1761,30,85.99,0.27
Stanislaw Kretz,BV Pforzheim 1,Einzel | Landesliga,Bezirksmeisterschaften 10er Ball Herren Mitte | Bezirksmeisterschaften 14.1e Herren Mitte | Bezirksmeisterschaften 9er Ball Herren Mitte | Kreismeisterschaften 10-Ball Herren Mitte | Kreismeisterschaften 14.1e Herren Mitte | Kreismeisterschaften 9-Ball Herren Mitte | Landesmeisterschaft 14.1e Herren | Mitte,104,71,33,104.00,1701,1631,1771,36,62.98,0.26
Andreas Augustin,BC Aalen 2,Einzel | Landesliga,BM 9er Ball Herren Mitte | Kreismeisterschaften 10-Ball Senioren 55+ Mitte | Kreismeisterschaften 9-Ball Herren Mitte | Kreismeisterschaften 9-Ball Senioren 55+ Mitte | Mitte,40,29,11,40.00,1699,1586,1812,58,24.41,0.26
Lutz Metzner,BV Markdorf 1 | BV Markdorf 2,Bezirksliga | Landesliga,Ost | Ost 2 | Süd 3,36,33,3,36.00,1699,1577,1822,62,24.59,0.26
Marvin Zimmer,BSC Lions Bietigheim 1 | BSC Lions Bietigheim 2,Bezirksliga | Kreisliga A | Landesliga,Mitte 1 | Mitte 2 | West,110,100,10,110.00,1699,1626,1772,37,78.21,0.26
Michael Schwarzjirg,TV Cannstatt 1 | TV Cannstatt 2 | TV Cannstatt 3,Bezirksliga | Kreisliga A | Landesliga,Mitte | Mitte 1 | Mitte 2 | Ost 1,68,58,10,68.00,1698,1608,1789,46,46.74,0.26
Dennis Wörthmüller,PBV Schwetzingen 3,Landesliga,Nord,24,19,5,24.00,1697,1552,1843,74,15.29,0.26
Stefan Künzl,BC Sindelfingen 3 | BC Sindelfingen 4 | BSV Shooters Fellbach 1,Bezirksliga | Einzel | Landesliga,Bezirksmeisterschaften 14.1e Herren Mitte | Bezirksmeisterschaften 8er Ball Herren Mitte | Kreismeisterschaften 10-Ball Herren Mitte | Kreismeisterschaften 14.1e Herren Mitte | Kreismeisterschaften 8-Ball Herren Mitte | Kreismeisterschaften 9-Ball Herren Mitte | Landesmeisterschaft 14.1e Herren | Mitte | Mitte 1 | Ost 2,68,46,22,68.00,1697,1610,1783,44,40.56,0.26
Fabian Snijder,Mannheimer BF 1,Einzel | Landesliga,BM 10er Ball Herren Nord | BM 10er Ball Herren Nord (Kurpfalz) 2019-2020 | Bezirksmeisterschaften 10er Ball Herren Nord | Bezirksmeisterschaften 14.1e Herren Nord | Bezirksmeisterschaften 8er Ball Herren Nord | Bezirksmeisterschaften 9er Ball Herren Nord | Kreismeisterschaften 10-Ball Herren Nord | Kreismeisterschaften 14.1e Herren Nord | Kreismeisterschaften 14/1e Herren Nord | Kreismeisterschaften 8-Ball Herren Nord | Kreismeisterschaften 9-Ball Herren Nord | Landesmeisterschaft 10er Ball Herren | Landesmeisterschaft 8er Ball Herren | Landesmeisterschaft 9er Ball Herren | Nord,158,102,56,158.00,1696,1640,1753,29,90.24,0.26
Sven Sibbus,BV Pforzheim 2,Bezirksliga,Mitte 2,4,4,0,4.00,1695,1355,2035,173,2.83,0.25
Ralf Grießhaber,BV Villingen-Schwenningen 1,Einzel | Landesliga,BM 10er Ball Herren West | BM 10er Ball Herren West (Offenburg) 2019-2020 | BM 14/1 Einzel Herren West | BM 8er Ball Herren West | Bezirksmeisterschaften 10er Ball Herren West | Bezirksmeisterschaften 14.1e Herren West | Bezirksmeisterschaften 8er Ball Herren West | Bezirksmeisterschaften 9er Ball Herren West | Kreismeisterschaften 14.1e Herren West | Kreismeisterschaften 9-Ball Herren West | Landesmeisterschaft 10er Ball Herren | Landesmeisterschaft 14.1e Herren | Landesmeisterschaft 8er Ball Herren | Landesmeisterschaft 9er Ball Herren | West,145,93,52,145.00,1694,1635,1753,30,81.32,0.26
Daniel Kimmig,PBC Offenburg 3,Einzel | Landesliga,Bezirksmeisterschaften 10er Ball Senioren West | Bezirksmeisterschaften 14.1e Senioren West | Bezirksmeisterschaften 9er Ball Senioren West | Kreismeisterschaften 10-Ball Senioren West | Kreismeisterschaften 8-Ball Senioren West | Kreismeisterschaften 9-Ball Senioren West | West,26,19,7,26.00,1693,1555,1831,71,15.80,0.25
Drazen Smolcic,PBC Sand 1,Einzel | Landesliga,BM 10er Ball Senioren West | BM 8er Ball Senioren West | BM 9er Ball Senioren West | Bezirksmeisterschaften 10er Ball Senioren 45+ West | Bezirksmeisterschaften 10er Ball Senioren West | Bezirksmeisterschaften 14.1e Senioren 45+ West | Bezirksmeisterschaften 8er Ball Senioren 45+West | Bezirksmeisterschaften 8er Ball Senioren West | Bezirksmeisterschaften 9er Ball Senioren 45+ West | Bezirksmeisterschaften 9er Ball Senioren West | Kreismeisterschaften 10-Ball Senioren West | Kreismeisterschaften 8-Ball Senioren West | Kreismeisterschaften 9-Ball Senioren West | Landesmeisterschaft 8er Ball Senioren | Landesmeisterschaft 9er Ball Senioren | Süd,93,60,33,93.00,1693,1619,1767,38,55.16,0.26
Haydar Chehade,BBV Mannheim 1 | BBV Mannheim 2,Bezirksliga | Einzel | Landesliga,Bezirksmeisterschaften 10er Ball Herren Nord | Bezirksmeisterschaften 8er Ball Herren Nord | Bezirksmeisterschaften 9er Ball Herren Nord | Kreismeisterschaften 10-Ball Herren Nord | Kreismeisterschaften 8-Ball Herren Nord | Kreismeisterschaften 9-Ball Herren Nord | Landesmeisterschaft 10er Ball Herren | Landesmeisterschaft 9er Ball Herren | Nord | Nord 1,100,70,30,100.00,1692,1620,1765,37,61.34,0.26
Marco Warlies,,Einzel,BM 8er Ball Herren Mitte | Bezirksmeisterschaften 10er Ball Herren Mitte | Bezirksmeisterschaften 8er Ball Herren Mitte | Bezirksmeisterschaften 9er Ball Herren Mitte | Kreismeisterschaften 10-Ball Herren Mitte | Kreismeisterschaften 14.1e Herren Mitte | Kreismeisterschaften 14/1e Herren Mitte | Kreismeisterschaften 8-Ball Herren Mitte | Kreismeisterschaften 9-Ball Herren Mitte | Landesmeisterschaft 10er Ball Herren | Landesmeisterschaft 8er Ball Herren | Landesmeisterschaft 9er Ball Herren,88,51,37,88.00,1692,1617,1767,38,49.11,0.25
Alen Salic,BBV Mannheim 1,Landesliga,Nord,18,14,4,18.00,1691,1527,1855,84,11.37,0.25
Bernd Hafner,PF Calw 2 | PF Calw 3,Bezirksliga | Kreisliga A,Mitte 1 | Mitte 2,4,4,0,4.00,1691,1347,2036,176,2.87,0.25
Rainer Hermann,BSC Göppingen 1 | BSC Göppingen 2,Bezirksliga | Einzel | Kreisliga A | Landesliga,BM 8er Ball Herren Ost | Bezirksmeisterschaften 10er Ball Herren Ost | Bezirksmeisterschaften 8er Ball Herren Ost | Bezirksmeisterschaften 9er Ball Herren Ost | Kreismeisterschaften 10-Ball Herren Ost | Kreismeisterschaften 14.1e Herren Ost | Kreismeisterschaften 8-Ball Herren Ost | Kreismeisterschaften 9-Ball Herren Ost | Landesmeisterschaft 10er Ball Herren | Landesmeisterschaft 8er Ball Herren | Landesmeisterschaft 9er Ball Herren | Ost | Ost 1,168,124,44,168.00,1691,1635,1748,29,107.31,0.26
Stefan Weiß,BC Dreiländereck 2,Einzel | Landesliga,BM 10er Ball Herren West | BM 8er Ball Herren West | BM 9er Ball Herren West | Bezirksmeisterschaften 10er Ball Herren West | Bezirksmeisterschaften 14.1e Herren West | Bezirksmeisterschaften 8er Ball Herren West | Bezirksmeisterschaften 9er Ball Herren West | Kreismeisterschaften 10-Ball Herren West | Kreismeisterschaften 14.1e Herren West | Kreismeisterschaften 8-Ball Herren West | Kreismeisterschaften 9-Ball Herren West | Landesmeisterschaft 10er Ball Herren | Landesmeisterschaft 14.1e Herren | Landesmeisterschaft 8er Ball Herren | Landesmeisterschaft 9er Ball Herren | West,123,77,46,123.00,1691,1626,1755,33,69.02,0.25
Aleksander Diachkov,BV Pforzheim 1,Landesliga,Mitte,22,16,6,22.00,1690,1542,1838,76,13.71,0.25
Ihor Lialin,BSV Tiengen 2,Landesliga,West,12,11,1,12.00,1690,1484,1897,105,8.00,0.25
Robert Schwarz,BC Stuttgart 1891 2,Bezirksliga | Einzel,Bezirksmeisterschaften 14.1e Senioren Mitte | Kreismeisterschaften 14.1e Senioren Mitte | Kreismeisterschaften 8-Ball Senioren Mitte | Landesmeisterschaft 14.1e Senioren | Landesmeisterschaft 14.1e Senioren 45+ | Mitte 2,43,34,9,43.00,1690,1581,1800,56,26.92,0.25
Sven Deschner,BV Villingen-Schwenningen 1,Einzel | Landesliga,BM 10er Ball Senioren West | BM 14/1 Einzel Senioren West | BM 8er Ball Senioren West | BM 9er Ball Senioren West | Kreismeisterschaften 10-Ball Senioren West | Landesmeisterschaft 14.1e Senioren | Landesmeisterschaft 8er Ball Senioren | West,42,27,15,42.00,1688,1580,1795,55,23.38,0.25
Michael Diedrich,PBC Sand 1,Einzel | Landesliga,BM 14/1 Einzel Senioren West | BM 8er Ball Senioren West | BM 9er Ball Senioren West | Bezirksmeisterschaften 10er Ball Senioren 45+ West | Bezirksmeisterschaften 10er Ball Senioren West | Bezirksmeisterschaften 14.1e Senioren 45+ West | Bezirksmeisterschaften 14.1e Senioren West | Bezirksmeisterschaften 8er Ball Senioren West | Bezirksmeisterschaften 9er Ball Senioren 45+ West | Bezirksmeisterschaften 9er Ball Senioren West | Kreismeisterschaften 9-Ball Senioren West | Landesmeisterschaft 10er Ball Senioren | Landesmeisterschaft 10er Ball Senioren 45+ | Landesmeisterschaft 14.1e Senioren | Landesmeisterschaft 14.1e Senioren 45+ | Landesmeisterschaft 8er Ball Senioren | Landesmeisterschaft 8er Ball Senioren 45+ | Landesmeisterschaft 9er Ball Senioren | Landesmeisterschaft 9er Ball Senioren 45+ | Süd,123,71,52,123.00,1684,1621,1747,32,64.60,0.25
Jürgen Baumgärtner,BC Aalen 2,Einzel | Landesliga,BM 9er Ball Herren Mitte | Kreismeisterschaften 9-Ball Herren Mitte | Mitte,26,20,6,26.00,1682,1545,1820,70,15.67,0.24
Alexander Striker,,Einzel,BM 10er Ball Herren Mitte | BM 14/1 Einzel Herren Mitte | Bezirksmeisterschaften 10er Ball Herren Mitte | Bezirksmeisterschaften 9er Ball Herren Mitte | Kreismeisterschaften 10-Ball Herren Mitte | Kreismeisterschaften 14.1e Herren Mitte | Kreismeisterschaften 14/1e Herren Mitte | Kreismeisterschaften 8-Ball Herren Mitte | Kreismeisterschaften 9-Ball Herren Mitte | Landesmeisterschaft 9er Ball Herren,74,42,32,74.00,1680,1599,1760,41,39.65,0.24
Manuel Letzel,,Einzel,Landesmeisterschaft 8er Ball Herren,4,2,2,4.00,1680,1357,2002,164,1.56,0.24
Orhan Parama,BSC Göppingen 1 | BSC Göppingen 2,Einzel | Landesliga,Bezirksmeisterschaften 10er Ball Herren Ost | Bezirksmeisterschaften 9er Ball Herren Ost | Kreismeisterschaften 10-Ball Herren Ost | Kreismeisterschaften 9-Ball Herren Ost | Ost,69,52,17,69.00,1680,1593,1766,44,43.74,0.24
Alexander Casper,Mannheimer BF 1,Landesliga,Nord,30,25,5,30.00,1678,1547,1809,67,19.57,0.24
Gerald Kny,BV Pforzheim 1,Landesliga,Mitte,8,7,1,8.00,1678,1442,1915,121,4.57,0.24
Mike Dörfler,BC Dreiländereck 1,Landesliga,West,10,10,0,10.00,1678,1455,1902,114,6.74,0.24
Philipp Kibele,,Einzel,Bezirksmeisterschaften 9er Ball Herren Mitte | Kreismeisterschaften 10-Ball Herren Mitte | Kreismeisterschaften 8-Ball Herren Mitte | Kreismeisterschaften 9-Ball Herren Mitte,18,11,7,18.00,1678,1516,1840,83,10.35,0.24
Timo Reinert,BF Weinheim-Viernheim 1 | BF Weinheim-Viernheim 2 | PBC Fr. Lampertheim 1,Bezirksliga | Einzel | Landesliga,Kreismeisterschaften 8-Ball Herren Nord | Nord | Nord 1,88,71,17,88.00,1678,1600,1756,40,58.46,0.24
Holger Vier,PBC Bruchsal 1,Bezirksliga | Einzel | Landesliga,BM 10er Ball Senioren Nord (PBC Waghäusel) 2019-2020 | Landesmeisterschaft 10er Ball Senioren | Landesmeisterschaft 8er Ball Senioren | Landesmeisterschaft 9er Ball Senioren | Nord | Nord 1,29,20,9,29.00,1677,1546,1808,67,16.61,0.24
Christian Endres,BULL Leonberg-Höfingen 1,Landesliga,Mitte | Ost,26,20,6,26.00,1676,1538,1814,71,15.16,0.23
Steffen Joos,,Einzel,BM 9er Ball Herren West | Kreismeisterschaften 10-Ball Herren West | Kreismeisterschaften 8-Ball Herren West | Kreismeisterschaften 9-Ball Herren West,16,11,5,16.00,1676,1504,1849,88,9.34,0.23
Raphael Titzmann,BSV Filderstadt 1 | BSV Filderstadt 2 | BSV Filderstadt 3 | BSV Filderstadt 4,Bezirksliga | Einzel | Kreisliga A | Landesliga,BM 10er Ball Senioren Ost (Pfullingen) 2019-2020 | Bezirksmeisterschaften 10er Ball Senioren 55+ Ost | Bezirksmeisterschaften 14.1e Senioren 55+ Ost | Bezirksmeisterschaften 8er Ball Senioren 55+Ost | Bezirksmeisterschaften 8er Ball Senioren Ost | Bezirksmeisterschaften 9er Ball Senioren 55+ Ost | Bezirksmeisterschaften 9er Ball Senioren Ost | Kreismeisterschaften 8-Ball Senioren Ost | Kreismeisterschaften 9-Ball Senioren Ost | Landesmeisterschaft 10er Ball Senioren 55+ | Landesmeisterschaft 14.1e Senioren 55+ | Landesmeisterschaft 8er Ball Senioren | Landesmeisterschaft 9er Ball Senioren | Ost | Ost 1,107,73,34,107.00,1675,1605,1745,36,66.57,0.24
Dirk Müller,CC Karlsruhe 1 | CC Karlsruhe 2 | PP Karlsbad 1,Bezirksliga | Einzel | Landesliga,Bezirksmeisterschaften 8er Ball Senioren 55+Nord | Bezirksmeisterschaften 9er Ball Senioren 55+ Nord | Kreismeisterschaften 8-Ball Senioren 55+ Nord | Nord | Nord 2,82,62,20,82.00,1673,1594,1752,40,50.79,0.23
Raed Jaafar,PP Böblingen 1,Landesliga,Mitte,14,12,2,14.00,1673,1491,1855,93,8.56,0.23
Rolf Mangelsdorf,,Einzel,BM 14/1 Einzel Senioren West | BM 9er Ball Senioren West | Bezirksmeisterschaften 10er Ball Senioren West | Bezirksmeisterschaften 14.1e Senioren 55+ West | Bezirksmeisterschaften 14.1e Senioren West | Bezirksmeisterschaften 8er Ball Senioren West | Bezirksmeisterschaften 9er Ball Senioren West | Kreismeisterschaften 10-Ball Senioren West | Kreismeisterschaften 8-Ball Senioren West | Landesmeisterschaft 10er Ball Senioren | Landesmeisterschaft 14.1e Senioren | Landesmeisterschaft 14.1e Senioren 55+ | Landesmeisterschaft 8er Ball Senioren | Landesmeisterschaft 8er Ball Senioren 55+ | Landesmeisterschaft 9er Ball Senioren | Landesmeisterschaft 9er Ball Senioren 55+,104,54,50,104.00,1673,1605,1742,35,54.29,0.23
Berthold Moser,PBC Bräunlingen 1,Einzel | Landesliga,BM 10er Ball Senioren West | BM 10er Ball Senioren West (Sand) 2019-2020 | BM 8er Ball Senioren West | Bezirksmeisterschaften 10er Ball Senioren 45+ West | Bezirksmeisterschaften 10er Ball Senioren West | Bezirksmeisterschaften 8er Ball Senioren 45+West | Bezirksmeisterschaften 8er Ball Senioren West | Bezirksmeisterschaften 9er Ball Senioren 45+ West | Bezirksmeisterschaften 9er Ball Senioren West | Kreismeisterschaften 8-Ball Senioren West | Landesmeisterschaft 10er Ball Senioren | Landesmeisterschaft 8er Ball Senioren | Landesmeisterschaft 8er Ball Senioren 45+ | Landesmeisterschaft 9er Ball Senioren | Süd | West,140,94,46,140.00,1672,1612,1733,31,80.53,0.23
Thomas Kramhöller,BC Neckarsulm 2,Bezirksliga | Einzel | Kreisliga A,BM 10er Ball Herren Nord (Kurpfalz) 2019-2020 | BM 14/1 Einzel Herren Nord | BM 8er Ball Herren Nord | BM 9er Ball Herren Nord | Kreismeisterschaften 14.1e Herren Nord | Kreismeisterschaften 8-Ball Herren Nord | Kreismeisterschaften 9-Ball Herren Nord | Landesmeisterschaft 10er Ball Herren | Landesmeisterschaft 14.1e Herren | Landesmeisterschaft 9er Ball Herren | Nord 2 | Nord 3,75,51,24,75.00,1672,1590,1755,42,44.00,0.23
Udo Kirchgeßner,,Einzel,BM 14/1 Einzel Herren Nord | Bezirksmeisterschaften 14.1e Senioren 55+ Nord | Kreismeisterschaften 14.1e Herren Nord | Kreismeisterschaften 14/1e Senioren 55+ Nord | Kreismeisterschaften 8-Ball Senioren Nord | Landesmeisterschaft 14.1e Senioren 55+,29,20,9,29.00,1672,1542,1802,66,16.92,0.23
Benjamin Pran,BC Neckarsulm 1,Einzel | Landesliga,BM 10er Ball Herren Nord | BM 8er Ball Herren Nord | Kreismeisterschaften 10-Ball Herren Nord | Kreismeisterschaften 8-Ball Herren Nord | Nord,52,35,17,52.00,1671,1574,1767,49,30.24,0.23
Björn Spiegel,BC Feuersee 1 | BC Feuersee 2,Bezirksliga | Kreisliga A | Landesliga,Mitte | Mitte 1 | Mitte 2,48,33,15,48.00,1671,1569,1773,52,29.21,0.23
Markus Rütten,BC Dreiländereck 1,Bezirksliga | Einzel | Landesliga,BM 10er Ball Senioren West | BM 10er Ball Senioren West (Sand) 2019-2020 | BM 14/1 Einzel Senioren West | BM 8er Ball Senioren West | BM 9er Ball Senioren West | Bezirksmeisterschaften 10er Ball Senioren 45+ West | Bezirksmeisterschaften 10er Ball Senioren West | Bezirksmeisterschaften 14.1e Senioren 45+ West | Bezirksmeisterschaften 14.1e Senioren West | Bezirksmeisterschaften 8er Ball Senioren West | Bezirksmeisterschaften 9er Ball Senioren 45+ West | Bezirksmeisterschaften 9er Ball Senioren West | Kreismeisterschaften 10-Ball Senioren West | Kreismeisterschaften 9-Ball Senioren West | Landesmeisterschaft 10er Ball Senioren | Landesmeisterschaft 14.1e Senioren | Landesmeisterschaft 14.1e Senioren 45+ | Landesmeisterschaft 8er Ball Senioren | Landesmeisterschaft 8er Ball Senioren 45+ | Landesmeisterschaft 9er Ball Senioren | West | West 1,127,67,60,127.00,1671,1608,1733,32,68.45,0.23
Christian Rossa,BSV Pfullingen 1,Einzel | Landesliga,BM 8er Ball Herren Ost | Bezirksmeisterschaften 14.1e Herren Ost | Kreismeisterschaften 14.1e Herren Ost | Kreismeisterschaften 8-Ball Herren Ost | Landesmeisterschaft 14.1e Herren | Ost,41,26,15,41.00,1670,1561,1779,56,23.76,0.23
Michael Füess,,Einzel,BM 10er Ball Senioren Mitte | BM 10er Ball Senioren Mitte (Sindelfingen) 2019-2020 | BM 14/1 Einzel Senioren Mitte | BM 8er Ball Senioren Mitte | BM 9er Ball Senioren Mitte | Bezirksmeisterschaften 10er Ball Senioren 55+ Mitte | Bezirksmeisterschaften 10er Ball Senioren Mitte | Bezirksmeisterschaften 8er Ball Senioren 55+Mitte | Bezirksmeisterschaften 8er Ball Senioren Mitte | Kreismeisterschaften 10-Ball Senioren Mitte | Kreismeisterschaften 8-Ball Senioren Mitte | Kreismeisterschaften 9-Ball Senioren Mitte | Landesmeisterschaft 10er Ball Senioren | Landesmeisterschaft 10er Ball Senioren 55+ | Landesmeisterschaft 8er Ball Senioren,86,48,38,86.00,1670,1594,1747,39,48.76,0.23
Peter Rueff,BC Stuttgart 1891 2 | BC Stuttgart 1891 3,Bezirksliga | Kreisliga A,Mitte 1 | Mitte 2,21,20,1,21.00,1670,1509,1830,82,14.79,0.23
Anh Tran,BULL Leonberg-Höfingen 1,Einzel | Landesliga,Kreismeisterschaften 9-Ball Herren Mitte | Mitte,9,6,3,9.00,1669,1446,1892,114,5.27,0.23
Dany Baron,PP Böblingen 1 | TV Cannstatt 1 | TV Cannstatt 2,Bezirksliga | Einzel | Landesliga,BM 14/1 Einzel Herren Mitte | BM 9er Ball Herren Mitte | Bezirksmeisterschaften 10er Ball Herren Mitte | Bezirksmeisterschaften 14.1e Herren Mitte | Bezirksmeisterschaften 8er Ball Herren Mitte | Bezirksmeisterschaften 9er Ball Herren Mitte | Kreismeisterschaften 10-Ball Herren Mitte | Kreismeisterschaften 14.1e Herren Mitte | Kreismeisterschaften 14/1e Herren Mitte | Kreismeisterschaften 8-Ball Herren Mitte | Kreismeisterschaften 9-Ball Herren Mitte | Mitte | Mitte 2,165,100,65,165.00,1668,1614,1723,28,93.91,0.23
Fikret Tasdemir,P&S Denzlingen 1,Landesliga,West,72,60,12,72.00,1668,1583,1753,43,46.75,0.23
Kalin-Felix Stefanov,BC Stuttgart 1891 2,Bezirksliga | Einzel | Landesliga,Bezirksmeisterschaften 14.1e Herren Mitte | Bezirksmeisterschaften 8er Ball Herren Mitte | Kreismeisterschaften 10-Ball Herren Mitte | Kreismeisterschaften 14.1e Herren Mitte | Kreismeisterschaften 8-Ball Herren Mitte | Kreismeisterschaften 9-Ball Herren Mitte | Landesmeisterschaft 14.1e Herren | Landesmeisterschaft 8er Ball Herren | Mitte | Mitte 1,69,43,26,69.00,1667,1582,1752,43,37.87,0.23
Colin Ketterlin,CC Karlsruhe 2 | CC Karlsruhe 3,Bezirksliga | Einzel,Bezirksmeisterschaften 14.1e Herren Nord | Bezirksmeisterschaften 9er Ball Herren Nord | Kreismeisterschaften 10-Ball Herren Nord | Kreismeisterschaften 14/1e Herren Nord | Kreismeisterschaften 9-Ball Herren Nord | Landesmeisterschaft 14.1e Herren | Nord 1 | Nord 2,51,37,14,51.00,1666,1565,1766,51,30.23,0.22
Dieter Seitz,BC Bad Schussenried 2,Bezirksliga | Einzel | Landesliga,Bezirksmeisterschaften 14.1e Senioren 55+ Ost | Bezirksmeisterschaften 9er Ball Senioren 55+ Ost | Kreismeisterschaften 8-Ball Senioren 55+ Ost | Ost | Ost 2,60,50,10,60.00,1666,1573,1758,47,37.60,0.22
Heiko Hoffmann,,Einzel,BM 10er Ball Senioren Nord | BM 8er Ball Senioren Nord | Kreismeisterschaften 10-Ball Senioren Nord | Kreismeisterschaften 9-Ball Senioren Nord | Landesmeisterschaft 10er Ball Senioren | Landesmeisterschaft 8er Ball Senioren,29,17,12,29.00,1666,1537,1796,66,16.24,0.22
Denis Mnich,BC Sindelfingen 3 | BC Sindelfingen 4 | BC Sindelfingen 5,Bezirksliga | Einzel | Landesliga,BM 10er Ball Herren Mitte | BM 14/1 Einzel Herren Mitte | Bezirksmeisterschaften 10er Ball Herren Mitte | Bezirksmeisterschaften 14.1e Herren Mitte | Bezirksmeisterschaften 8er Ball Herren Mitte | Bezirksmeisterschaften 9er Ball Herren Mitte | Kreismeisterschaften 10-Ball Herren Mitte | Kreismeisterschaften 14/1e Herren Mitte | Kreismeisterschaften 8-Ball Herren Mitte | Kreismeisterschaften 9-Ball Herren Mitte | Landesmeisterschaft 10er Ball Herren | Landesmeisterschaft 14.1e Herren | Mitte | Mitte 1,163,103,60,163.00,1665,1609,1721,28,95.11,0.23
Florian Rasser,BC Dreiländereck 1,Bezirksliga | Einzel,Bezirksmeisterschaften 8er Ball Senioren 45+West | West 1,27,25,2,27.00,1664,1515,1813,76,19.67,0.22
Machmut Turan,BC Sindelfingen 2 | BC Sindelfingen 3 | PBC Nagoldtal 1 | PBC Nagoldtal 2,Einzel | Kreisliga A | Landesliga,BM 14/1 Einzel Senioren Mitte | BM 8er Ball Senioren Mitte | BM 9er Ball Senioren Mitte | Bezirksmeisterschaften 10er Ball Senioren 55+ Mitte | Bezirksmeisterschaften 14.1e Senioren 55+ Mitte | Bezirksmeisterschaften 14.1e Senioren Mitte | Bezirksmeisterschaften 8er Ball Senioren 55+Mitte | Bezirksmeisterschaften 8er Ball Senioren Mitte | Bezirksmeisterschaften 9er Ball Senioren 55+ Mitte | Kreismeisterschaften 10-Ball Senioren 55+ Mitte | Kreismeisterschaften 14.1e Senioren Mitte | Kreismeisterschaften 14/1e Senioren 55+ Mitte | Kreismeisterschaften 8-Ball Senioren 55+ Mitte | Kreismeisterschaften 8-Ball Senioren Mitte | Kreismeisterschaften 9-Ball Senioren 55+ Mitte | Kreismeisterschaften 9-Ball Senioren Mitte | Landesmeisterschaft 10er Ball Senioren 55+ | Landesmeisterschaft 14.1e Senioren | Landesmeisterschaft 14.1e Senioren 55+ | Landesmeisterschaft 8er Ball Senioren | Landesmeisterschaft 8er Ball Senioren 55+ | Landesmeisterschaft 9er Ball Senioren 55+ | Mitte | Mitte 3 | West,210,144,66,210.00,1664,1615,1713,25,124.67,0.23
Michael Greiner,,Einzel,BM 9er Ball Herren West | Kreismeisterschaften 8-Ball Herren West | Kreismeisterschaften 9-Ball Herren West,14,8,6,14.00,1664,1481,1847,93,7.63,0.22
Alexander Kocher,PBV Schwetzingen 4 | Pool Knights Bensheim 1,Bezirksliga | Einzel | Landesliga,Bezirksmeisterschaften 10er Ball Senioren 45+ Nord | Bezirksmeisterschaften 10er Ball Senioren Nord | Bezirksmeisterschaften 14.1e Senioren 45+ Nord | Bezirksmeisterschaften 14.1e Senioren Nord | Bezirksmeisterschaften 8er Ball Senioren 45+Nord | Bezirksmeisterschaften 8er Ball Senioren Nord | Bezirksmeisterschaften 9er Ball Senioren 45+ Nord | Bezirksmeisterschaften 9er Ball Senioren Nord | Kreismeisterschaften 10-Ball Senioren Nord | Kreismeisterschaften 14.1e Senioren Nord | Kreismeisterschaften 8-Ball Senioren Nord | Kreismeisterschaften 9-Ball Senioren Nord | Landesmeisterschaft 10er Ball Senioren | Landesmeisterschaft 10er Ball Senioren 45+ | Landesmeisterschaft 14.1e Senioren 45+ | Landesmeisterschaft 9er Ball Senioren | Nord | Nord 1,137,82,55,137.00,1663,1603,1724,31,78.37,0.22
Daniel Kalnak,BSV Pfullingen 1 | BSV Pfullingen 2 | BSV Pfullingen 3 | BSV Pfullingen 4,Bezirksliga | Einzel | Kreisliga A | Landesliga,Kreismeisterschaften 10-Ball Herren Ost | Kreismeisterschaften 8-Ball Herren Ost | Ost | Ost 1,56,48,8,56.00,1662,1564,1760,50,37.32,0.22
Florian Stojanoski,PBV Schwetzingen 4,Einzel | Landesliga,BM 10er Ball Herren Nord | BM 14/1 Einzel Herren Nord | BM 8er Ball Herren Nord | BM 9er Ball Herren Nord | Bezirksmeisterschaften 10er Ball Herren Nord | Bezirksmeisterschaften 14.1e Herren Nord | Bezirksmeisterschaften 8er Ball Herren Nord | Bezirksmeisterschaften 9er Ball Herren Nord | Kreismeisterschaften 10-Ball Herren Nord | Kreismeisterschaften 14.1e Herren Nord | Kreismeisterschaften 8-Ball Herren Nord | Kreismeisterschaften 9-Ball Herren Nord | Landesmeisterschaft 10er Ball Herren | Landesmeisterschaft 8er Ball Herren | Landesmeisterschaft 9er Ball Herren | Nord,133,80,53,133.00,1662,1601,1723,31,70.79,0.22
Maurizio Reith,PBC Offenburg 4,Einzel | Landesliga,Bezirksmeisterschaften 10er Ball Herren West | Bezirksmeisterschaften 8er Ball Herren West | Bezirksmeisterschaften 9er Ball Herren West | Kreismeisterschaften 10-Ball Herren West | Kreismeisterschaften 14.1e Herren West | Kreismeisterschaften 8-Ball Herren West | Kreismeisterschaften 9-Ball Herren West | West,57,38,19,57.00,1662,1569,1755,47,34.52,0.22
Markus Mauch,PBC Langenargen 2 | PBC Langenargen 3,Bezirksliga | Einzel | Kreisliga A,Kreismeisterschaften 10-Ball Herren Ost | Kreismeisterschaften 9-Ball Herren Ost | Ost 2,41,35,6,41.00,1661,1545,1777,59,28.42,0.22
Savas Hopff,BC Dätzingen 1 | PF Calw 2,Bezirksliga | Landesliga,Mitte | Mitte 2,66,46,20,66.00,1661,1574,1748,45,39.68,0.22
Savvas Kourpanidis,BC Sindelfingen 2,Landesliga,Mitte,4,4,0,4.00,1661,1345,1977,161,2.37,0.22
Sebastian Albrecht,BC Neckarsulm 1,Einzel | Landesliga,BM 9er Ball Herren Nord | Nord,33,22,11,33.00,1661,1541,1781,61,19.20,0.22
Andreas Jörg,BBC Plochingen 1,Bezirksliga | Landesliga,Ost | Ost 1,33,28,5,33.00,1660,1535,1785,64,21.57,0.22
Sercan Özdemir,PP Böblingen 1,Einzel | Landesliga,Bezirksmeisterschaften 14.1e Senioren 45+ Mitte | Bezirksmeisterschaften 14.1e Senioren Mitte | Bezirksmeisterschaften 9er Ball Senioren 45+ Mitte | Bezirksmeisterschaften 9er Ball Senioren Mitte | Kreismeisterschaften 14.1e Senioren Mitte | Kreismeisterschaften 9-Ball Senioren Mitte | Landesmeisterschaft 14.1e Senioren 45+ | Landesmeisterschaft 9er Ball Senioren 45+ | Mitte | West,124,75,49,124.00,1660,1597,1723,32,68.87,0.22
Luigi Sarullo,PBDC Kämpfelbach 1,Bezirksliga | Einzel,BM 10er Ball Senioren Nord | BM 10er Ball Senioren Nord (PBC Waghäusel) 2019-2020 | BM 14/1 Einzel Senioren Nord | BM 8er Ball Senioren Nord | BM 9er Ball Senioren Nord | Bezirksmeisterschaften 10er Ball Senioren 45+ Nord | Bezirksmeisterschaften 10er Ball Senioren Nord | Bezirksmeisterschaften 14.1e Senioren Nord | Bezirksmeisterschaften 8er Ball Senioren 45+Nord | Bezirksmeisterschaften 8er Ball Senioren Nord | Bezirksmeisterschaften 9er Ball Senioren 45+ Nord | Bezirksmeisterschaften 9er Ball Senioren Nord | Kreismeisterschaften 10-Ball Senioren Nord | Kreismeisterschaften 14.1e Senioren Nord | Kreismeisterschaften 8-Ball Senioren Nord | Landesmeisterschaft 10er Ball Senioren | Landesmeisterschaft 8er Ball Senioren | Landesmeisterschaft 9er Ball Senioren | Nord 1,164,104,60,164.00,1659,1604,1714,28,94.46,0.22
Norbert Rollbühler,PBC Schwäbisch Hall 1,Einzel | Landesliga,BM 10er Ball Herren Mitte | Bezirksmeisterschaften 10er Ball Herren Mitte | Bezirksmeisterschaften 8er Ball Herren Mitte | Kreismeisterschaften 10-Ball Herren Mitte | Kreismeisterschaften 8-Ball Herren Mitte | Kreismeisterschaften 9-Ball Herren Mitte | Landesmeisterschaft 10er Ball Herren | Nord,78,49,29,78.00,1659,1580,1739,40,43.24,0.22
Zehrudin Vereget,PBV Schwetzingen 3,Einzel | Landesliga,BM 8er Ball Herren Nord | Bezirksmeisterschaften 8er Ball Herren Nord | Kreismeisterschaften 10-Ball Herren Nord | Kreismeisterschaften 8-Ball Herren Nord | Kreismeisterschaften 9-Ball Herren Nord | Landesmeisterschaft 8er Ball Herren | Nord,64,35,29,64.00,1659,1572,1746,44,32.99,0.22
Edin Porcic,BC Feuersee 1 | BC Feuersee 2 | BULL Leonberg-Höfingen 1,Bezirksliga | Einzel | Kreisliga A | Landesliga,Bezirksmeisterschaften 10er Ball Herren Mitte | Bezirksmeisterschaften 8er Ball Herren Mitte | Kreismeisterschaften 10-Ball Herren Mitte | Kreismeisterschaften 8-Ball Herren Mitte | Mitte | Mitte 1 | Mitte 2 | Ost,129,91,38,129.00,1657,1594,1719,32,75.84,0.22
Thomas Rehmann,BV Markdorf 1 | BV Markdorf 2,Bezirksliga | Einzel | Landesliga,BM 10er Ball Senioren Ost | BM 9er Ball Senioren Ost | Kreismeisterschaften 10-Ball Senioren Ost | Kreismeisterschaften 8-Ball Senioren Ost | Ost | Ost 2,80,57,23,80.00,1657,1578,1736,40,47.32,0.21
Marco Sforza,BC Sindelfingen 4,Einzel | Landesliga,Bezirksmeisterschaften 10er Ball Senioren Mitte | Bezirksmeisterschaften 8er Ball Senioren Mitte | Kreismeisterschaften 10-Ball Senioren Mitte | Kreismeisterschaften 8-Ball Senioren Mitte | Mitte,32,19,13,32.00,1655,1532,1778,63,18.39,0.21
Mark Simon,PBC Nagoldtal 3,Bezirksliga | Einzel | Kreisliga A,Kreismeisterschaften 10-Ball Senioren Mitte | Kreismeisterschaften 14.1e Senioren Mitte | Mitte 1,54,40,14,54.00,1655,1555,1754,51,34.78,0.21
Thorsten Holatka,BV Pforzheim 1 | BV Pforzheim 2,Bezirksliga | Einzel | Landesliga,BM 10er Ball Senioren Mitte | BM 14/1 Einzel Senioren Mitte | BM 8er Ball Senioren Mitte | BM 9er Ball Senioren Mitte | Kreismeisterschaften 10-Ball Senioren Mitte | Kreismeisterschaften 14.1e Senioren Mitte | Kreismeisterschaften 8-Ball Senioren Mitte | Kreismeisterschaften 9-Ball Senioren Mitte | Landesmeisterschaft 8er Ball Senioren | Landesmeisterschaft 9er Ball Senioren | Mitte | Mitte 1 | Mitte 2,69,43,26,69.00,1655,1571,1739,43,40.15,0.21
Andreas Loderer,BC Bad Schussenried 1,Bezirksliga | Einzel | Landesliga,BM 8er Ball Herren Ost | BM 9er Ball Herren Ost | Bezirksmeisterschaften 10er Ball Herren Ost | Bezirksmeisterschaften 10er Ball Senioren 45+ Ost | Bezirksmeisterschaften 14.1e Herren Ost | Bezirksmeisterschaften 14.1e Senioren 45+ Ost | Bezirksmeisterschaften 8er Ball Herren Ost | Bezirksmeisterschaften 8er Ball Senioren 45+Ost | Bezirksmeisterschaften 9er Ball Herren Ost | Bezirksmeisterschaften 9er Ball Senioren 45+ Ost | Kreismeisterschaften 10-Ball Herren Ost | Kreismeisterschaften 8-Ball Herren Ost | Kreismeisterschaften 9-Ball Herren Ost | Landesmeisterschaft 10er Ball Senioren 45+ | Landesmeisterschaft 8er Ball Herren | Landesmeisterschaft 8er Ball Senioren 45+ | Landesmeisterschaft 9er Ball Herren | Landesmeisterschaft 9er Ball Senioren 45+ | Ost | Ost 2,178,125,53,178.00,1654,1602,1707,27,101.39,0.21
Benny-Michel Mildenberger,BF Bruchsal 1,Bezirksliga | Einzel | Landesliga,Bezirksmeisterschaften 9er Ball Herren Nord | Kreismeisterschaften 10-Ball Herren Nord | Kreismeisterschaften 8-Ball Herren Nord | Kreismeisterschaften 9-Ball Herren Nord | Nord | Nord 2,142,100,42,142.00,1654,1594,1714,31,86.80,0.21
Massimo Miccoli,BC Sindelfingen 2 | BC Sindelfingen 4 | BC Sindelfingen 5,Bezirksliga | Landesliga,Mitte | Mitte 1 | Mitte 2,58,44,14,58.00,1654,1561,1748,48,35.43,0.21
Thomas Teufel,PBC Offenburg 4,Bezirksliga,West 1,2,2,0,2.00,1654,1231,2078,216,1.34,0.21
Jozsef Zvorinji,PP Böblingen 1 | TV Cannstatt 1 | TV Cannstatt 2,Bezirksliga | Landesliga,Mitte | Mitte 1 | Mitte 2 | Ost,63,47,16,63.00,1653,1563,1742,46,37.85,0.21
Goncalo Vieira Manies,,Einzel,Bezirksmeisterschaften 10er Ball Herren Mitte | Bezirksmeisterschaften 14.1e Herren Mitte | Bezirksmeisterschaften 8er Ball Herren Mitte | Bezirksmeisterschaften 9er Ball Herren Mitte | Kreismeisterschaften 10-Ball Herren Mitte | Kreismeisterschaften 14.1e Herren Mitte | Kreismeisterschaften 14/1e Herren Mitte | Kreismeisterschaften 8-Ball Herren Mitte | Kreismeisterschaften 9-Ball Herren Mitte | Landesmeisterschaft 10er Ball Herren | Landesmeisterschaft 9er Ball Herren,83,43,40,83.00,1651,1574,1728,39,42.24,0.21
Necmi Kolbasar,PBC Bietigheim-Bissingen 2 | PP Böblingen 1,Landesliga,Mitte | West,66,43,23,66.00,1651,1565,1736,44,37.00,0.21
Ralf Bühler,JS Mingolsheim 3 | JS Mingolsheim 4,Einzel | Kreisliga A,Bezirksmeisterschaften 14.1e Herren Nord | Nord 1 | Nord 2,23,20,3,23.00,1651,1487,1816,84,16.64,0.21
Stephan Huber,CC Karlsruhe 1 | CC Karlsruhe 3,Bezirksliga | Einzel | Landesliga,Kreismeisterschaften 8-Ball Herren Ost | Kreismeisterschaften 9-Ball Herren Ost | Nord | Nord 1,53,40,13,53.00,1651,1554,1748,50,32.06,0.21
Alexander Srp,BC Feuersee 1,Bezirksliga | Einzel | Landesliga,Bezirksmeisterschaften 10er Ball Herren Mitte | Kreismeisterschaften 10-Ball Herren Mitte | Kreismeisterschaften 8-Ball Herren Mitte | Kreismeisterschaften 9-Ball Herren Mitte | Landesmeisterschaft 10er Ball Herren | Mitte | Mitte 1,59,35,24,59.00,1650,1560,1741,46,31.08,0.21
Goran Švab,BSV Filderstadt 3 | BSV Filderstadt 4,Bezirksliga | Landesliga,Ost | Ost 1,30,23,7,30.00,1650,1524,1775,64,17.71,0.20
Michael Reichert,PBC Freudenstadt 1 | PBC Freudenstadt 2,Landesliga,West,40,32,8,40.00,1650,1538,1761,57,24.51,0.20
Alexandar Stankovic,PBC Bietigheim-Bissingen 2 | PBC Pfedelbach 1 | TV Cannstatt 2,Bezirksliga | Einzel | Landesliga,BM 10er Ball Herren Nord | BM 8er Ball Herren Nord | BM 9er Ball Herren Nord | Bezirksmeisterschaften 10er Ball Herren Mitte | Bezirksmeisterschaften 8er Ball Herren Mitte | Bezirksmeisterschaften 9er Ball Herren Mitte | Kreismeisterschaften 10-Ball Herren Mitte | Kreismeisterschaften 10-Ball Herren Nord | Kreismeisterschaften 8-Ball Herren Mitte | Kreismeisterschaften 8-Ball Herren Nord | Kreismeisterschaften 9-Ball Herren Mitte | Kreismeisterschaften 9-Ball Herren Nord | Mitte | Nord | Nord 2 | Ost,111,69,42,111.00,1649,1582,1716,34,63.35,0.21
Thomas Schubert,BC Stuttgart 1891 2,Landesliga,Mitte,4,3,1,4.00,1649,1336,1961,159,2.11,0.20
Bessim Bessim Oglou,BC Aalen 3,Einzel | Landesliga,Kreismeisterschaften 14/1e Senioren 55+ Mitte | Kreismeisterschaften 8-Ball Senioren 55+ Mitte | Kreismeisterschaften 9-Ball Senioren 55+ Mitte | Mitte | Ost,17,11,6,17.00,1648,1481,1816,85,9.92,0.20
Darius Skowronek,BF Bruchsal 1 | CC Karlsruhe 1 | CC Karlsruhe 3,Bezirksliga | Einzel | Kreisliga A | Landesliga,BM 10er Ball Senioren Nord | BM 8er Ball Senioren Nord | Bezirksmeisterschaften 10er Ball Senioren Nord | Bezirksmeisterschaften 14.1e Senioren Nord | Bezirksmeisterschaften 8er Ball Senioren 45+Nord | Bezirksmeisterschaften 9er Ball Senioren 45+ Nord | Bezirksmeisterschaften 9er Ball Senioren Nord | Kreismeisterschaften 10-Ball Senioren Nord | Kreismeisterschaften 14.1e Senioren Nord | Kreismeisterschaften 8-Ball Senioren Nord | Kreismeisterschaften 9-Ball Senioren Nord | Landesmeisterschaft 10er Ball Senioren | Landesmeisterschaft 9er Ball Senioren | Nord | Nord 2,164,114,50,164.00,1648,1592,1704,28,97.68,0.21
Hartmut Jäggle,,Einzel,BM 9er Ball Herren Ost | Kreismeisterschaften 9-Ball Herren Ost,11,7,4,11.00,1648,1447,1848,102,5.96,0.20
Jörg Schick-Bringer,BC Neckarsulm 2,Bezirksliga | Einzel | Kreisliga A | Landesliga,Bezirksmeisterschaften 10er Ball Senioren 55+ Nord | Bezirksmeisterschaften 14.1e Senioren 55+ Nord | Bezirksmeisterschaften 14.1e Senioren Nord | Bezirksmeisterschaften 8er Ball Senioren 55+Nord | Bezirksmeisterschaften 8er Ball Senioren Nord | Bezirksmeisterschaften 9er Ball Senioren 55+ Nord | Kreismeisterschaften 10-Ball Senioren Nord | Kreismeisterschaften 14.1e Senioren Nord | Kreismeisterschaften 14/1e Senioren 55+ Nord | Kreismeisterschaften 8-Ball Senioren Nord | Landesmeisterschaft 10er Ball Senioren 55+ | Landesmeisterschaft 8er Ball Senioren | Landesmeisterschaft 8er Ball Senioren 55+ | Landesmeisterschaft 9er Ball Senioren 55+ | Nord | Nord 2 | Nord 3,107,78,29,107.00,1648,1579,1718,35,63.88,0.20
Mustafa Özyürük,BC Aalen 3 | BC Aalen 4,Bezirksliga | Kreisliga A | Landesliga,Mitte | Mitte 1 | Mitte 2,96,81,15,96.00,1648,1573,1723,38,61.75,0.20
Ralf Ganz,CC Karlsruhe 3 | CC Karlsruhe 5,Bezirksliga | Einzel | Kreisliga A,Kreismeisterschaften 10-Ball Senioren Nord | Nord 2 | Nord 3,39,33,6,39.00,1648,1531,1765,60,25.55,0.20
Thomas Metzler,PBC Bad Saulgau 2 | PBC Bad Saulgau 3 | PBC Bad Saulgau 4,Bezirksliga | Kreisliga A,Ost 2,87,75,12,87.00,1647,1567,1727,41,59.91,0.20
Wadea Al Mahamid,Tübinger BC 1,Bezirksliga | Einzel | Landesliga,BM 9er Ball Herren Ost | Bezirksmeisterschaften 8er Ball Herren Ost | Kreismeisterschaften 8-Ball Herren Ost | Kreismeisterschaften 9-Ball Herren Ost | Landesmeisterschaft 8er Ball Herren | Ost | Ost 1,118,94,24,118.00,1647,1580,1713,34,74.21,0.20
Carsten Mellmann,Mannheimer BF 1 | Mannheimer BF 2,Bezirksliga | Kreisliga A | Landesliga,Nord | Nord 1,69,53,16,69.00,1646,1561,1730,43,40.92,0.20
Wolfgang Stimmer,PBC Ochsenhausen 2,Bezirksliga | Kreisliga A,Ost 2,52,44,8,52.00,1645,1544,1746,52,34.70,0.20
Jürgen Trost,BC Sindelfingen 4 | BC Sindelfingen 5,Bezirksliga | Einzel,BM 14/1 Einzel Senioren Mitte | Bezirksmeisterschaften 10er Ball Senioren Mitte | Bezirksmeisterschaften 14.1e Senioren Mitte | Kreismeisterschaften 10-Ball Senioren Mitte | Kreismeisterschaften 14.1e Senioren Mitte | Kreismeisterschaften 9-Ball Senioren Mitte | Landesmeisterschaft 14.1e Senioren | Mitte 1,46,27,19,46.00,1644,1541,1746,52,24.14,0.20
Timo Sillner,BC Stuttgart 1891 2,Landesliga,Ost,2,2,0,2.00,1644,1235,2053,209,1.15,0.20
Ramazan Yildirim,TV Cannstatt 1,Bezirksliga,Mitte 1,4,3,1,4.00,1643,1326,1960,162,2.48,0.19
Martin Doster,BSC Göppingen 1 | BSC Göppingen 2,Bezirksliga | Einzel | Landesliga,BM 9er Ball Herren Ost | Bezirksmeisterschaften 14.1e Herren Ost | Bezirksmeisterschaften 8er Ball Herren Ost | Bezirksmeisterschaften 9er Ball Herren Ost | Kreismeisterschaften 10-Ball Herren Ost | Kreismeisterschaften 8-Ball Herren Ost | Kreismeisterschaften 9-Ball Herren Ost | Landesmeisterschaft 9er Ball Herren | Ost | Ost 1,135,85,50,135.00,1642,1581,1702,31,76.48,0.20
Mete Mutlu,PBC Nagoldtal 2 | PBC Nagoldtal 3,Einzel | Kreisliga A,Bezirksmeisterschaften 10er Ball Herren Mitte | Kreismeisterschaften 10-Ball Herren Mitte | Kreismeisterschaften 14/1e Herren Mitte | Kreismeisterschaften 8-Ball Herren Mitte | Kreismeisterschaften 9-Ball Herren Mitte | Mitte 2 | Mitte 3,27,18,9,27.00,1642,1504,1780,70,16.76,0.19
Marc Wegenast,BC Weingarten 1,Bezirksliga | Kreisliga A | Landesliga,Ost | Ost 2,54,41,13,54.00,1640,1542,1737,50,33.51,0.19
Serdar Tunbek,Mannheimer BF 3,Bezirksliga,Nord 1,8,8,0,8.00,1640,1392,1888,127,5.53,0.19
Johanna Indlekofer,BC Dreiländereck 1 | BC Dreiländereck 2,Einzel | Landesliga,Bezirksmeisterschaften 10er Ball Damen West | Bezirksmeisterschaften 14.1e Damen West | Bezirksmeisterschaften 8er Ball Damen West | Bezirksmeisterschaften 9er Ball Damen West | Landesmeisterschaft 14.1e Damen | Landesmeisterschaft 8er Ball Damen | Landesmeisterschaft 9er Ball Damen | West,76,55,21,76.00,1639,1555,1722,42,48.39,0.19
Marc Proissl,PBV Schwetzingen 3 | Pool Knights Bensheim 1,Bezirksliga | Einzel | Landesliga,Bezirksmeisterschaften 10er Ball Herren Nord | Bezirksmeisterschaften 8er Ball Herren Nord | Kreismeisterschaften 10-Ball Herren Nord | Kreismeisterschaften 8-Ball Herren Nord | Kreismeisterschaften 9-Ball Herren Nord | Landesmeisterschaft 10er Ball Herren | Nord | Nord 1,100,59,41,100.00,1639,1568,1710,36,55.72,0.19
Michael Grad,BSV Pfullingen 3 | BSV Pfullingen 4,Bezirksliga | Kreisliga A,Ost 1,29,26,3,29.00,1639,1504,1774,69,19.59,0.19
Mustafa Benk,PBC Bietigheim-Bissingen 2 | TV Cannstatt 2,Einzel | Landesliga,BM 10er Ball Herren Mitte (Sindelfingen) 2019-2020 | BM 9er Ball Senioren Mitte | Bezirksmeisterschaften 10er Ball Senioren 45+ Mitte | Bezirksmeisterschaften 8er Ball Senioren 45+Mitte | Bezirksmeisterschaften 9er Ball Senioren 45+ Mitte | Kreismeisterschaften 8-Ball Senioren 45+ Mitte | Kreismeisterschaften 9-Ball Senioren 45+ Mitte | Kreismeisterschaften 9-Ball Senioren Mitte | Landesmeisterschaft 9er Ball Senioren | Mitte | Ost,70,41,29,70.00,1639,1555,1722,43,38.23,0.19
Holger Domdey,BC Blaustein 1,Bezirksliga | Einzel | Kreisliga A | Landesliga,Bezirksmeisterschaften 14.1e Senioren 55+ Ost | Bezirksmeisterschaften 14.1e Senioren Ost | Bezirksmeisterschaften 9er Ball Senioren 55+ Ost | Landesmeisterschaft 14.1e Senioren | Landesmeisterschaft 14.1e Senioren 55+ | Landesmeisterschaft 9er Ball Senioren 55+ | Ost | Ost 2,109,74,35,109.00,1638,1571,1705,34,63.07,0.19
Karl-Heinz Zimmermann,PBV Schwetzingen 4 | PBV Schwetzingen 5,Bezirksliga | Einzel | Landesliga,BM 10er Ball Senioren Nord | BM 14/1 Einzel Senioren Nord | BM 8er Ball Senioren Nord | BM 9er Ball Senioren Nord | Bezirksmeisterschaften 10er Ball Senioren Nord | Bezirksmeisterschaften 8er Ball Senioren Nord | Kreismeisterschaften 10-Ball Senioren Nord | Kreismeisterschaften 14.1e Senioren Nord | Kreismeisterschaften 8-Ball Senioren 55+ Nord | Kreismeisterschaften 8-Ball Senioren Nord | Kreismeisterschaften 9-Ball Senioren Nord | Landesmeisterschaft 10er Ball Senioren | Nord | Nord 2,199,131,68,199.00,1638,1589,1688,25,114.01,0.20
Osman Büyük,BSV Filderstadt 2 | BSV Filderstadt 3,Bezirksliga | Einzel,Bezirksmeisterschaften 10er Ball Senioren Ost | Kreismeisterschaften 10-Ball Senioren Ost | Ost 1,37,28,9,37.00,1638,1520,1756,60,23.29,0.19
Torsten Hanisch,BC Blaustein 1,Bezirksliga | Einzel | Kreisliga A | Landesliga,Bezirksmeisterschaften 14.1e Senioren 55+ Ost | Bezirksmeisterschaften 14.1e Senioren Ost | Ost | Ost 2,80,48,32,80.00,1638,1560,1715,40,44.51,0.19
Matthias Pujic,JS Mingolsheim 2,Bezirksliga | Einzel,BM 14/1 Einzel Herren Nord | Kreismeisterschaften 10-Ball Herren Nord | Kreismeisterschaften 14.1e Herren Nord | Kreismeisterschaften 8-Ball Herren Nord | Nord 1 | Nord 2,21,11,10,21.00,1637,1488,1786,76,11.14,0.19
Antonio De Gois,BC Neckarsulm 1 | BC Neckarsulm 2,Bezirksliga | Einzel | Landesliga,BM 14/1 Einzel Herren Nord | Kreismeisterschaften 10-Ball Herren Nord | Kreismeisterschaften 8-Ball Herren Nord | Nord | Nord 2,37,20,17,37.00,1636,1521,1751,59,20.34,0.19
Arno Corigliano,PBC Pfedelbach 1 | PBC Pfedelbach 2,Bezirksliga | Einzel | Landesliga,BM 9er Ball Herren Nord | Kreismeisterschaften 10-Ball Herren Nord | Kreismeisterschaften 9-Ball Herren Nord | Nord | Nord 2,42,26,16,42.00,1636,1530,1743,54,22.90,0.19
Aryan Dayyani,BC Dätzingen 1,Bezirksliga | Einzel | Landesliga,BM 8er Ball Herren Mitte | Bezirksmeisterschaften 10er Ball Herren Mitte | Bezirksmeisterschaften 14.1e Herren Mitte | Bezirksmeisterschaften 9er Ball Herren Mitte | Kreismeisterschaften 10-Ball Herren Mitte | Kreismeisterschaften 14.1e Herren Mitte | Kreismeisterschaften 8-Ball Herren Mitte | Kreismeisterschaften 9-Ball Herren Mitte | Mitte | Mitte 1 | Mitte 2,136,89,47,136.00,1636,1575,1696,31,75.75,0.19
Erdem Dikici,BSV Filderstadt 4,Einzel | Kreisliga A,Bezirksmeisterschaften 10er Ball Herren Ost | Bezirksmeisterschaften 8er Ball Herren Ost | Kreismeisterschaften 10-Ball Herren Ost | Kreismeisterschaften 8-Ball Herren Ost | Landesmeisterschaft 10er Ball Herren | Ost 1,43,28,15,43.00,1636,1527,1744,56,25.69,0.19
Gerhard Junker,PBC Offenburg 2 | PBC Offenburg 3,Landesliga,West,16,13,3,16.00,1636,1464,1809,88,9.78,0.19
Bülent Gürkan,BBV Mannheim 1 | BBV Mannheim 2,Bezirksliga | Einzel | Landesliga,Kreismeisterschaften 9-Ball Senioren Nord | Nord | Nord 1 | Nord 2,131,91,40,131.00,1635,1573,1697,32,77.82,0.19
Georg Winter,BV Markdorf 1 | BV Markdorf 2,Bezirksliga | Einzel | Landesliga,BM 14/1 Einzel Herren Ost | BM 8er Ball Herren Ost | Bezirksmeisterschaften 14.1e Herren Ost | Bezirksmeisterschaften 8er Ball Herren Ost | Kreismeisterschaften 10-Ball Herren Ost | Kreismeisterschaften 8-Ball Herren Ost | Kreismeisterschaften 9-Ball Herren Ost | Landesmeisterschaft 14.1e Herren | Ost | Ost 2 | Süd 3,100,55,45,100.00,1635,1566,1705,36,54.84,0.19
Manfred Waldvogel,BV Markdorf 1 | BV Markdorf 2,Bezirksliga | Landesliga,Ost | Ost 2,35,24,11,35.00,1635,1515,1754,61,20.59,0.19
Martin Burmeister,BC Sindelfingen 4,Bezirksliga,Mitte 1 | Mitte 2,46,35,11,46.00,1635,1529,1740,54,28.77,0.19
Rolf Berkowitz,PBC Freudenstadt 3,Bezirksliga,West 1,2,2,0,2.00,1635,1198,2072,223,1.46,0.19
Sonny Weber,BBV Mannheim 1 | BBV Mannheim 2,Bezirksliga | Einzel | Landesliga,Bezirksmeisterschaften 10er Ball Herren Nord | Bezirksmeisterschaften 14.1e Herren Nord | Bezirksmeisterschaften 8er Ball Herren Nord | Bezirksmeisterschaften 9er Ball Herren Nord | Kreismeisterschaften 10-Ball Herren Nord | Kreismeisterschaften 14.1e Herren Nord | Kreismeisterschaften 8-Ball Herren Nord | Kreismeisterschaften 9-Ball Herren Nord | Landesmeisterschaft 14.1e Herren | Nord | Nord 1,102,64,38,102.00,1635,1565,1704,35,55.07,0.19
Thomas Kupfer,PBC Schwäbisch Hall 1,Einzel | Landesliga,Bezirksmeisterschaften 10er Ball Senioren 45+ Mitte | Bezirksmeisterschaften 14.1e Senioren 45+ Mitte | Bezirksmeisterschaften 8er Ball Senioren 45+Mitte | Bezirksmeisterschaften 9er Ball Senioren 45+ Mitte | Kreismeisterschaften 8-Ball Senioren 45+ Mitte | Kreismeisterschaften 9-Ball Senioren 45+ Mitte | Nord,52,32,20,52.00,1634,1538,1731,49,29.08,0.19
Benjamin Eiberger,BV Pforzheim 1 | BV Pforzheim 2,Bezirksliga | Einzel | Landesliga,BM 10er Ball Herren Mitte | BM 8er Ball Herren Mitte | Bezirksmeisterschaften 14.1e Herren Mitte | Bezirksmeisterschaften 8er Ball Herren Mitte | Bezirksmeisterschaften 9er Ball Herren Mitte | Kreismeisterschaften 10-Ball Herren Mitte | Kreismeisterschaften 14.1e Herren Mitte | Kreismeisterschaften 14/1e Herren Mitte | Kreismeisterschaften 8-Ball Herren Mitte | Kreismeisterschaften 9-Ball Herren Mitte | Landesmeisterschaft 8er Ball Herren | Mitte | Mitte 1 | West,189,109,80,189.00,1633,1582,1684,26,100.65,0.19
Jonas Ruff,PBC Schwäbisch Hall 2,Bezirksliga,Mitte 1 | Nord 2,24,22,2,24.00,1633,1491,1775,72,14.92,0.18
Jonathan Nestler,PBC Freudenstadt 2,Bezirksliga | Einzel | Landesliga,BM 14/1 Einzel Herren West | Bezirksmeisterschaften 14.1e Herren West | Bezirksmeisterschaften 9er Ball Herren West | Kreismeisterschaften 9-Ball Herren West | Landesmeisterschaft 14.1e Herren | West | West 1,54,32,22,54.00,1633,1538,1728,48,27.76,0.18
Benjamin Jung,PBC Freudenstadt 2,Einzel | Landesliga,Kreismeisterschaften 9-Ball Herren West | West,5,3,2,5.00,1632,1343,1920,147,2.75,0.18
Brian Biercher,BSV Tiengen 2 | BSV Tiengen 3,Einzel | Landesliga,Bezirksmeisterschaften 10er Ball Herren West | Bezirksmeisterschaften 10er Ball Senioren 45+ West | Bezirksmeisterschaften 8er Ball Senioren 45+West | Bezirksmeisterschaften 9er Ball Herren West | Bezirksmeisterschaften 9er Ball Senioren 45+ West | Kreismeisterschaften 10-Ball Herren West | Kreismeisterschaften 14.1e Herren West | Kreismeisterschaften 8-Ball Herren West | Kreismeisterschaften 9-Ball Herren West | Landesmeisterschaft 9er Ball Senioren 45+ | Süd | West,65,41,24,65.00,1632,1545,1719,44,36.99,0.18
Michael Strohmaier,BSV Tiengen 2 | BSV Tiengen 3,Einzel | Landesliga,BM 10er Ball Senioren West | BM 9er Ball Senioren West | Kreismeisterschaften 10-Ball Senioren West | Kreismeisterschaften 9-Ball Senioren West | Süd | West,55,32,23,55.00,1632,1537,1727,49,31.71,0.18
Nick Neubacher,Pool Knights Bensheim 1 | Pool Knights Bensheim 2,Bezirksliga | Einzel | Kreisliga A | Landesliga,Bezirksmeisterschaften 14.1e Herren Nord | Bezirksmeisterschaften 8er Ball Herren Nord | Bezirksmeisterschaften 9er Ball Herren Nord | Kreismeisterschaften 14.1e Herren Nord | Kreismeisterschaften 8-Ball Herren Nord | Kreismeisterschaften 9-Ball Herren Nord | Nord | Nord 1 | Nord 3,59,37,22,59.00,1632,1540,1723,47,32.18,0.18
Stefan Sock,BC Bad Schussenried 1,Bezirksliga | Einzel | Landesliga,BM 10er Ball Herren Ost | BM 8er Ball Herren Ost | BM 9er Ball Herren Ost | Bezirksmeisterschaften 10er Ball Herren Ost | Bezirksmeisterschaften 14.1e Herren Ost | Bezirksmeisterschaften 8er Ball Herren Ost | Bezirksmeisterschaften 9er Ball Herren Ost | Kreismeisterschaften 10-Ball Herren Ost | Kreismeisterschaften 8-Ball Herren Ost | Kreismeisterschaften 9-Ball Herren Ost | Landesmeisterschaft 10er Ball Herren | Landesmeisterschaft 14.1e Herren | Landesmeisterschaft 8er Ball Herren | Landesmeisterschaft 9er Ball Herren | Ost | Ost 2,188,115,73,188.00,1632,1580,1683,26,104.56,0.19
Andreas Müller,BC Sindelfingen 7 | BC Sindelfingen 8,Einzel | Kreisliga A,BM 8er Ball Senioren Mitte | Bezirksmeisterschaften 10er Ball Senioren 55+ Mitte | Bezirksmeisterschaften 8er Ball Senioren 55+Mitte | Bezirksmeisterschaften 8er Ball Senioren Mitte | Bezirksmeisterschaften 9er Ball Senioren 55+ Mitte | Bezirksmeisterschaften 9er Ball Senioren Mitte | Kreismeisterschaften 10-Ball Senioren 55+ Mitte | Kreismeisterschaften 8-Ball Senioren 55+ Mitte | Kreismeisterschaften 8-Ball Senioren Mitte | Kreismeisterschaften 9-Ball Senioren 55+ Mitte | Kreismeisterschaften 9-Ball Senioren Mitte | Landesmeisterschaft 9er Ball Senioren 55+ | Mitte 2 | Mitte 3,77,47,30,77.00,1631,1549,1712,41,44.28,0.18
Christian Joos,BC Dreiländereck 1 | BC Dreiländereck 2,Einzel | Landesliga,BM 10er Ball Herren West | BM 10er Ball Herren West (Offenburg) 2019-2020 | BM 9er Ball Herren West | Bezirksmeisterschaften 10er Ball Herren West | Bezirksmeisterschaften 8er Ball Herren West | Bezirksmeisterschaften 9er Ball Herren West | Kreismeisterschaften 14.1e Herren West | Kreismeisterschaften 8-Ball Herren West | Kreismeisterschaften 9-Ball Herren West | Landesmeisterschaft 10er Ball Herren | Landesmeisterschaft 9er Ball Herren | West,61,34,27,61.00,1631,1541,1721,46,31.76,0.18
Christina Schneider-Radunovic,,Einzel,Bezirksmeisterschaften 10er Ball Damen Mitte-Ost | Landesmeisterschaft 10er Ball Damen | Landesmeisterschaft 14.1e Damen | Landesmeisterschaft 8er Ball Damen | Landesmeisterschaft 9er Ball Damen,59,40,19,59.00,1631,1538,1725,48,34.92,0.18
Kevin Adamczyk,BC Aalen 2 | BC Aalen 3 | BC Aalen 4 | BC Aalen 5,Bezirksliga | Einzel | Kreisliga A | Landesliga,BM 9er Ball Herren Mitte | Bezirksmeisterschaften 10er Ball Herren Mitte | Bezirksmeisterschaften 8er Ball Herren Mitte | Bezirksmeisterschaften 9er Ball Herren Mitte | Kreismeisterschaften 10-Ball Herren Mitte | Kreismeisterschaften 14.1e Herren Mitte | Kreismeisterschaften 14/1e Herren Mitte | Kreismeisterschaften 8-Ball Herren Mitte | Kreismeisterschaften 9-Ball Herren Mitte | Landesmeisterschaft 9er Ball Herren | Mitte | Mitte 1 | Mitte 2 | Mitte 3,133,86,47,133.00,1631,1569,1692,31,75.45,0.18
Michael Heneka,PBC Bruchsal 1,Bezirksliga | Einzel | Landesliga,BM 8er Ball Senioren Nord | BM 9er Ball Senioren Nord | Bezirksmeisterschaften 10er Ball Senioren 45+ Nord | Bezirksmeisterschaften 10er Ball Senioren Nord | Bezirksmeisterschaften 8er Ball Senioren 45+Nord | Bezirksmeisterschaften 8er Ball Senioren Nord | Bezirksmeisterschaften 9er Ball Senioren 45+ Nord | Bezirksmeisterschaften 9er Ball Senioren Nord | Kreismeisterschaften 10-Ball Senioren Nord | Kreismeisterschaften 8-Ball Senioren Nord | Landesmeisterschaft 10er Ball Senioren 45+ | Landesmeisterschaft 9er Ball Senioren | Nord | Nord 1,194,115,79,194.00,1631,1581,1681,25,106.29,0.19
Michael Schneider,Pool Knights Bensheim 1,Bezirksliga | Einzel | Landesliga,Bezirksmeisterschaften 14.1e Senioren 55+ Nord | Bezirksmeisterschaften 8er Ball Senioren 55+Nord | Bezirksmeisterschaften 8er Ball Senioren Nord | Kreismeisterschaften 10-Ball Senioren Nord | Kreismeisterschaften 14/1e Senioren 55+ Nord | Kreismeisterschaften 8-Ball Senioren 55+ Nord | Kreismeisterschaften 8-Ball Senioren Nord | Kreismeisterschaften 9-Ball Senioren Nord | Nord | Nord 1,84,53,31,84.00,1631,1554,1707,39,47.26,0.18
Silvio Fadda,BV Markdorf 1,Landesliga,Ost,75,53,22,75.00,1631,1550,1711,41,44.53,0.18
Steffen Graf,BV Villingen-Schwenningen 1 | BV Villingen-Schwenningen 2,Bezirksliga | Einzel | Landesliga,Bezirksmeisterschaften 10er Ball Herren West | Bezirksmeisterschaften 14.1e Herren West | Bezirksmeisterschaften 8er Ball Herren West | Bezirksmeisterschaften 9er Ball Herren West | Kreismeisterschaften 10-Ball Herren West | Kreismeisterschaften 8-Ball Herren West | Kreismeisterschaften 9-Ball Herren West | Landesmeisterschaft 10er Ball Herren | Landesmeisterschaft 8er Ball Herren | Süd | West | West 1,104,77,27,104.00,1631,1558,1704,37,65.27,0.18
Celina Visconti,PBV Schwetzingen 3 | PBV Schwetzingen 4,Einzel | Landesliga,BM 8er Ball Damen Nord | Bezirksmeisterschaften 8er Ball Damen Nord | Bezirksmeisterschaften 9er Ball Damen Nord | Landesmeisterschaft 10er Ball Damen | Landesmeisterschaft 14.1e Damen | Landesmeisterschaft 8er Ball Damen | Landesmeisterschaft 9er Ball Damen | Nord,174,114,60,174.00,1630,1577,1684,27,100.10,0.18
Eric Sorg,BSV Shooters Fellbach 1 | PBC Aalen 1,Bezirksliga | Einzel | Landesliga,Kreismeisterschaften 10-Ball Herren Mitte | Landesmeisterschaft 9er Ball Herren | Mitte | Ost 2,55,30,25,55.00,1630,1537,1723,47,28.89,0.18
Valentin Marten,BC Neckarsulm 1,Einzel | Landesliga,BM 9er Ball Herren Nord | Bezirksmeisterschaften 9er Ball Herren Nord | Kreismeisterschaften 9-Ball Herren Nord | Landesmeisterschaft 9er Ball Herren | Nord,38,21,17,38.00,1630,1518,1742,57,19.55,0.18
Victor Rodriguez,BV Markdorf 1,Einzel | Landesliga,Bezirksmeisterschaften 10er Ball Herren Ost | Kreismeisterschaften 10-Ball Herren Ost | Kreismeisterschaften 8-Ball Herren Ost | Kreismeisterschaften 9-Ball Herren Ost | Ost,34,16,18,34.00,1630,1512,1747,60,18.48,0.18
Steven Thieltges,PBC Bietigheim-Bissingen 1 | PBC Bietigheim-Bissingen 2,Bezirksliga | Einzel | Landesliga,BM 10er Ball Senioren Mitte (Sindelfingen) 2019-2020 | BM 14/1 Einzel Senioren Mitte | Kreismeisterschaften 8-Ball Senioren Mitte | Landesmeisterschaft 10er Ball Senioren | Mitte | Mitte 1 | Mitte 2 | Ost 1,96,64,32,96.00,1629,1557,1701,37,54.32,0.18
Tuong Tran,BSV Pfullingen 1,Landesliga,Ost,16,11,5,16.00,1629,1459,1799,87,9.25,0.18
Christian Würthwein,PBV Schwetzingen 4 | PBV Schwetzingen 5,Bezirksliga | Einzel | Landesliga,Bezirksmeisterschaften 14.1e Senioren 55+ Nord | Bezirksmeisterschaften 8er Ball Senioren 55+Nord | Kreismeisterschaften 14.1e Senioren Nord | Kreismeisterschaften 14/1e Senioren 55+ Nord | Kreismeisterschaften 8-Ball Senioren 55+ Nord | Landesmeisterschaft 14.1e Senioren 55+ | Landesmeisterschaft 8er Ball Senioren 55+ | Nord | Nord 2,152,96,56,152.00,1628,1572,1685,29,83.55,0.18
Fabio Romano,BULL Leonberg-Höfingen 1,Einzel | Landesliga,BM 14/1 Einzel Herren Mitte | Kreismeisterschaften 14.1e Herren Mitte | Mitte,33,15,18,33.00,1628,1508,1748,61,15.46,0.18
Harald Reutter,BC Blaustein 1,Bezirksliga | Einzel | Kreisliga A | Landesliga,Bezirksmeisterschaften 14.1e Senioren Ost | Bezirksmeisterschaften 8er Ball Senioren Ost | Bezirksmeisterschaften 9er Ball Senioren Ost | Kreismeisterschaften 8-Ball Senioren Ost | Kreismeisterschaften 9-Ball Senioren Ost | Ost | Ost 2,123,84,39,123.00,1628,1564,1692,33,71.95,0.18
Henning Wilkner,Mannheimer BF 3 | Mannheimer BF 4,Bezirksliga | Einzel | Kreisliga A,Bezirksmeisterschaften 10er Ball Senioren 55+ Nord | Bezirksmeisterschaften 14.1e Senioren 55+ Nord | Bezirksmeisterschaften 14.1e Senioren Nord | Bezirksmeisterschaften 8er Ball Senioren 55+Nord | Bezirksmeisterschaften 9er Ball Senioren 55+ Nord | Bezirksmeisterschaften 9er Ball Senioren Nord | Kreismeisterschaften 10-Ball Senioren Nord | Kreismeisterschaften 14.1e Senioren Nord | Kreismeisterschaften 14/1e Senioren 55+ Nord | Kreismeisterschaften 8-Ball Senioren 55+ Nord | Kreismeisterschaften 8-Ball Senioren Nord | Kreismeisterschaften 9-Ball Senioren Nord | Nord 1 | Nord 2 | Nord 3,100,66,34,100.00,1628,1558,1699,36,57.73,0.18
Stefan Gaschler,BC Dallau 1 | BC Dallau 2,Bezirksliga | Einzel | Landesliga,Bezirksmeisterschaften 8er Ball Herren Nord | Kreismeisterschaften 8-Ball Herren Nord | Nord | Nord 2,102,65,37,102.00,1628,1559,1697,35,56.99,0.18
Christoph Günthner,CC Karlsruhe 2 | PBC Bruchsal 1,Bezirksliga | Einzel | Landesliga,BM 10er Ball Senioren Nord | Bezirksmeisterschaften 10er Ball Senioren Nord | Kreismeisterschaften 10-Ball Senioren Nord | Kreismeisterschaften 8-Ball Senioren Nord | Kreismeisterschaften 9-Ball Senioren Nord | Nord | Nord 1,142,78,64,142.00,1627,1568,1685,30,75.64,0.18
Pascal Nissel,PBC Waghäusel 2 | PBC Waghäusel 3,Bezirksliga | Landesliga,Nord | Nord 2,56,33,23,56.00,1627,1535,1719,47,30.63,0.18
Zlatko Rosin,BC Aalen 2 | BC Aalen 3 | BC Aalen 4,Bezirksliga | Einzel | Landesliga,Kreismeisterschaften 9-Ball Herren Mitte | Mitte | Mitte 2,28,15,13,28.00,1627,1498,1757,66,15.53,0.18
Saeid Heydarpour,BC Sindelfingen 2 | BC Sindelfingen 3,Einzel | Landesliga,BM 10er Ball Senioren Mitte | BM 9er Ball Senioren Mitte | Bezirksmeisterschaften 10er Ball Senioren 55+ Mitte | Bezirksmeisterschaften 10er Ball Senioren Mitte | Bezirksmeisterschaften 14.1e Senioren 55+ Mitte | Bezirksmeisterschaften 8er Ball Senioren 55+Mitte | Bezirksmeisterschaften 9er Ball Senioren 55+ Mitte | Kreismeisterschaften 10-Ball Senioren 55+ Mitte | Kreismeisterschaften 10-Ball Senioren Mitte | Kreismeisterschaften 14/1e Senioren 55+ Mitte | Kreismeisterschaften 8-Ball Senioren 55+ Mitte | Kreismeisterschaften 8-Ball Senioren Mitte | Kreismeisterschaften 9-Ball Senioren 55+ Mitte | Kreismeisterschaften 9-Ball Senioren Mitte | Landesmeisterschaft 10er Ball Senioren | Landesmeisterschaft 10er Ball Senioren 55+ | Landesmeisterschaft 9er Ball Senioren | Mitte,104,58,46,104.00,1626,1557,1694,35,54.90,0.18
Philip Smaczny,PP Böblingen 1 | PP Böblingen 2,Bezirksliga | Landesliga,Mitte | Mitte 1 | Mitte 2,77,51,26,77.00,1625,1545,1705,41,44.26,0.18
Thorsten Mohr,BSV Konstanz 1,Einzel | Landesliga,BM 10er Ball Herren Ost | BM 10er Ball Herren Ost (Pfullingen) 2019-2020 | BM 14/1 Einzel Herren Ost | BM 9er Ball Herren Ost | Bezirksmeisterschaften 10er Ball Herren Ost | Bezirksmeisterschaften 14.1e Herren Ost | Bezirksmeisterschaften 8er Ball Herren Ost | Bezirksmeisterschaften 9er Ball Herren Ost | Kreismeisterschaften 10-Ball Herren Ost | Kreismeisterschaften 8-Ball Herren Ost | Kreismeisterschaften 9-Ball Herren Ost | Landesmeisterschaft 14.1e Herren | Landesmeisterschaft 9er Ball Herren | Ost,125,69,56,125.00,1625,1563,1687,32,63.45,0.18
Bülent Acar,PBC Bruchsal 1,Bezirksliga | Landesliga,Nord | Nord 1,101,64,37,101.00,1624,1555,1693,35,56.16,0.17
Moritz Rutkowski,PBC Rastatt 2,Kreisliga A,Mitte 3,23,21,2,23.00,1624,1471,1778,78,15.98,0.17
Sascha Sauer,BSV Filderstadt 1 | BSV Filderstadt 2 | BSV Filderstadt 3 | BSV Filderstadt 4,Bezirksliga | Einzel | Landesliga,BM 10er Ball Herren Ost | BM 10er Ball Herren Ost (Pfullingen) 2019-2020 | BM 9er Ball Herren Ost | Bezirksmeisterschaften 8er Ball Herren Ost | Kreismeisterschaften 10-Ball Herren Ost | Kreismeisterschaften 8-Ball Herren Ost | Kreismeisterschaften 9-Ball Herren Ost | Landesmeisterschaft 8er Ball Herren | Ost | Ost 1,143,101,42,143.00,1624,1565,1684,30,85.31,0.18
Yilmaz Aygün,P&S Denzlingen 1,Landesliga,Süd | West,70,48,22,70.00,1624,1541,1707,43,40.50,0.17
Alexander Ponherr,CC Karlsruhe 4,Kreisliga A,Nord 1,2,2,0,2.00,1623,1140,2106,246,1.66,0.17
Herbert Schiele,PBC Langenargen 1,Landesliga,Ost,25,15,10,25.00,1622,1484,1760,70,13.81,0.17
Stephan Rau,P&S Denzlingen 1 | P&S Denzlingen 2,Bezirksliga | Landesliga,West | West 1,43,30,13,43.00,1621,1512,1729,55,26.02,0.17
Thomas Doussos,,Einzel,Landesmeisterschaft 14.1e Senioren | Landesmeisterschaft 8er Ball Senioren | Landesmeisterschaft 9er Ball Senioren,8,2,6,8.00,1621,1381,1860,122,2.81,0.17
Tobias Jung,P&S Denzlingen 1,Landesliga,West,16,9,7,16.00,1621,1451,1791,87,8.28,0.17
Abdullah Yesil,PP Karlsbad 1 | PP Karlsbad 2,Bezirksliga | Einzel | Kreisliga A | Landesliga,Bezirksmeisterschaften 10er Ball Senioren Nord | Bezirksmeisterschaften 8er Ball Senioren Nord | Bezirksmeisterschaften 9er Ball Senioren Nord | Kreismeisterschaften 10-Ball Senioren Nord | Kreismeisterschaften 8-Ball Senioren Nord | Kreismeisterschaften 9-Ball Senioren Nord | Nord | Nord 1 | Nord 2,47,29,18,47.00,1620,1516,1723,53,26.84,0.17
Adhurim Tafa,BSC Göppingen 3,Bezirksliga,Ost 1,16,12,4,16.00,1620,1446,1794,89,10.12,0.17
Dominik Tonn,BV Pforzheim 1 | BV Pforzheim 2,Bezirksliga | Einzel | Landesliga,Bezirksmeisterschaften 10er Ball Herren Mitte | Bezirksmeisterschaften 14.1e Herren Mitte | Bezirksmeisterschaften 8er Ball Herren Mitte | Bezirksmeisterschaften 9er Ball Herren Mitte | Kreismeisterschaften 10-Ball Herren Mitte | Kreismeisterschaften 14.1e Herren Mitte | Kreismeisterschaften 8-Ball Herren Mitte | Kreismeisterschaften 9-Ball Herren Mitte | Landesmeisterschaft 8er Ball Herren | Mitte | Mitte 1,92,51,41,92.00,1620,1546,1693,37,49.68,0.17
Fikret Salic,BBV Mannheim 1 | BBV Mannheim 2,Bezirksliga | Landesliga,Nord | Nord 1 | Nord 2,98,58,40,98.00,1620,1550,1690,36,54.47,0.17
Sijon Joos,BSV Tiengen 2,Einzel | Landesliga,BM 14/1 Einzel Herren West | BM 9er Ball Herren West | Kreismeisterschaften 10-Ball Herren West | Kreismeisterschaften 8-Ball Herren West | Kreismeisterschaften 9-Ball Herren West | West,36,21,15,36.00,1620,1505,1734,58,18.96,0.17
Damir Vidovic,PBC Bräunlingen 1 | PBC Bräunlingen 2,Bezirksliga | Landesliga,West | West 1,8,6,2,8.00,1619,1379,1858,122,4.85,0.16
Eduard Hartter,BSC Lions Bietigheim 1,Bezirksliga,Mitte 1,38,27,11,38.00,1619,1504,1733,58,22.98,0.17
Thorsten Kartes,PBC Fr. Lampertheim 1,Landesliga,Nord,30,16,14,30.00,1619,1495,1743,63,14.77,0.17
Andreas Wittmeier,BV Pforzheim 1 | BV Pforzheim 2,Einzel | Landesliga,BM 10er Ball Senioren Mitte | BM 14/1 Einzel Senioren Mitte | Bezirksmeisterschaften 10er Ball Senioren Mitte | Bezirksmeisterschaften 8er Ball Senioren Mitte | Bezirksmeisterschaften 9er Ball Senioren Mitte | Kreismeisterschaften 10-Ball Senioren Mitte | Kreismeisterschaften 14.1e Senioren Mitte | Kreismeisterschaften 8-Ball Senioren Mitte | Kreismeisterschaften 9-Ball Senioren Mitte | Landesmeisterschaft 10er Ball Senioren | Landesmeisterschaft 14.1e Senioren | Mitte | West,170,88,82,170.00,1618,1565,1672,27,87.73,0.17
David Birau,Mannheimer BF 3,Bezirksliga,Nord 1 | Nord 2,13,10,3,13.00,1618,1430,1806,96,7.94,0.16
Frank Eisele,BC Sindelfingen 2 | BC Sindelfingen 3,Einzel | Landesliga,BM 8er Ball Herren Mitte | Bezirksmeisterschaften 10er Ball Senioren 45+ Mitte | Bezirksmeisterschaften 14.1e Senioren 45+ Mitte | Bezirksmeisterschaften 8er Ball Senioren 45+Mitte | Kreismeisterschaften 8-Ball Herren Mitte | Kreismeisterschaften 8-Ball Senioren 45+ Mitte | Mitte,43,25,18,43.00,1618,1513,1724,54,22.10,0.17
Marcus Trumpp,BSV Pfullingen 1 | BSV Pfullingen 2,Bezirksliga | Einzel | Landesliga,BM 10er Ball Herren Ost | BM 10er Ball Herren Ost (Pfullingen) 2019-2020 | BM 14/1 Einzel Herren Ost | Bezirksmeisterschaften 10er Ball Herren Ost | Kreismeisterschaften 10-Ball Herren Ost | Kreismeisterschaften 14.1e Herren Ost | Kreismeisterschaften 9-Ball Herren Ost | Landesmeisterschaft 10er Ball Herren | Ost | Ost 1,88,46,42,88.00,1618,1544,1692,38,46.90,0.17
Norbert Kabas,P&S Denzlingen 2 | P&S Denzlingen 3,Bezirksliga | Einzel | Landesliga,Bezirksmeisterschaften 14.1e Senioren 45+ West | Bezirksmeisterschaften 8er Ball Senioren 45+West | Bezirksmeisterschaften 9er Ball Senioren 45+ West | Kreismeisterschaften 8-Ball Herren West | West | West 1,42,28,14,42.00,1618,1510,1726,55,24.34,0.17
Sascha Werle,PBC Rastatt 1 | PBC Rastatt 2 | PBC Rastatt 3,Bezirksliga | Kreisliga A | Landesliga,Mitte | Mitte 1 | Mitte 2 | Mitte 3 | Mitte 4 | West 1,93,64,29,93.00,1618,1543,1693,38,57.12,0.17
Ralf Kempermann,PBV Schwetzingen 4,Einzel | Landesliga,BM 14/1 Einzel Senioren Nord | BM 8er Ball Senioren Nord | BM 9er Ball Senioren Nord | Bezirksmeisterschaften 10er Ball Senioren Nord | Bezirksmeisterschaften 14.1e Senioren Nord | Bezirksmeisterschaften 8er Ball Senioren Nord | Bezirksmeisterschaften 9er Ball Senioren Nord | Kreismeisterschaften 10-Ball Senioren Nord | Kreismeisterschaften 14.1e Senioren Nord | Kreismeisterschaften 8-Ball Senioren Nord | Kreismeisterschaften 9-Ball Senioren Nord | Landesmeisterschaft 14.1e Senioren | Landesmeisterschaft 8er Ball Senioren | Nord,114,61,53,114.00,1617,1552,1682,33,57.72,0.17
Stefan Neuberger,BC Neckarsulm 2,Bezirksliga | Einzel,Kreismeisterschaften 10-Ball Herren Nord | Kreismeisterschaften 8-Ball Herren Nord | Nord 2,47,30,17,47.00,1616,1514,1719,52,28.02,0.16
Thomas Kielmann,BF Weinheim-Viernheim 1 | BF Weinheim-Viernheim 2 | PBC Fr. Lampertheim 1,Bezirksliga | Landesliga,Nord | Nord 1,88,48,40,88.00,1616,1543,1690,38,46.80,0.16
Woldai Wagner,BSV Konstanz 1,Landesliga,Ost,16,8,8,16.00,1616,1449,1783,85,7.81,0.16
Eugen Spähn,PBC Ochsenhausen 1,Bezirksliga | Einzel | Landesliga,BM 14/1 Einzel Senioren Ost | BM 8er Ball Senioren Ost | Bezirksmeisterschaften 8er Ball Senioren Ost | Kreismeisterschaften 8-Ball Senioren Ost | Landesmeisterschaft 8er Ball Senioren | Ost | Ost 2 | Süd 3,121,64,57,121.00,1615,1552,1678,32,62.96,0.16
Hendrik Snijder,Mannheimer BF 1 | Mannheimer BF 2 | Mannheimer BF 3,Bezirksliga | Einzel | Kreisliga A | Landesliga,Kreismeisterschaften 9-Ball Senioren Nord | Nord | Nord 1,65,48,17,65.00,1615,1526,1704,45,39.53,0.16
Ivan Hodzic,PP Böblingen 1,Landesliga,Mitte,37,17,20,37.00,1615,1503,1728,57,18.51,0.16
Michelangelo Laurano,,Einzel,Kreismeisterschaften 8-Ball Herren Ost,5,3,2,5.00,1615,1331,1899,145,2.51,0.16
Nic Woywodt,PBC Nagoldtal 1,Bezirksliga | Einzel | Landesliga,Bezirksmeisterschaften 14.1e Herren Mitte | Bezirksmeisterschaften 9er Ball Herren Mitte | Kreismeisterschaften 10-Ball Herren Mitte | Kreismeisterschaften 14.1e Herren Mitte | Kreismeisterschaften 14/1e Herren Mitte | Kreismeisterschaften 8-Ball Herren Mitte | Kreismeisterschaften 9-Ball Herren Mitte | Landesmeisterschaft 14.1e Herren | Mitte | Mitte 1 | Mitte 2 | West,148,91,57,148.00,1615,1557,1673,29,81.42,0.16
Robert Bogdan,TV Cannstatt 2 | TV Cannstatt 3 | TV Cannstatt 5,Bezirksliga | Einzel | Kreisliga A,Bezirksmeisterschaften 10er Ball Herren Mitte | Kreismeisterschaften 10-Ball Herren Mitte | Kreismeisterschaften 9-Ball Herren Mitte | Mitte 1 | Mitte 2 | Ost 1,61,41,20,61.00,1615,1523,1707,47,35.58,0.16
Thomas Kühn,Mannheimer BF 1 | Mannheimer BF 2,Bezirksliga | Kreisliga A | Landesliga,Nord | Nord 1,54,36,18,54.00,1615,1520,1711,49,31.01,0.16
Ahmet Yazici,BC Sindelfingen 2 | BC Sindelfingen 3 | PBC Nagoldtal 1 | PBC Nagoldtal 2,Bezirksliga | Kreisliga A | Landesliga,Mitte | Mitte 1 | Mitte 3 | West,72,45,27,72.00,1614,1530,1697,43,40.49,0.16
Alexander Haass Aufn.: 20; Ø: 3.50,,Einzel,BM 14/1 Einzel Herren Nord,1,1,0,1.00,1614,1070,2158,277,0.79,0.16
Florian Brugger,PBC Bräunlingen 2,Bezirksliga | Einzel | Landesliga,BM 14/1 Einzel Herren West | Landesmeisterschaft 14.1e Herren | West | West 2,15,8,7,15.00,1614,1433,1794,92,8.05,0.16
Gerald Ströbele,PBC Langenargen 1 | PBC Langenargen 2 | PBC Langenargen 3,Bezirksliga | Einzel | Kreisliga A | Landesliga,Bezirksmeisterschaften 8er Ball Herren Ost | Bezirksmeisterschaften 9er Ball Herren Ost | Kreismeisterschaften 10-Ball Herren Ost | Kreismeisterschaften 8-Ball Herren Ost | Kreismeisterschaften 9-Ball Herren Ost | Landesmeisterschaft 9er Ball Herren | Ost | Ost 2 | Süd 3,106,70,36,106.00,1614,1545,1683,35,61.89,0.16
Rouven Elischer,BC Neckarsulm 1 | BC Neckarsulm 2,Bezirksliga | Einzel | Landesliga,BM 8er Ball Herren Nord | BM 9er Ball Herren Nord | Bezirksmeisterschaften 14.1e Herren Nord | Kreismeisterschaften 10-Ball Herren Nord | Kreismeisterschaften 8-Ball Herren Nord | Kreismeisterschaften 9-Ball Herren Nord | Nord | Nord 2,99,64,35,99.00,1614,1544,1685,36,54.55,0.16
Thomas Etowski,PBC Rastatt 2,Bezirksliga | Kreisliga A,Mitte 2 | Mitte 3,45,37,8,45.00,1614,1508,1721,54,28.41,0.16
Haci Eymir,BC Aalen 3 | BC Aalen 4 | PBC Aalen 2,Bezirksliga | Einzel | Kreisliga A | Landesliga,Bezirksmeisterschaften 8er Ball Senioren Mitte | Bezirksmeisterschaften 9er Ball Senioren Mitte | Kreismeisterschaften 8-Ball Senioren Mitte | Kreismeisterschaften 9-Ball Herren Mitte | Kreismeisterschaften 9-Ball Senioren Mitte | Landesmeisterschaft 9er Ball Senioren | Mitte | Mitte 1 | Mitte 2 | Ost,118,75,43,118.00,1613,1548,1678,33,67.86,0.16
Martin Frei,PBC Offenburg 2,Landesliga,West,65,40,25,65.00,1613,1527,1699,44,35.58,0.16
Andreas Zillmann,PP Böblingen 1 | PP Böblingen 2 | PP Böblingen 3,Bezirksliga | Einzel | Kreisliga A | Landesliga,BM 14/1 Einzel Herren Mitte | Bezirksmeisterschaften 10er Ball Herren Mitte | Bezirksmeisterschaften 14.1e Herren Mitte | Bezirksmeisterschaften 8er Ball Herren Mitte | Bezirksmeisterschaften 9er Ball Herren Mitte | Kreismeisterschaften 10-Ball Herren Mitte | Kreismeisterschaften 14.1e Herren Mitte | Kreismeisterschaften 14/1e Herren Mitte | Kreismeisterschaften 8-Ball Herren Mitte | Kreismeisterschaften 9-Ball Herren Mitte | Mitte 2 | Mitte 3 | West,144,79,65,144.00,1611,1552,1670,30,80.37,0.16
Marius Schrimpf,BBC Plochingen 1 | BBC Plochingen 2,Bezirksliga | Kreisliga A | Landesliga,Ost | Ost 1,73,56,17,73.00,1611,1526,1696,43,45.16,0.16
Mehmet Kirli,PBC Schwäbisch Gmünd 1 | PBC Schwäbisch Gmünd 2,Bezirksliga,Mitte 1 | Mitte 2,27,16,11,27.00,1611,1478,1744,68,15.14,0.16
Birger Tesnau,BC Feuersee 1 | BC Feuersee 2 | BC Stuttgart 1891 2,Bezirksliga | Einzel | Kreisliga A | Landesliga,BM 10er Ball Senioren Mitte | Bezirksmeisterschaften 10er Ball Senioren Mitte | Bezirksmeisterschaften 14.1e Senioren Mitte | Kreismeisterschaften 10-Ball Senioren Mitte | Kreismeisterschaften 14.1e Senioren Mitte | Kreismeisterschaften 8-Ball Senioren Mitte | Kreismeisterschaften 9-Ball Senioren 45+ Mitte | Kreismeisterschaften 9-Ball Senioren Mitte | Landesmeisterschaft 10er Ball Senioren | Mitte | Mitte 1 | Mitte 2,137,80,57,137.00,1610,1550,1670,31,74.53,0.16
Matthias Orth,BC Dreiländereck 2,Landesliga,West,18,9,9,18.00,1610,1450,1770,82,9.59,0.15
Maximilian Hetjens,Pool Knights Bensheim 1,Landesliga,Nord,2,2,0,2.00,1610,1205,2015,207,0.90,0.15
Witold Kabacinski,PBC Waghäusel 2 | PBC Waghäusel 3,Bezirksliga | Landesliga,Nord | Nord 2,26,18,8,26.00,1610,1476,1744,68,14.25,0.15
Andree Säubert,PBC Waghäusel 2 | PBC Waghäusel 3 | PBC Waghäusel 4,Bezirksliga | Einzel | Kreisliga A | Landesliga,Kreismeisterschaften 10-Ball Herren Nord | Nord | Nord 1 | Nord 2,52,40,12,52.00,1609,1510,1708,50,32.24,0.15
Kai Kiss,BSV Tiengen 2,Einzel | Landesliga,BM 9er Ball Senioren West | Kreismeisterschaften 10-Ball Senioren West | Kreismeisterschaften 9-Ball Senioren West | West,46,30,16,46.00,1609,1504,1713,53,26.26,0.15
Rainer Schönfeld,PBC Reutlingen 1,Landesliga,West,1,1,0,1.00,1609,1116,2103,252,0.51,0.15
Kevin Patrick Fischer,BSV Pfullingen 2,Einzel | Kreisliga A,Kreismeisterschaften 8-Ball Herren Ost | Kreismeisterschaften 9-Ball Herren Ost | Ost 1,16,11,5,16.00,1608,1436,1779,87,8.80,0.15
Marco Roll,BF Weinheim-Viernheim 1,Bezirksliga | Landesliga,Nord | Nord 1,117,79,38,117.00,1608,1543,1672,33,68.08,0.15
Peter Lotterer,PBC Reutlingen 1,Landesliga,West,2,2,0,2.00,1608,1196,2020,210,1.22,0.15
Sabine Stubits,PBC Nagoldtal 2,Kreisliga A,Mitte 2,4,4,0,4.00,1608,1285,1932,165,2.66,0.15
Adriano Viviani,CC Karlsruhe 2 | PBC Rastatt 2,Kreisliga A | Landesliga,Mitte 1 | Nord,56,31,25,56.00,1607,1512,1701,48,30.85,0.15
Murat Deniz,BC Dallau 2,Bezirksliga,Nord 1,2,1,1,2.00,1607,1207,2008,204,1.03,0.15
Josip Ceko,TV Cannstatt 1 | TV Cannstatt 2 | TV Cannstatt 3 | TV Cannstatt 5,Bezirksliga | Einzel | Kreisliga A | Landesliga,Kreismeisterschaften 8-Ball Herren Mitte | Mitte | Mitte 1 | Mitte 2 | Mitte 3 | Ost 1,60,48,12,60.00,1606,1511,1700,48,39.02,0.15
Sascha Hiller,TV Cannstatt 1 | TV Cannstatt 2 | TV Cannstatt 3,Bezirksliga | Kreisliga A | Landesliga,Mitte | Mitte 1 | Mitte 2 | Mitte 3 | Ost 1,89,66,23,89.00,1606,1530,1682,39,54.90,0.15
Benno Amann,BC Unterteuringen 1,Bezirksliga | Einzel,Bezirksmeisterschaften 14.1e Senioren Ost | Ost 2,106,70,36,106.00,1605,1536,1673,35,60.84,0.15
Franz Meschenmoser,PBC Bad Saulgau 2 | PBC Bad Saulgau 3 | PBC Bad Saulgau 4,Bezirksliga | Kreisliga A,Ost 2,88,69,19,88.00,1605,1529,1682,39,56.41,0.15
Harald Leder,CC Karlsruhe 3 | PBC Bruchsal 3 | PP Karlsbad 1 | PP Karlsbad 2,Bezirksliga | Einzel | Kreisliga A | Landesliga,BM 14/1 Einzel Senioren Nord | Bezirksmeisterschaften 10er Ball Senioren Nord | Bezirksmeisterschaften 14.1e Senioren Nord | Kreismeisterschaften 10-Ball Senioren Nord | Kreismeisterschaften 14.1e Senioren Nord | Kreismeisterschaften 8-Ball Senioren Nord | Landesmeisterschaft 10er Ball Senioren | Landesmeisterschaft 14.1e Senioren | Landesmeisterschaft 14.1e Senioren 45+ | Nord | Nord 1 | Nord 2,152,98,54,152.00,1605,1546,1663,30,87.97,0.15
Marcus Dienst,PBV Schwetzingen 4 | PBV Schwetzingen 5,Bezirksliga | Landesliga,Nord | Nord 2,56,31,25,56.00,1605,1513,1696,47,28.73,0.15
Michael Kunz,BSV Konstanz 1,Landesliga,Ost,2,1,1,2.00,1605,1206,2005,204,0.96,0.15
Vanja Nikolic,BC Sindelfingen 3 | BC Sindelfingen 5,Bezirksliga | Einzel | Landesliga,BM 10er Ball Damen Ost und Mitte | BM 8er Ball Damen Ost - Mitte | BM 9er Ball Damen Ost und Mitte | Bezirksmeisterschaften 10er Ball Damen Mitte-Ost | Bezirksmeisterschaften 14.1e Damen Mitte_Ost | Bezirksmeisterschaften 8er Ball Damen Mitte-Ost | Bezirksmeisterschaften 9er Ball Damen Mitte- Ost | Landesmeisterschaft 10er Ball Damen | Landesmeisterschaft 14.1e Damen | Landesmeisterschaft 8er Ball Damen | Landesmeisterschaft 9er Ball Damen | Mitte | Mitte 1,145,91,54,145.00,1605,1545,1664,30,83.91,0.15
Christoph Schadek,BF Weinheim-Viernheim 2 | BF Weinheim-Viernheim 3,Bezirksliga | Kreisliga A,Nord 1 | Nord 2,34,23,11,34.00,1604,1480,1728,63,20.82,0.15
Marcel Roden,CC Karlsruhe 1 | CC Karlsruhe 2,Bezirksliga | Landesliga,Nord | Nord 1,41,17,24,41.00,1604,1497,1711,54,20.74,0.15
Okan Ceken,PBC Reutlingen 2 | PBC Reutlingen 3,Bezirksliga | Kreisliga A | Landesliga,Ost 1 | West,44,33,11,44.00,1604,1496,1712,55,26.84,0.15
Rolf Waible,PBC Bruchsal 1,Bezirksliga | Einzel | Landesliga,BM 10er Ball Senioren Nord | BM 10er Ball Senioren Nord (PBC Waghäusel) 2019-2020 | BM 14/1 Einzel Senioren Nord | BM 8er Ball Senioren Nord | BM 9er Ball Senioren Nord | Bezirksmeisterschaften 10er Ball Senioren Nord | Bezirksmeisterschaften 8er Ball Senioren 55+Nord | Bezirksmeisterschaften 8er Ball Senioren Nord | Bezirksmeisterschaften 9er Ball Senioren 55+ Nord | Kreismeisterschaften 10-Ball Senioren Nord | Kreismeisterschaften 14.1e Senioren Nord | Kreismeisterschaften 14/1e Senioren 55+ Nord | Kreismeisterschaften 8-Ball Senioren 55+ Nord | Kreismeisterschaften 8-Ball Senioren Nord | Landesmeisterschaft 10er Ball Senioren | Landesmeisterschaft 14.1e Senioren | Nord | Nord 1,208,105,103,208.00,1604,1555,1652,25,106.41,0.15
Ulrich Schäfer,BSV Pfullingen 1 | BSV Pfullingen 2,Einzel | Kreisliga A | Landesliga,BM 10er Ball Herren Ost (Pfullingen) 2019-2020 | Landesmeisterschaft 10er Ball Herren | Ost | Ost 1,18,9,9,18.00,1604,1440,1769,84,9.55,0.15
Bernd Woitanowski,PBC Waghäusel 2,Einzel | Landesliga,BM 14/1 Einzel Senioren Nord | Bezirksmeisterschaften 10er Ball Senioren 55+ Nord | Bezirksmeisterschaften 10er Ball Senioren Nord | Bezirksmeisterschaften 14.1e Senioren 55+ Nord | Bezirksmeisterschaften 8er Ball Senioren 55+Nord | Bezirksmeisterschaften 8er Ball Senioren Nord | Bezirksmeisterschaften 9er Ball Senioren 55+ Nord | Bezirksmeisterschaften 9er Ball Senioren Nord | Kreismeisterschaften 10-Ball Senioren Nord | Kreismeisterschaften 14/1e Senioren 55+ Nord | Kreismeisterschaften 8-Ball Senioren 55+ Nord | Kreismeisterschaften 8-Ball Senioren Nord | Kreismeisterschaften 9-Ball Senioren Nord | Landesmeisterschaft 14.1e Senioren | Nord,90,42,48,90.00,1603,1530,1677,38,46.36,0.15
Oliver Schwertschlager,BC Stuttgart 1891 2,Bezirksliga | Einzel | Landesliga,Bezirksmeisterschaften 14.1e Senioren 55+ Mitte | Bezirksmeisterschaften 14.1e Senioren Mitte | Kreismeisterschaften 14.1e Senioren Mitte | Kreismeisterschaften 14/1e Senioren 55+ Mitte | Kreismeisterschaften 8-Ball Senioren 55+ Mitte | Kreismeisterschaften 8-Ball Senioren Mitte | Kreismeisterschaften 9-Ball Senioren Mitte | Mitte | Mitte 1 | Mitte 2 | Ost,119,64,55,119.00,1603,1539,1666,32,60.83,0.15
Patrik Meyer,PBC Offenburg 2,Landesliga,West,2,1,1,2.00,1603,1202,2005,205,0.90,0.14
Raoul-Robert Ronto,CC Karlsruhe 1 | CC Karlsruhe 3 | PBC Rastatt 2 | PBC Rastatt 4,Bezirksliga | Kreisliga A | Landesliga,Mitte 3 | Nord | Nord 1 | West 1,71,44,27,71.00,1603,1519,1687,43,41.26,0.15
Thomas Sommer,PBV Schwetzingen 3 | PBV Schwetzingen 4,Einzel | Landesliga,BM 8er Ball Senioren Nord | Bezirksmeisterschaften 10er Ball Senioren Nord | Bezirksmeisterschaften 8er Ball Senioren Nord | Kreismeisterschaften 10-Ball Senioren Nord | Kreismeisterschaften 8-Ball Senioren Nord | Landesmeisterschaft 8er Ball Senioren | Nord,63,30,33,63.00,1603,1516,1690,44,30.40,0.15
Tobias Petter,BC Aalen 3 | BC Aalen 4,Bezirksliga | Kreisliga A,Mitte 1 | Mitte 2,10,10,0,10.00,1603,1388,1818,110,6.44,0.14
Uwe Schmidt,BF Bruchsal 1 | BV Pforzheim 2 | BV Pforzheim 4,Bezirksliga | Einzel | Kreisliga A | Landesliga,BM 10er Ball Senioren Mitte | BM 10er Ball Senioren Nord (PBC Waghäusel) 2019-2020 | BM 9er Ball Senioren Mitte | Bezirksmeisterschaften 10er Ball Senioren Mitte | Bezirksmeisterschaften 14.1e Senioren Mitte | Bezirksmeisterschaften 8er Ball Senioren Mitte | Bezirksmeisterschaften 9er Ball Senioren 45+ Mitte | Bezirksmeisterschaften 9er Ball Senioren Mitte | Kreismeisterschaften 10-Ball Senioren Mitte | Kreismeisterschaften 14.1e Senioren Mitte | Kreismeisterschaften 8-Ball Senioren Mitte | Kreismeisterschaften 9-Ball Senioren Mitte | Landesmeisterschaft 8er Ball Senioren | Landesmeisterschaft 9er Ball Senioren | Mitte | Mitte 2 | Nord,163,102,61,163.00,1602,1546,1658,29,90.35,0.15
Aristidis Michailidis,BSV Filderstadt 2 | BSV Filderstadt 3 | BSV Filderstadt 4,Bezirksliga | Kreisliga A,Ost 1,37,28,9,37.00,1601,1484,1718,60,23.30,0.14
Bruno Miletic,BC Dreiländereck 1,Bezirksliga | Einzel | Landesliga,BM 10er Ball Herren West | Bezirksmeisterschaften 10er Ball Herren West | Bezirksmeisterschaften 8er Ball Herren West | Bezirksmeisterschaften 9er Ball Herren West | Kreismeisterschaften 10-Ball Herren West | Kreismeisterschaften 14.1e Herren West | Kreismeisterschaften 8-Ball Herren West | Kreismeisterschaften 9-Ball Herren West | West | West 1,111,68,43,111.00,1601,1533,1669,35,64.19,0.14
Marius-Daniel Grigore-Martini,PBC Reutlingen 2 | PBC Reutlingen 3,Einzel | Kreisliga A,BM 10er Ball Herren Ost | BM 14/1 Einzel Herren Ost | BM 8er Ball Herren Ost | BM 9er Ball Herren Ost | Bezirksmeisterschaften 10er Ball Herren Ost | Bezirksmeisterschaften 14.1e Herren Ost | Bezirksmeisterschaften 8er Ball Herren Ost | Bezirksmeisterschaften 9er Ball Herren Ost | Kreismeisterschaften 10-Ball Herren Ost | Kreismeisterschaften 8-Ball Herren Ost | Kreismeisterschaften 9-Ball Herren Ost | Landesmeisterschaft 14.1e Herren | Ost 1 | West 2,99,51,48,99.00,1601,1531,1671,36,48.54,0.14
Sven Götz,BF Weinheim-Viernheim 1 | BF Weinheim-Viernheim 2 | BF Weinheim-Viernheim 3,Bezirksliga | Einzel | Kreisliga A | Landesliga,BM 9er Ball Senioren Nord | Kreismeisterschaften 9-Ball Senioren Nord | Nord | Nord 1 | Nord 2,58,37,21,58.00,1601,1510,1691,46,30.92,0.14
Daniel Schmid,BC Bad Schussenried 1 | BC Bad Schussenried 2 | BC Bad Schussenried 3,Bezirksliga | Einzel | Kreisliga A | Landesliga,BM 9er Ball Herren Ost | Bezirksmeisterschaften 14.1e Herren Ost | Bezirksmeisterschaften 8er Ball Senioren 45+Ost | Bezirksmeisterschaften 9er Ball Herren Ost | Kreismeisterschaften 10-Ball Herren Ost | Kreismeisterschaften 8-Ball Herren Ost | Kreismeisterschaften 9-Ball Herren Ost | Ost | Ost 2 | Süd 3,107,62,45,107.00,1600,1533,1667,34,58.64,0.14
Gary Wong,PBC Schwäbisch Gmünd 1,Bezirksliga | Einzel | Landesliga,Kreismeisterschaften 10-Ball Herren Mitte | Mitte | Mitte 2,57,31,26,57.00,1600,1508,1691,47,30.57,0.14
Markus Merz,BSF Kurpfalz 2 | BSF Kurpfalz 3,Bezirksliga | Einzel | Kreisliga A,BM 8er Ball Senioren Nord | Kreismeisterschaften 8-Ball Senioren Nord | Nord 2 | Nord 3,129,101,28,129.00,1600,1535,1664,33,83.87,0.14
Miodrag Adrian Caravila,BSV Pfullingen 2 | PBC Reutlingen 2,Bezirksliga | Einzel | Landesliga,Bezirksmeisterschaften 10er Ball Herren Ost | Bezirksmeisterschaften 8er Ball Herren Ost | Bezirksmeisterschaften 9er Ball Herren Ost | Kreismeisterschaften 10-Ball Herren Ost | Kreismeisterschaften 8-Ball Herren Ost | Kreismeisterschaften 9-Ball Herren Ost | Ost | Ost 1 | West,116,62,54,116.00,1600,1535,1664,33,61.82,0.14
Stephan Rech-Linker,BC Sindelfingen 3 | BC Sindelfingen 4 | BC Sindelfingen 5,Bezirksliga | Einzel | Landesliga,BM 10er Ball Herren Mitte | BM 14/1 Einzel Herren Mitte | BM 8er Ball Herren Mitte | BM 9er Ball Herren Mitte | Bezirksmeisterschaften 10er Ball Herren Mitte | Bezirksmeisterschaften 14.1e Herren Mitte | Bezirksmeisterschaften 8er Ball Herren Mitte | Bezirksmeisterschaften 9er Ball Herren Mitte | Kreismeisterschaften 10-Ball Herren Mitte | Kreismeisterschaften 14.1e Herren Mitte | Kreismeisterschaften 14/1e Herren Mitte | Kreismeisterschaften 8-Ball Herren Mitte | Kreismeisterschaften 9-Ball Herren Mitte | Landesmeisterschaft 8er Ball Herren | Mitte | Mitte 1 | Mitte 2 | West,175,95,80,175.00,1600,1547,1654,27,92.05,0.15
Xhemajil Ibrahimi,PBC Nagoldtal 2 | PBC Nagoldtal 3,Einzel | Kreisliga A,Bezirksmeisterschaften 10er Ball Herren Mitte | Bezirksmeisterschaften 14.1e Herren Mitte | Bezirksmeisterschaften 8er Ball Herren Mitte | Kreismeisterschaften 10-Ball Herren Mitte | Kreismeisterschaften 14/1e Herren Mitte | Kreismeisterschaften 8-Ball Herren Mitte | Kreismeisterschaften 9-Ball Herren Mitte | Landesmeisterschaft 14.1e Herren | Landesmeisterschaft 8er Ball Herren | Mitte 2 | Mitte 3,55,34,21,55.00,1600,1503,1697,50,30.48,0.14
Christian Gremmelspacher,PBC Sand 1,Einzel | Landesliga,BM 10er Ball Senioren West | BM 10er Ball Senioren West (Sand) 2019-2020 | BM 14/1 Einzel Senioren West | BM 8er Ball Senioren West | BM 9er Ball Senioren West | Bezirksmeisterschaften 10er Ball Herren West | Bezirksmeisterschaften 14.1e Herren West | Bezirksmeisterschaften 8er Ball Herren West | Bezirksmeisterschaften 9er Ball Herren West | Kreismeisterschaften 10-Ball Herren West | Kreismeisterschaften 14.1e Herren West | Kreismeisterschaften 8-Ball Herren West | Kreismeisterschaften 8-Ball Senioren West | Kreismeisterschaften 9-Ball Herren West | Landesmeisterschaft 9er Ball Senioren | Süd,76,40,36,76.00,1599,1519,1680,41,38.62,0.14
Marco Di Martino,BBV Mannheim 3,Bezirksliga,Nord 1,2,2,0,2.00,1599,1196,2003,206,1.19,0.14
Markus Appenowitz,BSV Filderstadt 1 | BSV Filderstadt 2 | BSV Filderstadt 3,Bezirksliga | Einzel | Landesliga,BM 10er Ball Herren Ost (Pfullingen) 2019-2020 | Bezirksmeisterschaften 8er Ball Herren Ost | Kreismeisterschaften 8-Ball Herren Ost | Landesmeisterschaft 10er Ball Herren | Ost | Ost 1,80,48,32,80.00,1599,1521,1677,40,44.34,0.14
Efendi Cekerek,Mannheimer BF 1 | Mannheimer BF 2,Bezirksliga | Einzel | Landesliga,BM 10er Ball Herren Nord | BM 8er Ball Herren Nord | BM 9er Ball Herren Nord | Bezirksmeisterschaften 10er Ball Senioren 55+ Nord | Bezirksmeisterschaften 10er Ball Senioren Nord | Bezirksmeisterschaften 14.1e Senioren Nord | Bezirksmeisterschaften 8er Ball Senioren 55+Nord | Bezirksmeisterschaften 9er Ball Senioren 55+ Nord | Bezirksmeisterschaften 9er Ball Senioren Nord | Kreismeisterschaften 10-Ball Herren Nord | Kreismeisterschaften 10-Ball Senioren Nord | Kreismeisterschaften 14.1e Herren Nord | Kreismeisterschaften 14.1e Senioren Nord | Kreismeisterschaften 8-Ball Herren Nord | Kreismeisterschaften 8-Ball Senioren 55+ Nord | Kreismeisterschaften 9-Ball Herren Nord | Kreismeisterschaften 9-Ball Senioren Nord | Landesmeisterschaft 10er Ball Senioren 55+ | Nord | Nord 1,109,59,50,109.00,1598,1532,1665,34,53.79,0.14
Hermann Krieger,BF Bruchsal 1 | CC Karlsruhe 1 | CC Karlsruhe 3,Bezirksliga | Einzel | Landesliga,Kreismeisterschaften 10-Ball Herren Nord | Kreismeisterschaften 8-Ball Herren Nord | Kreismeisterschaften 9-Ball Herren Nord | Nord | Nord 1,84,47,37,84.00,1598,1522,1675,39,43.41,0.14
Önder Coskun,BSC Lions Bietigheim 1 | BSC Lions Bietigheim 2,Bezirksliga | Kreisliga A | Landesliga,Mitte 1 | Mitte 2 | West,109,70,39,109.00,1598,1530,1666,35,63.42,0.14
Andreas Tschinkel,BBC Plochingen 1 | BBC Plochingen 2,Bezirksliga | Kreisliga A | Landesliga,Ost | Ost 1,57,30,27,57.00,1597,1503,1691,48,32.50,0.14
Daniel Jarke,BF Bruchsal 1,Bezirksliga | Einzel | Landesliga,BM 10er Ball Herren Nord (Kurpfalz) 2019-2020 | Nord | Nord 2,50,23,27,50.00,1597,1500,1695,50,25.03,0.14
Michal Radwan,BC Feuersee 1 | BULL Leonberg-Höfingen 1,Einzel | Landesliga,Bezirksmeisterschaften 8er Ball Herren Mitte | Kreismeisterschaften 10-Ball Herren Mitte | Kreismeisterschaften 8-Ball Herren Mitte | Mitte,69,35,34,69.00,1597,1514,1681,42,33.14,0.14
David Galwas,PBC Freudenstadt 1,Einzel | Landesliga,BM 10er Ball Herren West (Offenburg) 2019-2020 | BM 14/1 Einzel Herren West | BM 8er Ball Herren West | Bezirksmeisterschaften 10er Ball Herren West | Bezirksmeisterschaften 14.1e Herren West | Bezirksmeisterschaften 8er Ball Herren West | Bezirksmeisterschaften 9er Ball Herren West | Kreismeisterschaften 10-Ball Herren West | Kreismeisterschaften 14.1e Herren West | Kreismeisterschaften 8-Ball Herren West | Kreismeisterschaften 9-Ball Herren West | Landesmeisterschaft 8er Ball Herren | Landesmeisterschaft 9er Ball Herren | West,83,41,42,83.00,1596,1520,1672,39,41.50,0.14
Felix Kern,PBC Waghäusel 2,Einzel | Landesliga,BM 10er Ball Herren Nord | BM 14/1 Einzel Herren Nord | BM 8er Ball Herren Nord | Kreismeisterschaften 10-Ball Herren Nord | Nord,60,30,30,60.00,1596,1507,1685,45,30.48,0.14
Florian Staud,PBC Nagoldtal 1,Bezirksliga | Einzel | Landesliga,BM 10er Ball Herren Mitte | BM 8er Ball Herren Mitte | Kreismeisterschaften 10-Ball Herren Mitte | Kreismeisterschaften 8-Ball Herren Mitte | Kreismeisterschaften 9-Ball Herren Mitte | Mitte | Mitte 1 | Mitte 2,134,85,49,134.00,1596,1535,1656,31,73.48,0.14
Dominik Netzhammer,BSV Tiengen 2 | BSV Tiengen 3,Bezirksliga | Landesliga,West | West 1,65,46,19,65.00,1595,1507,1683,45,37.44,0.14
Felix Böck,PBC Bietigheim-Bissingen 1,Bezirksliga | Einzel | Landesliga,Kreismeisterschaften 10-Ball Herren Mitte | Kreismeisterschaften 8-Ball Herren Mitte | Mitte | Mitte 2,55,33,22,55.00,1595,1502,1688,48,29.36,0.13
Jörg Laupitz,PBC Nagoldtal 3,Bezirksliga | Einzel | Kreisliga A,BM 10er Ball Herren Mitte | BM 10er Ball Herren Mitte (Sindelfingen) 2019-2020 | Mitte 1,50,29,21,50.00,1595,1496,1695,51,27.67,0.14
Max Löhle,,Einzel,Kreismeisterschaften 8-Ball Herren Ost | LJM 2023 m-u23 8-Ball | LJM 2023 m-u23 9-Ball,14,8,6,14.00,1595,1411,1778,94,6.89,0.13
Udo Kirchgeßner Aufn.: 5; Ø: 12.00,,Einzel,Kreismeisterschaften 14.1e Herren Nord,1,1,0,1.00,1595,1070,2120,268,0.75,0.13
Wolfgang Siethoff,PF Calw 2 | VFL Herrenberg 1,Bezirksliga | Einzel | Kreisliga A,BM 10er Ball Senioren Mitte (Sindelfingen) 2019-2020 | Kreismeisterschaften 9-Ball Senioren Mitte | Landesmeisterschaft 14.1e Senioren | Mitte 1 | Mitte 2,56,41,15,56.00,1595,1498,1693,50,34.61,0.14
Christian Iliadis,BC Aalen 3 | BC Aalen 4,Bezirksliga | Kreisliga A,Mitte 1 | Mitte 2,20,13,7,20.00,1594,1437,1750,80,12.43,0.13
Fabian Müller,BV Markdorf 1,Einzel | Landesliga,BM 14/1 Einzel Herren Ost | Ost,25,11,14,25.00,1594,1456,1733,71,12.28,0.13
Frank Tatarkowski,PBC Offenburg 2,Landesliga,West,41,23,18,41.00,1594,1485,1703,55,23.38,0.13
Johannes Seith,CC Karlsruhe 2 | CC Karlsruhe 3,Einzel | Kreisliga A | Landesliga,Kreismeisterschaften 9-Ball Herren Nord | Nord | Nord 2,22,20,2,22.00,1594,1438,1749,79,14.13,0.13
Konrad Bau,Tübinger BC 1,Bezirksliga | Einzel | Landesliga,BM 10er Ball Herren Ost | Bezirksmeisterschaften 10er Ball Herren Ost | Kreismeisterschaften 10-Ball Herren Ost | Landesmeisterschaft 10er Ball Herren | Ost | Ost 1 | West,103,64,39,103.00,1594,1525,1664,35,58.22,0.14
Ronny Frank,BSV Tiengen 2 | BSV Tiengen 3,Einzel | Landesliga,BM 10er Ball Herren West | BM 10er Ball Herren West (Offenburg) 2019-2020 | BM 14/1 Einzel Herren West | BM 9er Ball Herren West | Bezirksmeisterschaften 10er Ball Herren West | Bezirksmeisterschaften 14.1e Herren West | Bezirksmeisterschaften 8er Ball Herren West | Bezirksmeisterschaften 9er Ball Herren West | Kreismeisterschaften 10-Ball Herren West | Kreismeisterschaften 14.1e Herren West | Kreismeisterschaften 8-Ball Herren West | Kreismeisterschaften 9-Ball Herren West | Landesmeisterschaft 9er Ball Herren | Süd | West,138,79,59,138.00,1594,1535,1654,30,71.71,0.14
Danny Engelhardt,PBC Pfedelbach 1 | PBC Pfedelbach 2 | PBC Schwäbisch Hall 2,Bezirksliga,Mitte 1 | Nord 2,42,28,14,42.00,1593,1488,1699,54,23.46,0.13
Orhan Cetin,BSV Pfullingen 1 | BSV Pfullingen 2,Bezirksliga | Landesliga,Ost | Ost 1 | West,71,40,31,71.00,1593,1510,1675,42,39.04,0.13
Ramin Raeisi,BSV Pfullingen 2,Bezirksliga,Ost 1,18,10,8,18.00,1593,1431,1754,82,10.48,0.13
Samuel Schleitzer,P&S Denzlingen 2,Einzel | Landesliga,Bezirksmeisterschaften 8er Ball Herren West | Kreismeisterschaften 10-Ball Herren West | Kreismeisterschaften 8-Ball Herren West | Kreismeisterschaften 9-Ball Herren West | West,28,20,8,28.00,1593,1459,1726,68,16.78,0.13
Thomas Neumann,PBC Waghäusel 2 | PBC Waghäusel 3 | PBC Waghäusel 4,Bezirksliga | Landesliga,Nord | Nord 1,56,29,27,56.00,1593,1500,1686,47,28.05,0.13
Claudio Pontuti,BC Stuttgart 1891 2 | BC Stuttgart 1891 3 | BSV Filderstadt 4 | TV Cannstatt 3,Bezirksliga | Einzel | Kreisliga A | Landesliga,BM 10er Ball Herren Mitte (Sindelfingen) 2019-2020 | BM 10er Ball Herren Ost | BM 8er Ball Herren Ost | Bezirksmeisterschaften 10er Ball Senioren 55+ Mitte | Bezirksmeisterschaften 14.1e Senioren 55+ Mitte | Bezirksmeisterschaften 8er Ball Senioren 55+Mitte | Kreismeisterschaften 10-Ball Herren Mitte | Kreismeisterschaften 10-Ball Senioren 55+ Mitte | Kreismeisterschaften 10-Ball Senioren Mitte | Kreismeisterschaften 14.1e Senioren Mitte | Kreismeisterschaften 14/1e Senioren 55+ Mitte | Kreismeisterschaften 8-Ball Herren Mitte | Kreismeisterschaften 8-Ball Herren Ost | Kreismeisterschaften 8-Ball Senioren 55+ Mitte | Kreismeisterschaften 8-Ball Senioren Mitte | Kreismeisterschaften 9-Ball Herren Mitte | Kreismeisterschaften 9-Ball Herren Ost | Kreismeisterschaften 9-Ball Senioren 55+ Mitte | Kreismeisterschaften 9-Ball Senioren Mitte | Landesmeisterschaft 10er Ball Herren | Mitte 1 | Mitte 2 | Mitte 3 | Ost,97,49,48,97.00,1592,1521,1664,36,50.79,0.13
Fabian Metz,CC Karlsruhe 1 | CC Karlsruhe 2,Bezirksliga | Einzel | Landesliga,Landesmeisterschaft 9er Ball Senioren | Nord | Nord 1,100,51,49,100.00,1592,1524,1661,35,49.40,0.13
Markus König,BSV Filderstadt 2 | PBC Bad Saulgau 2,Bezirksliga | Einzel,Bezirksmeisterschaften 8er Ball Herren Ost | Bezirksmeisterschaften 9er Ball Herren Ost | Kreismeisterschaften 10-Ball Herren Ost | Kreismeisterschaften 8-Ball Herren Ost | Kreismeisterschaften 9-Ball Herren Ost | Landesmeisterschaft 8er Ball Herren | Ost 1 | Ost 2,59,34,25,59.00,1592,1501,1684,47,31.56,0.13
Stefan Krüger,PBC Schwäbisch Hall 2,Bezirksliga,Nord 2,4,3,1,4.00,1592,1250,1934,175,2.95,0.13
Tobias Hirt,BC Sindelfingen 4 | BC Sindelfingen 5 | PBC Bad Saulgau 2,Bezirksliga | Einzel | Landesliga,Bezirksmeisterschaften 8er Ball Herren Mitte | Kreismeisterschaften 10-Ball Herren Mitte | Kreismeisterschaften 10-Ball Herren Ost | Kreismeisterschaften 14.1e Herren Mitte | Kreismeisterschaften 14/1e Herren Mitte | Kreismeisterschaften 8-Ball Herren Mitte | Kreismeisterschaften 9-Ball Herren Mitte | Mitte | Mitte 1 | Mitte 2 | Ost 2,136,84,52,136.00,1592,1532,1652,31,75.54,0.13
Selim Güzel,PP Böblingen 1 | PP Böblingen 2,Bezirksliga | Einzel | Landesliga,BM 10er Ball Senioren Mitte | BM 10er Ball Senioren Mitte (Sindelfingen) 2019-2020 | BM 8er Ball Senioren Mitte | Bezirksmeisterschaften 10er Ball Senioren 55+ Mitte | Bezirksmeisterschaften 10er Ball Senioren Mitte | Bezirksmeisterschaften 14.1e Senioren 55+ Mitte | Bezirksmeisterschaften 14.1e Senioren Mitte | Bezirksmeisterschaften 8er Ball Senioren 55+Mitte | Bezirksmeisterschaften 8er Ball Senioren Mitte | Kreismeisterschaften 10-Ball Senioren Mitte | Kreismeisterschaften 14.1e Senioren Mitte | Kreismeisterschaften 14/1e Senioren 55+ Mitte | Kreismeisterschaften 8-Ball Senioren Mitte | Kreismeisterschaften 9-Ball Senioren 55+ Mitte | Kreismeisterschaften 9-Ball Senioren Mitte | Landesmeisterschaft 10er Ball Senioren | Landesmeisterschaft 8er Ball Senioren | Mitte | Mitte 1 | Mitte 2 | West,197,110,87,197.00,1591,1541,1641,26,103.97,0.13
Fabian Cecotti,BC Dätzingen 1 | BC Dätzingen 2,Bezirksliga | Landesliga,Mitte | Mitte 1 | Mitte 2 | West 2,101,55,46,101.00,1590,1520,1659,35,54.78,0.13
Jens Krknjak,PBC Nagoldtal 3,Bezirksliga | Kreisliga A,Mitte 1,41,28,13,41.00,1590,1479,1701,57,25.44,0.13
Lothar Enzenhöfer,BC Bad Schussenried 2,Bezirksliga | Einzel | Landesliga,Bezirksmeisterschaften 10er Ball Senioren 55+ Ost | Bezirksmeisterschaften 14.1e Senioren 55+ Ost | Bezirksmeisterschaften 8er Ball Senioren 55+Ost | Bezirksmeisterschaften 9er Ball Senioren 55+ Ost | Kreismeisterschaften 8-Ball Senioren 55+ Ost | Landesmeisterschaft 8er Ball Senioren 55+ | Ost | Süd 3,48,25,23,48.00,1590,1491,1690,51,24.64,0.13
Michael Rozmann,PBC Rastatt 3,Kreisliga A,Mitte 2,9,7,2,9.00,1590,1356,1823,119,6.15,0.13
Tien Dat Ngo,BC Weingarten 1 | BC Weingarten 2,Bezirksliga | Kreisliga A,Ost 2,21,14,7,21.00,1590,1441,1740,76,12.18,0.13
Uwe Lang,BC Dreiländereck 1 | BC Dreiländereck 2 | PBC Offenburg 2,Einzel | Landesliga,Bezirksmeisterschaften 10er Ball Herren West | Bezirksmeisterschaften 14.1e Herren West | Bezirksmeisterschaften 8er Ball Herren West | Kreismeisterschaften 10-Ball Herren West | Kreismeisterschaften 14.1e Herren West | Kreismeisterschaften 8-Ball Herren West | Süd | West,79,45,34,79.00,1590,1511,1668,40,41.92,0.13
Achim Schwab,PP Karlsbad 2,Kreisliga A,Nord 1,10,9,1,10.00,1589,1368,1810,113,6.36,0.13
Besim Tastekin,PBC Bietigheim-Bissingen 2,Landesliga,Mitte,25,14,11,25.00,1589,1454,1725,69,12.26,0.13
Jürgen Häffner,PBC Bruchsal 1 | PBC Bruchsal 2,Bezirksliga | Einzel | Landesliga,Bezirksmeisterschaften 9er Ball Senioren 55+ Nord | Nord | Nord 2,35,17,18,35.00,1589,1474,1704,59,17.49,0.13
Christopher Hopp,BC Sindelfingen 2 | BC Sindelfingen 3 | BC Sindelfingen 4 | BC Sindelfingen 5,Bezirksliga | Einzel | Landesliga,BM 10er Ball Herren Mitte | BM 10er Ball Herren Mitte (Sindelfingen) 2019-2020 | BM 14/1 Einzel Herren Mitte | BM 8er Ball Herren Mitte | Kreismeisterschaften 10-Ball Herren Mitte | Kreismeisterschaften 14.1e Herren Mitte | Kreismeisterschaften 8-Ball Herren Mitte | Kreismeisterschaften 9-Ball Herren Mitte | Landesmeisterschaft 10er Ball Herren | Mitte | Mitte 1 | Mitte 2,157,89,68,157.00,1588,1533,1644,28,81.60,0.13
Daniel Zmalec,PBC Bietigheim-Bissingen 1 | PBC Bietigheim-Bissingen 2,Bezirksliga | Einzel | Landesliga,BM 10er Ball Senioren Mitte | BM 9er Ball Senioren Mitte | Kreismeisterschaften 10-Ball Senioren Mitte | Kreismeisterschaften 8-Ball Senioren 45+ Mitte | Kreismeisterschaften 9-Ball Senioren Mitte | Landesmeisterschaft 9er Ball Senioren | Mitte | Mitte 2 | Ost 1,120,58,62,120.00,1588,1524,1651,32,60.98,0.13
Gerhard Gryschka,BV Pforzheim 1 | BV Pforzheim 2 | BV Pforzheim 3,Bezirksliga | Einzel | Landesliga,Bezirksmeisterschaften 10er Ball Senioren 45+ Mitte | Bezirksmeisterschaften 14.1e Senioren 45+ Mitte | Bezirksmeisterschaften 9er Ball Senioren 45+ Mitte | Kreismeisterschaften 10-Ball Senioren Mitte | Kreismeisterschaften 8-Ball Senioren Mitte | Kreismeisterschaften 9-Ball Senioren 45+ Mitte | Kreismeisterschaften 9-Ball Senioren Mitte | Mitte | Mitte 1 | West 1,103,55,48,103.00,1588,1520,1657,35,51.64,0.13
Richy Hartmann,PBC Sand 1,Einzel | Landesliga,BM 10er Ball Senioren West (Sand) 2019-2020 | Landesmeisterschaft 10er Ball Senioren | Süd,10,4,6,10.00,1588,1369,1808,112,4.63,0.12
Süleyman Altinyaldiz,BC Dallau 1 | BC Dallau 2,Bezirksliga | Einzel,Kreismeisterschaften 8-Ball Senioren Nord | Nord 1 | Nord 2,65,38,27,65.00,1588,1503,1674,44,35.19,0.13
Volker Gutzeit,BBC Plochingen 1 | BBC Plochingen 2,Bezirksliga | Landesliga,Ost | Ost 1,80,55,25,80.00,1588,1509,1667,40,46.88,0.13
Vuk Izidor Zelunka,Mannheimer BF 2 | Mannheimer BF 3,Bezirksliga | Kreisliga A,Nord 1,27,23,4,27.00,1588,1453,1724,69,16.79,0.13
Josef Wermes,PBDC Kämpfelbach 1 | Poolsharks Bruchsal 1,Bezirksliga | Kreisliga A | Landesliga,Nord | Nord 1 | Nord 2,77,60,17,77.00,1587,1505,1669,42,48.59,0.12
Kian Sohns,VFL Herrenberg 1,Bezirksliga | Einzel | Kreisliga A,Bezirksmeisterschaften 10er Ball Herren Mitte | Bezirksmeisterschaften 14.1e Herren Mitte | Bezirksmeisterschaften 8er Ball Herren Mitte | Bezirksmeisterschaften 9er Ball Herren Mitte | Kreismeisterschaften 10-Ball Herren Mitte | Kreismeisterschaften 14.1e Herren Mitte | Kreismeisterschaften 8-Ball Herren Mitte | Kreismeisterschaften 9-Ball Herren Mitte | Landesmeisterschaft 9er Ball Herren | Mitte 1,91,58,33,91.00,1587,1512,1662,38,51.81,0.13
Thomas Dürr,PBC Nagoldtal 3,Bezirksliga | Kreisliga A,Mitte 1,40,25,15,40.00,1587,1476,1697,56,23.22,0.12
Yves Hamacher,CC Karlsruhe 1 | CC Karlsruhe 2,Bezirksliga | Landesliga,Nord | Nord 1,89,48,41,89.00,1587,1514,1660,37,44.79,0.13
Dirk Odenwälder,JS Mingolsheim 2 | JS Mingolsheim 3,Bezirksliga,Nord 1 | Nord 2,112,73,39,112.00,1586,1520,1652,34,63.83,0.12
Wilfried Scheibel,BV Markdorf 3,Bezirksliga | Kreisliga A,Ost 2,23,16,7,23.00,1586,1439,1733,75,14.45,0.12
Adrian Mernik,PBC Reutlingen 2,Kreisliga A,Ost 1,16,15,1,16.00,1585,1406,1763,91,10.62,0.12
Andreas Pauling,BC Stuttgart 1891 2,Bezirksliga | Einzel | Landesliga,Bezirksmeisterschaften 14.1e Senioren 55+ Mitte | Bezirksmeisterschaften 14.1e Senioren Mitte | Bezirksmeisterschaften 8er Ball Senioren 55+Mitte | Bezirksmeisterschaften 8er Ball Senioren Mitte | Kreismeisterschaften 14.1e Senioren Mitte | Kreismeisterschaften 14/1e Senioren 55+ Mitte | Kreismeisterschaften 8-Ball Senioren 55+ Mitte | Kreismeisterschaften 8-Ball Senioren Mitte | Mitte | Mitte 1 | Mitte 2 | Ost,151,79,72,151.00,1585,1529,1642,29,76.53,0.12
Bernd Dorenburg,BSV Pfullingen 1 | BSV Pfullingen 2 | BSV Pfullingen 3 | BSV Pfullingen 4 | BSV Pfullingen 5,Bezirksliga | Einzel | Kreisliga A | Landesliga,Kreismeisterschaften 10-Ball Herren Ost | Kreismeisterschaften 14.1e Herren Ost | Ost | Ost 1,47,30,17,47.00,1585,1482,1689,53,27.63,0.12
David Party,PBC Offenburg 2 | PBC Offenburg 3 | PBC Offenburg 4,Bezirksliga | Einzel | Landesliga,Kreismeisterschaften 8-Ball Herren West | Süd | West | West 1,86,59,27,86.00,1585,1510,1661,39,48.95,0.12
Matthias Weigl,PBC Schwäbisch Gmünd 1 | PBC Schwäbisch Gmünd 2,Bezirksliga | Einzel | Kreisliga A,Bezirksmeisterschaften 9er Ball Herren Mitte | Kreismeisterschaften 8-Ball Herren Mitte | Kreismeisterschaften 9-Ball Herren Mitte | Mitte 2 | Mitte 3,50,27,23,50.00,1585,1487,1684,50,27.27,0.12
Stefan Weiner,BV Villingen-Schwenningen 1 | BV Villingen-Schwenningen 2,Bezirksliga | Landesliga,Süd | West | West 1 | West 2,58,39,19,58.00,1585,1491,1678,48,35.77,0.12
Willi Ludwig,PP Karlsbad 1,Bezirksliga | Einzel | Kreisliga A | Landesliga,Bezirksmeisterschaften 10er Ball Senioren Nord | Bezirksmeisterschaften 14.1e Senioren Nord | Bezirksmeisterschaften 9er Ball Senioren Nord | Kreismeisterschaften 10-Ball Senioren Nord | Kreismeisterschaften 14.1e Senioren Nord | Kreismeisterschaften 8-Ball Senioren Nord | Kreismeisterschaften 9-Ball Senioren Nord | Landesmeisterschaft 14.1e Senioren | Nord | Nord 1 | Nord 2,59,30,29,59.00,1585,1494,1675,46,30.30,0.12
Michael Breiner,CC Karlsruhe 1 | CC Karlsruhe 2 | PBC Rastatt 2,Bezirksliga | Kreisliga A | Landesliga,Mitte 1 | Mitte 2 | Nord,120,58,62,120.00,1584,1521,1648,33,63.32,0.12
Michael Keuker,BF Weinheim-Viernheim 1,Bezirksliga | Einzel | Landesliga,Kreismeisterschaften 8-Ball Senioren Nord | Nord | Nord 1,102,66,36,102.00,1584,1515,1653,35,56.40,0.12
Andreas Einsiedler,PBC Langenargen 1 | PBC Langenargen 2,Bezirksliga | Einzel | Landesliga,BM 10er Ball Herren Ost (Pfullingen) 2019-2020 | BM 9er Ball Herren Ost | Kreismeisterschaften 8-Ball Herren Ost | Kreismeisterschaften 9-Ball Herren Ost | Ost | Ost 2 | Süd 2,81,41,40,81.00,1583,1507,1660,39,40.89,0.12
Eberhard Sauter,PBC Freudenstadt 1 | PBC Freudenstadt 2 | PBC Freudenstadt 3,Bezirksliga | Einzel | Landesliga,BM 10er Ball Senioren West | BM 10er Ball Senioren West (Sand) 2019-2020 | BM 14/1 Einzel Senioren West | BM 8er Ball Senioren West | BM 9er Ball Senioren West | Bezirksmeisterschaften 10er Ball Senioren 55+ West | Bezirksmeisterschaften 10er Ball Senioren West | Bezirksmeisterschaften 14.1e Senioren West | Bezirksmeisterschaften 8er Ball Senioren 55+West | Bezirksmeisterschaften 8er Ball Senioren West | Bezirksmeisterschaften 9er Ball Senioren 55+ West | Bezirksmeisterschaften 9er Ball Senioren West | Kreismeisterschaften 10-Ball Senioren West | Kreismeisterschaften 8-Ball Senioren West | Kreismeisterschaften 9-Ball Senioren West | Landesmeisterschaft 10er Ball Senioren | Landesmeisterschaft 10er Ball Senioren 55+ | Landesmeisterschaft 14.1e Senioren | Landesmeisterschaft 8er Ball Senioren 55+ | West | West 1,157,79,78,157.00,1582,1526,1638,29,78.01,0.12
Fersun Ünsel,Mannheimer BF 3,Bezirksliga | Einzel,Bezirksmeisterschaften 10er Ball Herren Nord | Bezirksmeisterschaften 14.1e Herren Nord | Bezirksmeisterschaften 8er Ball Herren Nord | Bezirksmeisterschaften 9er Ball Herren Nord | Kreismeisterschaften 10-Ball Herren Nord | Kreismeisterschaften 14/1e Herren Nord | Kreismeisterschaften 8-Ball Herren Nord | Kreismeisterschaften 9-Ball Herren Nord | Nord 1,52,24,28,52.00,1582,1484,1680,50,25.76,0.12
Markus Geßinger,PBC Bietigheim-Bissingen 1 | PBC Bietigheim-Bissingen 2,Bezirksliga | Landesliga,Mitte | Mitte 2,68,29,39,68.00,1582,1499,1666,43,30.08,0.12
Michael Würz,BC Dallau 1 | BC Dallau 2,Bezirksliga | Einzel | Landesliga,Kreismeisterschaften 8-Ball Senioren Nord | Nord | Nord 1 | Nord 2,126,61,65,126.00,1582,1520,1644,32,65.11,0.12
Fiorenzo De Nuzzo,BV Pforzheim 1 | BV Pforzheim 2,Bezirksliga | Einzel | Landesliga,BM 14/1 Einzel Herren Mitte | BM 8er Ball Herren Mitte | Kreismeisterschaften 10-Ball Herren Mitte | Kreismeisterschaften 14.1e Herren Mitte | Kreismeisterschaften 8-Ball Herren Mitte | Kreismeisterschaften 9-Ball Herren Mitte | Mitte | Mitte 1 | Mitte 2 | West,141,65,76,141.00,1581,1522,1640,30,70.42,0.12
Lutz Brian,BC Dallau 1 | BC Dallau 2,Bezirksliga | Landesliga,Nord | Nord 2,102,60,42,102.00,1581,1513,1649,35,52.80,0.12
Roland Wacker,PBC Reutlingen 2 | PBC Reutlingen 3 | Tübinger BC 1,Bezirksliga | Kreisliga A | Landesliga,Ost 1 | West,66,52,14,66.00,1581,1492,1670,45,42.14,0.12
Sebastian Bartsch,PBC Langenargen 1 | PBC Langenargen 2,Bezirksliga | Landesliga,Ost | Ost 2,54,29,25,54.00,1581,1487,1674,48,27.54,0.12
Hayrettin Bozkurt,PP Böblingen 1 | PP Böblingen 2,Bezirksliga | Landesliga,Mitte | Mitte 1,42,18,24,42.00,1580,1474,1686,54,19.67,0.11
Ibrahim Erdogan,Mannheimer BF 3 | Mannheimer BF 4,Bezirksliga | Einzel,Bezirksmeisterschaften 10er Ball Herren Nord | Bezirksmeisterschaften 14.1e Herren Nord | Bezirksmeisterschaften 9er Ball Herren Nord | Kreismeisterschaften 10-Ball Herren Nord | Kreismeisterschaften 14/1e Herren Nord | Kreismeisterschaften 9-Ball Herren Nord | Nord 1 | Nord 2,57,29,28,57.00,1580,1488,1672,47,29.09,0.12
Jens Pfaff,BSC Lions Bietigheim 1 | BSC Lions Bietigheim 2,Bezirksliga | Kreisliga A,Mitte 1 | Mitte 2 | Mitte 4 | West 1,113,74,39,113.00,1580,1513,1647,34,64.36,0.12
Sebastian Scherbinin,PBC Freudenstadt 2 | PBC Freudenstadt 3,Einzel | Landesliga,Bezirksmeisterschaften 10er Ball Herren West | Bezirksmeisterschaften 14.1e Herren West | Bezirksmeisterschaften 8er Ball Herren West | Bezirksmeisterschaften 9er Ball Herren West | Kreismeisterschaften 10-Ball Herren West | Kreismeisterschaften 14.1e Herren West | Kreismeisterschaften 8-Ball Herren West | Kreismeisterschaften 9-Ball Herren West | West,73,40,33,73.00,1580,1498,1662,42,37.89,0.12
Alexander Baur,PBC Bad Saulgau 2 | PBC Bad Saulgau 4,Bezirksliga | Kreisliga A,Ost 2,55,38,17,55.00,1579,1485,1673,48,32.31,0.11
Bülent Güler,BBV Mannheim 1 | BBV Mannheim 2,Bezirksliga | Einzel | Landesliga,Bezirksmeisterschaften 14.1e Herren Nord | Bezirksmeisterschaften 9er Ball Senioren Nord | Kreismeisterschaften 14.1e Herren Nord | Kreismeisterschaften 9-Ball Herren Nord | Kreismeisterschaften 9-Ball Senioren Nord | Nord | Nord 1 | Nord 2,156,77,79,156.00,1579,1523,1634,28,74.58,0.12
Michael Hetjens,Pool Knights Bensheim 2,Bezirksliga | Kreisliga A,Nord 1 | Nord 3,24,16,8,24.00,1579,1436,1722,73,14.27,0.11
Christian Späthe,PBC Langenargen 1 | PBC Langenargen 2 | PBC Langenargen 3,Bezirksliga | Einzel | Kreisliga A | Landesliga,Bezirksmeisterschaften 9er Ball Herren Ost | Kreismeisterschaften 10-Ball Herren Ost | Kreismeisterschaften 8-Ball Herren Ost | Kreismeisterschaften 9-Ball Herren Ost | Ost | Ost 2 | Süd 3,99,61,38,99.00,1578,1507,1648,36,54.34,0.11
Marcus Colmelet,BSC Lions Bietigheim 1 | BSC Lions Bietigheim 2,Bezirksliga | Kreisliga A,Mitte 1 | Mitte 2,79,42,37,79.00,1578,1500,1656,40,42.38,0.11
Riccardo Heinen,PBV Schwetzingen 3 | PBV Schwetzingen 4 | PBV Schwetzingen 5,Bezirksliga | Einzel | Landesliga,Bezirksmeisterschaften 14.1e Herren Nord | Kreismeisterschaften 10-Ball Herren Nord | Kreismeisterschaften 14.1e Herren Nord | Kreismeisterschaften 8-Ball Herren Nord | Kreismeisterschaften 9-Ball Herren Nord | Nord | Nord 2,86,44,42,86.00,1578,1503,1653,38,43.81,0.11
Simon Schaal,BC Sindelfingen 2 | BC Sindelfingen 3 | BC Weingarten 1 | PF Calw 3,Bezirksliga | Landesliga,Mitte | Mitte 2 | Ost | Ost 2,67,30,37,67.00,1578,1493,1663,43,32.39,0.11
Andreas Greitmann,BC Unterteuringen 1,Bezirksliga | Einzel,Kreismeisterschaften 8-Ball Herren Ost | Ost 2,104,53,51,104.00,1577,1509,1645,35,56.85,0.11
Artur Kantz,PP Böblingen 1 | PP Böblingen 2 | PP Böblingen 3,Bezirksliga | Kreisliga A | Landesliga,Mitte | Mitte 2 | Mitte 3,48,26,22,48.00,1577,1478,1676,51,25.61,0.11
Jasim Ammar Jasim Al-Khazraji,Pool Knights Bensheim 1 | Pool Knights Bensheim 2,Bezirksliga | Einzel | Landesliga,Kreismeisterschaften 10-Ball Herren Nord | Kreismeisterschaften 14.1e Herren Nord | Kreismeisterschaften 8-Ball Herren Nord | Kreismeisterschaften 9-Ball Herren Nord | Nord | Nord 1,60,36,24,60.00,1577,1488,1667,46,32.31,0.11
Rainer Seemann,PBC Schwäbisch Hall 1,Einzel | Landesliga,BM 14/1 Einzel Herren Nord | BM 8er Ball Herren Nord | Kreismeisterschaften 10-Ball Herren Nord | Kreismeisterschaften 8-Ball Herren Nord | Nord,15,7,8,15.00,1577,1401,1754,90,7.11,0.11
Thomas Zaltenbach,BSC Lions Bietigheim 2,Kreisliga A,West 1,2,2,0,2.00,1577,1170,1985,208,1.28,0.11
Andreas Witzigmann,PBC Langenargen 1 | PBC Langenargen 2,Bezirksliga | Einzel | Kreisliga A | Landesliga,BM 9er Ball Herren Ost | Bezirksmeisterschaften 9er Ball Herren Ost | Kreismeisterschaften 8-Ball Herren Ost | Kreismeisterschaften 9-Ball Herren Ost | Ost | Ost 2,118,75,43,118.00,1576,1511,1640,33,64.59,0.11
André Hajdu,PBC Nagoldtal 3,Bezirksliga,Mitte 1,2,1,1,2.00,1576,1177,1974,203,0.95,0.11
Giovanni Genovese,PBV Schwetzingen 4 | PBV Schwetzingen 6,Bezirksliga | Einzel | Landesliga,Bezirksmeisterschaften 8er Ball Herren Nord | Kreismeisterschaften 8-Ball Herren Nord | Nord | Nord 2,61,33,28,61.00,1576,1487,1664,45,30.81,0.11
Kevin Wetzel,BC Dallau 1 | BC Dallau 2,Bezirksliga | Einzel | Kreisliga A | Landesliga,Bezirksmeisterschaften 8er Ball Herren Nord | Kreismeisterschaften 8-Ball Herren Nord | Nord | Nord 2,144,85,59,144.00,1576,1517,1634,30,78.19,0.11
Michael Strenski,BF Bruchsal 2 | PBC Bruchsal 2,Bezirksliga | Einzel | Kreisliga A,Kreismeisterschaften 14.1e Senioren Nord | Nord 1 | Nord 2,96,65,31,96.00,1576,1504,1648,37,56.26,0.11
Nikolaus Gündel,P&S Denzlingen 1 | P&S Denzlingen 2,Landesliga,West,26,14,12,26.00,1576,1443,1710,68,13.55,0.11
Hakan Toprak,Tübinger BC 1 | Tübinger BC 2,Bezirksliga | Einzel | Kreisliga A,BM 10er Ball Herren Ost | BM 14/1 Einzel Herren Ost | Bezirksmeisterschaften 14.1e Herren Ost | Bezirksmeisterschaften 8er Ball Herren Ost | Kreismeisterschaften 10-Ball Herren Ost | Kreismeisterschaften 14.1e Herren Ost | Kreismeisterschaften 8-Ball Herren Ost | Kreismeisterschaften 9-Ball Herren Ost | Ost 1,79,47,32,79.00,1575,1496,1654,40,42.29,0.11
Luciano Abruzzese,BV Markdorf 2 | BV Markdorf 3,Bezirksliga | Kreisliga A,Ost 2 | Süd 2,103,66,37,103.00,1575,1506,1644,35,59.46,0.11
Stephan Nimführ,PBC Schwäbisch Gmünd 1 | PBC Schwäbisch Gmünd 2,Bezirksliga | Kreisliga A | Landesliga,Mitte | Mitte 2 | Mitte 3,39,20,19,39.00,1575,1464,1685,56,19.26,0.11
Svenja Schwarzkopf,BV Villingen-Schwenningen 1 | BV Villingen-Schwenningen 2,Bezirksliga | Einzel | Landesliga,BM 10er Ball Damen West und Nord | BM 9er Ball Damen Nord- West | Bezirksmeisterschaften 10er Ball Damen West | Bezirksmeisterschaften 14.1e Damen West | Bezirksmeisterschaften 8er Ball Damen West | Landesmeisterschaft 10er Ball Damen | Landesmeisterschaft 14.1e Damen | Landesmeisterschaft 8er Ball Damen | Landesmeisterschaft 9er Ball Damen | Süd | West | West 1 | West 2,138,82,56,138.00,1575,1514,1635,31,76.59,0.11
Yunus Ayvaz,PP Böblingen 2 | PP Böblingen 3,Bezirksliga | Einzel,Kreismeisterschaften 10-Ball Herren Mitte | Mitte 1 | Mitte 2,16,9,7,16.00,1575,1407,1743,85,8.35,0.11
Alexander Friederich,BC Dallau 2,Bezirksliga | Kreisliga A,Nord 2,28,20,8,28.00,1574,1439,1709,69,17.41,0.11
Ali Cetin,BC Bad Schussenried 1 | BC Bad Schussenried 2 | BC Bad Schussenried 3 | BC Bad Schussenried 4,Bezirksliga | Einzel | Kreisliga A | Landesliga,Bezirksmeisterschaften 10er Ball Senioren 55+ Ost | Bezirksmeisterschaften 8er Ball Senioren 55+Ost | Bezirksmeisterschaften 9er Ball Senioren 55+ Ost | Bezirksmeisterschaften 9er Ball Senioren Ost | Kreismeisterschaften 8-Ball Herren Ost | Kreismeisterschaften 8-Ball Senioren 55+ Ost | Landesmeisterschaft 8er Ball Senioren 55+ | Landesmeisterschaft 9er Ball Senioren 55+ | Ost | Ost 2 | Süd 3,109,62,47,109.00,1574,1507,1641,34,58.86,0.11
Andreas Sattler,PBC Pfedelbach 1,Bezirksliga | Landesliga,Nord | Nord 2,15,5,10,15.00,1574,1400,1747,89,6.43,0.10
Asim Ramakic,BC Feuersee 1 | BULL Leonberg-Höfingen 1,Bezirksliga | Einzel | Landesliga,Bezirksmeisterschaften 10er Ball Herren Mitte | Bezirksmeisterschaften 9er Ball Herren Mitte | Kreismeisterschaften 10-Ball Herren Mitte | Kreismeisterschaften 9-Ball Herren Mitte | Mitte | Mitte 1 | Ost,82,38,44,82.00,1574,1497,1652,39,37.75,0.11
Draoui El Mokhtar,BV Pforzheim 1 | BV Pforzheim 2 | BV Pforzheim 3 | BV Pforzheim 4,Bezirksliga | Einzel | Kreisliga A | Landesliga,Kreismeisterschaften 8-Ball Herren Mitte | Kreismeisterschaften 9-Ball Herren Mitte | Mitte | Mitte 1 | Mitte 2 | West 1,95,59,36,95.00,1574,1501,1647,37,52.66,0.11
Frank Holly,BSF Kurpfalz 2 | BSF Kurpfalz 3,Bezirksliga | Kreisliga A,Nord 1 | Nord 2 | Nord 3,114,80,34,114.00,1574,1506,1641,34,69.50,0.11
Horst Hardtke,BC Aalen 2 | BC Aalen 3,Bezirksliga | Landesliga,Mitte | Mitte 1 | Mitte 2 | Ost,72,41,31,72.00,1574,1494,1655,41,36.86,0.11
Martin Brunsch,,Einzel,BM 10er Ball Senioren Mitte (Sindelfingen) 2019-2020 | Landesmeisterschaft 14.1e Senioren,6,2,4,6.00,1574,1304,1845,138,2.52,0.11
Silvestar Smokovic,BSC Göppingen 1 | BSC Göppingen 2,Bezirksliga | Landesliga,Ost | Ost 1,79,47,32,79.00,1574,1496,1653,40,41.42,0.11
Stephan Maier,TV Cannstatt 1 | TV Cannstatt 2,Bezirksliga | Kreisliga A | Landesliga,Mitte | Mitte 1 | Mitte 2,10,7,3,10.00,1574,1364,1783,107,5.50,0.10
Jens Butenschön,PBC Langenargen 2 | PBC Langenargen 3,Bezirksliga | Kreisliga A,Ost 2,91,61,30,91.00,1573,1499,1647,38,54.22,0.11
Nikolai Kruhm,BF Weinheim-Viernheim 1 | BF Weinheim-Viernheim 2 | PBC Fr. Lampertheim 1,Bezirksliga | Landesliga,Nord | Nord 1,92,51,41,92.00,1573,1500,1645,37,47.46,0.11
Patrick Bolduan,BC Weingarten 1,Bezirksliga | Kreisliga A | Landesliga,Ost | Ost 2,64,33,31,64.00,1573,1486,1659,44,32.39,0.10
Pavlos Korezelidis,BBC Plochingen 1,Bezirksliga | Landesliga,Ost | Ost 1,70,46,24,70.00,1573,1490,1657,43,37.73,0.11
Ümit Muslu,PBV Schwetzingen 4 | PBV Schwetzingen 5 | PBV Schwetzingen 6 | PBV Schwetzingen 7,Bezirksliga | Kreisliga A | Landesliga,Nord | Nord 1 | Nord 2,121,88,33,121.00,1573,1508,1638,33,73.61,0.11
Joshua Armbruster,PBC Freudenstadt 2,Bezirksliga | Einzel | Landesliga,BM 14/1 Einzel Herren West | BM 8er Ball Herren West | Bezirksmeisterschaften 10er Ball Herren West | Bezirksmeisterschaften 14.1e Herren West | Bezirksmeisterschaften 9er Ball Herren West | Kreismeisterschaften 10-Ball Herren West | Kreismeisterschaften 14.1e Herren West | Kreismeisterschaften 8-Ball Herren West | Kreismeisterschaften 9-Ball Herren West | Landesmeisterschaft 10er Ball Herren | Landesmeisterschaft 8er Ball Herren | Landesmeisterschaft 9er Ball Herren | West | West 1,121,64,57,121.00,1572,1508,1635,32,60.27,0.10
Michael Brüll,BC Stuttgart 1891 2,Bezirksliga | Landesliga,Mitte | Mitte 1,33,12,21,33.00,1572,1452,1691,61,14.77,0.10
Andreas Stüber,Mannheimer BF 2 | Mannheimer BF 3,Bezirksliga | Einzel | Kreisliga A | Landesliga,BM 10er Ball Senioren Nord (PBC Waghäusel) 2019-2020 | BM 9er Ball Senioren Nord | Kreismeisterschaften 10-Ball Senioren Nord | Kreismeisterschaften 8-Ball Senioren Nord | Kreismeisterschaften 9-Ball Senioren Nord | Nord | Nord 1,65,36,29,65.00,1571,1484,1658,44,35.76,0.10
Arman Rasoli,BC Sindelfingen 3 | BC Sindelfingen 4,Bezirksliga | Einzel | Landesliga,Kreismeisterschaften 10-Ball Herren Mitte | Kreismeisterschaften 8-Ball Herren Mitte | LJM 2023 m-u23 8-Ball | LJM 2023 m-u23 9-Ball | Mitte | Mitte 1 | Mitte 2,32,15,17,32.00,1571,1449,1694,63,15.95,0.10
Frank Vorauer,PBC Nagoldtal 1,Bezirksliga | Einzel | Landesliga,BM 10er Ball Herren Mitte (Sindelfingen) 2019-2020 | BM 8er Ball Herren Mitte | Bezirksmeisterschaften 14.1e Herren Mitte | Kreismeisterschaften 10-Ball Herren Mitte | Kreismeisterschaften 14.1e Herren Mitte | Kreismeisterschaften 14/1e Herren Mitte | Kreismeisterschaften 8-Ball Herren Mitte | Kreismeisterschaften 9-Ball Herren Mitte | Mitte | Mitte 1 | Mitte 2,144,73,71,144.00,1571,1513,1629,30,73.67,0.10
Holger Mayer,BF Bronnen 1,Kreisliga A,Ost 2,11,10,1,11.00,1571,1364,1778,106,7.03,0.10
Reimar Sauter,BF Bruchsal 1 | BF Bruchsal 2 | CC Karlsruhe 1 | CC Karlsruhe 3,Bezirksliga | Landesliga,Nord | Nord 1,48,17,31,48.00,1571,1472,1670,50,21.07,0.10
Thomas Handler,BC Feuersee 1 | BC Feuersee 2,Bezirksliga | Einzel | Kreisliga A | Landesliga,BM 14/1 Einzel Herren Mitte | BM 9er Ball Herren Mitte | Bezirksmeisterschaften 10er Ball Herren Mitte | Bezirksmeisterschaften 14.1e Herren Mitte | Bezirksmeisterschaften 8er Ball Herren Mitte | Kreismeisterschaften 10-Ball Herren Mitte | Kreismeisterschaften 14.1e Herren Mitte | Kreismeisterschaften 14/1e Herren Mitte | Kreismeisterschaften 8-Ball Herren Mitte | Kreismeisterschaften 9-Ball Herren Mitte | Mitte | Mitte 1 | Mitte 2,126,57,69,126.00,1571,1508,1634,32,58.06,0.10
Carmen Leiser,Mannheimer BF 1 | Mannheimer BF 2 | PBC Bruchsal 1 | PBC Bruchsal 3,Bezirksliga | Einzel | Landesliga,Bezirksmeisterschaften 10er Ball Ladies Nord Mitte West | Bezirksmeisterschaften 14.1e Ladies Nord Mitte West | Bezirksmeisterschaften 8er Ball Ladies Nord-Mitte-West | Bezirksmeisterschaften 9er Ball Ladies Nord-Mitte-West | Landesmeisterschaft 10er Ball Ladies | Landesmeisterschaft 14.1e Ladies | Landesmeisterschaft 8er Ball Ladies | Landesmeisterschaft 9er Ball Ladies | Landesmeisterschaft 9er Ball Ladies 1 | Nord | Nord 1,191,103,88,191.00,1570,1519,1621,26,102.82,0.10
Oliver Kruse,PBC Offenburg 2,Landesliga,West,14,10,4,14.00,1570,1391,1749,91,7.91,0.10
Ivan Mikulic,PBC Waghäusel 2 | PBC Waghäusel 3,Bezirksliga | Einzel | Landesliga,Bezirksmeisterschaften 10er Ball Herren Nord | Bezirksmeisterschaften 14.1e Herren Nord | Bezirksmeisterschaften 9er Ball Herren Nord | Kreismeisterschaften 10-Ball Herren Nord | Kreismeisterschaften 14/1e Herren Nord | Kreismeisterschaften 9-Ball Herren Nord | Nord | Nord 1 | Nord 2,144,75,69,144.00,1569,1510,1628,30,72.74,0.10
Markus Wörner,JS Mingolsheim 2 | JS Mingolsheim 3,Bezirksliga | Einzel | Kreisliga A,BM 10er Ball Senioren Nord | BM 8er Ball Senioren Nord | BM 9er Ball Senioren Nord | Bezirksmeisterschaften 10er Ball Senioren 55+ Nord | Bezirksmeisterschaften 8er Ball Senioren 55+Nord | Bezirksmeisterschaften 8er Ball Senioren Nord | Bezirksmeisterschaften 9er Ball Senioren 55+ Nord | Kreismeisterschaften 10-Ball Senioren Nord | Kreismeisterschaften 8-Ball Senioren 55+ Nord | Kreismeisterschaften 8-Ball Senioren Nord | Kreismeisterschaften 9-Ball Senioren Nord | Landesmeisterschaft 8er Ball Senioren | Nord 1 | Nord 2,191,109,82,191.00,1569,1518,1619,26,101.58,0.10
Manfred Wußler,PBC Offenburg 2 | PBC Offenburg 3 | PBC Offenburg 4,Bezirksliga | Landesliga,West | West 1,34,18,16,34.00,1568,1449,1687,61,18.32,0.10
Mathias Hornbach,P&S Denzlingen 1,Landesliga,West,26,14,12,26.00,1568,1434,1703,69,12.93,0.10
Preetam Bissessur,PP Karlsbad 1,Bezirksliga | Kreisliga A | Landesliga,Nord | Nord 1 | Nord 2,82,44,38,82.00,1568,1491,1646,39,45.39,0.10
Heiko Thomas,BC Feuersee 1 | BC Feuersee 2 | BC Feuersee 3,Bezirksliga | Kreisliga A | Landesliga,Mitte | Mitte 1 | Mitte 2,66,39,27,66.00,1567,1481,1654,44,37.06,0.10
Kadir Özturgut,BC Bad Schussenried 1 | BC Bad Schussenried 2 | BC Bad Schussenried 3,Bezirksliga | Einzel | Kreisliga A | Landesliga,Kreismeisterschaften 8-Ball Senioren Ost | Ost | Ost 2,56,34,22,56.00,1567,1474,1660,47,30.51,0.10
Petra Braun,BC Sindelfingen 2 | BC Sindelfingen 4 | BC Sindelfingen 5,Bezirksliga | Einzel | Landesliga,Landesmeisterschaft 10er Ball Ladies | Landesmeisterschaft 14.1e Ladies | Landesmeisterschaft 8er Ball Ladies | Landesmeisterschaft 9er Ball Ladies | Landesmeisterschaft 9er Ball Ladies 1 | Mitte | Mitte 1,105,71,34,105.00,1567,1498,1637,35,61.80,0.10
Andreas Kiefer,BV Markdorf 1 | BV Markdorf 2,Bezirksliga | Landesliga,Ost | Ost 2 | Süd 3,78,42,36,78.00,1566,1488,1644,40,40.98,0.10
Hajredin Idrizi,PBC Pfedelbach 1,Landesliga,Nord,22,5,17,22.00,1566,1421,1712,74,8.90,0.10
Rainer Hops,BV Markdorf 2 | BV Markdorf 3 | PBC Bad Saulgau 2,Bezirksliga | Einzel | Kreisliga A,Bezirksmeisterschaften 14.1e Senioren 45+ Ost | Bezirksmeisterschaften 8er Ball Senioren 45+Ost | Ost 2 | Süd 2,113,69,44,113.00,1566,1501,1631,33,60.12,0.10
Viktor König,BF Weinheim-Viernheim 1 | BF Weinheim-Viernheim 2 | BF Weinheim-Viernheim 3,Bezirksliga | Einzel | Kreisliga A,BM 10er Ball Senioren Nord (PBC Waghäusel) 2019-2020 | Bezirksmeisterschaften 8er Ball Herren Nord | Bezirksmeisterschaften 9er Ball Herren Nord | Kreismeisterschaften 8-Ball Herren Nord | Kreismeisterschaften 8-Ball Senioren Nord | Kreismeisterschaften 9-Ball Herren Nord | Kreismeisterschaften 9-Ball Senioren Nord | Nord 1 | Nord 2,146,83,63,146.00,1566,1508,1624,30,78.55,0.10
Jamil Dib,P&S Denzlingen 2,Einzel | Landesliga,Bezirksmeisterschaften 10er Ball Herren West | Bezirksmeisterschaften 8er Ball Herren West | Kreismeisterschaften 10-Ball Herren West | Kreismeisterschaften 8-Ball Herren West | Kreismeisterschaften 9-Ball Herren West | West,57,28,29,57.00,1565,1473,1656,47,29.68,0.09
Jörg Leiser,Mannheimer BF 2 | Mannheimer BF 3 | PBC Bruchsal 1 | PBC Bruchsal 2,Bezirksliga | Einzel | Kreisliga A | Landesliga,BM 8er Ball Senioren Nord | BM 9er Ball Senioren Nord | Kreismeisterschaften 8-Ball Senioren Nord | Kreismeisterschaften 9-Ball Senioren Nord | Nord | Nord 1 | Nord 2,124,62,62,124.00,1565,1502,1628,32,62.39,0.10
Maxim Buchstab,PBC Schwäbisch Gmünd 1 | PBC Schwäbisch Gmünd 2,Bezirksliga | Einzel | Landesliga,Kreismeisterschaften 10-Ball Herren Mitte | LJM 2023 m-u23 8-Ball | LJM 2023 m-u23 9-Ball | Landesjugendmeisterschaft mU22 10 Ball | Landesjugendmeisterschaft mU22 9 Ball | Landesjugendmeisterschaft u14-u22 10-Ball | Landesjugendmeisterschaft u14-u22 14/1e | Landesjugendmeisterschaft u14-u22 8-Ball | Landesjugendmeisterschaft u14-u22 9-Ball | Mitte | Mitte 1 | Mitte 2,86,42,44,86.00,1565,1488,1642,39,42.68,0.09
Sascha Pick,BBV Mannheim 1 | BBV Mannheim 2 | BBV Mannheim 3,Bezirksliga | Einzel | Kreisliga A | Landesliga,Kreismeisterschaften 14.1e Herren Nord | Kreismeisterschaften 9-Ball Senioren Nord | Nord | Nord 1 | Nord 2,126,72,54,126.00,1565,1502,1628,32,67.27,0.10
Angelo Truisi,CC Karlsruhe 1 | CC Karlsruhe 3 | CC Karlsruhe 5 | PP Karlsbad 1,Bezirksliga | Einzel | Kreisliga A | Landesliga,Kreismeisterschaften 10-Ball Herren Nord | Kreismeisterschaften 8-Ball Herren Nord | Kreismeisterschaften 9-Ball Herren Nord | Nord | Nord 1 | Nord 2 | Nord 3,84,52,32,84.00,1564,1488,1641,39,45.88,0.09
Gerhard Ehrenfried,Pool Knights Bensheim 2,Bezirksliga | Kreisliga A,Nord 1 | Nord 3,61,34,27,61.00,1564,1475,1654,46,33.31,0.09
Jannik Buchstab,PBC Schwäbisch Gmünd 1,Bezirksliga | Einzel | Landesliga,Kreismeisterschaften 10-Ball Herren Mitte | Kreismeisterschaften 9-Ball Herren Mitte | Mitte | Mitte 2,49,22,27,49.00,1564,1464,1664,51,22.93,0.09
Michael Schmitt,Mannheimer BF 3 | Mannheimer BF 4 | Mannheimer BF 5,Bezirksliga | Kreisliga A,Nord 1 | Nord 2 | Nord 3,53,36,17,53.00,1564,1466,1662,50,31.88,0.09
Thorsten Kappus,BSV Pfullingen 1 | BSV Pfullingen 2,Einzel | Landesliga,Bezirksmeisterschaften 10er Ball Herren Ost | Bezirksmeisterschaften 8er Ball Herren Ost | Kreismeisterschaften 10-Ball Herren Ost | Kreismeisterschaften 8-Ball Herren Ost | Kreismeisterschaften 9-Ball Herren Ost | Landesmeisterschaft 10er Ball Herren | Ost | West,69,33,36,69.00,1564,1481,1647,42,32.08,0.09
Fabian Durst,P&S Denzlingen 1 | PBC Offenburg 3 | PBC Offenburg 5,Bezirksliga | Einzel | Landesliga,BM 10er Ball Herren West | BM 8er Ball Herren West | BM 9er Ball Herren West | Bezirksmeisterschaften 14.1e Herren West | Kreismeisterschaften 10-Ball Herren West | Kreismeisterschaften 14.1e Herren West | Kreismeisterschaften 8-Ball Herren West | Kreismeisterschaften 9-Ball Herren West | Süd | West | West 1,112,59,53,112.00,1563,1497,1628,33,58.85,0.09
Hans Heuschmid,PBC Ochsenhausen 2 | PBC Ochsenhausen 3,Bezirksliga | Einzel | Kreisliga A,BM 10er Ball Senioren Ost | BM 10er Ball Senioren Ost (Pfullingen) 2019-2020 | BM 8er Ball Senioren Ost | BM 9er Ball Senioren Ost | Ost 2 | Süd 2,68,41,27,68.00,1563,1477,1649,44,38.90,0.09
Joachim Lechenbauer,BC Stuttgart 1891 2 | BC Stuttgart 1891 3 | BC Stuttgart 1891 4,Bezirksliga | Kreisliga A | Landesliga,Mitte | Mitte 1 | Mitte 2 | Ost 2,87,43,44,87.00,1563,1488,1638,38,43.91,0.09
Jörg Schwager,BSC Göppingen 1 | BSC Göppingen 3,Bezirksliga | Einzel | Kreisliga A | Landesliga,BM 10er Ball Senioren Ost | BM 8er Ball Senioren Ost | Bezirksmeisterschaften 8er Ball Senioren Ost | Bezirksmeisterschaften 9er Ball Senioren 55+ Ost | Kreismeisterschaften 10-Ball Senioren Ost | Kreismeisterschaften 8-Ball Senioren 55+ Ost | Kreismeisterschaften 8-Ball Senioren Ost | Kreismeisterschaften 9-Ball Senioren Ost | Landesmeisterschaft 8er Ball Senioren | Ost | Ost 1,97,51,46,97.00,1563,1492,1634,36,50.06,0.09
Marc Kölling,PBC Fr. Lampertheim 2,Bezirksliga,Nord 1,2,1,1,2.00,1563,1160,1965,205,1.16,0.09
Sait Pelit,BSC Göppingen 1,Einzel | Landesliga,Bezirksmeisterschaften 10er Ball Herren Ost | Bezirksmeisterschaften 14.1e Herren Ost | Bezirksmeisterschaften 8er Ball Herren Ost | Bezirksmeisterschaften 9er Ball Herren Ost | Kreismeisterschaften 10-Ball Herren Ost | Kreismeisterschaften 8-Ball Herren Ost | Kreismeisterschaften 9-Ball Herren Ost | Landesmeisterschaft 8er Ball Herren | Ost,51,22,29,51.00,1563,1465,1661,50,23.11,0.09
Armin Stauß,PBC Freudenstadt 1 | PBC Freudenstadt 2,Einzel | Landesliga,BM 8er Ball Senioren West | Kreismeisterschaften 8-Ball Senioren West | West,84,43,41,84.00,1562,1486,1638,39,41.91,0.09
Hamza Benslimane,BSV Pfullingen 1,Landesliga,West,2,0,2,2.00,1562,1161,1962,204,0.80,0.09
Hans Rothas,PBC Rastatt 2,Bezirksliga | Kreisliga A,Mitte 2 | Mitte 3,4,2,2,4.00,1562,1245,1879,162,2.21,0.09
Harry Luxenhofer,BULL Leonberg-Höfingen 2 | BULL Leonberg-Höfingen 3,Kreisliga A,Mitte 1 | Mitte 2 | Mitte 4,41,35,6,41.00,1562,1450,1673,57,25.11,0.09
Marco Bunke,BSV Pfullingen 1 | BSV Pfullingen 3 | BSV Pfullingen 4,Bezirksliga | Einzel | Kreisliga A | Landesliga,BM 10er Ball Herren Ost | BM 8er Ball Herren Ost | BM 9er Ball Herren Ost | Kreismeisterschaften 10-Ball Herren Ost | Kreismeisterschaften 9-Ball Herren Ost | Landesmeisterschaft 8er Ball Herren | Ost | Ost 1,60,35,25,60.00,1562,1471,1652,46,31.71,0.09
Rasul Ghanavat,PBC Reutlingen 2 | PBC Reutlingen 3,Bezirksliga | Kreisliga A | Landesliga,Ost 1 | West,37,24,13,37.00,1562,1445,1678,60,22.14,0.09
Stefan Weber,PBC Bietigheim-Bissingen 1 | PBC Bietigheim-Bissingen 2 | PBC Bietigheim-Bissingen 3,Bezirksliga | Landesliga,Mitte | Mitte 1 | Mitte 2,89,37,52,89.00,1562,1488,1636,38,41.96,0.09
Volkmar Lorenz,PBC Schwäbisch Gmünd 2,Bezirksliga,Mitte 1,41,16,25,41.00,1562,1454,1669,55,18.88,0.09
Zvonimir Jembrih,PBC Schwäbisch Gmünd 1 | PBC Schwäbisch Gmünd 2,Bezirksliga | Einzel | Kreisliga A | Landesliga,Kreismeisterschaften 9-Ball Herren Mitte | Mitte | Mitte 1 | Mitte 2 | Mitte 3,90,50,40,90.00,1562,1488,1635,38,49.53,0.09
Andreas Rago,BC Sindelfingen 2 | BC Sindelfingen 3 | PBC Nagoldtal 1,Bezirksliga | Einzel | Landesliga,Bezirksmeisterschaften 10er Ball Senioren 45+ Mitte | Bezirksmeisterschaften 10er Ball Senioren Mitte | Bezirksmeisterschaften 14.1e Senioren 45+ Mitte | Bezirksmeisterschaften 14.1e Senioren Mitte | Kreismeisterschaften 10-Ball Senioren Mitte | Kreismeisterschaften 14.1e Senioren Mitte | Kreismeisterschaften 8-Ball Senioren Mitte | Mitte | Mitte 1,94,39,55,94.00,1561,1489,1633,37,43.34,0.09
Andreas Vetter,CC Karlsruhe 2 | CC Karlsruhe 3 | CC Karlsruhe 5,Einzel | Kreisliga A | Landesliga,Kreismeisterschaften 14.1e Senioren Nord | Nord | Nord 2 | Nord 3,20,12,8,20.00,1561,1404,1718,80,11.08,0.09
Faton Dzini,PF Calw 2 | PF Calw 3,Bezirksliga | Kreisliga A,Mitte 1 | Mitte 2,6,4,2,6.00,1561,1280,1841,143,3.86,0.09
Gerold Konnerth,BSC Göppingen 2,Bezirksliga,Ost 1,15,11,4,15.00,1561,1384,1737,90,8.85,0.09
Long Werner,BF Bruchsal 1 | BV Pforzheim 1 | BV Pforzheim 2 | CC Karlsruhe 1 | CC Karlsruhe 3,Bezirksliga | Einzel | Landesliga,BM 10er Ball Herren Nord | BM 10er Ball Herren Nord (Kurpfalz) 2019-2020 | BM 8er Ball Herren Nord | BM 9er Ball Herren Nord | Bezirksmeisterschaften 9er Ball Herren Nord | Kreismeisterschaften 10-Ball Herren Mitte | Kreismeisterschaften 10-Ball Herren Nord | Kreismeisterschaften 14.1e Herren Nord | Kreismeisterschaften 8-Ball Herren Mitte | Kreismeisterschaften 8-Ball Herren Nord | Kreismeisterschaften 9-Ball Herren Mitte | Kreismeisterschaften 9-Ball Herren Nord | Landesmeisterschaft 8er Ball Herren | Mitte | Mitte 1 | Nord | Nord 1,169,78,91,169.00,1561,1507,1615,27,80.36,0.09
Michael Röhrle,BC Feuersee 2 | BULL Leonberg-Höfingen 1 | BULL Leonberg-Höfingen 3,Bezirksliga | Kreisliga A | Landesliga,Mitte 2 | Ost,38,22,16,38.00,1561,1448,1674,58,20.77,0.09
Robert Klinec,Mannheimer BF 2 | Mannheimer BF 3,Bezirksliga | Einzel | Kreisliga A,Bezirksmeisterschaften 10er Ball Herren Nord | Bezirksmeisterschaften 8er Ball Herren Nord | Bezirksmeisterschaften 9er Ball Herren Nord | Kreismeisterschaften 10-Ball Herren Nord | Kreismeisterschaften 8-Ball Herren Nord | Kreismeisterschaften 9-Ball Herren Nord | Landesmeisterschaft 9er Ball Herren | Nord 1 | Nord 2,152,88,64,152.00,1561,1503,1619,29,79.82,0.09
Patrick Regan,BF Bruchsal 1,Landesliga,Nord,2,1,1,2.00,1560,1156,1965,206,0.75,0.09
Steffen Adler,,Einzel,Bezirksmeisterschaften 10er Ball Herren Nord | Bezirksmeisterschaften 14.1e Herren Nord | Bezirksmeisterschaften 9er Ball Herren Nord | Kreismeisterschaften 10-Ball Herren Nord | Kreismeisterschaften 14/1e Herren Nord | Kreismeisterschaften 9-Ball Herren Nord,33,13,20,33.00,1560,1438,1683,62,14.38,0.09
Wilfried Schön,BSC Göppingen 1 | BSC Göppingen 2 | BSC Göppingen 3,Bezirksliga | Einzel | Landesliga,Bezirksmeisterschaften 10er Ball Herren Ost | Bezirksmeisterschaften 14.1e Herren Ost | Bezirksmeisterschaften 8er Ball Herren Ost | Bezirksmeisterschaften 9er Ball Herren Ost | Kreismeisterschaften 10-Ball Herren Ost | Kreismeisterschaften 8-Ball Herren Ost | Kreismeisterschaften 9-Ball Herren Ost | Ost | Ost 1 | Ost 2,83,33,50,83.00,1560,1484,1637,39,39.46,0.09
Alfred Stöcklein,BC Sindelfingen 6,Bezirksliga,West 2,1,1,0,1.00,1559,1068,2050,250,0.61,0.08
Hakan Söyler,BC Sindelfingen 7 | PBC Nagoldtal 1 | PBC Nagoldtal 2,Bezirksliga | Einzel | Kreisliga A | Landesliga,BM 14/1 Einzel Senioren Mitte | BM 8er Ball Senioren Mitte | Bezirksmeisterschaften 10er Ball Senioren 45+ Mitte | Bezirksmeisterschaften 8er Ball Senioren 45+Mitte | Bezirksmeisterschaften 9er Ball Senioren 45+ Mitte | Bezirksmeisterschaften 9er Ball Senioren Mitte | Kreismeisterschaften 10-Ball Senioren Mitte | Kreismeisterschaften 14.1e Senioren Mitte | Kreismeisterschaften 8-Ball Senioren 45+ Mitte | Kreismeisterschaften 8-Ball Senioren Mitte | Kreismeisterschaften 9-Ball Senioren 45+ Mitte | Kreismeisterschaften 9-Ball Senioren Mitte | Landesmeisterschaft 9er Ball Senioren | Mitte | Mitte 1 | Mitte 2 | Mitte 3 | West,171,111,60,171.00,1559,1504,1614,28,96.84,0.09
Bernd Füess,BC Sindelfingen 3 | BC Sindelfingen 4 | BC Sindelfingen 5,Bezirksliga | Einzel | Landesliga,Bezirksmeisterschaften 10er Ball Senioren 55+ Mitte | Kreismeisterschaften 10-Ball Senioren 55+ Mitte | Mitte | Mitte 1 | Mitte 2,111,58,53,111.00,1558,1492,1624,34,57.11,0.09
Jürgen Steinmann,BF Weinheim-Viernheim 1 | BF Weinheim-Viernheim 2 | PBC Fr. Lampertheim 1,Bezirksliga | Einzel | Landesliga,Kreismeisterschaften 9-Ball Senioren Nord | Nord | Nord 1,92,41,51,92.00,1558,1485,1630,37,45.95,0.08
Karim Gampper,BC Feuersee 1 | BC Feuersee 2 | BC Feuersee 3 | BC Feuersee 4,Bezirksliga | Kreisliga A | Landesliga,Mitte | Mitte 1 | Mitte 2,53,30,23,53.00,1558,1462,1654,49,28.71,0.08
Markus Lüft,Pool Knights Bensheim 1 | Pool Knights Bensheim 2,Bezirksliga,Nord 1,65,37,28,65.00,1558,1473,1644,44,34.02,0.08
Maximilian Jentsch,PBC Aalen 1 | PBC Aalen 2,Einzel | Kreisliga A | Landesliga,Kreismeisterschaften 10-Ball Herren Mitte | Mitte | Mitte 2 | Ost 2,52,23,29,52.00,1558,1461,1655,49,24.22,0.08
Michael Stegmaier,BSV Filderstadt 5,Kreisliga A,Ost 1,5,4,1,5.00,1558,1241,1875,162,3.44,0.08
Oliver Hauke,PF Calw 1 | PF Calw 2 | PF Calw 3,Bezirksliga | Einzel | Kreisliga A,BM 10er Ball Herren Mitte (Sindelfingen) 2019-2020 | Kreismeisterschaften 10-Ball Herren Mitte | Kreismeisterschaften 14/1e Herren Mitte | Kreismeisterschaften 8-Ball Herren Mitte | Kreismeisterschaften 9-Ball Herren Mitte | Mitte 1 | Mitte 2 | Mitte 3 | West 1,121,67,54,121.00,1558,1495,1622,32,64.09,0.09
Ahmad Ayshe,BC Feuersee 2,Kreisliga A,Mitte 2,2,1,1,2.00,1557,1162,1952,201,1.00,0.08
Björn Welte,PBC Bräunlingen 1 | PBC Bräunlingen 2,Bezirksliga | Einzel | Landesliga,Kreismeisterschaften 9-Ball Herren West | Süd | West | West 2,91,69,22,91.00,1557,1483,1631,38,52.40,0.08
Daniel Montfort,P&S Denzlingen 2 | P&S Denzlingen 3,Landesliga,West,4,3,1,4.00,1557,1250,1864,157,2.18,0.08
Florian Stubert,BSV Filderstadt 1 | BSV Filderstadt 2 | BSV Filderstadt 3 | BSV Filderstadt 4,Bezirksliga | Landesliga,Ost | Ost 1,75,41,34,75.00,1557,1477,1637,41,39.54,0.08
Horst Bendig,P&S Denzlingen 1 | P&S Denzlingen 2,Einzel | Landesliga,Bezirksmeisterschaften 10er Ball Senioren West | Bezirksmeisterschaften 8er Ball Senioren West | West,61,27,34,61.00,1557,1469,1646,45,30.34,0.08
Jochen Fiedler,Mannheimer BF 2 | Mannheimer BF 3 | Mannheimer BF 4,Bezirksliga | Einzel | Kreisliga A,Bezirksmeisterschaften 14.1e Herren Nord | Kreismeisterschaften 10-Ball Herren Nord | Kreismeisterschaften 14.1e Herren Nord | Nord 1 | Nord 3,95,61,34,95.00,1557,1484,1629,37,53.40,0.08
Marco Seybold,PBC Bietigheim-Bissingen 2 | PBC Bietigheim-Bissingen 3 | PBC Bietigheim-Bissingen 4,Bezirksliga | Einzel | Kreisliga A,Kreismeisterschaften 8-Ball Herren Mitte | Kreismeisterschaften 9-Ball Herren Mitte | Mitte 1 | Mitte 2,86,53,33,86.00,1557,1481,1632,38,46.81,0.08
Thomas Weniger,BSV Tiengen 3 | PBC Bräunlingen 2,Bezirksliga | Einzel | Landesliga,Bezirksmeisterschaften 10er Ball Senioren 45+ West | Bezirksmeisterschaften 10er Ball Senioren West | Bezirksmeisterschaften 14.1e Senioren West | Bezirksmeisterschaften 8er Ball Senioren 45+West | Bezirksmeisterschaften 9er Ball Senioren 45+ West | Bezirksmeisterschaften 9er Ball Senioren West | Süd | West | West 1,42,23,19,42.00,1557,1450,1664,55,21.66,0.08
Florian Geike,BV Pforzheim 2,Bezirksliga,Mitte 2,6,3,3,6.00,1556,1297,1815,132,3.22,0.08
Hakan Yaratici,PBC Bräunlingen 1 | PBC Bräunlingen 2,Bezirksliga | Landesliga,West | West 1,58,37,21,58.00,1556,1463,1649,47,33.19,0.08
Marco Huber,BV Pforzheim 1 | BV Pforzheim 2 | BV Pforzheim 3,Bezirksliga | Einzel | Landesliga,BM 8er Ball Herren Mitte | Bezirksmeisterschaften 9er Ball Herren Mitte | Kreismeisterschaften 10-Ball Herren Mitte | Kreismeisterschaften 14.1e Herren Mitte | Kreismeisterschaften 8-Ball Herren Mitte | Kreismeisterschaften 9-Ball Herren Mitte | Mitte | Mitte 1 | West 1,120,41,79,120.00,1556,1492,1621,33,53.19,0.08
Phat Truong,BC Stuttgart 1891 2 | BC Stuttgart 1891 3,Bezirksliga | Einzel | Kreisliga A | Landesliga,Kreismeisterschaften 8-Ball Senioren Mitte | Kreismeisterschaften 9-Ball Senioren Mitte | Mitte | Mitte 1 | Mitte 2,33,19,14,33.00,1556,1436,1675,61,16.92,0.08
Klaus Woehrlin,PBC Offenburg 3 | PBC Offenburg 5,Bezirksliga | Einzel | Landesliga,BM 10er Ball Herren West | BM 10er Ball Herren West (Offenburg) 2019-2020 | Kreismeisterschaften 10-Ball Herren West | Kreismeisterschaften 14.1e Herren West | West | West 1,79,45,34,79.00,1555,1477,1634,40,41.77,0.08
Sebastian Buccheri,BSC Lions Bietigheim 1 | BSC Lions Bietigheim 2,Bezirksliga | Kreisliga A | Landesliga,Mitte 2 | West,59,34,25,59.00,1555,1464,1647,47,32.99,0.08
Andreas Reisinger,PBC Bietigheim-Bissingen 2,Einzel | Landesliga,BM 10er Ball Senioren Mitte | Kreismeisterschaften 10-Ball Senioren Mitte | Kreismeisterschaften 8-Ball Senioren Mitte | Mitte,24,11,13,24.00,1554,1415,1692,71,11.62,0.08
Kevin Albert,BSV Tiengen 3,Bezirksliga | Einzel | Landesliga,Bezirksmeisterschaften 9er Ball Herren West | Kreismeisterschaften 10-Ball Herren West | Kreismeisterschaften 14.1e Herren West | Kreismeisterschaften 9-Ball Herren West | Landesmeisterschaft 9er Ball Herren | West | West 1,70,44,26,70.00,1554,1470,1638,43,37.56,0.08
Markus Graml,PBC Langenargen 1 | PBC Langenargen 2,Bezirksliga | Landesliga,Ost | Ost 2,23,12,11,23.00,1554,1410,1699,74,10.91,0.08
Qayssar Al Saedi,BSV Konstanz 1,Landesliga,Ost,2,1,1,2.00,1554,1158,1949,202,0.92,0.08
Yusa Tutucu,BSC Göppingen 2 | BSC Göppingen 3,Bezirksliga | Einzel | Landesliga,Bezirksmeisterschaften 10er Ball Herren Ost | Bezirksmeisterschaften 9er Ball Herren Ost | Kreismeisterschaften 10-Ball Herren Ost | Kreismeisterschaften 9-Ball Herren Ost | Landesjugendmeisterschaft 2026 10-Ball U22 v2 | Landesjugendmeisterschaft 2026 9-Ball U22 | Ost | Ost 1,48,29,19,48.00,1554,1453,1654,51,25.15,0.08
Bernhard Sutor,PBC Offenburg 2,Landesliga,Süd | West,86,48,38,86.00,1553,1479,1628,38,44.46,0.08
Laith Tabakha,PF Calw 3,Kreisliga A,Mitte 2,4,4,0,4.00,1553,1240,1867,160,2.25,0.08
Patric Riedel,BULL Leonberg-Höfingen 2,Bezirksliga | Kreisliga A,Mitte 1 | Mitte 3 | Ost 1,36,26,10,36.00,1553,1429,1677,63,24.17,0.08
Phillip Woods,PBC Offenburg 3,Landesliga,West,10,6,4,10.00,1553,1339,1768,109,5.60,0.08
Simon Theodoropoulos,Tübinger BC 1 | Tübinger BC 2,Bezirksliga | Kreisliga A | Landesliga,Ost | Ost 1 | West,59,36,23,59.00,1553,1462,1644,46,31.79,0.08
Dominik Heinkele,BC Dätzingen 1,Bezirksliga | Einzel | Landesliga,Bezirksmeisterschaften 8er Ball Herren Mitte | Kreismeisterschaften 8-Ball Herren Mitte | Mitte | Mitte 1 | Mitte 2 | West 2,110,45,65,110.00,1552,1485,1618,34,50.65,0.08
Fatjon Balloshi,TV Cannstatt 4,Kreisliga A,Mitte 2,8,7,1,8.00,1552,1316,1788,120,4.93,0.07
Frank Weiß,BBC Plochingen 1,Bezirksliga,Ost 1,6,4,2,6.00,1552,1289,1814,134,3.04,0.07
Habib Karadal,BV Pforzheim 2 | BV Pforzheim 3 | BV Pforzheim 4,Bezirksliga | Kreisliga A | Landesliga,Mitte 1 | Mitte 3 | West,12,8,4,12.00,1552,1355,1749,100,6.72,0.07
Marco Schmitt,Mannheimer BF 1 | Mannheimer BF 3,Bezirksliga | Kreisliga A | Landesliga,Nord | Nord 1,23,6,17,23.00,1552,1410,1694,73,9.88,0.07
Mario Kaiser,BSC St. Georgen 1,Bezirksliga | Landesliga,Süd 1 | West | West 1 | West 2,106,79,27,106.00,1552,1483,1621,35,64.55,0.08
Simon Kemmerling,PBC Bräunlingen 1 | PBC Bräunlingen 2,Bezirksliga | Einzel | Landesliga,Bezirksmeisterschaften 10er Ball Herren West | Bezirksmeisterschaften 9er Ball Herren West | Kreismeisterschaften 10-Ball Herren West | Kreismeisterschaften 9-Ball Herren West | Süd | West | West 1 | West 2,133,83,50,133.00,1552,1490,1614,32,78.08,0.08
Timur Susuz,BC Aalen 3 | BC Aalen 4 | PBC Aalen 2,Bezirksliga | Einzel | Kreisliga A | Landesliga,Bezirksmeisterschaften 9er Ball Senioren Mitte | Kreismeisterschaften 9-Ball Herren Mitte | Kreismeisterschaften 9-Ball Senioren Mitte | Mitte | Mitte 1 | Mitte 2 | Ost,150,80,70,150.00,1552,1495,1609,29,75.64,0.08
Dennis Rothaug,BV Villingen-Schwenningen 1 | BV Villingen-Schwenningen 2,Bezirksliga | Landesliga,Süd | West | West 1,20,14,6,20.00,1551,1385,1716,85,12.77,0.07
Frank Rätz,PBC Waghäusel 2 | PBC Waghäusel 3 | PBC Waghäusel 4,Bezirksliga | Kreisliga A | Landesliga,Nord | Nord 1 | Nord 2,60,34,26,60.00,1551,1462,1640,46,31.27,0.07
Manuel Wissen,PBC Offenburg 2 | PBC Offenburg 3 | PBC Offenburg 4,Einzel | Landesliga,Bezirksmeisterschaften 10er Ball Herren West | Bezirksmeisterschaften 14.1e Herren West | Bezirksmeisterschaften 8er Ball Herren West | Bezirksmeisterschaften 9er Ball Herren West | Kreismeisterschaften 10-Ball Herren West | Kreismeisterschaften 14.1e Herren West | Kreismeisterschaften 8-Ball Herren West | Kreismeisterschaften 9-Ball Herren West | Süd | West,117,56,61,117.00,1551,1486,1616,33,58.55,0.08
Marc Wagner,BC Blaustein 1,Bezirksliga | Einzel | Kreisliga A | Landesliga,Bezirksmeisterschaften 9er Ball Senioren 45+ Ost | Kreismeisterschaften 9-Ball Senioren Ost | Ost | Ost 2,104,48,56,104.00,1551,1483,1618,35,52.51,0.08
Axel Schmucker,Mannheimer BF 1 | Mannheimer BF 2,Bezirksliga | Einzel | Landesliga,BM 10er Ball Senioren Nord (PBC Waghäusel) 2019-2020 | Nord | Nord 1,40,14,26,40.00,1550,1441,1659,56,17.62,0.07
Dieter Haberkorn,PBC Bad Saulgau 3,Kreisliga A,Ost 2,25,18,7,25.00,1550,1410,1689,71,14.64,0.07
Kurt Kempf,PBC Offenburg 2 | PBC Offenburg 3 | PBC Offenburg 4 | PBC Offenburg 6,Bezirksliga | Landesliga,West | West 1,77,55,22,77.00,1550,1471,1630,41,43.12,0.07
Martin Reinhardt,PBC Ochsenhausen 1 | PBC Ochsenhausen 2,Bezirksliga | Einzel | Kreisliga A | Landesliga,BM 8er Ball Herren Ost | Bezirksmeisterschaften 8er Ball Herren Ost | Kreismeisterschaften 10-Ball Herren Ost | Kreismeisterschaften 8-Ball Herren Ost | Ost | Ost 2 | Süd 3,132,64,68,132.00,1550,1489,1610,31,64.49,0.07
Peter Thurm,PBC Bruchsal 2,Bezirksliga | Kreisliga A | Landesliga,Nord | Nord 1 | Nord 2,124,60,64,124.00,1550,1488,1612,32,62.67,0.07
Sven Kaupp,BSC Lions Bietigheim 1 | PBC Rastatt 1 | PBC Rastatt 3,Bezirksliga | Einzel | Kreisliga A | Landesliga,Kreismeisterschaften 10-Ball Herren Mitte | Kreismeisterschaften 14.1e Herren Mitte | Kreismeisterschaften 8-Ball Herren Mitte | Kreismeisterschaften 9-Ball Herren Mitte | Mitte | Mitte 1 | Mitte 2 | Mitte 4,113,57,56,113.00,1550,1483,1616,34,58.47,0.07
Benjamin Hirschberger,BC Sindelfingen 4 | BC Sindelfingen 6 | BC Sindelfingen 8 | BC Stuttgart 1891 2,Bezirksliga | Einzel | Kreisliga A | Landesliga,LJM 2023 m-u15/17 10-Ball | LJM 2023 m-u15/17 8-Ball | LJM 2023 m-u15/17 9-Ball | Landesjugendmeisterschaft 2026 10-Ball U16 | Landesjugendmeisterschaft 2026 14/1e U16 | Landesjugendmeisterschaft 2026 8-Ball U16 | Landesjugendmeisterschaft 2026 9-Ball U16 v2 | Landesjugendmeisterschaft u14-u16 10 Ball | Landesjugendmeisterschaft u14-u16 14/1e | Landesjugendmeisterschaft u14-u16 8 Ball | Landesjugendmeisterschaft u14-u16 9 Ball | Landesjugendmeisterschaft u14-u22 10-Ball | Landesjugendmeisterschaft u14-u22 14/1e | Landesjugendmeisterschaft u14-u22 8-Ball | Landesjugendmeisterschaft u14-u22 9-Ball | Mitte | Mitte 2 | Mitte 3,119,81,38,119.00,1549,1482,1617,34,69.76,0.07
Ferhat Cayli,BC Neckarsulm 2,Bezirksliga | Einzel,BM 10er Ball Herren Nord | BM 10er Ball Herren Nord (Kurpfalz) 2019-2020 | Bezirksmeisterschaften 8er Ball Herren Nord | Kreismeisterschaften 10-Ball Herren Nord | Kreismeisterschaften 8-Ball Herren Nord | Landesmeisterschaft 8er Ball Herren | Nord 2,35,16,19,35.00,1549,1430,1668,61,15.56,0.07
Marco Zieger,PBC Waghäusel 2 | PBC Waghäusel 3,Bezirksliga | Einzel | Landesliga,Bezirksmeisterschaften 10er Ball Herren Nord | Bezirksmeisterschaften 14.1e Herren Nord | Kreismeisterschaften 10-Ball Herren Nord | Kreismeisterschaften 14/1e Herren Nord | Kreismeisterschaften 9-Ball Herren Nord | Nord | Nord 1 | Nord 2,147,69,78,147.00,1549,1492,1606,29,71.00,0.07
Mike Becker,PBC Offenburg 3 | PBC Offenburg 4,Bezirksliga | Einzel | Landesliga,Kreismeisterschaften 8-Ball Senioren West | West | West 1,31,15,16,31.00,1549,1426,1672,63,16.06,0.07
Robert Tiffert,BSV Tiengen 3,Bezirksliga | Landesliga,West | West 1,23,14,9,23.00,1549,1407,1690,72,12.37,0.07
Gordon Fenske,PBDC Kämpfelbach 1 | PP Karlsbad 1,Bezirksliga | Einzel | Landesliga,BM 10er Ball Senioren Nord | BM 10er Ball Senioren Nord (PBC Waghäusel) 2019-2020 | BM 14/1 Einzel Senioren Nord | BM 8er Ball Senioren Nord | BM 9er Ball Senioren Nord | Bezirksmeisterschaften 10er Ball Senioren 45+ Nord | Bezirksmeisterschaften 14.1e Senioren Nord | Bezirksmeisterschaften 8er Ball Senioren 45+Nord | Bezirksmeisterschaften 9er Ball Senioren 45+ Nord | Bezirksmeisterschaften 9er Ball Senioren Nord | Kreismeisterschaften 10-Ball Senioren Nord | Kreismeisterschaften 14.1e Senioren Nord | Kreismeisterschaften 8-Ball Senioren Nord | Kreismeisterschaften 9-Ball Senioren Nord | Landesmeisterschaft 9er Ball Senioren | Nord | Nord 1 | Nord 2,174,84,90,174.00,1548,1495,1602,27,80.20,0.07
Keven König,PBV Schwetzingen 4 | PBV Schwetzingen 5,Bezirksliga | Landesliga,Nord | Nord 2,81,32,49,81.00,1548,1471,1624,39,38.04,0.07
Klaus Martin,PBC Waghäusel 3 | PBC Waghäusel 4,Kreisliga A | Landesliga,Nord | Nord 2,4,2,2,4.00,1548,1234,1861,160,1.63,0.07
Michael Reich,BC Sindelfingen 4 | BC Sindelfingen 5 | BC Sindelfingen 6,Bezirksliga | Einzel | Kreisliga A | Landesliga,BM 10er Ball Senioren Mitte (Sindelfingen) 2019-2020 | BM 14/1 Einzel Senioren Mitte | BM 8er Ball Senioren Mitte | Bezirksmeisterschaften 10er Ball Senioren 55+ Mitte | Bezirksmeisterschaften 10er Ball Senioren Mitte | Bezirksmeisterschaften 14.1e Senioren 55+ Mitte | Bezirksmeisterschaften 14.1e Senioren Mitte | Bezirksmeisterschaften 8er Ball Senioren 55+Mitte | Bezirksmeisterschaften 8er Ball Senioren Mitte | Bezirksmeisterschaften 9er Ball Senioren 55+ Mitte | Bezirksmeisterschaften 9er Ball Senioren Mitte | Kreismeisterschaften 10-Ball Senioren 55+ Mitte | Kreismeisterschaften 10-Ball Senioren Mitte | Kreismeisterschaften 14.1e Senioren Mitte | Kreismeisterschaften 14/1e Senioren 55+ Mitte | Kreismeisterschaften 8-Ball Senioren 55+ Mitte | Kreismeisterschaften 8-Ball Senioren Mitte | Kreismeisterschaften 9-Ball Senioren 55+ Mitte | Kreismeisterschaften 9-Ball Senioren Mitte | Landesmeisterschaft 8er Ball Senioren 55+ | Mitte 1 | Mitte 2 | West,231,114,117,231.00,1548,1502,1594,24,116.69,0.07
Paul Halton,BV Backnang/Welzheim 1,Bezirksliga | Kreisliga A,Mitte 1 | Mitte 2 | Ost 2,46,26,20,46.00,1548,1446,1650,52,24.11,0.07
Roland Sauter,PBC Bräunlingen 1,Einzel | Landesliga,Bezirksmeisterschaften 8er Ball Senioren West | Landesmeisterschaft 8er Ball Herren | Süd | West,54,29,25,54.00,1548,1454,1642,48,27.34,0.07
Alexander Fischer,Tübinger BC 1 | Tübinger BC 2,Bezirksliga | Einzel | Kreisliga A | Landesliga,BM 10er Ball Herren Ost | BM 14/1 Einzel Herren Ost | BM 8er Ball Herren Ost | Bezirksmeisterschaften 10er Ball Herren Ost | Kreismeisterschaften 10-Ball Herren Ost | Kreismeisterschaften 14.1e Herren Ost | Kreismeisterschaften 8-Ball Herren Ost | Kreismeisterschaften 9-Ball Herren Ost | Landesmeisterschaft 10er Ball Herren | Ost | Ost 1,143,79,64,143.00,1547,1488,1606,30,76.59,0.07
Axel Zeh,TV Cannstatt 2 | TV Cannstatt 3 | TV Cannstatt 5,Bezirksliga | Kreisliga A,Mitte 1 | Mitte 2 | Mitte 3,58,41,17,58.00,1547,1453,1641,48,36.18,0.07
Christian Lorenz,BSV Tiengen 2,Landesliga,West,16,5,11,16.00,1547,1374,1720,88,6.49,0.07
Ralf Mergel,BF Bruchsal 1 | BF Bruchsal 2,Bezirksliga | Landesliga,Nord | Nord 2,125,55,70,125.00,1547,1485,1609,32,60.04,0.07
Sander Damrau,BSV Pfullingen 1 | BSV Pfullingen 2,Einzel | Landesliga,Kreismeisterschaften 9-Ball Herren Ost | Ost,29,10,19,29.00,1547,1421,1674,64,13.27,0.07
Stephan Mahler,BC Aalen 3,Kreisliga A,Mitte 1,22,17,5,22.00,1547,1400,1695,75,13.30,0.07
Florian Pasch,PF Calw 1 | PF Calw 2 | PF Calw 3,Bezirksliga | Einzel | Kreisliga A,BM 10er Ball Herren Mitte (Sindelfingen) 2019-2020 | Kreismeisterschaften 10-Ball Herren Mitte | Kreismeisterschaften 14/1e Herren Mitte | Kreismeisterschaften 8-Ball Herren Mitte | Kreismeisterschaften 9-Ball Herren Mitte | Mitte 2 | Mitte 3 | West 1,91,49,42,91.00,1546,1472,1621,38,48.65,0.07
Hayrettin Kurtoglu,BC Aalen 3,Einzel | Kreisliga A,BM 9er Ball Herren Mitte | Kreismeisterschaften 9-Ball Herren Mitte | Mitte 1,16,8,8,16.00,1546,1373,1718,88,7.12,0.07
Jens Clemens,BC Aalen 3,Kreisliga A,Mitte 1,24,15,9,24.00,1546,1406,1687,72,13.99,0.07
Joannis Fountoukas,PBC Bruchsal 1 | PBC Bruchsal 2,Bezirksliga,Nord 1,20,11,9,20.00,1546,1394,1698,78,10.46,0.07
Martin Brandt,BV Markdorf 2,Bezirksliga,Ost 2 | Süd 3,85,47,38,85.00,1546,1472,1621,38,44.03,0.07
Norman Wagner,BC Weingarten 1,Bezirksliga | Einzel,Kreismeisterschaften 10-Ball Herren Ost | Kreismeisterschaften 8-Ball Herren Ost | Kreismeisterschaften 9-Ball Herren Ost | Ost 2,30,16,14,30.00,1546,1422,1671,63,15.49,0.07
Sebastiano Ratto,BSC Göppingen 1 | BSC Göppingen 2,Bezirksliga | Landesliga,Ost | Ost 1,64,27,37,64.00,1546,1458,1633,45,28.83,0.07
Thomas Durst,BC Stuttgart 1891 2,Bezirksliga | Einzel | Landesliga,Kreismeisterschaften 8-Ball Senioren Mitte | Mitte | Mitte 1 | Mitte 2 | Ost,112,51,61,112.00,1546,1480,1612,34,50.92,0.07
Andreas Guenier,Mannheimer BF 2 | Mannheimer BF 3 | Mannheimer BF 4 | Mannheimer BF 5,Bezirksliga | Kreisliga A,Nord 1 | Nord 2 | Nord 3,61,40,21,61.00,1545,1454,1636,46,35.94,0.07
Andrei Deliman,PP Böblingen 1 | PP Böblingen 2 | VFL Herrenberg 1,Bezirksliga | Einzel | Kreisliga A | Landesliga,Bezirksmeisterschaften 14.1e Herren Mitte | Bezirksmeisterschaften 8er Ball Herren Mitte | Kreismeisterschaften 10-Ball Herren Mitte | Kreismeisterschaften 14.1e Herren Mitte | Kreismeisterschaften 14/1e Herren Mitte | Kreismeisterschaften 8-Ball Herren Mitte | Kreismeisterschaften 9-Ball Herren Mitte | Mitte | Mitte 1 | Mitte 2,117,52,65,117.00,1545,1480,1610,33,56.60,0.07
Olaf Schwarz,BC Sindelfingen 4 | BC Sindelfingen 6,Bezirksliga | Einzel | Kreisliga A | Landesliga,BM 14/1 Einzel Senioren Mitte | BM 9er Ball Senioren Mitte | Bezirksmeisterschaften 10er Ball Senioren 55+ Mitte | Bezirksmeisterschaften 14.1e Senioren 55+ Mitte | Bezirksmeisterschaften 14.1e Senioren Mitte | Bezirksmeisterschaften 8er Ball Senioren 55+Mitte | Bezirksmeisterschaften 9er Ball Senioren 55+ Mitte | Bezirksmeisterschaften 9er Ball Senioren Mitte | Kreismeisterschaften 10-Ball Senioren 55+ Mitte | Kreismeisterschaften 10-Ball Senioren Mitte | Kreismeisterschaften 14.1e Senioren Mitte | Kreismeisterschaften 8-Ball Senioren 55+ Mitte | Kreismeisterschaften 8-Ball Senioren Mitte | Kreismeisterschaften 9-Ball Senioren 55+ Mitte | Kreismeisterschaften 9-Ball Senioren Mitte | Landesmeisterschaft 14.1e Senioren | Mitte 1 | Mitte 2 | West,118,63,55,118.00,1545,1481,1610,33,58.13,0.07
Raimund Wanner,BC Bad Schussenried 1 | BC Bad Schussenried 2 | BC Bad Schussenried 3 | PBC Ochsenhausen 1,Bezirksliga | Einzel | Kreisliga A | Landesliga,BM 10er Ball Senioren Ost | BM 8er Ball Senioren Ost | BM 9er Ball Senioren Ost | Bezirksmeisterschaften 10er Ball Senioren 55+ Ost | Bezirksmeisterschaften 10er Ball Senioren Ost | Bezirksmeisterschaften 14.1e Senioren 55+ Ost | Bezirksmeisterschaften 9er Ball Senioren 55+ Ost | Bezirksmeisterschaften 9er Ball Senioren Ost | Kreismeisterschaften 10-Ball Senioren Ost | Kreismeisterschaften 8-Ball Senioren Ost | Kreismeisterschaften 9-Ball Senioren Ost | Ost | Ost 2 | Süd 3,119,59,60,119.00,1545,1481,1610,33,58.23,0.07
Rainer Kenzler,BULL Leonberg-Höfingen 2,Kreisliga A,Mitte 1 | Mitte 2 | Mitte 4,18,12,6,18.00,1545,1381,1710,84,10.77,0.07
Andreas Rapp,BSC Göppingen 1 | BSC Göppingen 3,Bezirksliga,Ost 1,17,11,6,17.00,1544,1379,1709,84,9.88,0.06
Lutz Denk,BBC Plochingen 1,Bezirksliga,Ost 1,8,2,6,8.00,1544,1312,1776,118,3.81,0.06
Thorsten Rammer,PBC Freudenstadt 2 | PBC Nagoldtal 1,Bezirksliga | Einzel,Bezirksmeisterschaften 14.1e Senioren 55+ Mitte | Bezirksmeisterschaften 9er Ball Senioren 55+ Mitte | Kreismeisterschaften 10-Ball Senioren 55+ Mitte | Kreismeisterschaften 14/1e Senioren 55+ Mitte | Kreismeisterschaften 9-Ball Senioren 55+ Mitte | Mitte 1 | West 1,67,35,32,67.00,1544,1459,1628,43,34.57,0.06
Tolga Yasmut,BC Sindelfingen 3 | BC Sindelfingen 4 | BC Sindelfingen 5,Bezirksliga | Landesliga,Mitte | Mitte 1,21,7,14,21.00,1544,1395,1692,76,9.15,0.06
Catalin-Florin Petrescu,BC Stuttgart 1891 4,Kreisliga A,Mitte 1,7,4,3,7.00,1543,1291,1794,128,4.40,0.06
Flaviano Gabriele,BC Bad Schussenried 1 | BC Bad Schussenried 2,Bezirksliga | Einzel | Landesliga,BM 9er Ball Senioren Ost | Bezirksmeisterschaften 10er Ball Senioren 55+ Ost | Bezirksmeisterschaften 10er Ball Senioren Ost | Bezirksmeisterschaften 8er Ball Senioren Ost | Bezirksmeisterschaften 9er Ball Senioren 55+ Ost | Bezirksmeisterschaften 9er Ball Senioren Ost | Kreismeisterschaften 10-Ball Senioren Ost | Kreismeisterschaften 8-Ball Senioren Ost | Kreismeisterschaften 9-Ball Senioren Ost | Ost | Ost 2 | Süd 3,126,63,63,126.00,1543,1481,1605,32,59.96,0.06
Manfred Sieweke,PBC Ochsenhausen 1 | PBC Ochsenhausen 2 | PBC Ochsenhausen 3,Bezirksliga | Einzel | Kreisliga A | Landesliga,BM 9er Ball Senioren Ost | Bezirksmeisterschaften 8er Ball Herren Ost | Bezirksmeisterschaften 8er Ball Senioren 45+Ost | Bezirksmeisterschaften 9er Ball Senioren 45+ Ost | Bezirksmeisterschaften 9er Ball Senioren Ost | Kreismeisterschaften 8-Ball Herren Ost | Kreismeisterschaften 8-Ball Senioren Ost | Ost | Ost 2,52,27,25,52.00,1543,1446,1639,49,26.45,0.06
Mustafa Basaran,BSV Filderstadt 4,Landesliga,Ost,5,1,4,5.00,1543,1254,1832,147,1.94,0.06
Sven Wezstein,PBC Bietigheim-Bissingen 1 | PBC Bietigheim-Bissingen 2 | PBC Bietigheim-Bissingen 3,Bezirksliga | Einzel | Kreisliga A | Landesliga,BM 10er Ball Senioren Mitte | BM 14/1 Einzel Senioren Mitte | BM 8er Ball Senioren Mitte | BM 9er Ball Senioren Mitte | Bezirksmeisterschaften 10er Ball Senioren 45+ Mitte | Bezirksmeisterschaften 10er Ball Senioren Mitte | Bezirksmeisterschaften 14.1e Senioren Mitte | Kreismeisterschaften 10-Ball Senioren Mitte | Kreismeisterschaften 14.1e Senioren Mitte | Kreismeisterschaften 8-Ball Senioren 45+ Mitte | Kreismeisterschaften 8-Ball Senioren Mitte | Kreismeisterschaften 9-Ball Senioren Mitte | Landesmeisterschaft 10er Ball Senioren | Mitte | Mitte 1 | Mitte 2 | Ost 1,185,83,102,185.00,1543,1491,1595,26,87.47,0.07
Tobias Küderle,PBC Offenburg 3,Bezirksliga | Einzel | Landesliga,BM 9er Ball Herren West | Kreismeisterschaften 8-Ball Herren West | Kreismeisterschaften 9-Ball Herren West | West | West 1,59,24,35,59.00,1543,1454,1632,46,29.33,0.06
Kristan Bailey,BC Stuttgart 1891 4,Kreisliga A,Mitte 1,8,7,1,8.00,1542,1304,1779,121,5.19,0.06
Maurizio Giannachi,PBC Fr. Lampertheim 2,Bezirksliga,Nord 1,2,0,2,2.00,1542,1139,1944,205,0.75,0.06
Nuhid Serifovic,BC Feuersee 1 | PP Böblingen 1 | TV Cannstatt 1 | TV Cannstatt 3 | TV Cannstatt 4,Bezirksliga | Kreisliga A | Landesliga,Mitte | Mitte 1 | Mitte 3,60,19,41,60.00,1542,1453,1632,46,28.11,0.06
Tankred Volkmer,BV Backnang/Welzheim 1,Bezirksliga | Kreisliga A,Mitte 1 | Mitte 2 | Ost 2,46,29,17,46.00,1541,1437,1645,53,26.23,0.06
Tobias Sven Stockenberger,BF Bruchsal 2,Bezirksliga | Einzel,Kreismeisterschaften 14/1e Herren Nord | Kreismeisterschaften 8-Ball Herren Nord | Kreismeisterschaften 9-Ball Herren Nord | Nord 1 | Nord 2,23,12,11,23.00,1541,1398,1683,73,12.00,0.06
Dirk Windecker,BBV Mannheim 1 | BBV Mannheim 2 | BBV Mannheim 3,Bezirksliga | Einzel | Kreisliga A | Landesliga,Bezirksmeisterschaften 10er Ball Herren Nord | Bezirksmeisterschaften 14.1e Herren Nord | Bezirksmeisterschaften 9er Ball Herren Nord | Kreismeisterschaften 10-Ball Herren Nord | Kreismeisterschaften 14.1e Herren Nord | Kreismeisterschaften 14/1e Herren Nord | Kreismeisterschaften 9-Ball Herren Nord | Nord | Nord 1,155,68,87,155.00,1540,1483,1596,29,75.29,0.06
Halil Seker,BSV Filderstadt 3,Landesliga,Ost,2,0,2,2.00,1540,1135,1945,206,0.76,0.06
Martin Wistuba,BSV Pfullingen 2 | BSV Pfullingen 3 | BSV Pfullingen 4,Bezirksliga | Kreisliga A,Ost 1,41,24,17,41.00,1540,1430,1649,56,23.19,0.06
Michael Götz,PBC Fr. Lampertheim 1,Landesliga,Nord,21,5,16,21.00,1540,1391,1690,76,8.83,0.06
Robin Kümmerle,BSV Filderstadt 4 | BSV Filderstadt 5,Bezirksliga | Kreisliga A,Ost 1,21,17,4,21.00,1540,1384,1697,80,13.55,0.06
Thomas Stoll,BC Sindelfingen 5 | BC Sindelfingen 6,Bezirksliga | Kreisliga A,Mitte 1 | Mitte 2,72,33,39,72.00,1540,1459,1622,42,34.88,0.06
Detlef Ratz,PBDC Kämpfelbach 1 | Poolsharks Bruchsal 1,Bezirksliga | Einzel | Kreisliga A | Landesliga,BM 14/1 Einzel Senioren Nord | Bezirksmeisterschaften 10er Ball Senioren 55+ Nord | Bezirksmeisterschaften 10er Ball Senioren Nord | Bezirksmeisterschaften 14.1e Senioren 55+ Nord | Bezirksmeisterschaften 14.1e Senioren Nord | Bezirksmeisterschaften 8er Ball Senioren 55+Nord | Bezirksmeisterschaften 8er Ball Senioren Nord | Kreismeisterschaften 10-Ball Senioren Nord | Kreismeisterschaften 14.1e Senioren Nord | Kreismeisterschaften 14/1e Senioren 55+ Nord | Kreismeisterschaften 8-Ball Senioren 55+ Nord | Kreismeisterschaften 8-Ball Senioren Nord | Landesmeisterschaft 10er Ball Senioren | Nord | Nord 1 | Nord 2,180,94,86,180.00,1539,1487,1592,27,90.60,0.06
Günther Götz,BSC St. Georgen 1,Bezirksliga | Landesliga,Süd 1 | West | West 1 | West 2,115,76,39,115.00,1539,1473,1605,34,66.53,0.06
Nicole Hummel,BV Villingen-Schwenningen 2,Bezirksliga | Einzel,BM 10er Ball Damen West und Nord | BM 8er Ball Damen West | BM 9er Ball Damen Nord- West | Landesmeisterschaft 10er Ball Damen | Landesmeisterschaft 14.1e Damen | Landesmeisterschaft 8er Ball Damen | Landesmeisterschaft 9er Ball Damen | West 2,38,19,19,38.00,1539,1424,1654,59,18.51,0.06
Thomas Wochner,P&S Denzlingen 2,Landesliga,West,10,6,4,10.00,1539,1330,1748,107,5.43,0.06
Cong Phan Tran,,Einzel,Bezirksmeisterschaften 9er Ball Herren Ost | Kreismeisterschaften 9-Ball Herren Ost,8,4,4,8.00,1538,1302,1775,121,3.39,0.06
Daniel Sanchez Goncalves,BC Feuersee 1 | PBC Schwäbisch Gmünd 1,Landesliga,Mitte,19,8,11,19.00,1538,1379,1697,81,7.50,0.06
Dieter Woitanowski,JS Mingolsheim 2,Bezirksliga,Nord 1,2,2,0,2.00,1538,1142,1934,202,1.09,0.05
Erwin Thoma,BC Bad Schussenried 3 | BC Bad Schussenried 4 | PBC Ochsenhausen 1 | PBC Ochsenhausen 2,Bezirksliga | Einzel | Kreisliga A | Landesliga,BM 9er Ball Senioren Ost | Bezirksmeisterschaften 10er Ball Senioren 55+ Ost | Bezirksmeisterschaften 10er Ball Senioren Ost | Bezirksmeisterschaften 8er Ball Senioren 55+Ost | Bezirksmeisterschaften 8er Ball Senioren Ost | Bezirksmeisterschaften 9er Ball Senioren 55+ Ost | Bezirksmeisterschaften 9er Ball Senioren Ost | Kreismeisterschaften 10-Ball Senioren Ost | Kreismeisterschaften 8-Ball Senioren Ost | Kreismeisterschaften 9-Ball Senioren Ost | Landesmeisterschaft 9er Ball Senioren | Ost | Ost 2,121,71,50,121.00,1538,1474,1602,33,61.60,0.06
Oliver Marx,BC Feuersee 3 | BC Sindelfingen 6 | BULL Leonberg-Höfingen 2,Bezirksliga | Kreisliga A,Mitte 1 | Mitte 3 | West 2,61,39,22,61.00,1538,1448,1628,46,35.47,0.06
Julian Tremmel,BSV Konstanz 1,Landesliga,Ost,6,1,5,6.00,1537,1276,1798,133,2.51,0.05
Theo Georgoudious,PBC Ochsenhausen 1 | PBC Ochsenhausen 2 | PBC Ochsenhausen 3,Bezirksliga | Einzel | Kreisliga A | Landesliga,Bezirksmeisterschaften 10er Ball Senioren Ost | Bezirksmeisterschaften 14.1e Senioren Ost | Bezirksmeisterschaften 8er Ball Senioren 45+Ost | Bezirksmeisterschaften 8er Ball Senioren Ost | Bezirksmeisterschaften 9er Ball Senioren 45+ Ost | Kreismeisterschaften 8-Ball Senioren Ost | Landesmeisterschaft 8er Ball Senioren 45+ | Ost | Ost 2 | Süd 3,67,41,26,67.00,1537,1451,1624,44,37.26,0.06
Tobias Werner,BF Bruchsal 1 | BF Bruchsal 2 | BF Bruchsal 3,Bezirksliga | Kreisliga A | Landesliga,Nord | Nord 1 | Nord 2 | Nord 3,76,44,32,76.00,1537,1456,1618,41,42.84,0.06
Mergim Zekaj,PBC Pfedelbach 1 | PBC Pfedelbach 2,Bezirksliga | Einzel,Kreismeisterschaften 8-Ball Herren Nord | Nord 2,22,8,14,22.00,1536,1391,1681,74,10.22,0.05
Sabine Hort,BV Pforzheim 1,Einzel | Landesliga,Landesmeisterschaft 10er Ball Ladies | Landesmeisterschaft 14.1e Ladies | Landesmeisterschaft 8er Ball Ladies | Landesmeisterschaft 9er Ball Ladies | Mitte,88,45,43,88.00,1536,1460,1612,39,45.40,0.05
Tobias Auer,BV Backnang/Welzheim 1,Bezirksliga | Kreisliga A,Mitte 1 | Mitte 2,48,31,17,48.00,1536,1435,1637,52,26.48,0.05
Uwe Machalett,PBC Freudenstadt 2 | PBC Freudenstadt 3,Bezirksliga | Landesliga,West | West 1,64,34,30,64.00,1536,1449,1623,44,33.27,0.05
Jonny Knapp,BC Neckarsulm 2 | BC Neckarsulm 3,Bezirksliga | Einzel | Kreisliga A | Landesliga,BM 14/1 Einzel Senioren Nord | BM 8er Ball Senioren Nord | Bezirksmeisterschaften 14.1e Senioren Nord | Bezirksmeisterschaften 9er Ball Senioren Nord | Kreismeisterschaften 10-Ball Senioren Nord | Kreismeisterschaften 14.1e Senioren Nord | Kreismeisterschaften 8-Ball Senioren Nord | Kreismeisterschaften 9-Ball Senioren Nord | Nord | Nord 2 | Nord 3,155,88,67,155.00,1535,1478,1592,29,83.74,0.06
Jürgen Porzelt,BSV Tiengen 3 | BSV Tiengen 4,Bezirksliga | Einzel,Kreismeisterschaften 8-Ball Herren West | West 1,57,34,23,57.00,1535,1441,1630,48,34.00,0.05
Michael Schulz,BSV Konstanz 1,Einzel | Landesliga,Bezirksmeisterschaften 9er Ball Herren Ost | Kreismeisterschaften 8-Ball Herren Ost | Kreismeisterschaften 9-Ball Herren Ost | Ost,14,5,9,14.00,1535,1353,1717,93,5.42,0.05
Pascal Sanna,PBC Freudenstadt 3,Bezirksliga | Einzel | Landesliga,Bezirksmeisterschaften 10er Ball Herren West | Bezirksmeisterschaften 14.1e Herren West | Bezirksmeisterschaften 8er Ball Herren West | Bezirksmeisterschaften 9er Ball Herren West | Kreismeisterschaften 10-Ball Herren West | Kreismeisterschaften 14.1e Herren West | Kreismeisterschaften 8-Ball Herren West | Kreismeisterschaften 9-Ball Herren West | Landesmeisterschaft 14.1e Herren | West | West 1,110,55,55,110.00,1535,1468,1602,34,53.86,0.05
Reaven Zhang,P&S Denzlingen 1 | P&S Denzlingen 2,Bezirksliga | Landesliga,West | West 2,6,2,4,6.00,1535,1276,1795,132,2.76,0.05
Achim Schmittel,PBC Fr. Lampertheim 1 | PBC Fr. Lampertheim 2,Bezirksliga | Einzel | Landesliga,Kreismeisterschaften 8-Ball Herren Nord | Nord | Nord 1,25,9,16,25.00,1534,1398,1670,69,10.73,0.05
Dirk Rehtanz,PBC Offenburg 4,Bezirksliga,Süd 1,2,2,0,2.00,1534,1072,1995,235,1.64,0.05
Murat Dervisi,PBC Freudenstadt 2,Einzel | Landesliga,Bezirksmeisterschaften 8er Ball Senioren West | Landesmeisterschaft 8er Ball Senioren | West,29,15,14,29.00,1534,1405,1662,65,13.69,0.05
Peter Koch,CC Karlsruhe 2 | CC Karlsruhe 3 | CC Karlsruhe 4 | CC Karlsruhe 5,Bezirksliga | Kreisliga A,Nord 1 | Nord 2 | Nord 3,42,27,15,42.00,1534,1426,1643,55,23.78,0.05
Peter Link,BC Feuersee 1 | BC Feuersee 2 | BSV Shooters Fellbach 2 | TV Cannstatt 1,Bezirksliga | Einzel | Kreisliga A | Landesliga,BM 10er Ball Senioren Mitte | BM 8er Ball Senioren Mitte | BM 9er Ball Senioren Mitte | Bezirksmeisterschaften 8er Ball Senioren Mitte | Bezirksmeisterschaften 9er Ball Senioren Mitte | Kreismeisterschaften 10-Ball Senioren Mitte | Kreismeisterschaften 8-Ball Senioren Mitte | Kreismeisterschaften 9-Ball Senioren Mitte | Landesmeisterschaft 9er Ball Senioren | Mitte | Mitte 1 | Mitte 2 | Ost 1,154,66,88,154.00,1534,1478,1591,29,71.76,0.05
Stefan Kling,Pool Knights Bensheim 4,Kreisliga A,Nord 3,16,12,4,16.00,1534,1359,1710,90,10.14,0.05
Andreas Gut,BV Villingen-Schwenningen 1 | BV Villingen-Schwenningen 2,Bezirksliga | Einzel | Landesliga,Bezirksmeisterschaften 10er Ball Herren West | Kreismeisterschaften 10-Ball Herren West | Kreismeisterschaften 8-Ball Senioren West | West | West 1 | West 2,41,24,17,41.00,1533,1422,1644,57,22.27,0.05
Christian Kälbli,BF Bruchsal 1 | BF Bruchsal 2,Bezirksliga | Landesliga,Nord | Nord 2,120,46,74,120.00,1533,1469,1597,33,54.91,0.05
Daniel Hirsch,JS Mingolsheim 3 | JS Mingolsheim 4,Kreisliga A,Nord 1 | Nord 2,28,24,4,28.00,1533,1397,1668,69,18.13,0.05
Frank Schwenk,BSC Göppingen 1 | BSC Göppingen 2,Einzel | Landesliga,BM 8er Ball Herren Ost | BM 9er Ball Herren Ost | Bezirksmeisterschaften 10er Ball Herren Ost | Bezirksmeisterschaften 14.1e Herren Ost | Bezirksmeisterschaften 8er Ball Herren Ost | Kreismeisterschaften 10-Ball Herren Ost | Kreismeisterschaften 14.1e Herren Ost | Kreismeisterschaften 8-Ball Herren Ost | Kreismeisterschaften 9-Ball Herren Ost | Ost,89,27,62,89.00,1533,1458,1607,38,37.29,0.05
Jens Todt,PBC Bietigheim-Bissingen 2 | PBC Bietigheim-Bissingen 3,Einzel | Kreisliga A | Landesliga,Kreismeisterschaften 10-Ball Senioren Mitte | Kreismeisterschaften 9-Ball Senioren Mitte | Mitte | Mitte 1,25,13,12,25.00,1533,1397,1669,69,13.06,0.05
Martin Weber,PBC Offenburg 3 | PBC Offenburg 4 | PBC Rastatt 1 | PBC Rastatt 2 | PBC Rastatt 4,Bezirksliga | Einzel | Kreisliga A,Kreismeisterschaften 8-Ball Herren West | Mitte 1 | Mitte 2 | Mitte 3 | West 1,113,73,40,113.00,1533,1466,1599,34,65.85,0.05
Fabian Thoma-Schuck,BC Weingarten 1 | BC Weingarten 2,Bezirksliga | Kreisliga A,Ost 2,72,38,34,72.00,1532,1449,1615,42,38.10,0.05
Marco Klotzer,BSV Filderstadt 4,Bezirksliga,Ost 1,12,5,7,12.00,1532,1338,1727,99,6.01,0.05
Sukhbat Batjargal,BC Stuttgart 1891 3 | BC Stuttgart 1891 4,Bezirksliga | Einzel | Kreisliga A,Kreismeisterschaften 10-Ball Herren Mitte | Kreismeisterschaften 8-Ball Herren Mitte | Kreismeisterschaften 9-Ball Herren Mitte | Mitte 1 | Mitte 2 | Ost 2,34,25,9,34.00,1532,1407,1656,63,19.77,0.05
Bernd Schmidt,Mannheimer BF 4 | PBC Fr. Lampertheim 2,Bezirksliga | Kreisliga A,Nord 1 | Nord 2 | Nord 3,55,29,26,55.00,1531,1436,1625,48,30.13,0.05
Joao Rodrigues,BSV Pfullingen 2 | BSV Pfullingen 3 | BSV Pfullingen 4,Bezirksliga | Einzel | Kreisliga A,BM 8er Ball Herren Ost | Kreismeisterschaften 9-Ball Herren Ost | Ost 1,95,48,47,95.00,1531,1459,1602,36,48.47,0.05
Michael Müns,CC Karlsruhe 2 | CC Karlsruhe 3,Bezirksliga,Nord 1 | Nord 2,28,18,10,28.00,1531,1403,1659,65,14.77,0.05
Günther Bastian,PBC Langenargen 2 | PBC Langenargen 3 | PBC Langenargen 4,Bezirksliga | Kreisliga A,Ost 2,35,19,16,35.00,1530,1414,1646,59,18.40,0.04
Hassan Najjar,PBC Waghäusel 2 | PBC Waghäusel 3,Bezirksliga | Einzel | Landesliga,Kreismeisterschaften 10-Ball Herren Nord | Nord | Nord 1 | Nord 2,127,62,65,127.00,1530,1468,1591,31,60.65,0.05
Kevin Feichtinger,CC Karlsruhe 1 | CC Karlsruhe 2,Bezirksliga | Landesliga,Nord | Nord 1,44,19,25,44.00,1530,1428,1633,52,21.11,0.04
Anastasios Kagelidis,PP Böblingen 1 | PP Böblingen 2,Bezirksliga | Einzel | Kreisliga A | Landesliga,BM 10er Ball Senioren Mitte | BM 10er Ball Senioren Mitte (Sindelfingen) 2019-2020 | BM 8er Ball Senioren Mitte | Kreismeisterschaften 10-Ball Senioren Mitte | Kreismeisterschaften 14.1e Senioren Mitte | Kreismeisterschaften 8-Ball Senioren Mitte | Kreismeisterschaften 9-Ball Senioren Mitte | Mitte | Mitte 1 | Mitte 2 | West 2,147,67,80,147.00,1529,1472,1587,29,69.30,0.05
Armin Reidel,BF Weinheim-Viernheim 2 | BF Weinheim-Viernheim 3,Bezirksliga | Einzel | Kreisliga A,BM 9er Ball Senioren Nord | Kreismeisterschaften 9-Ball Senioren Nord | Nord 1 | Nord 2,97,65,32,97.00,1529,1457,1601,37,57.24,0.04
Bernd Schröder,PBC Bräunlingen 2,Bezirksliga | Landesliga,West | West 1 | West 2,59,33,26,59.00,1529,1437,1620,47,31.52,0.04
Emrah Atak,BC Neckarsulm 2 | PBV Schwetzingen 4,Bezirksliga | Einzel | Landesliga,BM 10er Ball Herren Nord | BM 10er Ball Herren Nord (Kurpfalz) 2019-2020 | BM 9er Ball Herren Nord | Kreismeisterschaften 10-Ball Herren Nord | Kreismeisterschaften 8-Ball Herren Nord | Kreismeisterschaften 9-Ball Herren Nord | Nord | Nord 2,46,15,31,46.00,1529,1425,1634,53,17.96,0.04
Nils Dannhauer,BC Feuersee 1 | BC Feuersee 2 | BC Feuersee 4 | BC Feuersee 5,Bezirksliga | Einzel | Kreisliga A,BM 10er Ball Herren Mitte (Sindelfingen) 2019-2020 | Kreismeisterschaften 10-Ball Herren Mitte | Kreismeisterschaften 14.1e Herren Mitte | Kreismeisterschaften 8-Ball Herren Mitte | Kreismeisterschaften 9-Ball Herren Mitte | Mitte 1 | Mitte 2 | Mitte 3 | Ost 2,100,52,48,100.00,1529,1460,1599,35,51.61,0.05
Oliver Eisele,PBC Langenargen 1 | PBC Langenargen 2,Bezirksliga | Landesliga,Ost | Ost 2,10,5,5,10.00,1529,1320,1737,107,4.24,0.04
Peter Gemeinhardt,CC Karlsruhe 2 | CC Karlsruhe 3 | CC Karlsruhe 5,Bezirksliga | Kreisliga A,Nord 1 | Nord 2 | Nord 3,53,28,25,53.00,1529,1433,1626,49,27.58,0.04
Thomas Tischmann,BC Blaustein 1,Bezirksliga | Kreisliga A | Landesliga,Ost | Ost 2,54,21,33,54.00,1529,1435,1624,48,23.52,0.04
Alexander Hemmer,BBC Plochingen 1 | BBC Plochingen 2,Bezirksliga | Kreisliga A | Landesliga,Ost | Ost 1,35,17,18,35.00,1528,1412,1643,59,17.55,0.04
Antonio Nuzziello,BSC Göppingen 2,Bezirksliga | Einzel | Kreisliga A | Landesliga,BM 8er Ball Senioren Ost | Bezirksmeisterschaften 8er Ball Senioren Ost | Kreismeisterschaften 8-Ball Senioren Ost | Landesmeisterschaft 8er Ball Senioren | Ost | Ost 1,100,48,52,100.00,1528,1458,1597,36,48.02,0.04
Boris Golic,PBC Ochsenhausen 1 | PBC Ochsenhausen 2,Bezirksliga | Einzel | Landesliga,BM 10er Ball Senioren Ost | Bezirksmeisterschaften 10er Ball Senioren Ost | Bezirksmeisterschaften 8er Ball Senioren Ost | Kreismeisterschaften 10-Ball Senioren Ost | Kreismeisterschaften 8-Ball Senioren Ost | Ost | Ost 2 | Süd 3,119,43,76,119.00,1528,1464,1591,33,52.91,0.04
Jürgen Wilke,BSC Göppingen 1 | BSC Göppingen 2,Bezirksliga | Einzel,BM 10er Ball Senioren Ost | BM 9er Ball Senioren Ost | Kreismeisterschaften 10-Ball Senioren Ost | Kreismeisterschaften 9-Ball Senioren Ost | Ost 1,33,16,17,33.00,1528,1406,1649,62,15.53,0.04
Ottmar Auzinger,PBC Ochsenhausen 1,Bezirksliga | Einzel | Landesliga,BM 10er Ball Senioren Ost | BM 14/1 Einzel Senioren Ost | BM 8er Ball Senioren Ost | BM 9er Ball Senioren Ost | Bezirksmeisterschaften 10er Ball Senioren Ost | Bezirksmeisterschaften 14.1e Senioren Ost | Bezirksmeisterschaften 8er Ball Senioren 55+Ost | Bezirksmeisterschaften 8er Ball Senioren Ost | Bezirksmeisterschaften 9er Ball Senioren Ost | Kreismeisterschaften 10-Ball Senioren Ost | Kreismeisterschaften 8-Ball Senioren 55+ Ost | Kreismeisterschaften 8-Ball Senioren Ost | Kreismeisterschaften 9-Ball Senioren Ost | Ost | Ost 2 | Süd 3,152,62,90,152.00,1528,1472,1585,29,68.29,0.04
Stefan Lorenz,BC Sindelfingen 4 | BC Sindelfingen 7 | PBC Nagoldtal 2,Bezirksliga | Einzel | Kreisliga A,Bezirksmeisterschaften 10er Ball Senioren 45+ Mitte | Kreismeisterschaften 10-Ball Herren Mitte | Kreismeisterschaften 10-Ball Senioren Mitte | Kreismeisterschaften 14.1e Herren Mitte | Kreismeisterschaften 9-Ball Herren Mitte | Kreismeisterschaften 9-Ball Senioren 45+ Mitte | Kreismeisterschaften 9-Ball Senioren Mitte | Mitte 2 | Mitte 3,89,60,29,89.00,1528,1451,1604,39,51.91,0.04
Thorsten Roth,PBV Schwetzingen 8,Kreisliga A,Nord 1,8,5,3,8.00,1528,1289,1766,122,5.03,0.04
Franz Hochenegg,BC Weingarten 1 | BC Weingarten 2,Kreisliga A | Landesliga,Ost | Ost 2,14,8,6,14.00,1527,1344,1711,93,7.59,0.04
Pascal Habiger,BV Pforzheim 2 | BV Pforzheim 3 | BV Pforzheim 4,Bezirksliga | Einzel | Kreisliga A | Landesliga,Kreismeisterschaften 10-Ball Herren Mitte | Mitte | Mitte 1 | Mitte 2 | West 1,82,40,42,82.00,1527,1449,1605,40,41.03,0.04
Ralf Annamaier,PBC Schwäbisch Gmünd 1 | PBC Schwäbisch Gmünd 2,Bezirksliga | Kreisliga A,Mitte 1 | Mitte 2 | Mitte 3,76,39,37,76.00,1527,1448,1607,41,38.49,0.04
Seong-Jin Kim,BSV Tiengen 3,Bezirksliga | Einzel | Landesliga,Bezirksmeisterschaften 10er Ball Senioren 45+ West | Bezirksmeisterschaften 10er Ball Senioren West | Bezirksmeisterschaften 14.1e Senioren 45+ West | Bezirksmeisterschaften 14.1e Senioren West | Bezirksmeisterschaften 8er Ball Senioren 45+West | Bezirksmeisterschaften 9er Ball Senioren 45+ West | Bezirksmeisterschaften 9er Ball Senioren West | Landesmeisterschaft 14.1e Senioren | West | West 1,89,51,38,89.00,1527,1453,1602,38,44.23,0.04
Uwe Barth,PBC Ochsenhausen 1 | PBC Ochsenhausen 2 | PBC Ochsenhausen 3,Einzel | Kreisliga A | Landesliga,Bezirksmeisterschaften 10er Ball Senioren Ost | Bezirksmeisterschaften 8er Ball Senioren 55+Ost | Kreismeisterschaften 8-Ball Senioren 55+ Ost | Ost | Ost 2,71,43,28,71.00,1527,1445,1610,42,39.58,0.04
Andreas Dittrich,BSC St. Georgen 1,Bezirksliga | Landesliga,Süd 1 | West | West 1 | West 2,112,67,45,112.00,1526,1459,1592,34,61.07,0.04
Mario Jurica,PBDC Kämpfelbach 1,Bezirksliga | Einzel,BM 10er Ball Senioren Nord | Kreismeisterschaften 10-Ball Senioren Nord | Nord 1,11,4,7,11.00,1526,1322,1730,104,4.79,0.04
Oliver Kandula,PBC Schwäbisch Hall 2,Bezirksliga,Mitte 1 | Nord 2,51,19,32,51.00,1526,1430,1622,49,23.23,0.04
Thorsten Möhle,BC Sindelfingen 2 | BC Sindelfingen 3,Einzel | Landesliga,BM 9er Ball Senioren Mitte | Kreismeisterschaften 10-Ball Senioren Mitte | Kreismeisterschaften 9-Ball Senioren Mitte | Mitte,21,8,13,21.00,1526,1376,1677,77,8.95,0.04
Yasar Mak,BV Backnang/Welzheim 1,Bezirksliga | Kreisliga A,Mitte 1 | Mitte 2 | Ost 2,61,38,23,61.00,1526,1436,1616,46,33.66,0.04
Alexandru Szabo,BC Neckarsulm 2 | BC Neckarsulm 3,Bezirksliga | Einzel | Kreisliga A,Kreismeisterschaften 10-Ball Herren Nord | Kreismeisterschaften 8-Ball Herren Nord | Kreismeisterschaften 9-Ball Herren Nord | Nord 2 | Nord 3,46,23,23,46.00,1525,1420,1629,53,23.45,0.04
Cem Sarigül,BF Bruchsal 1 | BF Bruchsal 2,Bezirksliga | Kreisliga A,Nord 1 | Nord 2,25,15,10,25.00,1525,1385,1665,71,14.51,0.04
Erol Ag,BC Feuersee 1 | BC Feuersee 2 | BC Feuersee 3,Bezirksliga | Einzel | Kreisliga A | Landesliga,Kreismeisterschaften 8-Ball Senioren Mitte | Kreismeisterschaften 9-Ball Senioren Mitte | Mitte | Mitte 1 | Mitte 2,74,31,43,74.00,1525,1445,1605,41,35.88,0.04
Marc-Andre Barisch,TV Cannstatt 1 | TV Cannstatt 2 | TV Cannstatt 3 | TV Cannstatt 4,Bezirksliga | Einzel | Kreisliga A,Kreismeisterschaften 8-Ball Herren Mitte | Mitte 1 | Mitte 2 | Mitte 3,93,57,36,93.00,1525,1453,1598,37,50.98,0.04
Martin Seyfer,CC Karlsruhe 2,Bezirksliga,Nord 1,2,1,1,2.00,1525,1130,1920,202,0.89,0.04
Marvin Schiele,BC Aalen 3 | BC Aalen 4 | BC Aalen 5,Bezirksliga | Einzel | Kreisliga A | Landesliga,Kreismeisterschaften 10-Ball Herren Mitte | Kreismeisterschaften 8-Ball Herren Mitte | Kreismeisterschaften 9-Ball Herren Mitte | Mitte | Mitte 1 | Mitte 2 | Mitte 3,81,37,44,81.00,1525,1448,1602,39,38.70,0.04
Wolfgang Laun,BV Backnang/Welzheim 1,Bezirksliga | Kreisliga A,Mitte 1 | Mitte 2,50,26,24,50.00,1525,1426,1624,50,24.17,0.04
Mirsad Sabic,PBC Waghäusel 2 | PBC Waghäusel 3 | PBC Waghäusel 4,Bezirksliga | Einzel | Kreisliga A | Landesliga,BM 10er Ball Herren Nord | Bezirksmeisterschaften 14.1e Herren Nord | Kreismeisterschaften 10-Ball Herren Nord | Kreismeisterschaften 14.1e Herren Nord | Kreismeisterschaften 14/1e Herren Nord | Nord | Nord 1 | Nord 2,122,58,64,122.00,1524,1461,1588,33,58.35,0.04
Sebastian Oswald,BSV Pfullingen 2 | BSV Pfullingen 3 | BSV Pfullingen 4,Bezirksliga | Kreisliga A,Ost 1,33,20,13,33.00,1524,1403,1644,62,18.02,0.03
Kristijan Skokic,BC Feuersee 1 | BULL Leonberg-Höfingen 2,Bezirksliga | Kreisliga A | Landesliga,Mitte | Mitte 3 | Ost 1,20,10,10,20.00,1523,1365,1680,80,10.66,0.03
Matthias Maier,PBC Bräunlingen 1 | PBC Bräunlingen 2,Bezirksliga | Landesliga,West | West 1,28,15,13,28.00,1523,1392,1654,67,14.29,0.03
Saif Azzawi,PBC Schwäbisch Gmünd 1 | PBC Schwäbisch Gmünd 2,Bezirksliga | Einzel | Kreisliga A,Kreismeisterschaften 10-Ball Herren Mitte | Kreismeisterschaften 9-Ball Herren Mitte | Mitte 2 | Mitte 3,38,20,18,38.00,1523,1411,1636,58,18.96,0.03
Sven Dastig,PBC Bietigheim-Bissingen 1 | PBC Bietigheim-Bissingen 2,Bezirksliga,Mitte 1 | Mitte 2 | Ost 1,18,7,11,18.00,1523,1363,1683,82,8.38,0.03
Sven Gehrisch,BF Weinheim-Viernheim 1 | BF Weinheim-Viernheim 2 | PBC Fr. Lampertheim 1 | PBC Fr. Lampertheim 2,Bezirksliga | Einzel | Kreisliga A | Landesliga,BM 9er Ball Senioren Nord | Kreismeisterschaften 9-Ball Senioren Nord | Nord | Nord 1,122,51,71,122.00,1523,1460,1586,32,57.16,0.04
Arash Dayyani,BC Dätzingen 1 | BC Dätzingen 2,Bezirksliga | Einzel | Kreisliga A | Landesliga,Kreismeisterschaften 8-Ball Herren Mitte | Mitte | Mitte 1 | Mitte 2 | West 2,123,55,68,123.00,1522,1458,1586,33,56.69,0.03
Axel Klimmer,PBC Bräunlingen 1 | PBC Bräunlingen 2,Bezirksliga | Einzel | Landesliga,Bezirksmeisterschaften 10er Ball Senioren 45+ West | Bezirksmeisterschaften 8er Ball Senioren 45+West | Bezirksmeisterschaften 8er Ball Senioren West | Bezirksmeisterschaften 9er Ball Senioren 45+ West | Süd | West | West 2,79,40,39,79.00,1522,1443,1600,40,39.43,0.03
Heiko Difflipp,PBC Schwäbisch Hall 2,Bezirksliga | Einzel,BM 10er Ball Senioren Mitte | Bezirksmeisterschaften 8er Ball Senioren 45+Mitte | Bezirksmeisterschaften 9er Ball Senioren 45+ Mitte | Bezirksmeisterschaften 9er Ball Senioren Mitte | Kreismeisterschaften 10-Ball Senioren Mitte | Kreismeisterschaften 14.1e Senioren Mitte | Kreismeisterschaften 8-Ball Senioren 45+ Mitte | Kreismeisterschaften 8-Ball Senioren Mitte | Kreismeisterschaften 9-Ball Senioren 45+ Mitte | Kreismeisterschaften 9-Ball Senioren Mitte | Mitte 1 | Nord 2,103,38,65,103.00,1522,1453,1592,36,46.03,0.03
Udo Gleich,BC Blaustein 1,Bezirksliga | Kreisliga A | Landesliga,Ost | Ost 2,54,27,27,54.00,1522,1428,1617,48,26.87,0.03
Giuseppe Dellaquercia,PBC Bietigheim-Bissingen 1 | PBC Bietigheim-Bissingen 2 | PBC Bietigheim-Bissingen 3,Bezirksliga | Einzel | Kreisliga A | Landesliga,BM 10er Ball Senioren Mitte | BM 14/1 Einzel Senioren Mitte | BM 9er Ball Senioren Mitte | Kreismeisterschaften 10-Ball Senioren Mitte | Kreismeisterschaften 14.1e Senioren Mitte | Kreismeisterschaften 8-Ball Senioren Mitte | Kreismeisterschaften 9-Ball Senioren Mitte | Mitte | Mitte 1 | Mitte 2,149,61,88,149.00,1521,1463,1578,29,69.90,0.03
Marcus Wittner,BSC Lions Bietigheim 1 | BSC Lions Bietigheim 2,Bezirksliga | Kreisliga A | Landesliga,Mitte 1 | Mitte 2 | West,99,46,53,99.00,1521,1451,1591,36,47.12,0.03
Marius Thomanek,BC Sindelfingen 5 | BC Sindelfingen 6,Bezirksliga | Kreisliga A,Mitte 1 | Mitte 2,33,16,17,33.00,1521,1401,1641,61,16.12,0.03
Michael Psarras,BC Dreiländereck 1 | BC Dreiländereck 2,Bezirksliga | Einzel | Landesliga,Bezirksmeisterschaften 10er Ball Senioren West | Bezirksmeisterschaften 9er Ball Senioren West | West | West 1,42,14,28,42.00,1521,1413,1630,55,20.14,0.03
Michael Reiser,PF Calw 1 | PF Calw 2,Bezirksliga | Einzel | Kreisliga A,Kreismeisterschaften 10-Ball Herren Mitte | Kreismeisterschaften 8-Ball Herren Mitte | Kreismeisterschaften 9-Ball Herren Mitte | Mitte 1 | Mitte 2 | Mitte 3 | West 2,86,42,44,86.00,1521,1445,1597,39,43.98,0.03
Franz Miehle,BC Bad Schussenried 3,Bezirksliga | Einzel | Kreisliga A,Bezirksmeisterschaften 14.1e Herren Ost | Bezirksmeisterschaften 8er Ball Herren Ost | Kreismeisterschaften 10-Ball Herren Ost | Kreismeisterschaften 8-Ball Herren Ost | Kreismeisterschaften 9-Ball Herren Ost | Ost 2 | Süd 3,57,29,28,57.00,1520,1427,1612,47,27.16,0.03
Kurt Saller,BC Sindelfingen 5 | BC Sindelfingen 7 | PBC Nagoldtal 2,Bezirksliga | Einzel | Kreisliga A,Bezirksmeisterschaften 10er Ball Senioren 45+ Mitte | Bezirksmeisterschaften 8er Ball Senioren 45+Mitte | Bezirksmeisterschaften 8er Ball Senioren Mitte | Bezirksmeisterschaften 9er Ball Senioren 45+ Mitte | Bezirksmeisterschaften 9er Ball Senioren Mitte | Kreismeisterschaften 10-Ball Senioren Mitte | Kreismeisterschaften 8-Ball Senioren 45+ Mitte | Kreismeisterschaften 8-Ball Senioren Mitte | Kreismeisterschaften 9-Ball Senioren 45+ Mitte | Kreismeisterschaften 9-Ball Senioren Mitte | Mitte 2 | West 1,106,51,55,106.00,1520,1451,1589,35,53.36,0.03
Saman Hadi,BC Dätzingen 1 | BC Dätzingen 2,Bezirksliga | Einzel | Kreisliga A | Landesliga,Kreismeisterschaften 10-Ball Herren Mitte | Mitte | Mitte 1 | Mitte 2 | West 2,97,48,49,97.00,1520,1449,1591,36,46.81,0.03
Ulrich Oswald,BSV Filderstadt 2 | BSV Filderstadt 3 | BSV Filderstadt 4 | BSV Filderstadt 5,Bezirksliga | Einzel | Kreisliga A | Landesliga,BM 10er Ball Herren Ost | Kreismeisterschaften 10-Ball Herren Ost | Kreismeisterschaften 8-Ball Herren Ost | Ost | Ost 1,99,42,57,99.00,1520,1450,1590,36,47.22,0.03
Andreas Picl,CC Karlsruhe 4,Kreisliga A,Nord 1,2,2,0,2.00,1519,1092,1945,218,1.46,0.03
Fabian Rapp,BSV Pfullingen 2 | BSV Pfullingen 3 | BSV Pfullingen 4 | BSV Pfullingen 5,Bezirksliga | Einzel | Kreisliga A,BM 10er Ball Herren Ost (Pfullingen) 2019-2020 | Ost 1,38,12,26,38.00,1519,1407,1631,57,17.30,0.03
Mehmet Gürbüz,PBC Bräunlingen 2,Bezirksliga | Landesliga,West | West 2,3,2,1,3.00,1519,1174,1865,176,1.59,0.03
Philip Kammnick,BC Bad Schussenried 2 | BC Bad Schussenried 3,Bezirksliga | Einzel | Kreisliga A,BM 14/1 Einzel Herren Ost | Bezirksmeisterschaften 10er Ball Herren Ost | Kreismeisterschaften 10-Ball Herren Ost | Kreismeisterschaften 8-Ball Herren Ost | Kreismeisterschaften 9-Ball Herren Ost | Ost 2,96,48,48,96.00,1519,1447,1590,36,48.95,0.03
Tobias Reisner,PBC Aalen 1 | PBC Aalen 2,Bezirksliga | Einzel | Kreisliga A | Landesliga,Kreismeisterschaften 10-Ball Herren Mitte | Mitte | Mitte 1 | Mitte 3 | Ost 2,47,32,15,47.00,1519,1418,1620,52,25.82,0.03
Yahya Bouchikhi,P&S Denzlingen 2,Landesliga,West,12,6,6,12.00,1519,1322,1715,100,5.73,0.03
Zoltan Kelemen,BSF Kurpfalz 2 | BSF Kurpfalz 3,Bezirksliga | Kreisliga A,Nord 1 | Nord 2 | Nord 3,109,64,45,109.00,1519,1452,1587,34,59.76,0.03
Frank Flach,PBC Ochsenhausen 1 | PBC Ochsenhausen 2,Bezirksliga | Kreisliga A,Ost 2,20,11,9,20.00,1518,1364,1671,78,10.54,0.03
Jürgen Götting,BF Bruchsal 1 | BF Bruchsal 2 | JS Mingolsheim 2 | JS Mingolsheim 3,Bezirksliga | Einzel | Kreisliga A | Landesliga,Kreismeisterschaften 10-Ball Herren Nord | Kreismeisterschaften 9-Ball Senioren Nord | Nord | Nord 1 | Nord 2,129,67,62,129.00,1518,1456,1579,32,63.75,0.03
Kevin Künstler,BSC Göppingen 3,Bezirksliga | Einzel | Kreisliga A,Kreismeisterschaften 10-Ball Herren Ost | Kreismeisterschaften 9-Ball Herren Ost | Ost 1 | Ost 2,71,35,36,71.00,1518,1435,1601,42,33.94,0.03
Peter Arndt Marroquin,BC Weingarten 2,Kreisliga A,Ost 2,24,14,10,24.00,1518,1379,1658,71,12.85,0.03
Pietro Calo,BV Markdorf 2 | BV Markdorf 3,Bezirksliga | Einzel | Kreisliga A,BM 14/1 Einzel Senioren Ost | BM 9er Ball Senioren Ost | Bezirksmeisterschaften 14.1e Senioren Ost | Kreismeisterschaften 8-Ball Senioren Ost | Ost 2,104,43,61,104.00,1518,1450,1586,35,48.15,0.03
Thomas Enge,PBC Reutlingen 2 | PBC Reutlingen 3,Bezirksliga | Kreisliga A,Ost 1,36,20,16,36.00,1518,1402,1633,59,19.45,0.03
Tom Mischner,PBC Langenargen 1 | PBC Langenargen 2 | PBC Langenargen 3,Bezirksliga | Einzel | Kreisliga A | Landesliga,BM 10er Ball Herren Ost | Kreismeisterschaften 10-Ball Herren Ost | Kreismeisterschaften 8-Ball Herren Ost | Kreismeisterschaften 9-Ball Herren Ost | Ost | Ost 2,68,35,33,68.00,1518,1434,1603,43,33.93,0.03
Zeki-Kaan Koyun,PBC Bräunlingen 2,Bezirksliga | Landesliga,West | West 1,8,4,4,8.00,1518,1285,1751,119,4.70,0.03
Christoph Tropschuh,BBC Plochingen 2,Bezirksliga | Kreisliga A,Ost 1,98,47,51,98.00,1517,1447,1588,36,50.64,0.03
Ewald Bausch,PBC Langenargen 1 | PBC Langenargen 2,Bezirksliga | Einzel,Bezirksmeisterschaften 9er Ball Herren Ost | Kreismeisterschaften 10-Ball Herren Ost | Kreismeisterschaften 9-Ball Herren Ost | Ost 2,42,14,28,42.00,1517,1411,1624,54,17.86,0.03
Hardi Engel,BV Markdorf 2 | BV Markdorf 3,Bezirksliga,Ost 2 | Süd 2,61,27,34,61.00,1517,1428,1605,45,28.64,0.03
Marcel Biegler,BSV Pfullingen 3,Bezirksliga,Ost 1,4,1,3,4.00,1517,1201,1833,161,1.43,0.02
Stefan Süß,BSF Kurpfalz 2 | BSF Kurpfalz 3 | Mannheimer BF 3,Bezirksliga | Einzel | Kreisliga A,Bezirksmeisterschaften 8er Ball Herren Nord | Bezirksmeisterschaften 9er Ball Herren Nord | Kreismeisterschaften 10-Ball Herren Nord | Kreismeisterschaften 8-Ball Herren Nord | Kreismeisterschaften 9-Ball Herren Nord | Nord 1 | Nord 2 | Nord 3,115,48,67,115.00,1517,1451,1582,33,55.39,0.03
Alfred Rutkowski,BSC Lions Bietigheim 1 | PBC Rastatt 2 | PBC Rastatt 3,Bezirksliga | Einzel | Kreisliga A,Kreismeisterschaften 14.1e Senioren Mitte | Mitte 1 | Mitte 2 | Mitte 3 | West 1,120,59,61,120.00,1516,1452,1580,33,60.24,0.03
Benjamin Ropertz,BC Feuersee 1 | BC Feuersee 2 | BC Feuersee 4 | BV Leonberg 1,Bezirksliga | Einzel | Kreisliga A,BM 9er Ball Herren Mitte | Bezirksmeisterschaften 14.1e Herren Mitte | Kreismeisterschaften 10-Ball Herren Mitte | Kreismeisterschaften 14.1e Herren Mitte | Kreismeisterschaften 14/1e Herren Mitte | Kreismeisterschaften 9-Ball Herren Mitte | Mitte 1 | Mitte 2 | Mitte 3 | Ost 1,89,46,43,89.00,1516,1441,1590,38,46.71,0.03
Gerold Birmili,BC Sindelfingen 4 | BC Sindelfingen 5,Bezirksliga | Einzel,BM 10er Ball Herren Mitte (Sindelfingen) 2019-2020 | Kreismeisterschaften 10-Ball Herren Mitte | Kreismeisterschaften 14.1e Herren Mitte | Kreismeisterschaften 8-Ball Herren Mitte | Kreismeisterschaften 9-Ball Herren Mitte | Mitte 1 | Mitte 2,47,21,26,47.00,1516,1414,1619,52,21.29,0.02
Krischan Dostal,BV Markdorf 2 | PBC Langenargen 1,Bezirksliga | Einzel,Kreismeisterschaften 8-Ball Herren Ost | Ost 2 | Süd 3,48,16,32,48.00,1516,1416,1616,51,21.99,0.02
Liem Dang Ngoc,JS Mingolsheim 2 | JS Mingolsheim 3,Bezirksliga,Nord 2,25,9,16,25.00,1516,1380,1652,69,12.40,0.02
Maximilian Arnt,Pool Knights Bensheim 2,Bezirksliga | Einzel | Kreisliga A,Bezirksmeisterschaften 10er Ball Herren Nord | Bezirksmeisterschaften 8er Ball Herren Nord | Bezirksmeisterschaften 9er Ball Herren Nord | Kreismeisterschaften 10-Ball Herren Nord | Kreismeisterschaften 8-Ball Herren Nord | Kreismeisterschaften 9-Ball Herren Nord | Nord 1 | Nord 3,75,33,42,75.00,1516,1435,1598,42,35.70,0.03
Roberto D`Elia,BC Unterteuringen 1,Bezirksliga,Ost 2,102,48,54,102.00,1516,1448,1585,35,49.16,0.03
Alex Wei,PBC Rastatt 3,Kreisliga A,West 1,2,1,1,2.00,1515,1121,1908,201,1.05,0.02
Norbert Ritschel,PBC Nagoldtal 1 | PBC Nagoldtal 2 | PBC Nagoldtal 3,Bezirksliga | Kreisliga A | Landesliga,Mitte | Mitte 1 | Mitte 2 | West 2,104,48,56,104.00,1515,1447,1583,35,52.58,0.02
Sascha Nyffeler,BC Weingarten 1 | PBC Langenargen 1 | PBC Langenargen 2,Bezirksliga | Landesliga,Ost | Ost 2,42,18,24,42.00,1515,1409,1622,54,19.00,0.02
Thomas Drey,BF Bronnen 1 | PBC Ochsenhausen 3,Einzel | Kreisliga A,BM 10er Ball Senioren Ost | BM 10er Ball Senioren Ost (Pfullingen) 2019-2020 | BM 8er Ball Senioren Ost | BM 9er Ball Senioren Ost | Bezirksmeisterschaften 9er Ball Senioren Ost | Kreismeisterschaften 10-Ball Senioren Ost | Kreismeisterschaften 8-Ball Senioren Ost | Kreismeisterschaften 9-Ball Senioren Ost | Ost 1 | Ost 2,111,63,48,111.00,1515,1449,1582,34,58.33,0.02
Harun Ahmadi,PP Karlsbad 1 | PP Karlsbad 2,Bezirksliga | Einzel | Kreisliga A,Bezirksmeisterschaften 8er Ball Herren Nord | Kreismeisterschaften 10-Ball Herren Nord | Kreismeisterschaften 14/1e Herren Nord | Kreismeisterschaften 8-Ball Herren Nord | Kreismeisterschaften 9-Ball Herren Nord | Nord 1 | Nord 2 | Nord 3,132,72,60,132.00,1514,1452,1575,31,67.60,0.02
Michael Minnerop,PF Calw 1 | PF Calw 2 | PF Calw 3,Bezirksliga | Kreisliga A,Mitte 1 | Mitte 2 | Mitte 3 | West 1,114,53,61,114.00,1514,1449,1579,33,56.23,0.02
Petra Sannwald,BC Sindelfingen 2 | BC Sindelfingen 4 | BC Sindelfingen 5 | BC Sindelfingen 8,Bezirksliga | Einzel | Kreisliga A | Landesliga,Landesmeisterschaft 10er Ball Ladies | Landesmeisterschaft 14.1e Ladies | Landesmeisterschaft 8er Ball Ladies | Landesmeisterschaft 9er Ball Ladies | Landesmeisterschaft 9er Ball Ladies 1 | Mitte | Mitte 1 | Mitte 3,109,56,53,109.00,1514,1447,1582,35,56.44,0.02
Bianca Heneka,PBC Bruchsal 1 | PBC Bruchsal 2,Bezirksliga | Einzel | Kreisliga A | Landesliga,BM 10er Ball Damen West und Nord | BM 9er Ball Damen Nord- West | Bezirksmeisterschaften 10er Ball Damen Nord | Bezirksmeisterschaften 14.1e Damen Nord | Bezirksmeisterschaften 8er Ball Damen Nord | Bezirksmeisterschaften 9er Ball Damen Nord | Landesmeisterschaft 10er Ball Damen | Landesmeisterschaft 14.1e Damen | Landesmeisterschaft 8er Ball Damen | Landesmeisterschaft 9er Ball Damen | Nord | Nord 1 | Nord 2,231,109,122,231.00,1513,1467,1559,24,111.37,0.02
Niklas Weiß,JS Mingolsheim 3 | JS Mingolsheim 4,Bezirksliga | Einzel | Kreisliga A,Kreismeisterschaften 10-Ball Herren Nord | Nord 1 | Nord 2,65,34,31,65.00,1513,1426,1601,45,36.45,0.02
Sagar Paul,CC Karlsruhe 3,Kreisliga A,Nord 2,26,18,8,26.00,1513,1377,1649,69,15.16,0.02
Andreas Penckwitt,PBV Schwetzingen 5 | PBV Schwetzingen 6,Bezirksliga | Einzel,Bezirksmeisterschaften 8er Ball Senioren 45+Nord | Nord 2,31,15,16,31.00,1512,1387,1637,64,15.21,0.02
Aydin Yaray,PBC Aalen 2,Einzel | Kreisliga A,Kreismeisterschaften 10-Ball Herren Mitte | Mitte 2,20,11,9,20.00,1512,1359,1665,78,11.23,0.02
Marcus Elfenthal,P&S Denzlingen 1 | P&S Denzlingen 2 | P&S Denzlingen 3,Bezirksliga | Einzel | Landesliga,Bezirksmeisterschaften 10er Ball Senioren West | Bezirksmeisterschaften 8er Ball Senioren West | Kreismeisterschaften 8-Ball Senioren West | Süd | West | West 1 | West 2,101,50,51,101.00,1512,1443,1582,36,49.49,0.02
Roland Menrath,JS Mingolsheim 2 | JS Mingolsheim 3 | PBV Schwetzingen 5 | PBV Schwetzingen 6,Bezirksliga | Einzel | Kreisliga A,BM 14/1 Einzel Senioren Nord | BM 8er Ball Senioren Nord | Kreismeisterschaften 10-Ball Senioren Nord | Kreismeisterschaften 14.1e Senioren Nord | Kreismeisterschaften 8-Ball Senioren Nord | Kreismeisterschaften 9-Ball Senioren Nord | Nord 1 | Nord 2,68,33,35,68.00,1512,1428,1597,43,33.48,0.02
Thomas Hirschberger,BC Sindelfingen 6 | BC Sindelfingen 8,Einzel | Kreisliga A,BM 14/1 Einzel Senioren Mitte | BM 8er Ball Senioren Mitte | Kreismeisterschaften 14.1e Senioren Mitte | Kreismeisterschaften 8-Ball Senioren Mitte | Mitte 1 | Mitte 2 | Mitte 3,36,21,15,36.00,1512,1396,1628,59,18.37,0.02
Tomislav Knezevic,BSC Lions Bietigheim 2,Bezirksliga,Mitte 2,14,7,7,14.00,1512,1333,1691,91,6.44,0.02
Anil Celikbilek,PBC Pfedelbach 1 | PBC Pfedelbach 2,Bezirksliga | Landesliga,Nord | Nord 2,11,4,7,11.00,1511,1310,1712,103,4.66,0.02
Peter Stadelmaier,BV Pforzheim 1 | BV Pforzheim 2 | BV Pforzheim 3,Bezirksliga | Landesliga,Mitte | Mitte 1,15,4,11,15.00,1511,1337,1685,89,6.21,0.02
Rebeca Romero Ulloa,BC Stuttgart 1891 6,Kreisliga A,Ost 1,2,1,1,2.00,1511,1114,1907,202,1.15,0.02
Steffen Röschinger,BBC Plochingen 2,Bezirksliga | Kreisliga A,Ost 1,12,4,8,12.00,1511,1314,1707,100,4.80,0.02
Veit Heller,Mannheimer BF 2,Kreisliga A,Nord 1,9,9,0,9.00,1511,1283,1738,116,5.89,0.02
Antonio Pejic,PBC Rastatt 1 | PBC Rastatt 2 | PBC Rastatt 3,Bezirksliga | Einzel | Kreisliga A,Kreismeisterschaften 9-Ball Herren Mitte | Mitte 1 | Mitte 2 | Mitte 3 | West 1,79,38,41,79.00,1510,1431,1588,40,39.38,0.02
Hans-Peter Benzinger,BC Sindelfingen 2 | BC Sindelfingen 6,Bezirksliga | Landesliga,Mitte | West 2,17,6,11,17.00,1510,1342,1678,86,6.59,0.01
Peter Schmidt,BSV Tiengen 2 | BSV Tiengen 3 | BSV Tiengen 4,Bezirksliga | Einzel | Landesliga,BM 10er Ball Senioren West | BM 8er Ball Senioren West | Bezirksmeisterschaften 10er Ball Senioren West | Bezirksmeisterschaften 14.1e Senioren West | Bezirksmeisterschaften 8er Ball Senioren West | Bezirksmeisterschaften 9er Ball Senioren West | Kreismeisterschaften 10-Ball Senioren West | Kreismeisterschaften 8-Ball Senioren West | Kreismeisterschaften 9-Ball Senioren West | Süd | West | West 1,118,48,70,118.00,1510,1445,1576,33,56.35,0.02
Timo Heim,PBC Offenburg 3 | PBC Offenburg 4,Bezirksliga | Landesliga,Süd | West | West 1,85,37,48,85.00,1510,1434,1586,39,42.76,0.02
Dario Dakovic,PBC Bad Saulgau 2 | PBC Bad Saulgau 3,Bezirksliga | Einzel | Kreisliga A,Kreismeisterschaften 8-Ball Herren Ost | Ost 2,60,27,33,60.00,1509,1421,1598,45,30.21,0.01
Janin Oesterle,BC Neckarsulm 2,Bezirksliga,Nord 2,25,13,12,25.00,1509,1371,1646,70,12.15,0.01
Lars Jäger,P&S Denzlingen 2 | P&S Denzlingen 4,Bezirksliga | Einzel,Bezirksmeisterschaften 8er Ball Senioren 45+West | Süd 1 | West 1,35,16,19,35.00,1509,1393,1624,59,17.69,0.01
Martin Repp,BC Sindelfingen 5 | BC Sindelfingen 6,Bezirksliga | Einzel | Kreisliga A,BM 14/1 Einzel Senioren Mitte | BM 8er Ball Senioren Mitte | Bezirksmeisterschaften 10er Ball Senioren 55+ Mitte | Bezirksmeisterschaften 14.1e Senioren 55+ Mitte | Bezirksmeisterschaften 9er Ball Senioren 55+ Mitte | Kreismeisterschaften 10-Ball Senioren 55+ Mitte | Kreismeisterschaften 10-Ball Senioren Mitte | Kreismeisterschaften 14.1e Senioren Mitte | Kreismeisterschaften 14/1e Senioren 55+ Mitte | Kreismeisterschaften 8-Ball Senioren Mitte | Kreismeisterschaften 9-Ball Senioren 55+ Mitte | Kreismeisterschaften 9-Ball Senioren Mitte | Mitte 1 | Mitte 2,130,53,77,130.00,1509,1448,1571,31,59.73,0.02
Vy Le Tuong,BC Stuttgart 1891 3,Einzel | Kreisliga A,Bezirksmeisterschaften 10er Ball Damen Mitte-Ost | Bezirksmeisterschaften 14.1e Damen Mitte_Ost | Bezirksmeisterschaften 8er Ball Damen Mitte-Ost | Bezirksmeisterschaften 9er Ball Damen Mitte- Ost | Landesmeisterschaft 10er Ball Damen | Landesmeisterschaft 14.1e Damen | Landesmeisterschaft 9er Ball Damen | Mitte 1 | Mitte 2,63,40,23,63.00,1509,1420,1599,46,34.79,0.02
Partha Ghosh,Tübinger BC 1 | Tübinger BC 2,Bezirksliga | Einzel | Kreisliga A,Bezirksmeisterschaften 14.1e Herren Ost | Kreismeisterschaften 10-Ball Herren Ost | Kreismeisterschaften 8-Ball Herren Ost | Kreismeisterschaften 9-Ball Herren Ost | Ost 1,30,14,16,30.00,1508,1383,1633,64,14.32,0.01
Steffen Feuerbacher,PBC Freudenstadt 2,Bezirksliga | Einzel | Landesliga,BM 10er Ball Herren West (Offenburg) 2019-2020 | West | West 1,63,30,33,63.00,1508,1421,1596,45,29.17,0.01
Sven Schulz,PBC Nagoldtal 1 | PBC Nagoldtal 2 | PBC Nagoldtal 3,Bezirksliga | Kreisliga A,Mitte 1 | Mitte 2 | West 2,61,26,35,61.00,1508,1419,1597,45,27.54,0.01
Eyvinh Polvito,BSC Göppingen 3,Bezirksliga | Einzel,Bezirksmeisterschaften 10er Ball Herren Ost | Kreismeisterschaften 10-Ball Herren Ost | Kreismeisterschaften 8-Ball Herren Ost | Kreismeisterschaften 9-Ball Herren Ost | Ost 1 | Ost 2,37,19,18,37.00,1507,1392,1622,59,17.29,0.01
Joachim Höllwarth,CC Karlsruhe 1 | CC Karlsruhe 2 | CC Karlsruhe 3,Bezirksliga | Kreisliga A | Landesliga,Nord | Nord 1 | Nord 2,41,13,28,41.00,1507,1398,1615,56,17.63,0.01
Mathias Frey,PBC Offenburg 5,Bezirksliga | Einzel,BM 9er Ball Senioren West | Kreismeisterschaften 10-Ball Senioren West | Kreismeisterschaften 8-Ball Senioren West | Kreismeisterschaften 9-Ball Senioren West | West 1,43,20,23,43.00,1507,1400,1614,55,20.39,0.01
Mathias Hehle,PBC Bad Saulgau 2 | PBC Bad Saulgau 3,Bezirksliga | Kreisliga A,Ost 2,33,22,11,33.00,1507,1385,1630,63,19.74,0.01
Michael Straub,PBV Schwetzingen 5 | PBV Schwetzingen 6 | PBV Schwetzingen 8,Bezirksliga | Einzel | Kreisliga A,Bezirksmeisterschaften 9er Ball Senioren Nord | Kreismeisterschaften 14.1e Senioren Nord | Kreismeisterschaften 8-Ball Senioren Nord | Kreismeisterschaften 9-Ball Senioren Nord | Nord 2,81,46,35,81.00,1507,1430,1585,40,41.02,0.01
Nikolai Lupena,BSC Göppingen 3,Bezirksliga,Ost 1,6,2,4,6.00,1507,1244,1771,134,2.36,0.01
Andreas Schmid,PBC Nagoldtal 1 | PBC Nagoldtal 2 | PBC Nagoldtal 3,Bezirksliga | Einzel | Kreisliga A | Landesliga,Bezirksmeisterschaften 8er Ball Herren Mitte | Kreismeisterschaften 8-Ball Herren Mitte | Mitte | Mitte 1 | Mitte 2,65,24,41,65.00,1506,1417,1594,45,26.19,0.01
Frank Diedrich,PBC Sand 2,Bezirksliga | Einzel,BM 10er Ball Senioren West | BM 14/1 Einzel Senioren West | BM 8er Ball Senioren West | Bezirksmeisterschaften 10er Ball Senioren West | Bezirksmeisterschaften 14.1e Senioren West | Bezirksmeisterschaften 8er Ball Senioren 55+West | Bezirksmeisterschaften 8er Ball Senioren West | Bezirksmeisterschaften 9er Ball Senioren 55+ West | Bezirksmeisterschaften 9er Ball Senioren West | Kreismeisterschaften 10-Ball Senioren West | Kreismeisterschaften 8-Ball Senioren West | Landesmeisterschaft 8er Ball Senioren 55+ | Landesmeisterschaft 9er Ball Senioren 55+ | West 1,81,31,50,81.00,1506,1428,1584,40,35.53,0.01
Matthias Adler,PBC Offenburg 4,Landesliga,West,20,7,13,20.00,1506,1355,1657,77,8.92,0.01
Ulf Bojus,BC Neckarsulm 3,Kreisliga A,Nord 2,5,3,2,5.00,1506,1217,1795,147,2.94,0.01
Uwe Cordes,Tübinger BC 1,Bezirksliga | Einzel | Landesliga,Kreismeisterschaften 10-Ball Senioren Ost | Ost | Ost 1,15,5,10,15.00,1506,1328,1684,91,6.16,0.01
Claus Altendorf,BBV Mannheim 1 | BBV Mannheim 2,Bezirksliga | Landesliga,Nord | Nord 1 | Nord 2,112,39,73,112.00,1505,1438,1572,34,45.66,0.01
Dietmar Helfrich,BC Bad Schussenried 3 | BC Bad Schussenried 4,Bezirksliga | Einzel | Kreisliga A,Bezirksmeisterschaften 9er Ball Herren Ost | Kreismeisterschaften 10-Ball Herren Ost | Kreismeisterschaften 8-Ball Herren Ost | Kreismeisterschaften 9-Ball Herren Ost | Ost 2 | Süd 3,50,23,27,50.00,1505,1407,1604,50,26.53,0.01
Ingo Fehr,BC Unterteuringen 1,Bezirksliga | Einzel,Kreismeisterschaften 8-Ball Herren Ost | Ost 2,104,34,70,104.00,1505,1437,1573,35,48.36,0.01
Yannick Redl,PBC Rastatt 1,Kreisliga A,Mitte 2,2,2,0,2.00,1505,1100,1911,207,1.30,0.01
Johannes Mai,Tübinger BC 1 | Tübinger BC 2,Bezirksliga | Kreisliga A | Landesliga,Ost | Ost 1,27,13,14,27.00,1504,1372,1636,67,13.46,0.01
Tobias Wetzel,BC Dallau 1 | BC Dallau 2,Bezirksliga | Kreisliga A | Landesliga,Nord | Nord 1 | Nord 2,66,29,37,66.00,1504,1418,1590,44,31.90,0.01
Achim Wendeler,TV Cannstatt 1 | TV Cannstatt 2,Bezirksliga | Kreisliga A,Mitte 1,29,12,17,29.00,1503,1376,1630,65,13.99,0.01
Carmelo Visconti,BF Weinheim-Viernheim 1 | BF Weinheim-Viernheim 2,Bezirksliga | Einzel | Kreisliga A | Landesliga,BM 10er Ball Senioren Nord (PBC Waghäusel) 2019-2020 | Kreismeisterschaften 14/1e Senioren 55+ Nord | Kreismeisterschaften 8-Ball Senioren Nord | Kreismeisterschaften 9-Ball Herren Nord | Kreismeisterschaften 9-Ball Senioren Nord | Nord | Nord 1,114,47,67,114.00,1503,1437,1569,34,51.25,0.01
Mathias Laskus,PBV Rottweil 2,Bezirksliga,West 2,20,11,9,20.00,1503,1349,1657,79,11.47,0.01
Zlatko Martinovic,TV Cannstatt 2,Kreisliga A,Mitte 2,2,1,1,2.00,1503,1105,1901,203,1.04,0.00
Andreas Böhme,PBC Waghäusel 3 | PBC Waghäusel 4,Bezirksliga | Kreisliga A,Nord 1 | Nord 2,117,48,69,117.00,1502,1437,1566,33,54.34,0.01
Arno Marotz,BSV Filderstadt 2 | BSV Filderstadt 3 | BSV Filderstadt 4,Bezirksliga | Landesliga,Ost | Ost 1,91,39,52,91.00,1502,1428,1575,37,40.54,0.00
Ingo Maier,PBC Langenargen 4,Kreisliga A,Ost 2,28,13,15,28.00,1502,1373,1631,66,14.76,0.00
Luka Fuchs,PP Böblingen 2 | PP Böblingen 3,Bezirksliga | Einzel | Kreisliga A,Kreismeisterschaften 10-Ball Herren Mitte | Kreismeisterschaften 14.1e Herren Mitte | Kreismeisterschaften 9-Ball Herren Mitte | Mitte 2 | Mitte 3 | West 2,52,19,33,52.00,1502,1406,1599,49,24.53,0.00
Michael Metzger,BC Feuersee 1 | BC Feuersee 3 | BC Feuersee 4 | JS Mingolsheim 2 | PBV Schwetzingen 4 | PBV Schwetzingen 5 | PBV Schwetzingen 6 | PBV Schwetzingen 8,Bezirksliga | Einzel | Kreisliga A,Kreismeisterschaften 10-Ball Herren Nord | Kreismeisterschaften 14.1e Herren Nord | Kreismeisterschaften 14.1e Senioren Nord | Kreismeisterschaften 8-Ball Herren Nord | Mitte 1 | Nord 1 | Nord 2 | Ost 2,178,99,79,178.00,1502,1449,1556,27,93.12,0.01
Roberto Savcic,BC Sindelfingen 8,Einzel | Kreisliga A,Kreismeisterschaften 10-Ball Herren Mitte | Kreismeisterschaften 8-Ball Herren Mitte | Kreismeisterschaften 9-Ball Herren Mitte | Mitte 3,20,12,8,20.00,1502,1346,1658,80,8.58,0.00
Siegbert Müller,BC Bad Schussenried 1 | BC Bad Schussenried 2 | BC Bad Schussenried 3,Bezirksliga | Einzel | Kreisliga A | Landesliga,BM 8er Ball Senioren Ost | Bezirksmeisterschaften 8er Ball Senioren 55+Ost | Bezirksmeisterschaften 8er Ball Senioren Ost | Bezirksmeisterschaften 9er Ball Senioren Ost | Kreismeisterschaften 8-Ball Senioren 55+ Ost | Kreismeisterschaften 8-Ball Senioren Ost | Ost | Ost 2,86,37,49,86.00,1502,1427,1578,38,40.40,0.01
Stefanie Arndt,BSV Tiengen 3,Bezirksliga | Einzel,Bezirksmeisterschaften 10er Ball Damen West | Bezirksmeisterschaften 14.1e Damen West | Bezirksmeisterschaften 8er Ball Damen West | Landesmeisterschaft 10er Ball Damen | Landesmeisterschaft 14.1e Damen | West 2,25,14,11,25.00,1502,1363,1642,71,13.60,0.00
Stephan Moser,BV Villingen-Schwenningen 2,Bezirksliga | Einzel,Kreismeisterschaften 10-Ball Herren West | West 1,7,4,3,7.00,1502,1257,1747,125,2.93,0.00
Esad Selim Gündüz,BC Stuttgart 1891 4 | BC Stuttgart 1891 5,Einzel | Kreisliga A,Landesjugendmeisterschaft 2026 10-Ball U14 | Landesjugendmeisterschaft 2026 14/1 U14 | Landesjugendmeisterschaft 2026 8-Ball U14 | Landesjugendmeisterschaft 2026 9-Ball U14 | Mitte 1 | Ost 2,29,25,4,29.00,1501,1359,1643,72,20.65,0.00
Gürhan Ag,BC Feuersee 2 | BC Feuersee 3,Bezirksliga | Einzel | Kreisliga A,Kreismeisterschaften 8-Ball Senioren Mitte | Kreismeisterschaften 9-Ball Senioren Mitte | Mitte 1 | Mitte 2,44,17,27,44.00,1501,1396,1606,54,20.46,0.00
Joachim Koepke,PBC Offenburg 3 | PBC Offenburg 4 | PBC Offenburg 5,Bezirksliga | Einzel | Landesliga,Kreismeisterschaften 14.1e Herren West | Kreismeisterschaften 8-Ball Herren West | Süd | West | West 1,65,27,38,65.00,1500,1413,1587,44,29.23,0.00
Mark Hast,Tübinger BC 1 | Tübinger BC 2,Bezirksliga | Einzel | Kreisliga A,BM 10er Ball Herren Ost | Bezirksmeisterschaften 8er Ball Herren Ost | Kreismeisterschaften 10-Ball Herren Ost | Kreismeisterschaften 8-Ball Herren Ost | Kreismeisterschaften 9-Ball Herren Ost | Ost 1,82,34,48,82.00,1500,1423,1577,39,38.83,0.00
Simon Bernecker,PBV Schwetzingen 6,Bezirksliga | Einzel,Bezirksmeisterschaften 8er Ball Herren Nord | Bezirksmeisterschaften 9er Ball Herren Nord | Kreismeisterschaften 10-Ball Herren Nord | Kreismeisterschaften 8-Ball Herren Nord | Kreismeisterschaften 9-Ball Herren Nord | Nord 2,58,27,31,58.00,1500,1408,1591,47,26.41,0.00
Andreas Knauf,BSC Göppingen 2 | BSC Göppingen 3 | TV Cannstatt 4,Einzel | Kreisliga A,BM 8er Ball Senioren Ost | BM 9er Ball Senioren Ost | Bezirksmeisterschaften 10er Ball Senioren Mitte | Kreismeisterschaften 10-Ball Senioren Mitte | Kreismeisterschaften 10-Ball Senioren Ost | Kreismeisterschaften 14.1e Senioren Mitte | Kreismeisterschaften 8-Ball Senioren Ost | Kreismeisterschaften 9-Ball Senioren Ost | Mitte 3 | Ost 1,87,39,48,87.00,1499,1424,1574,38,43.95,0.00
Steffen Höfer-Achatz,PBV Schwetzingen 7,Kreisliga A,Nord 2,1,1,0,1.00,1499,1015,1983,247,0.57,-0.00
Tom Wacker,PP Karlsbad 1 | PP Karlsbad 2,Bezirksliga | Einzel | Kreisliga A,BM 14/1 Einzel Senioren Nord | Kreismeisterschaften 14.1e Senioren Nord | Kreismeisterschaften 8-Ball Senioren 55+ Nord | Kreismeisterschaften 8-Ball Senioren Nord | Nord 1 | Nord 2 | Nord 3,49,20,29,49.00,1499,1399,1599,51,24.40,-0.00
Alexander Gabat,BSF Kurpfalz 2 | BSF Kurpfalz 3,Bezirksliga | Kreisliga A,Nord 2 | Nord 3,122,69,53,122.00,1498,1435,1562,32,65.71,0.00
Damir Pran,BC Neckarsulm 2,Bezirksliga | Einzel,Kreismeisterschaften 9-Ball Senioren Nord | Nord 2,29,12,17,29.00,1498,1370,1625,65,13.11,-0.00
Florian Schwägler,PBC Freudenstadt 3,Bezirksliga | Einzel | Landesliga,Bezirksmeisterschaften 8er Ball Herren West | Kreismeisterschaften 8-Ball Herren West | West | West 1,117,57,60,117.00,1498,1433,1563,33,56.73,-0.00
Jürgen Müller,JS Mingolsheim 2 | JS Mingolsheim 3 | PBC Rastatt 1 | PBC Rastatt 2 | PBC Rastatt 4,Bezirksliga | Kreisliga A,Mitte 1 | Mitte 2 | Mitte 3 | Nord 1 | Nord 2 | West 1,77,46,31,77.00,1498,1417,1579,41,41.44,-0.00
Lutz Jeschke,BC Weingarten 1,Bezirksliga | Kreisliga A | Landesliga,Ost | Ost 2,97,40,57,97.00,1498,1427,1570,36,44.56,-0.00
Max Piepke,PBC Reutlingen 3,Bezirksliga,Ost 1,1,0,1,1.00,1498,1013,1982,247,0.42,-0.00
Peter Mielke,Mannheimer BF 4,Einzel | Kreisliga A,Kreismeisterschaften 8-Ball Senioren Nord | Nord 2,11,7,4,11.00,1498,1295,1702,104,6.40,-0.00
Phi Dang,P&S Denzlingen 2 | P&S Denzlingen 3,Bezirksliga | Landesliga,West | West 1 | West 2,12,5,7,12.00,1498,1304,1691,99,5.39,-0.00
Timo Lipski,BC Dallau 1 | BC Dallau 2,Bezirksliga | Einzel | Kreisliga A,Kreismeisterschaften 9-Ball Senioren Nord | Nord 1 | Nord 2,115,44,71,115.00,1498,1432,1564,33,52.63,0.00
Yves Jordan,BSC Göppingen 2 | BSC Göppingen 3,Einzel | Kreisliga A,Kreismeisterschaften 10-Ball Herren Ost | Ost 1,23,13,10,23.00,1498,1352,1644,74,12.99,-0.00
Besnik Shkemza,JS Mingolsheim 2 | JS Mingolsheim 3,Bezirksliga,Nord 1 | Nord 2,112,50,62,112.00,1496,1431,1561,33,50.36,-0.00
Francesco Dragotta,PBC Reutlingen 1 | Tübinger BC 3,Einzel | Kreisliga A | Landesliga,Kreismeisterschaften 10-Ball Herren Ost | Kreismeisterschaften 8-Ball Herren Ost | Landesjugendmeisterschaft 2026 10-Ball U22 v2 | Landesjugendmeisterschaft 2026 9-Ball U22 | Ost 1 | West,38,22,16,38.00,1496,1384,1609,57,19.47,-0.00
Gerald Rastetter,BSC Lions Bietigheim 1 | BSC Lions Bietigheim 2,Bezirksliga | Kreisliga A,Mitte 1 | Mitte 2 | Mitte 4,90,36,54,90.00,1496,1422,1570,38,40.32,-0.00
Jan Weber,PBC Bad Saulgau 2 | PBC Bad Saulgau 3,Bezirksliga | Kreisliga A,Ost 2,46,25,21,46.00,1496,1394,1597,52,23.75,-0.01
Jonas Entenmann,Tübinger BC 2,Einzel | Kreisliga A,BM 10er Ball Herren Ost (Pfullingen) 2019-2020 | Ost 1,11,5,6,11.00,1496,1295,1697,103,5.23,-0.01
Jonny Stojanovic,BC Stuttgart 1891 2 | BC Stuttgart 1891 3,Bezirksliga | Kreisliga A | Landesliga,Mitte | Mitte 1 | Mitte 2,14,5,9,14.00,1496,1315,1676,92,6.30,-0.01
Jörg Claassen,BC Dätzingen 2 | BC Dätzingen 3,Bezirksliga | Kreisliga A,Mitte 1 | Mitte 2 | Mitte 3,80,50,30,80.00,1496,1417,1575,40,43.94,-0.00
Lynn Kohl,PBC Offenburg 4 | PBC Offenburg 5,Bezirksliga,West 1,4,2,2,4.00,1496,1190,1801,156,2.01,-0.01
Simon Conrad,BSG Albstadt 1,Bezirksliga | Einzel,Kreismeisterschaften 10-Ball Senioren West | Kreismeisterschaften 8-Ball Senioren West | Kreismeisterschaften 9-Ball Senioren West | West 1 | West 2,67,37,30,67.00,1496,1411,1581,43,34.67,-0.00
Vithyea Thorn,BC Aalen 3,Kreisliga A,Mitte 1,2,1,1,2.00,1496,1093,1899,206,0.77,-0.01
Dimitrios Vafiadis,PBC Langenargen 2 | PBC Langenargen 3,Bezirksliga | Kreisliga A,Ost 2,4,2,2,4.00,1495,1179,1810,161,1.89,-0.01
Hans-Henning Schmid,PBC Langenargen 1 | PBC Langenargen 2 | PBC Langenargen 3,Bezirksliga | Einzel | Kreisliga A | Landesliga,Kreismeisterschaften 9-Ball Herren Ost | Ost | Ost 2 | Süd 3,77,27,50,77.00,1495,1414,1575,41,33.02,-0.01
Massimo Gabriele,BC Bad Schussenried 2 | BC Bad Schussenried 3,Kreisliga A,Ost 2,6,3,3,6.00,1495,1236,1754,132,3.29,-0.01
Thomas Höger,TV Cannstatt 2 | TV Cannstatt 3 | TV Cannstatt 4 | TV Cannstatt 5,Bezirksliga | Einzel | Kreisliga A,Bezirksmeisterschaften 10er Ball Senioren 55+ Mitte | Kreismeisterschaften 10-Ball Senioren 55+ Mitte | Kreismeisterschaften 10-Ball Senioren Mitte | Kreismeisterschaften 8-Ball Senioren 55+ Mitte | Kreismeisterschaften 8-Ball Senioren Mitte | Kreismeisterschaften 9-Ball Senioren 55+ Mitte | Kreismeisterschaften 9-Ball Senioren Mitte | Mitte 1 | Mitte 2 | Mitte 3 | Ost 1,121,67,54,121.00,1495,1431,1559,33,62.15,-0.00
Ervin Lika,BSV Filderstadt 4 | BSV Filderstadt 5,Kreisliga A | Landesliga,Ost | Ost 1,21,9,12,21.00,1494,1344,1644,76,9.11,-0.01
Jacco van de Streek,P&S Denzlingen 1 | P&S Denzlingen 2,Bezirksliga | Landesliga,West | West 2,11,4,7,11.00,1494,1291,1696,103,4.73,-0.01
Wolfgang Heiler,PBDC Kämpfelbach 1 | Poolsharks Bruchsal 1,Bezirksliga | Kreisliga A | Landesliga,Nord | Nord 1 | Nord 2,79,39,40,79.00,1494,1415,1573,40,40.21,-0.01
Daniel Lehmann,PBC Bräunlingen 2,Bezirksliga | Landesliga,West | West 1,4,1,3,4.00,1493,1180,1805,159,1.86,-0.01
Guido Ulmer,BSV Pfullingen 2 | BSV Pfullingen 3 | PBC Reutlingen 2,Bezirksliga | Kreisliga A | Landesliga,Ost | Ost 1,41,19,22,41.00,1493,1385,1600,55,19.64,-0.01
Joel Louis Egon Strohmayer,PBC Schwäbisch Gmünd 1 | PBC Schwäbisch Gmünd 2,Bezirksliga | Einzel | Kreisliga A | Landesliga,Kreismeisterschaften 10-Ball Herren Mitte | Kreismeisterschaften 9-Ball Herren Mitte | Landesjugendmeisterschaft mU22 10 Ball | Landesjugendmeisterschaft mU22 9 Ball | Landesjugendmeisterschaft u14-u22 10-Ball | Landesjugendmeisterschaft u14-u22 14/1e | Landesjugendmeisterschaft u14-u22 8-Ball | Landesjugendmeisterschaft u14-u22 9-Ball | Mitte | Mitte 2 | Mitte 3,58,26,32,58.00,1493,1399,1587,48,25.86,-0.01
Markus Wetzel,BC Dallau 1 | BC Dallau 2,Bezirksliga | Kreisliga A,Nord 1 | Nord 2,87,41,46,87.00,1493,1418,1568,38,42.14,-0.01
Mirjan Hidri,PBC Freudenstadt 2 | PBC Freudenstadt 3,Bezirksliga | Landesliga,West | West 1,20,11,9,20.00,1493,1339,1646,78,9.79,-0.01
Sabrina Heinze,PBC Bruchsal 3,Kreisliga A,Nord 1,3,2,1,3.00,1493,1144,1843,178,1.77,-0.01
Viet Anh Nguyen,BBV Mannheim 1 | BBV Mannheim 2,Bezirksliga | Einzel | Landesliga,Kreismeisterschaften 9-Ball Herren Nord | Nord | Nord 1,12,5,7,12.00,1493,1300,1686,98,5.06,-0.01
Andreas Schoknecht,PBC Bietigheim-Bissingen 3 | PBC Bietigheim-Bissingen 4,Bezirksliga | Kreisliga A,Mitte 1 | Mitte 2 | Mitte 3,38,10,28,38.00,1492,1380,1605,57,16.63,-0.01
Dennis Göricke,Tübinger BC 2,Kreisliga A,Ost 1,6,4,2,6.00,1492,1223,1761,137,3.21,-0.01
Felix Häntschel,PF Calw 1 | PF Calw 2 | PF Calw 3,Bezirksliga | Kreisliga A,Mitte 1 | Mitte 2 | Mitte 3,79,30,49,79.00,1492,1413,1572,40,34.91,-0.01
Michael Trost,JS Mingolsheim 2,Bezirksliga,Nord 2,2,1,1,2.00,1492,1097,1886,201,1.07,-0.01
Pascal Cecotti,BC Dätzingen 1 | BC Dätzingen 2,Bezirksliga | Kreisliga A | Landesliga,Mitte | Mitte 1 | Mitte 2 | West 2,101,35,66,101.00,1492,1422,1562,36,43.33,-0.01
Rainer Heilmann,BSV Tiengen 3 | BSV Tiengen 4,Bezirksliga | Einzel,BM 10er Ball Herren West | BM 10er Ball Herren West (Offenburg) 2019-2020 | BM 8er Ball Herren West | BM 9er Ball Herren West | Bezirksmeisterschaften 10er Ball Herren West | Bezirksmeisterschaften 8er Ball Herren West | Bezirksmeisterschaften 9er Ball Herren West | Kreismeisterschaften 10-Ball Herren West | Kreismeisterschaften 8-Ball Herren West | Kreismeisterschaften 9-Ball Herren West | West 1 | West 2,171,81,90,171.00,1492,1438,1547,28,85.94,-0.01
Tien Tan Nguyen,BC Stuttgart 1891 3,Kreisliga A,Mitte 1,10,9,1,10.00,1492,1282,1702,107,6.04,-0.01
Florian Walther,PBC Bruchsal 2 | PBC Bruchsal 3,Bezirksliga | Einzel | Kreisliga A | Landesliga,BM 10er Ball Senioren Nord | Bezirksmeisterschaften 8er Ball Senioren 55+Nord | Kreismeisterschaften 10-Ball Senioren Nord | Kreismeisterschaften 14.1e Senioren Nord | Kreismeisterschaften 8-Ball Senioren 55+ Nord | Kreismeisterschaften 8-Ball Senioren Nord | Kreismeisterschaften 9-Ball Senioren Nord | Nord | Nord 1 | Nord 2,108,43,65,108.00,1491,1423,1559,35,47.86,-0.01
Peter Baur,BSG Albstadt 1 | Tübinger BC 3,Bezirksliga | Einzel | Kreisliga A,BM 9er Ball Senioren West | Bezirksmeisterschaften 10er Ball Senioren West | Bezirksmeisterschaften 14.1e Senioren 55+ Ost | Bezirksmeisterschaften 8er Ball Senioren 55+Ost | Bezirksmeisterschaften 9er Ball Senioren 55+ Ost | Kreismeisterschaften 10-Ball Senioren West | Kreismeisterschaften 8-Ball Senioren 55+ Ost | Kreismeisterschaften 8-Ball Senioren West | Kreismeisterschaften 9-Ball Senioren West | Ost 1 | West 1 | West 2,108,49,59,108.00,1491,1423,1558,34,51.75,-0.01
Darko Sattler,PBC Nagoldtal 3,Bezirksliga,Mitte 1,2,0,2,2.00,1490,1086,1895,206,0.72,-0.01
Jürgen Pallmer,PBC Bruchsal 4,Kreisliga A,Nord 1 | Nord 3,8,5,3,8.00,1490,1254,1727,121,4.88,-0.01
Marc Allinger,PBC Freudenstadt 3,Bezirksliga | Einzel | Landesliga,Bezirksmeisterschaften 14.1e Senioren West | Bezirksmeisterschaften 8er Ball Herren West | Bezirksmeisterschaften 8er Ball Senioren West | Kreismeisterschaften 10-Ball Senioren West | Kreismeisterschaften 8-Ball Herren West | Kreismeisterschaften 8-Ball Senioren West | West | West 1,114,50,64,114.00,1490,1424,1556,34,55.41,-0.01
Markus Löscher,BSV Shooters Fellbach 2 | TV Cannstatt 2 | TV Cannstatt 3 | TV Cannstatt 4 | TV Cannstatt 5,Bezirksliga | Einzel | Kreisliga A,Kreismeisterschaften 10-Ball Herren Mitte | Kreismeisterschaften 8-Ball Herren Mitte | Mitte 1 | Mitte 2 | Mitte 3 | Ost 1,56,30,26,56.00,1490,1397,1583,47,28.91,-0.01
Sascha Link,BC Dallau 1 | BC Dallau 2 | BC Dallau 3,Bezirksliga | Einzel | Kreisliga A,Kreismeisterschaften 8-Ball Senioren Nord | Kreismeisterschaften 9-Ball Senioren Nord | Nord 1 | Nord 2,26,11,15,26.00,1490,1351,1629,71,11.74,-0.01
Stephan Boschert,PBV Schwetzingen 4 | PBV Schwetzingen 5 | PBV Schwetzingen 6 | PBV Schwetzingen 7,Bezirksliga | Einzel | Kreisliga A | Landesliga,BM 14/1 Einzel Senioren Nord | Bezirksmeisterschaften 14.1e Senioren 55+ Nord | Kreismeisterschaften 14.1e Senioren Nord | Kreismeisterschaften 14/1e Senioren 55+ Nord | Kreismeisterschaften 8-Ball Senioren Nord | Kreismeisterschaften 9-Ball Senioren Nord | Nord | Nord 1 | Nord 2 | Nord 3,92,35,57,92.00,1490,1417,1563,37,43.95,-0.01
Christos Minokoglou,PBC Aalen 2,Einzel | Kreisliga A,Kreismeisterschaften 10-Ball Herren Mitte | Mitte 2,22,13,9,22.00,1489,1344,1634,74,11.50,-0.02
Frederik Nyberg,PBC Langenargen 2,Bezirksliga,Ost 2,20,7,13,20.00,1489,1337,1641,77,8.28,-0.02
Joachim Bruggesser,PBC Bad Saulgau 3 | PBC Bad Saulgau 4,Kreisliga A,Ost 2,33,18,15,33.00,1489,1368,1610,62,18.60,-0.01
Jürgen Kieble,BC Bad Schussenried 1 | BC Bad Schussenried 2 | BC Bad Schussenried 3 | BC Bad Schussenried 4,Bezirksliga | Einzel | Kreisliga A,Bezirksmeisterschaften 9er Ball Senioren Ost | Ost 2,45,21,24,45.00,1489,1386,1592,53,21.80,-0.01
Nikolaus Blum,BC Bad Schussenried 4 | BC Bad Schussenried 5 | PBC Ochsenhausen 3,Kreisliga A,Ost 2,75,35,40,75.00,1489,1408,1570,41,36.76,-0.01
Arzic Omer,BC Weingarten 2,Bezirksliga,Süd 2,2,0,2,2.00,1488,1085,1891,206,0.73,-0.02
Daniel Kleine,Mannheimer BF 4,Einzel | Kreisliga A,Kreismeisterschaften 10-Ball Senioren Nord | Nord 3,16,11,5,16.00,1488,1313,1664,90,10.35,-0.02
Hikmet Yüksel,BC Dreiländereck 2,Landesliga,West,16,3,13,16.00,1488,1314,1662,89,5.94,-0.02
Lukas Marx,BC Sindelfingen 6 | BULL Leonberg-Höfingen 2,Bezirksliga | Kreisliga A,Mitte 3 | West 2,23,16,7,23.00,1488,1339,1636,76,14.05,-0.02
Marco Conrad,PBC Langenargen 3,Kreisliga A,Ost 2,12,5,7,12.00,1488,1294,1682,99,5.81,-0.02
Ralf Krebs,BC Dätzingen 1 | BC Dätzingen 2,Bezirksliga | Kreisliga A,Mitte 1 | Mitte 2,46,19,27,46.00,1488,1385,1591,53,20.48,-0.02
Stefan Herms,PBC Bräunlingen 2,Bezirksliga | Landesliga,West | West 1 | West 2,10,6,4,10.00,1488,1273,1704,110,5.01,-0.02
Uwe Bitsch,Mannheimer BF 3 | Mannheimer BF 4 | Mannheimer BF 5,Bezirksliga | Kreisliga A,Nord 1 | Nord 2 | Nord 3,104,57,47,104.00,1488,1420,1557,35,56.40,-0.01
Andreas Dirlewanger,PBC Bad Saulgau 3,Kreisliga A,Ost 2,23,14,9,23.00,1487,1347,1628,72,11.12,-0.02
Damir Kucis,PBC Bruchsal 1 | PBC Bruchsal 2,Bezirksliga | Einzel | Landesliga,BM 10er Ball Senioren Nord | Kreismeisterschaften 10-Ball Senioren Nord | Kreismeisterschaften 8-Ball Senioren Nord | Nord | Nord 2,20,6,14,20.00,1487,1331,1643,80,7.41,-0.02
Dietmar Horst,CC Karlsruhe 4 | CC Karlsruhe 5,Kreisliga A,Nord 1 | Nord 2,79,46,33,79.00,1487,1408,1565,40,41.64,-0.02
Eric Braun,CC Karlsruhe 2 | CC Karlsruhe 3,Bezirksliga | Einzel | Kreisliga A | Landesliga,Kreismeisterschaften 9-Ball Herren Nord | Nord | Nord 1 | Nord 2,43,22,21,43.00,1487,1381,1594,54,20.11,-0.02
Lepoleon Weatherspoon,JS Mingolsheim 2 | PBV Schwetzingen 6 | PBV Schwetzingen 8,Bezirksliga | Kreisliga A,Nord 1 | Nord 2,29,17,12,29.00,1487,1356,1618,67,16.35,-0.02
Tobias Walz,PBC Nagoldtal 1 | PBC Nagoldtal 2 | PBC Nagoldtal 3,Bezirksliga | Kreisliga A | Landesliga,Mitte | Mitte 1 | Mitte 2 | West 2,105,43,62,105.00,1487,1417,1557,36,48.95,-0.02
Dirk Hafner,PBC Offenburg 2 | PBC Offenburg 3 | PBC Offenburg 4,Bezirksliga | Landesliga,West | West 1,92,41,51,92.00,1486,1413,1559,37,43.66,-0.02
Julian Schank,PBC Ochsenhausen 2 | PBC Ochsenhausen 3,Bezirksliga | Einzel | Kreisliga A,Kreismeisterschaften 10-Ball Herren Ost | Ost 2 | Süd 3,29,17,12,29.00,1486,1360,1613,65,15.50,-0.02
Oliver Kother,PBC Bruchsal 1,Bezirksliga,Nord 1,4,1,3,4.00,1486,1169,1803,162,1.74,-0.02
Robert Zivanovic,BBC Plochingen 2,Bezirksliga | Kreisliga A,Ost 1,48,18,30,48.00,1486,1386,1585,51,22.86,-0.02
Ronald Rogge,JS Mingolsheim 2 | JS Mingolsheim 3 | PBV Schwetzingen 6,Bezirksliga | Einzel | Kreisliga A,BM 14/1 Einzel Herren Nord | Bezirksmeisterschaften 10er Ball Herren Nord | Kreismeisterschaften 10-Ball Herren Nord | Kreismeisterschaften 14.1e Herren Nord | Kreismeisterschaften 8-Ball Herren Nord | Kreismeisterschaften 9-Ball Herren Nord | Nord 1 | Nord 2,88,34,54,88.00,1486,1409,1562,39,39.82,-0.02
Thomas Müller,PBC Fr. Lampertheim 1,Landesliga,Nord,20,4,16,20.00,1486,1324,1648,83,6.19,-0.02
Ahmad Nassar,BC Neckarsulm 2,Bezirksliga | Einzel | Kreisliga A,Bezirksmeisterschaften 10er Ball Herren Nord | Bezirksmeisterschaften 8er Ball Herren Nord | Bezirksmeisterschaften 9er Ball Herren Nord | Kreismeisterschaften 10-Ball Herren Nord | Kreismeisterschaften 8-Ball Herren Nord | Kreismeisterschaften 9-Ball Herren Nord | Nord 2 | Nord 3,37,19,18,37.00,1485,1367,1603,60,17.48,-0.02
Carlos Weber,BV Pforzheim 2,Bezirksliga,Mitte 2,8,3,5,8.00,1485,1256,1715,117,3.47,-0.02
Matthias Bader,BSV Shooters Fellbach 2 | TV Cannstatt 3,Kreisliga A,Mitte 3 | Ost 1,20,10,10,20.00,1485,1332,1638,78,10.67,-0.02
Grofo Gomann,Mannheimer BF 3,Kreisliga A,Nord 1,2,2,0,2.00,1484,1080,1887,206,1.18,-0.02
Niklas Materia,BBV Mannheim 3,Einzel | Kreisliga A,Kreismeisterschaften 14.1e Herren Nord | Nord 1,11,3,8,11.00,1484,1284,1685,102,5.69,-0.02
Alexander Egger,BC Dätzingen 1 | BC Dätzingen 2 | BC Dätzingen 3,Bezirksliga | Kreisliga A | Landesliga,Mitte | Mitte 1 | Mitte 2 | Mitte 3 | West 2,73,35,38,73.00,1483,1402,1565,42,34.82,-0.02
Alexander Gohlke,P&S Denzlingen 2,Bezirksliga,West 1 | West 2,6,3,3,6.00,1483,1222,1744,133,3.28,-0.02
Donald Oreskovic,PBC Bad Saulgau 2,Bezirksliga | Einzel,Kreismeisterschaften 9-Ball Herren Ost | Ost 2,55,12,43,55.00,1483,1387,1578,49,20.99,-0.02
Jens Murat,BV Pforzheim 2 | BV Pforzheim 3 | BV Pforzheim 4,Bezirksliga | Einzel | Kreisliga A | Landesliga,Kreismeisterschaften 10-Ball Herren Mitte | Kreismeisterschaften 8-Ball Herren Mitte | Kreismeisterschaften 9-Ball Herren Mitte | Mitte | Mitte 1 | Mitte 2 | Mitte 4,54,28,26,54.00,1483,1385,1580,50,28.85,-0.02
Mike Siege,PBC Offenburg 3 | PBC Offenburg 5 | PBC Rastatt 3,Bezirksliga | Einzel | Kreisliga A | Landesliga,Kreismeisterschaften 10-Ball Herren West | Kreismeisterschaften 14.1e Herren West | Mitte 2 | Süd | West 1,35,19,16,35.00,1483,1366,1600,60,17.93,-0.02
Udo Koppenhöfer,CC Karlsruhe 4 | CC Karlsruhe 5,Kreisliga A,Nord 1 | Nord 2,79,44,35,79.00,1483,1404,1561,40,43.05,-0.02
Mario Rosenkranz,PBC Bräunlingen 2,Bezirksliga,West 1 | West 2,13,8,5,13.00,1482,1291,1673,97,7.43,-0.03
Peggy Eisele,BC Sindelfingen 5 | BC Sindelfingen 6 | BSV Filderstadt 3 | PBC Reutlingen 2,Bezirksliga | Einzel | Kreisliga A,BM 8er Ball Damen Ost - Mitte | BM 9er Ball Damen Ost und Mitte | Bezirksmeisterschaften 10er Ball Damen Mitte-Ost | Bezirksmeisterschaften 14.1e Damen Mitte_Ost | Bezirksmeisterschaften 8er Ball Damen Mitte-Ost | Bezirksmeisterschaften 9er Ball Damen Mitte- Ost | Landesmeisterschaft 10er Ball Damen | Landesmeisterschaft 14.1e Damen | Landesmeisterschaft 8er Ball Damen | Landesmeisterschaft 9er Ball Damen | Mitte 2 | Ost 1,132,51,81,132.00,1482,1420,1543,31,62.68,-0.02
Ralf Markanycz,BF Bruchsal 1 | Poolsharks Bruchsal 1,Bezirksliga,Nord 2,3,2,1,3.00,1482,1134,1831,178,1.36,-0.03
Adham Mohamed,Tübinger BC 1 | Tübinger BC 2 | Tübinger BC 3,Bezirksliga | Einzel | Kreisliga A,Kreismeisterschaften 8-Ball Herren Ost | Ost 1 | West 2,16,7,9,16.00,1481,1309,1652,88,8.11,-0.03
Besirat Fekadu,BSC Göppingen 2,Bezirksliga | Einzel | Landesliga,Bezirksmeisterschaften 9er Ball Herren Ost | Kreismeisterschaften 10-Ball Herren Ost | Kreismeisterschaften 8-Ball Herren Ost | Kreismeisterschaften 9-Ball Herren Ost | Ost | Ost 1,85,34,51,85.00,1481,1405,1557,39,37.34,-0.03
Daniel La Cognata,BC Sindelfingen 4 | BC Sindelfingen 5 | PBC Nagoldtal 2,Bezirksliga | Einzel | Kreisliga A | Landesliga,Bezirksmeisterschaften 14.1e Herren Mitte | Kreismeisterschaften 10-Ball Herren Mitte | Kreismeisterschaften 14.1e Herren Mitte | Kreismeisterschaften 8-Ball Herren Mitte | Kreismeisterschaften 9-Ball Herren Mitte | Mitte 1 | Mitte 2 | West,146,56,90,146.00,1481,1423,1540,30,61.62,-0.02
Manfred Kalliehs,PF Calw 1 | PF Calw 2 | PF Calw 3,Bezirksliga | Kreisliga A,Mitte 1 | Mitte 2 | Mitte 3 | West 2,63,29,34,63.00,1481,1394,1569,45,31.59,-0.02
Michael Killian,BBV Mannheim 2 | BBV Mannheim 3,Bezirksliga | Einzel | Kreisliga A,Kreismeisterschaften 10-Ball Senioren Nord | Kreismeisterschaften 14.1e Senioren Nord | Kreismeisterschaften 9-Ball Senioren Nord | Nord 1 | Nord 2,127,69,58,127.00,1481,1418,1544,32,66.30,-0.02
Thomas Vincenzo Campo,PP Karlsbad 1,Einzel | Landesliga,Kreismeisterschaften 10-Ball Senioren Nord | Nord,9,2,7,9.00,1481,1252,1709,117,3.27,-0.03
Muzaffer Günay,BC Aalen 4,Bezirksliga,Mitte 2,12,3,9,12.00,1480,1279,1681,102,4.17,-0.03
Ralf Bachert,PBC Bietigheim-Bissingen 2 | PBC Bietigheim-Bissingen 3 | PBC Bietigheim-Bissingen 4,Bezirksliga | Einzel | Kreisliga A,BM 10er Ball Senioren Mitte (Sindelfingen) 2019-2020 | Kreismeisterschaften 14.1e Senioren Mitte | Kreismeisterschaften 8-Ball Senioren Mitte | Kreismeisterschaften 9-Ball Senioren Mitte | Landesmeisterschaft 10er Ball Senioren | Landesmeisterschaft 9er Ball Senioren | Mitte 1 | Mitte 2 | Ost 2,133,42,91,133.00,1480,1418,1541,31,55.88,-0.03
Thomas Mänz,BSV Filderstadt 3 | BSV Filderstadt 4 | BSV Filderstadt 5 | BSV Filderstadt 6,Bezirksliga | Kreisliga A,Ost 1,82,38,44,82.00,1480,1403,1556,39,37.74,-0.03
Grigorios Pavlidis,PBC Schwäbisch Gmünd 2,Bezirksliga,Mitte 1,31,9,22,31.00,1479,1353,1605,64,12.23,-0.03
Karsten Mieskes,BC Bad Schussenried 1 | BC Bad Schussenried 2 | BC Bad Schussenried 3,Bezirksliga | Kreisliga A,Ost 2,58,21,37,58.00,1479,1388,1570,46,26.29,-0.03
Peter Brehm,TV Cannstatt 4,Kreisliga A,Mitte 2,12,5,7,12.00,1479,1283,1676,100,5.68,-0.03
Cesare Caccavelli,PBC Langenargen 2 | PBC Langenargen 3 | PBC Langenargen 4,Bezirksliga | Kreisliga A,Ost 2 | Süd 2,73,36,37,73.00,1478,1398,1559,41,34.70,-0.03
Jeremy Eckert,PBC Offenburg 3 | PBC Offenburg 4 | PBC Offenburg 5,Bezirksliga | Einzel | Landesliga,Bezirksmeisterschaften 10er Ball Herren West | Bezirksmeisterschaften 14.1e Herren West | Bezirksmeisterschaften 8er Ball Herren West | Kreismeisterschaften 10-Ball Herren West | Kreismeisterschaften 14.1e Herren West | Kreismeisterschaften 8-Ball Herren West | Süd | West | West 1,97,36,61,97.00,1478,1407,1550,37,42.55,-0.03
Mark Epple,PF Calw 1 | PF Calw 2 | PF Calw 3,Bezirksliga | Kreisliga A,Mitte 1 | Mitte 2 | Mitte 3,34,17,17,34.00,1478,1357,1599,62,17.50,-0.03
Bernhard Flamm,BF Weinheim-Viernheim 2 | BF Weinheim-Viernheim 3 | PBC Fr. Lampertheim 2,Bezirksliga | Kreisliga A,Nord 1 | Nord 2,35,18,17,35.00,1477,1358,1595,60,18.76,-0.03
Dietmar Lübke,BSV Filderstadt 5 | PBC Reutlingen 2,Kreisliga A,Ost 1,13,9,4,13.00,1477,1287,1667,97,7.11,-0.03
Klaus Dietrich,BV Markdorf 2,Bezirksliga | Einzel,Kreismeisterschaften 8-Ball Senioren Ost | Ost 2,58,21,37,58.00,1477,1386,1569,47,25.16,-0.03
Marvin Szymiczek,BV Pforzheim 3 | BV Pforzheim 4,Bezirksliga | Einzel | Kreisliga A,Kreismeisterschaften 10-Ball Herren Mitte | Kreismeisterschaften 8-Ball Herren Mitte | Kreismeisterschaften 9-Ball Herren Mitte | Mitte 1 | Mitte 2 | Mitte 4 | West 1,68,33,35,68.00,1477,1390,1564,44,33.32,-0.03
Patrick Coklica,Tübinger BC 2,Kreisliga A,Ost 1,27,13,14,27.00,1477,1344,1610,68,13.63,-0.03
Peter Restle,BSV Pfullingen 2 | BSV Pfullingen 3 | BSV Pfullingen 4,Bezirksliga | Kreisliga A,Ost 1,79,39,40,79.00,1477,1398,1557,40,36.90,-0.03
Simon Stoß,Poolsharks Bruchsal 1,Bezirksliga | Kreisliga A,Nord 1 | Nord 2,18,12,6,18.00,1477,1310,1643,85,9.93,-0.03
Mahmoud Alkamil,BBV Mannheim 1 | BBV Mannheim 2,Bezirksliga,Nord 1,24,8,16,24.00,1476,1334,1617,72,9.78,-0.03
Bernhard Back,PBC Offenburg 3 | PBC Offenburg 4 | PBC Offenburg 5,Bezirksliga | Landesliga,Süd 1 | West | West 1,21,9,12,21.00,1475,1326,1624,76,9.85,-0.04
Christoph Devine,PBC Pfedelbach 1 | PBC Pfedelbach 2,Bezirksliga,Nord 2,30,11,19,30.00,1475,1349,1601,64,12.80,-0.04
Luciano Galman,BSC Göppingen 3,Bezirksliga,Ost 1,15,3,12,15.00,1475,1297,1652,91,5.75,-0.04
Max Miedzianowski,BC Stuttgart 1891 7,Kreisliga A,Ost 1,2,2,0,2.00,1475,1075,1875,204,1.09,-0.04
Silke Brand,BC Stuttgart 1891 3 | BC Stuttgart 1891 4,Bezirksliga | Einzel | Kreisliga A,Bezirksmeisterschaften 10er Ball Ladies Nord Mitte West | Bezirksmeisterschaften 14.1e Ladies NM | Bezirksmeisterschaften 14.1e Ladies Nord Mitte West | Bezirksmeisterschaften 8er Ball Ladies Nord-Mitte-West | Bezirksmeisterschaften 9er Ball Ladies Nord-Mitte-West | Landesmeisterschaft 10er Ball Ladies | Landesmeisterschaft 14.1e Ladies | Landesmeisterschaft 8er Ball Ladies | Landesmeisterschaft 9er Ball Ladies | Landesmeisterschaft 9er Ball Ladies 1 | Mitte 1 | Mitte 2 | Ost 2,86,50,36,86.00,1475,1398,1552,39,48.42,-0.03
Dominik Krenzer,BULL Leonberg-Höfingen 2 | PP Böblingen 1 | PP Böblingen 2,Bezirksliga | Kreisliga A | Landesliga,Mitte | Mitte 1 | Mitte 2 | West 2,71,30,41,71.00,1474,1391,1556,42,32.62,-0.04
Lutz Iserhardt,BF Weinheim-Viernheim 3 | BF Weinheim-Viernheim 4 | PBC Fr. Lampertheim 1 | PBC Fr. Lampertheim 2,Bezirksliga | Einzel | Kreisliga A | Landesliga,Bezirksmeisterschaften 14.1e Senioren Nord | Bezirksmeisterschaften 9er Ball Senioren 55+ Nord | Kreismeisterschaften 14.1e Senioren Nord | Kreismeisterschaften 14/1e Senioren 55+ Nord | Kreismeisterschaften 8-Ball Herren Nord | Kreismeisterschaften 8-Ball Senioren 55+ Nord | Kreismeisterschaften 8-Ball Senioren Nord | Kreismeisterschaften 9-Ball Senioren Nord | Nord | Nord 1 | Nord 2 | Nord 3,115,51,64,115.00,1474,1408,1540,34,53.59,-0.03
Nikola Kremer,Poolsharks Bruchsal 1,Bezirksliga,Nord 2,2,1,1,2.00,1474,1080,1867,201,0.97,-0.04
Abdul Mecit Kul,BC Blaustein 1,Kreisliga A,Ost 2,12,5,7,12.00,1473,1279,1667,99,6.04,-0.04
Carlo Frasch,PP Böblingen 2 | PP Böblingen 3,Bezirksliga | Einzel | Kreisliga A,Kreismeisterschaften 14.1e Herren Mitte | Kreismeisterschaften 14/1e Herren Mitte | Kreismeisterschaften 8-Ball Herren Mitte | Mitte 2 | Mitte 3,43,13,30,43.00,1473,1366,1581,55,18.28,-0.04
Chuhan Jiao,BC Feuersee 1 | BC Feuersee 4 | BC Feuersee 5,Kreisliga A | Landesliga,Mitte | Mitte 2 | Mitte 3,40,14,26,40.00,1473,1360,1587,58,16.53,-0.04
David Nguyen,PBC Rastatt 3,Kreisliga A,West 1,1,0,1,1.00,1473,987,1958,248,0.41,-0.04
Matthias Raible,TV Cannstatt 2 | TV Cannstatt 4,Kreisliga A,Mitte 1 | Mitte 2,16,8,8,16.00,1473,1303,1642,86,8.67,-0.04
Sascha Baltschukat,CC Karlsruhe 4 | CC Karlsruhe 5,Kreisliga A,Nord 1 | Nord 2,20,12,8,20.00,1473,1319,1627,79,11.23,-0.04
Cornelius Ryan,PBC Reutlingen 2 | Tübinger BC 1 | Tübinger BC 3,Bezirksliga | Kreisliga A | Landesliga,Ost 1 | West,76,33,43,76.00,1472,1392,1552,41,36.39,-0.04
Mark Pfaffenrodt,BV Villingen-Schwenningen 2,Bezirksliga | Einzel,LJM 2023 m-u15/17 10-Ball | LJM 2023 m-u15/17 8-Ball | LJM 2023 m-u15/17 9-Ball | Landesjugendmeisterschaft 2026 10-Ball U22 v2 | Landesjugendmeisterschaft 2026 9-Ball U22 | Landesjugendmeisterschaft mU18 10 Ball | Landesjugendmeisterschaft mU18 14.1e | Landesjugendmeisterschaft mU18 8 Ball | Landesjugendmeisterschaft mU18 9 Ball | Landesjugendmeisterschaft u14-u22 10-Ball | Landesjugendmeisterschaft u14-u22 14/1e | Landesjugendmeisterschaft u14-u22 8-Ball | Landesjugendmeisterschaft u14-u22 9-Ball | West 1 | West 2,99,55,44,99.00,1472,1402,1542,36,52.02,-0.04
René Wieczorek,BC Dallau 3 | BC Neckarsulm 3 | PBV Schwetzingen 5 | PBV Schwetzingen 7,Bezirksliga | Einzel | Kreisliga A,Kreismeisterschaften 10-Ball Herren Nord | Kreismeisterschaften 14.1e Herren Nord | Kreismeisterschaften 8-Ball Herren Nord | Kreismeisterschaften 9-Ball Herren Nord | Nord 1 | Nord 2,86,44,42,86.00,1472,1396,1548,39,44.65,-0.04
Yilmaz Bulut,PBC Bietigheim-Bissingen 3,Einzel | Kreisliga A,Kreismeisterschaften 8-Ball Senioren Mitte | Mitte 2,7,4,3,7.00,1472,1214,1731,132,4.29,-0.04
Enrique Gonzales Vitores,PBV Schwetzingen 7,Kreisliga A,Nord 2,1,1,0,1.00,1471,975,1968,253,0.67,-0.04
Gerd Friedl,BSC Göppingen 3 | PBC Aalen 2,Bezirksliga | Einzel | Kreisliga A,Kreismeisterschaften 10-Ball Senioren Mitte | Mitte 1 | Mitte 2 | Ost 1,16,7,9,16.00,1471,1301,1642,87,7.92,-0.04
Janis Lenz,BBV Mannheim 3,Kreisliga A,Nord 1,10,8,2,10.00,1471,1258,1684,109,5.93,-0.04
Umut Akinci,PBC Bad Saulgau 2 | PBC Bad Saulgau 3,Bezirksliga | Kreisliga A,Ost 2,13,4,9,13.00,1471,1284,1657,95,5.55,-0.04
Yavuz Güleryüz,P&S Denzlingen 1 | P&S Denzlingen 2,Bezirksliga | Landesliga,West | West 1 | West 2,47,17,30,47.00,1471,1369,1572,52,20.71,-0.04
Andreas Decker,BV Pforzheim 3 | BV Pforzheim 4,Bezirksliga | Kreisliga A,Mitte 1 | Mitte 3,12,3,9,12.00,1470,1274,1665,100,4.88,-0.04
David Agonafer,PBC Bietigheim-Bissingen 2 | PBC Bietigheim-Bissingen 3 | PBC Bietigheim-Bissingen 4,Bezirksliga | Einzel | Kreisliga A,Kreismeisterschaften 8-Ball Herren Mitte | Mitte 1 | Mitte 2 | Mitte 3,73,35,38,73.00,1470,1388,1551,42,35.84,-0.04
Dimitrios Stotoglou,VFL Herrenberg 1,Bezirksliga | Einzel | Kreisliga A,Kreismeisterschaften 14.1e Herren Mitte | Kreismeisterschaften 8-Ball Herren Mitte | Kreismeisterschaften 9-Ball Herren Mitte | Mitte 1,53,27,26,53.00,1470,1372,1568,50,26.19,-0.04
Eugenio Sousa Blanco,Pool Knights Bensheim 3,Kreisliga A,Nord 1 | Nord 2,18,11,7,18.00,1470,1310,1630,82,9.72,-0.04
Thomas Munz,BC Neckarsulm 3,Kreisliga A,Nord 2,18,12,6,18.00,1470,1309,1631,82,9.91,-0.04
Wolfgang Stollberger,BC Dallau 2 | BC Dallau 3,Bezirksliga | Einzel | Kreisliga A,Kreismeisterschaften 8-Ball Senioren Nord | Nord 1 | Nord 2,45,21,24,45.00,1470,1366,1574,53,22.38,-0.04
Florian Bühler,Tübinger BC 1,Landesliga,Ost,4,0,4,4.00,1469,1134,1805,171,1.11,-0.04
Leonhard Klecker,BF Weinheim-Viernheim 2 | BF Weinheim-Viernheim 3,Bezirksliga | Einzel | Kreisliga A,Kreismeisterschaften 9-Ball Herren Nord | Nord 1 | Nord 2,35,18,17,35.00,1469,1351,1587,60,18.61,-0.04
Matthias Grgic,BC Sindelfingen 5 | BC Sindelfingen 6,Bezirksliga | Einzel | Kreisliga A,Kreismeisterschaften 10-Ball Herren Mitte | Kreismeisterschaften 14.1e Herren Mitte | Kreismeisterschaften 14/1e Herren Mitte | Kreismeisterschaften 8-Ball Herren Mitte | Kreismeisterschaften 9-Ball Herren Mitte | Mitte 2,110,29,81,110.00,1469,1401,1536,34,44.73,-0.04
Michael Faja,PBC Pfedelbach 1,Bezirksliga | Landesliga,Nord | Nord 2,36,5,31,36.00,1469,1351,1588,60,12.69,-0.04
Roman Holzhauser,PBC Sand 2,Bezirksliga,West 1,18,7,11,18.00,1469,1311,1627,81,8.81,-0.04
Bernd Messing,PBC Offenburg 3 | PBC Offenburg 4,Bezirksliga | Einzel | Landesliga,BM 9er Ball Herren West | Kreismeisterschaften 9-Ball Herren West | West | West 1,65,22,43,65.00,1468,1382,1555,44,27.63,-0.04
Bernd Umann,BC Feuersee 3,Kreisliga A,Mitte 1,12,4,8,12.00,1468,1273,1663,99,5.56,-0.05
Cuong Dao-Ngoc,BC Sindelfingen 7 | BC Sindelfingen 8,Einzel | Kreisliga A,Bezirksmeisterschaften 10er Ball Senioren 55+ Mitte | Bezirksmeisterschaften 14.1e Senioren 55+ Mitte | Bezirksmeisterschaften 8er Ball Senioren 55+Mitte | Bezirksmeisterschaften 9er Ball Senioren 55+ Mitte | Kreismeisterschaften 10-Ball Senioren 55+ Mitte | Kreismeisterschaften 10-Ball Senioren Mitte | Kreismeisterschaften 14/1e Senioren 55+ Mitte | Kreismeisterschaften 8-Ball Senioren 55+ Mitte | Kreismeisterschaften 8-Ball Senioren Mitte | Kreismeisterschaften 9-Ball Senioren 55+ Mitte | Kreismeisterschaften 9-Ball Senioren Mitte | Mitte 1 | Mitte 2,64,25,39,64.00,1468,1380,1556,45,29.03,-0.05
Cüneyt Öner,BC Sindelfingen 8,Kreisliga A,Mitte 3,2,0,2,2.00,1468,1035,1901,221,0.50,-0.05
Fabian Gruber,BC Dallau 2 | BC Dallau 3,Bezirksliga | Kreisliga A,Nord 1 | Nord 2,25,12,13,25.00,1468,1329,1606,71,11.47,-0.05
Ingo Mann,BC Sindelfingen 5 | BC Sindelfingen 8,Einzel | Kreisliga A,Bezirksmeisterschaften 8er Ball Senioren 55+Mitte | Kreismeisterschaften 8-Ball Senioren 55+ Mitte | Kreismeisterschaften 8-Ball Senioren Mitte | Kreismeisterschaften 9-Ball Senioren 55+ Mitte | Kreismeisterschaften 9-Ball Senioren Mitte | Mitte 1 | Mitte 3,67,35,32,67.00,1468,1383,1553,43,33.39,-0.04
Lennart Wedel,BSF Kurpfalz 2,Bezirksliga,Nord 2,28,4,24,28.00,1468,1333,1602,69,9.96,-0.05
Manuel Aschenbrenner,BC Bad Schussenried 3 | BC Bad Schussenried 5 | PBC Bad Saulgau 3,Bezirksliga | Einzel | Kreisliga A,Kreismeisterschaften 10-Ball Herren Ost | Ost 2 | Süd 3,54,23,31,54.00,1468,1373,1563,49,25.50,-0.04
Marvin Diedrich,PBC Sand 2,Bezirksliga,West 1,20,4,16,20.00,1468,1315,1620,78,8.54,-0.05
Nurcan Ezdi,PBC Schwäbisch Gmünd 1 | PBC Schwäbisch Gmünd 2,Bezirksliga | Einzel | Kreisliga A,Bezirksmeisterschaften 8er Ball Senioren 55+Mitte | Kreismeisterschaften 10-Ball Senioren Mitte | Kreismeisterschaften 8-Ball Herren Mitte | Kreismeisterschaften 8-Ball Senioren 55+ Mitte | Kreismeisterschaften 9-Ball Senioren 55+ Mitte | Mitte 1 | Mitte 2 | Mitte 3,69,25,44,69.00,1468,1383,1553,43,31.08,-0.04
Svetlana Hetjens,Pool Knights Bensheim 2,Bezirksliga | Einzel | Kreisliga A,Bezirksmeisterschaften 10er Ball Damen Nord | Bezirksmeisterschaften 14.1e Damen Nord | Bezirksmeisterschaften 8er Ball Damen Nord | Bezirksmeisterschaften 8er Ball Damen West | Bezirksmeisterschaften 9er Ball Damen Nord | Landesmeisterschaft 10er Ball Damen | Landesmeisterschaft 14.1e Damen | Landesmeisterschaft 8er Ball Damen | Landesmeisterschaft 9er Ball Damen | Nord 1 | Nord 3,122,46,76,122.00,1468,1404,1531,33,53.42,-0.04
Tobias Wähler,BV Pforzheim 2 | BV Pforzheim 3,Bezirksliga | Kreisliga A,Mitte 2 | Mitte 4,31,5,26,31.00,1468,1341,1595,65,11.94,-0.05
Ali El Ajouz,BC Dreiländereck 1 | BC Dreiländereck 2,Einzel | Landesliga,BM 10er Ball Herren West | BM 9er Ball Herren West | Bezirksmeisterschaften 10er Ball Senioren West | Bezirksmeisterschaften 8er Ball Senioren 45+West | Bezirksmeisterschaften 8er Ball Senioren West | Bezirksmeisterschaften 9er Ball Senioren 45+ West | Kreismeisterschaften 10-Ball Herren West | Kreismeisterschaften 8-Ball Herren West | Kreismeisterschaften 8-Ball Senioren West | Kreismeisterschaften 9-Ball Herren West | West,43,14,29,43.00,1467,1358,1576,56,16.04,-0.05
Gero Fähnle,BSV Filderstadt 5 | BSV Filderstadt 6 | PBC Reutlingen 2 | PBC Reutlingen 3,Bezirksliga | Kreisliga A,Ost 1,66,25,41,66.00,1467,1380,1554,44,30.27,-0.05
Norbert Scheinpflug,BSV Tiengen 3 | BSV Tiengen 4,Bezirksliga | Einzel,Kreismeisterschaften 8-Ball Senioren West | West 1 | West 2,47,21,26,47.00,1467,1367,1568,51,23.67,-0.05
Stefanie Brakopp,PBC Nagoldtal 1 | PBC Nagoldtal 2 | PBC Nagoldtal 3,Bezirksliga | Einzel | Kreisliga A,Bezirksmeisterschaften 10er Ball Damen Mitte-Ost | Bezirksmeisterschaften 14.1e Damen Mitte_Ost | Bezirksmeisterschaften 8er Ball Damen Mitte-Ost | Bezirksmeisterschaften 9er Ball Damen Mitte- Ost | Landesmeisterschaft 10er Ball Damen | Landesmeisterschaft 14.1e Damen | Landesmeisterschaft 8er Ball Damen | Landesmeisterschaft 9er Ball Damen | Mitte 1 | Mitte 2 | Mitte 4 | West 2,125,57,68,125.00,1467,1404,1530,32,59.95,-0.04
Wilmer Rivera Bruno,BC Stuttgart 1891 6,Kreisliga A,Ost 1,2,1,1,2.00,1467,1033,1901,221,1.38,-0.05
Catalin Damian,BC Feuersee 1 | BC Feuersee 3 | BC Feuersee 4,Einzel | Kreisliga A,Kreismeisterschaften 10-Ball Herren Mitte | Kreismeisterschaften 14/1e Herren Mitte | Kreismeisterschaften 8-Ball Herren Mitte | Kreismeisterschaften 9-Ball Herren Mitte | Mitte 1 | Ost 2,44,22,22,44.00,1466,1362,1570,53,22.50,-0.05
Mike Walter,JS Mingolsheim 2 | JS Mingolsheim 3,Bezirksliga | Einzel | Kreisliga A,Bezirksmeisterschaften 10er Ball Senioren 55+ Nord | Bezirksmeisterschaften 10er Ball Senioren Nord | Bezirksmeisterschaften 8er Ball Senioren Nord | Bezirksmeisterschaften 9er Ball Senioren 55+ Nord | Kreismeisterschaften 10-Ball Senioren Nord | Kreismeisterschaften 8-Ball Senioren 55+ Nord | Kreismeisterschaften 8-Ball Senioren Nord | Kreismeisterschaften 9-Ball Senioren Nord | Nord 1 | Nord 2,166,53,113,166.00,1466,1411,1520,28,69.76,-0.05
Thomas Krüger,BULL Leonberg-Höfingen 2 | BULL Leonberg-Höfingen 3,Bezirksliga | Einzel | Kreisliga A,Bezirksmeisterschaften 14.1e Herren Mitte | Kreismeisterschaften 10-Ball Herren Mitte | Kreismeisterschaften 14/1e Herren Mitte | Kreismeisterschaften 8-Ball Herren Mitte | Kreismeisterschaften 9-Ball Herren Mitte | Mitte 1 | Mitte 2 | Mitte 4 | Ost 1,109,46,63,109.00,1466,1399,1533,34,50.83,-0.05
Dennis Knoblauch,P&S Denzlingen 2 | P&S Denzlingen 4,Bezirksliga | Einzel,Bezirksmeisterschaften 10er Ball Herren West | Kreismeisterschaften 10-Ball Herren West | Süd 1 | West 1,38,21,17,38.00,1465,1352,1578,58,19.78,-0.05
Eckart Schmidt,BC Dätzingen 2 | BC Dätzingen 3,Bezirksliga | Kreisliga A,Mitte 1,7,2,5,7.00,1465,1218,1712,126,2.99,-0.05
Franjo Antunovic,BBC Plochingen 1 | BBC Plochingen 2,Bezirksliga | Kreisliga A | Landesliga,Ost | Ost 1,87,34,53,87.00,1465,1390,1541,38,39.60,-0.05
Kevin Fassa,BC Dallau 1,Bezirksliga,Nord 2,21,5,16,21.00,1465,1314,1616,77,7.87,-0.05
Stefan Avrancsev,BSC Göppingen 2,Bezirksliga | Einzel,Bezirksmeisterschaften 10er Ball Senioren Ost | Bezirksmeisterschaften 9er Ball Senioren Ost | Kreismeisterschaften 8-Ball Senioren Ost | Ost 1,58,28,30,58.00,1465,1374,1556,46,27.61,-0.05
Tobias Simmon,Pool Knights Bensheim 3,Kreisliga A,Nord 2,11,6,5,11.00,1465,1252,1678,109,6.97,-0.05
Christian Di Lella,BC Stuttgart 1891 3,Kreisliga A,Mitte 1,9,3,6,9.00,1464,1241,1687,114,4.19,-0.05
Dusan Livaja,PBC Ochsenhausen 3,Bezirksliga | Kreisliga A,Ost 2 | Süd 2,7,3,4,7.00,1464,1221,1708,124,3.50,-0.05
Arnd Bülow,BF Bruchsal 2 | BF Bruchsal 3 | BF Bruchsal 4,Bezirksliga | Kreisliga A,Nord 1 | Nord 2 | Nord 3,104,53,51,104.00,1463,1394,1532,35,53.15,-0.05
Daniel Naumann,BSC St. Georgen 1,Bezirksliga,West 1 | West 2,10,5,5,10.00,1463,1254,1672,107,4.99,-0.05
Harry Augustin,BC Aalen 4 | BC Aalen 5,Bezirksliga | Kreisliga A,Mitte 1 | Mitte 2 | Ost 2,53,16,37,53.00,1463,1367,1558,49,21.37,-0.05
Heiko Heinrich,BSV Filderstadt 6,Kreisliga A,Ost 1,4,2,2,4.00,1463,1154,1773,158,1.87,-0.05
Julian Wolf,BSC Göppingen 2,Kreisliga A,Ost 1,2,1,1,2.00,1463,1067,1859,202,1.05,-0.05
Ralf Hohlfeld,BC Feuersee 1 | BC Feuersee 2 | BC Feuersee 3 | BC Feuersee 4,Einzel | Kreisliga A,Kreismeisterschaften 10-Ball Senioren 55+ Mitte | Kreismeisterschaften 10-Ball Senioren Mitte | Kreismeisterschaften 14.1e Senioren Mitte | Kreismeisterschaften 8-Ball Senioren Mitte | Kreismeisterschaften 9-Ball Senioren 55+ Mitte | Kreismeisterschaften 9-Ball Senioren Mitte | Mitte 1 | Mitte 2 | Ost 2,75,33,42,75.00,1463,1383,1544,41,36.14,-0.05
Andrew Steinhauer,PBC Bad Saulgau 2 | PBC Bad Saulgau 3,Bezirksliga | Einzel | Kreisliga A,Kreismeisterschaften 10-Ball Herren Ost | Kreismeisterschaften 8-Ball Herren Ost | Kreismeisterschaften 9-Ball Herren Ost | Ost 2,66,14,52,66.00,1462,1374,1550,45,24.03,-0.05
Daniel Fahrner,PBC Freudenstadt 3,Einzel | Landesliga,Kreismeisterschaften 9-Ball Herren West | West,18,1,17,18.00,1462,1295,1629,85,6.12,-0.05
Dieter Ruck,BSF Kurpfalz 2 | BSF Kurpfalz 3,Bezirksliga | Einzel | Kreisliga A,Kreismeisterschaften 10-Ball Senioren Nord | Kreismeisterschaften 14.1e Senioren Nord | Kreismeisterschaften 8-Ball Senioren Nord | Kreismeisterschaften 9-Ball Senioren Nord | Nord 2 | Nord 3,137,56,81,137.00,1462,1402,1522,31,66.87,-0.05
Stefan Burmeister,PBC Nagoldtal 1 | PBC Nagoldtal 2,Bezirksliga | Kreisliga A,Mitte 1 | Mitte 2,6,1,5,6.00,1462,1201,1724,133,2.53,-0.05
Dandy Kohlhaw,PBC Fr. Lampertheim 1,Landesliga,Nord,8,1,7,8.00,1461,1219,1702,123,2.57,-0.06
Louise Wong,BC Feuersee 3 | BC Feuersee 4 | BV Leonberg 1,Bezirksliga | Einzel | Kreisliga A,BM 8er Ball Damen Ost - Mitte | Bezirksmeisterschaften 10er Ball Damen Mitte-Ost | Bezirksmeisterschaften 8er Ball Damen Mitte-Ost | Landesmeisterschaft 10er Ball Damen | Landesmeisterschaft 8er Ball Damen | Mitte 1 | Mitte 2 | Mitte 3 | Ost 1,78,35,43,78.00,1461,1381,1541,41,35.84,-0.05
Marcus Wolf,PBC Bräunlingen 2,Bezirksliga | Landesliga,West | West 1 | West 2,36,11,25,36.00,1461,1344,1577,59,15.22,-0.06
Dennis Dreissigacker,Pool Knights Bensheim 3,Kreisliga A,Nord 1 | Nord 2,58,38,20,58.00,1460,1369,1552,47,32.16,-0.05
Henrique Barbosa,BSV Pfullingen 3 | BSV Pfullingen 4,Bezirksliga | Kreisliga A,Ost 1,10,5,5,10.00,1460,1252,1667,106,5.58,-0.06
Jens Stintz,BSV Filderstadt 3 | BSV Filderstadt 4 | BSV Filderstadt 5 | BSV Filderstadt 6,Bezirksliga | Kreisliga A,Ost 1,70,25,45,70.00,1460,1376,1543,42,30.58,-0.06
Joshua Bartsch,PBC Aalen 1 | PBC Aalen 2,Bezirksliga | Einzel | Kreisliga A | Landesliga,Kreismeisterschaften 10-Ball Herren Mitte | Kreismeisterschaften 8-Ball Herren Mitte | Mitte | Mitte 1 | Ost 2,56,10,46,56.00,1460,1364,1557,49,20.04,-0.06
Alexander Mack,PBC Schwäbisch Hall 2,Bezirksliga,Mitte 1 | Nord 2,48,13,35,48.00,1459,1357,1561,52,18.13,-0.06
Andreas Merkle,BC Dreiländereck 1 | BC Dreiländereck 2,Bezirksliga | Einzel | Landesliga,BM 10er Ball Herren West (Offenburg) 2019-2020 | Kreismeisterschaften 9-Ball Herren West | West | West 1,41,10,31,41.00,1459,1346,1571,57,14.81,-0.06
Benedikt Meschenmoser,PBC Bad Saulgau 2 | PBC Bad Saulgau 3 | PBC Bad Saulgau 4,Bezirksliga | Einzel | Kreisliga A,Kreismeisterschaften 10-Ball Herren Ost | Kreismeisterschaften 9-Ball Herren Ost | Ost 2,44,18,26,44.00,1459,1352,1566,55,19.42,-0.06
Besim Rama,BC Neckarsulm 2 | BC Neckarsulm 3,Bezirksliga | Einzel | Kreisliga A | Landesliga,Bezirksmeisterschaften 8er Ball Herren Nord | Bezirksmeisterschaften 9er Ball Herren Nord | Kreismeisterschaften 10-Ball Herren Nord | Kreismeisterschaften 14/1e Herren Nord | Kreismeisterschaften 8-Ball Herren Nord | Kreismeisterschaften 9-Ball Herren Nord | Nord | Nord 2 | Nord 3,124,53,71,124.00,1459,1395,1522,32,55.35,-0.06
Ferdinand Widjaja,BC Sindelfingen 8,Kreisliga A,Mitte 1,26,12,14,26.00,1459,1325,1593,68,12.40,-0.06
Janina Benzinger,BC Sindelfingen 2,Landesliga,Mitte,13,0,13,13.00,1459,1258,1661,103,3.69,-0.06
Alexandros Satrazanis,BSC Göppingen 1,Bezirksliga,Ost 1,8,3,5,8.00,1458,1223,1693,120,3.43,-0.06
Anton Schubert,PBC Ochsenhausen 1 | PBC Ochsenhausen 2 | PBC Ochsenhausen 3,Bezirksliga | Einzel | Kreisliga A | Landesliga,BM 10er Ball Senioren Ost | BM 14/1 Einzel Senioren Ost | BM 8er Ball Senioren Ost | BM 9er Ball Senioren Ost | Bezirksmeisterschaften 10er Ball Senioren 55+ Ost | Bezirksmeisterschaften 14.1e Senioren 55+ Ost | Bezirksmeisterschaften 14.1e Senioren Ost | Bezirksmeisterschaften 8er Ball Senioren 55+Ost | Bezirksmeisterschaften 8er Ball Senioren Ost | Bezirksmeisterschaften 9er Ball Senioren 55+ Ost | Bezirksmeisterschaften 9er Ball Senioren Ost | Kreismeisterschaften 10-Ball Senioren Ost | Kreismeisterschaften 8-Ball Senioren 55+ Ost | Kreismeisterschaften 8-Ball Senioren Ost | Kreismeisterschaften 9-Ball Senioren Ost | Ost | Ost 2 | Süd 3,169,55,114,169.00,1458,1404,1513,28,73.16,-0.06
Dietmar Karoli,Tübinger BC 1 | Tübinger BC 2,Bezirksliga | Einzel | Kreisliga A,Bezirksmeisterschaften 8er Ball Senioren Ost | Kreismeisterschaften 8-Ball Herren Ost | Kreismeisterschaften 8-Ball Senioren Ost | Ost 1,38,15,23,38.00,1457,1344,1570,58,16.19,-0.06
Glen Corcoran,PBC Ochsenhausen 1 | PBC Ochsenhausen 3,Kreisliga A | Landesliga,Ost | Ost 2,14,4,10,14.00,1457,1275,1639,93,5.85,-0.06
Ivan Franz,CC Karlsruhe 2 | CC Karlsruhe 3,Bezirksliga,Nord 1,5,2,3,5.00,1457,1171,1743,146,2.49,-0.06
Luis Varon Marques,TV Cannstatt 1 | TV Cannstatt 3 | TV Cannstatt 4,Bezirksliga | Einzel | Kreisliga A,Bezirksmeisterschaften 10er Ball Senioren 45+ Mitte | Bezirksmeisterschaften 10er Ball Senioren Mitte | Bezirksmeisterschaften 9er Ball Senioren 45+ Mitte | Bezirksmeisterschaften 9er Ball Senioren Mitte | Kreismeisterschaften 10-Ball Senioren Mitte | Kreismeisterschaften 8-Ball Senioren Mitte | Kreismeisterschaften 9-Ball Senioren 45+ Mitte | Kreismeisterschaften 9-Ball Senioren Mitte | Mitte 1 | Mitte 2 | Mitte 3,125,45,80,125.00,1457,1393,1522,33,50.37,-0.06
Manuel Thamm,BV Pforzheim 2,Bezirksliga,Mitte 2,18,2,16,18.00,1457,1293,1621,83,6.73,-0.06
Petar Popov,BC Feuersee 3 | BC Stuttgart 1891 5,Kreisliga A,Mitte 1 | Mitte 2 | Ost 2,27,14,13,27.00,1457,1325,1590,67,13.90,-0.06
Rudi Fölker,PBC Bad Saulgau 2 | PBC Bad Saulgau 3,Bezirksliga | Kreisliga A,Ost 2 | Süd 2,50,18,32,50.00,1457,1358,1556,51,21.68,-0.06
Ulrich Märkle,Tübinger BC 2,Kreisliga A,Ost 1,21,10,11,21.00,1457,1306,1607,77,11.35,-0.06
Denis Maric,BC Sindelfingen 5 | BC Sindelfingen 6,Bezirksliga | Einzel | Kreisliga A,Kreismeisterschaften 8-Ball Herren Mitte | Mitte 1 | Mitte 2,76,21,55,76.00,1456,1374,1538,42,30.19,-0.06
Elias Marx,BC Feuersee 3 | BULL Leonberg-Höfingen 2,Einzel | Kreisliga A,Landesjugendmeisterschaft 2026 10-Ball U18 | Landesjugendmeisterschaft 2026 14/1e U18 | Landesjugendmeisterschaft 2026 8-Ball U18 | Landesjugendmeisterschaft 2026 9-Ball U18 | Landesjugendmeisterschaft mU18 10 Ball | Landesjugendmeisterschaft mU18 14.1e | Landesjugendmeisterschaft mU18 8 Ball | Landesjugendmeisterschaft mU18 9 Ball | Mitte 1 | Mitte 3,64,35,29,64.00,1456,1369,1544,45,34.31,-0.06
Nikolaos Seristatidis,PP Böblingen 2 | Tübinger BC 1 | Tübinger BC 2,Bezirksliga | Einzel | Kreisliga A,BM 10er Ball Herren Ost | BM 8er Ball Herren Ost | BM 9er Ball Herren Ost | Kreismeisterschaften 10-Ball Herren Mitte | Kreismeisterschaften 10-Ball Herren Ost | Kreismeisterschaften 14.1e Herren Mitte | Kreismeisterschaften 14.1e Herren Ost | Kreismeisterschaften 14/1e Herren Mitte | Kreismeisterschaften 8-Ball Herren Mitte | Kreismeisterschaften 8-Ball Herren Ost | Kreismeisterschaften 9-Ball Herren Mitte | Kreismeisterschaften 9-Ball Herren Ost | Mitte 1 | Mitte 2 | Ost 1,141,45,96,141.00,1456,1396,1516,31,59.70,-0.06
Ralf Herdtfelder,BC Neckarsulm 2 | BC Neckarsulm 3,Bezirksliga | Kreisliga A,Nord 2,16,9,7,16.00,1456,1282,1630,89,8.02,-0.06
Eckart Grabe,BSV Filderstadt 3 | BSV Filderstadt 4 | BSV Filderstadt 5 | BSV Filderstadt 6,Kreisliga A | Landesliga,Ost | Ost 1,76,20,56,76.00,1455,1374,1535,41,31.40,-0.06
Florian Krieg,BC Sindelfingen 7,Einzel | Kreisliga A,Kreismeisterschaften 14.1e Herren Mitte | Mitte 2,22,12,10,22.00,1455,1306,1603,76,11.04,-0.06
Mauro Di Gennaro,JS Mingolsheim 3 | JS Mingolsheim 4,Kreisliga A,Nord 1 | Nord 2,11,7,4,11.00,1455,1249,1661,105,6.57,-0.06
Michael Martini,BSV Pfullingen 3,Bezirksliga,Ost 1,2,1,1,2.00,1455,1060,1849,201,0.98,-0.06
Nicholas Hoeldtke,BC Stuttgart 1891 7,Kreisliga A,Ost 1,2,1,1,2.00,1455,1054,1857,205,1.14,-0.06
Sebastian Calinescu,BF Weinheim-Viernheim 1 | BF Weinheim-Viernheim 2 | BF Weinheim-Viernheim 3,Bezirksliga | Einzel | Kreisliga A,Kreismeisterschaften 10-Ball Senioren Nord | Kreismeisterschaften 8-Ball Senioren Nord | Kreismeisterschaften 9-Ball Senioren Nord | Nord 1 | Nord 2,56,23,33,56.00,1455,1361,1549,48,24.74,-0.06
Stefan Scherer,CC Karlsruhe 2 | CC Karlsruhe 3 | CC Karlsruhe 5,Bezirksliga | Kreisliga A | Landesliga,Nord | Nord 1 | Nord 2 | Nord 3,52,14,38,52.00,1455,1356,1554,51,20.22,-0.06
Marco Paletta,P&S Denzlingen 2 | P&S Denzlingen 3,Bezirksliga | Landesliga,West | West 2,10,2,8,10.00,1454,1241,1667,109,3.66,-0.07
Markus Geppert,BC Dallau 2 | BC Dallau 3,Bezirksliga | Kreisliga A,Nord 1 | Nord 2,50,17,33,50.00,1454,1354,1553,51,22.53,-0.07
Michael Schreiber,BC Dreiländereck 2,Einzel | Landesliga,BM 10er Ball Herren West | Kreismeisterschaften 10-Ball Herren West | Kreismeisterschaften 8-Ball Herren West | Kreismeisterschaften 9-Ball Herren West | West,17,3,14,17.00,1454,1283,1625,87,5.87,-0.07
Sandra Höll,VFL Herrenberg 1,Bezirksliga | Einzel | Kreisliga A,Bezirksmeisterschaften 10er Ball Damen Mitte-Ost | Bezirksmeisterschaften 14.1e Damen Mitte_Ost | Bezirksmeisterschaften 8er Ball Damen Mitte-Ost | Bezirksmeisterschaften 9er Ball Damen Mitte- Ost | Landesmeisterschaft 10er Ball Damen | Landesmeisterschaft 14.1e Damen | Landesmeisterschaft 8er Ball Damen | Landesmeisterschaft 9er Ball Damen | Mitte 1,98,40,58,98.00,1454,1383,1524,36,44.57,-0.06
Thomas Kammerer,Mannheimer BF 2 | Mannheimer BF 3,Kreisliga A,Nord 1,16,9,7,16.00,1454,1285,1622,86,8.72,-0.07
Axel Eberle,PBDC Kämpfelbach 1 | Poolsharks Bruchsal 1,Bezirksliga | Einzel | Kreisliga A | Landesliga,Bezirksmeisterschaften 10er Ball Senioren 55+ Nord | Bezirksmeisterschaften 10er Ball Senioren Nord | Bezirksmeisterschaften 8er Ball Senioren Nord | Kreismeisterschaften 10-Ball Senioren Nord | Kreismeisterschaften 8-Ball Senioren 55+ Nord | Kreismeisterschaften 8-Ball Senioren Nord | Nord | Nord 1 | Nord 2,139,44,95,139.00,1453,1392,1513,31,57.74,-0.06
Daniel Doulgeris,BULL Leonberg-Höfingen 2,Einzel | Kreisliga A,Kreismeisterschaften 10-Ball Herren Mitte | Kreismeisterschaften 9-Ball Herren Mitte | Mitte 1 | Mitte 4,27,11,16,27.00,1453,1318,1588,69,13.50,-0.07
Jürgen Reisner,PBC Aalen 1 | PBC Aalen 2,Bezirksliga | Einzel | Kreisliga A | Landesliga,Kreismeisterschaften 10-Ball Herren Mitte | Mitte | Mitte 1 | Mitte 3 | Ost 2,50,22,28,50.00,1453,1355,1551,50,22.31,-0.07
Paul Ehrlich,Pool Knights Bensheim 4,Kreisliga A,Nord 3,3,2,1,3.00,1453,1101,1806,180,1.80,-0.07
Stephan Kathari,CC Karlsruhe 5,Kreisliga A,Nord 2,2,1,1,2.00,1453,1043,1862,209,1.14,-0.07
Yao Wang,BC Feuersee 3 | BC Feuersee 4 | BC Feuersee 5 | BC Stuttgart 1891 5,Kreisliga A,Mitte 2 | Mitte 3 | Ost 2,55,25,30,55.00,1453,1359,1547,48,26.15,-0.07
Alper Körpe,BF Bronnen 1 | PBC Ochsenhausen 2,Einzel | Kreisliga A,Bezirksmeisterschaften 8er Ball Herren Ost | Kreismeisterschaften 10-Ball Herren Ost | Kreismeisterschaften 8-Ball Herren Ost | Ost 1 | Ost 2,70,29,41,70.00,1452,1369,1535,43,32.85,-0.07
Dietmar Lauer,PBC Bietigheim-Bissingen 1 | PBC Bietigheim-Bissingen 2 | PBC Bietigheim-Bissingen 4,Bezirksliga | Einzel | Kreisliga A | Landesliga,Kreismeisterschaften 8-Ball Senioren Mitte | Mitte | Mitte 1 | Mitte 2 | Mitte 3 | Ost 2,91,31,60,91.00,1452,1378,1526,38,38.78,-0.07
Melanie Henschel,PBC Offenburg 3 | PBC Offenburg 4 | PBC Offenburg 6,Bezirksliga | Einzel | Landesliga,BM 10er Ball Damen West und Nord | BM 8er Ball Damen West | BM 9er Ball Damen Nord- West | Bezirksmeisterschaften 8er Ball Damen West | Landesmeisterschaft 10er Ball Damen | Landesmeisterschaft 8er Ball Damen | Landesmeisterschaft 9er Ball Damen | West | West 1,110,41,69,110.00,1452,1385,1520,34,48.46,-0.07
Michael Flaig,BSF Kurpfalz 2 | BSF Kurpfalz 3,Bezirksliga | Kreisliga A,Nord 2 | Nord 3,112,53,59,112.00,1452,1386,1518,34,53.33,-0.07
Muho Dizdarevic,BULL Leonberg-Höfingen 3,Kreisliga A,Ost 2,2,1,1,2.00,1452,1049,1855,206,1.00,-0.07
Norbert Hell,BSV Filderstadt 5 | BSV Filderstadt 6 | PBC Reutlingen 2 | PBC Reutlingen 3,Kreisliga A,Ost 1,39,17,22,39.00,1452,1339,1565,58,18.85,-0.07
Sezer Soydinc,PBC Aalen 1 | PBC Aalen 2,Kreisliga A | Landesliga,Mitte | Mitte 2,56,11,45,56.00,1452,1354,1550,50,19.77,-0.07
Thomas Stöckel,PBC Offenburg 2 | PBC Offenburg 4,Bezirksliga | Landesliga,Süd 1 | West,28,9,19,28.00,1452,1321,1584,67,11.66,-0.07
Wolfgang Engelhardt,PBV Schwetzingen 5 | PBV Schwetzingen 9,Kreisliga A,Nord 1 | Nord 2,35,17,18,35.00,1452,1336,1568,59,17.25,-0.07
Dejvid Skender,BC Weingarten 2,Bezirksliga | Kreisliga A,Ost 2 | Süd 2,42,24,18,42.00,1451,1346,1557,54,20.86,-0.07
Dieter Braun,BC Feuersee 1 | BC Feuersee 2,Kreisliga A,Mitte 1 | Mitte 2,12,5,7,12.00,1451,1251,1651,102,5.60,-0.07
Kevin Minardi,PBC Reutlingen 2 | Tübinger BC 3,Einzel | Kreisliga A | Landesliga,Kreismeisterschaften 10-Ball Herren Ost | Kreismeisterschaften 8-Ball Herren Ost | Landesjugendmeisterschaft 2026 10-Ball U22 v2 | Landesjugendmeisterschaft 2026 9-Ball U22 | Ost 1 | West,38,14,24,38.00,1451,1337,1565,58,17.15,-0.07
Matthias Stolz,BC Feuersee 5 | BSV Shooters Fellbach 2 | TV Cannstatt 2 | TV Cannstatt 3 | TV Cannstatt 5,Bezirksliga | Einzel | Kreisliga A,Kreismeisterschaften 10-Ball Herren Mitte | Kreismeisterschaften 8-Ball Herren Mitte | Kreismeisterschaften 9-Ball Herren Mitte | Mitte 1 | Mitte 2 | Mitte 3 | Ost 1,52,25,27,52.00,1451,1353,1549,50,23.08,-0.07
Philip Gamerdinger,BC Aalen 4,Bezirksliga | Einzel | Kreisliga A,Kreismeisterschaften 8-Ball Herren Mitte | Kreismeisterschaften 9-Ball Herren Mitte | Mitte 2 | Mitte 3 | Ost 2,49,16,33,49.00,1451,1350,1552,51,19.80,-0.07
Roland Scheinpflug,BSV Tiengen 3,Bezirksliga,West 2,28,10,18,28.00,1451,1322,1581,66,12.64,-0.07
Carlo Hartmann,BSG Albstadt 1,Bezirksliga | Einzel,Kreismeisterschaften 10-Ball Senioren West | Kreismeisterschaften 8-Ball Senioren West | Kreismeisterschaften 9-Ball Senioren West | West 1 | West 2,56,21,35,56.00,1450,1357,1542,47,25.32,-0.07
Jörg Wolf,BC Dreiländereck 2 | PBC Offenburg 3 | PBC Offenburg 4 | PBC Offenburg 6,Bezirksliga | Einzel | Landesliga,BM 10er Ball Herren West | BM 14/1 Einzel Herren West | BM 8er Ball Herren West | BM 9er Ball Herren West | Bezirksmeisterschaften 10er Ball Herren West | Bezirksmeisterschaften 10er Ball Senioren 55+ West | Bezirksmeisterschaften 14.1e Herren West | Bezirksmeisterschaften 14.1e Senioren 55+ West | Bezirksmeisterschaften 8er Ball Herren West | Bezirksmeisterschaften 8er Ball Senioren 55+West | Bezirksmeisterschaften 9er Ball Senioren 55+ West | Kreismeisterschaften 10-Ball Herren West | Kreismeisterschaften 14.1e Herren West | Kreismeisterschaften 8-Ball Herren West | Kreismeisterschaften 9-Ball Herren West | Landesmeisterschaft 10er Ball Senioren 55+ | Landesmeisterschaft 9er Ball Senioren 55+ | Süd 1 | West | West 1,140,36,104,140.00,1450,1389,1511,31,53.21,-0.07
Petar Krolo,BC Sindelfingen 5,Bezirksliga | Einzel,Kreismeisterschaften 10-Ball Herren Mitte | West 1,6,3,3,6.00,1450,1175,1726,141,2.03,-0.07
Markus Wiedermann,BV Pforzheim 4,Kreisliga A,Mitte 3,16,7,9,16.00,1449,1276,1622,88,7.59,-0.07
Michael Triffo,JS Mingolsheim 2 | JS Mingolsheim 3,Bezirksliga | Einzel | Kreisliga A,Bezirksmeisterschaften 8er Ball Senioren Nord | Kreismeisterschaften 10-Ball Senioren Nord | Kreismeisterschaften 8-Ball Senioren Nord | Kreismeisterschaften 9-Ball Senioren Nord | Nord 1 | Nord 2,28,9,19,28.00,1449,1316,1583,68,10.88,-0.07
Rainer Braun,BSV Tiengen 3 | BSV Tiengen 4,Bezirksliga | Einzel,BM 8er Ball Senioren West | Kreismeisterschaften 10-Ball Senioren West | Kreismeisterschaften 8-Ball Senioren West | West 1 | West 2,92,33,59,92.00,1449,1376,1522,37,41.32,-0.07
Zan Bong Yuen,BBV Mannheim 2,Bezirksliga | Einzel,Kreismeisterschaften 10-Ball Herren Nord | Kreismeisterschaften 9-Ball Herren Nord | Nord 1 | Nord 2,24,12,12,24.00,1449,1304,1594,74,11.61,-0.07
Christian Casagrande,BC Feuersee 4 | BSV Shooters Fellbach 1 | TV Cannstatt 3,Bezirksliga | Einzel | Kreisliga A,Kreismeisterschaften 8-Ball Herren Mitte | Mitte 2 | Mitte 3 | Ost 2,37,18,19,37.00,1448,1334,1561,58,18.00,-0.07
Dirk Schäfauer,BC Dallau 2 | BC Neckarsulm 2 | BC Neckarsulm 3,Bezirksliga | Einzel | Kreisliga A,BM 9er Ball Herren Nord | Bezirksmeisterschaften 10er Ball Senioren 45+ Nord | Kreismeisterschaften 10-Ball Herren Nord | Kreismeisterschaften 10-Ball Senioren Nord | Kreismeisterschaften 14.1e Senioren Nord | Kreismeisterschaften 8-Ball Herren Nord | Kreismeisterschaften 8-Ball Senioren Nord | Kreismeisterschaften 9-Ball Herren Nord | Nord 1 | Nord 2,133,43,90,133.00,1448,1386,1511,32,57.55,-0.07
Felix Gloge,PBC Bruchsal 3,Bezirksliga,Nord 1,2,0,2,2.00,1448,1047,1849,205,0.93,-0.07
Georg Wiesehügel,PBC Bruchsal 4,Kreisliga A,Nord 1 | Nord 3,11,6,5,11.00,1448,1248,1648,102,5.44,-0.07
Kagan Güler,BBV Mannheim 3,Kreisliga A,Nord 1,1,0,1,1.00,1448,964,1933,247,0.53,-0.07
Karl-Heinz Krause,PBC Offenburg 3 | PBC Offenburg 5,Bezirksliga | Einzel | Landesliga,BM 10er Ball Herren West (Offenburg) 2019-2020 | BM 8er Ball Senioren West | BM 9er Ball Senioren West | Kreismeisterschaften 8-Ball Senioren West | Kreismeisterschaften 9-Ball Senioren West | West | West 1,82,25,57,82.00,1448,1371,1526,40,33.23,-0.07
Rudolf Weiß,PBC Bad Saulgau 2 | PBC Bad Saulgau 4,Bezirksliga | Kreisliga A,Ost 2,60,26,34,60.00,1448,1358,1537,46,26.41,-0.07
Steven Ascione,BC Dallau 1 | BC Dallau 2 | BC Dallau 3,Bezirksliga | Kreisliga A,Nord 1 | Nord 2,45,23,22,45.00,1448,1344,1551,53,22.39,-0.07
Dario Borkovic,PBC Rastatt 2 | PBC Rastatt 3,Bezirksliga | Kreisliga A,Mitte 2 | West 1,23,11,12,23.00,1447,1302,1592,74,11.77,-0.07
Attila Remete,PBV Rottweil 2,Bezirksliga,West 2,16,5,11,16.00,1446,1278,1614,86,7.86,-0.08
Martin Heinrich,PBV Schwetzingen 4 | PBV Schwetzingen 5 | PBV Schwetzingen 6 | PBV Schwetzingen 7 | PBV Schwetzingen 8,Bezirksliga | Einzel | Kreisliga A | Landesliga,Kreismeisterschaften 10-Ball Senioren Nord | Kreismeisterschaften 8-Ball Senioren 55+ Nord | Nord | Nord 1 | Nord 2 | Nord 3,81,28,53,81.00,1446,1366,1525,40,33.09,-0.08
Volker Vögele,BSF Kurpfalz 2 | BSF Kurpfalz 3,Bezirksliga | Kreisliga A,Nord 2 | Nord 3,77,37,40,77.00,1446,1365,1526,41,38.29,-0.08
Alen Mulaosmanovic,PBC Offenburg 3 | PBC Offenburg 4 | PBC Offenburg 5,Bezirksliga | Einzel | Landesliga,Bezirksmeisterschaften 10er Ball Herren West | Bezirksmeisterschaften 8er Ball Herren West | Kreismeisterschaften 10-Ball Herren West | Kreismeisterschaften 14.1e Herren West | Kreismeisterschaften 8-Ball Herren West | West | West 1,52,17,35,52.00,1445,1347,1542,50,21.45,-0.08
Andre Schwenzfeier,BSV Pfullingen 2 | BSV Pfullingen 3 | BSV Pfullingen 4,Bezirksliga | Kreisliga A,Ost 1,104,36,68,104.00,1445,1377,1514,35,45.61,-0.08
Jürgen Benninger,BF Weinheim-Viernheim 1 | BF Weinheim-Viernheim 2 | BF Weinheim-Viernheim 3,Bezirksliga | Einzel | Kreisliga A,BM 14/1 Einzel Senioren Nord | Kreismeisterschaften 10-Ball Senioren Nord | Kreismeisterschaften 14.1e Senioren Nord | Kreismeisterschaften 9-Ball Senioren Nord | Nord 1 | Nord 2,40,16,24,40.00,1445,1334,1556,57,17.62,-0.08
Marcel Haab,BC Dätzingen 1 | BC Dätzingen 2 | BC Dätzingen 3,Bezirksliga | Einzel | Kreisliga A | Landesliga,Kreismeisterschaften 8-Ball Herren Mitte | Mitte | Mitte 1 | Mitte 2 | Mitte 3 | West 2,81,33,48,81.00,1445,1367,1523,40,35.49,-0.08
Thomas Mooshammer,PP Böblingen 1 | PP Böblingen 2,Bezirksliga | Einzel | Kreisliga A | Landesliga,Bezirksmeisterschaften 10er Ball Senioren Mitte | Bezirksmeisterschaften 14.1e Senioren Mitte | Bezirksmeisterschaften 8er Ball Senioren 45+Mitte | Bezirksmeisterschaften 9er Ball Senioren 45+ Mitte | Bezirksmeisterschaften 9er Ball Senioren Mitte | Kreismeisterschaften 10-Ball Senioren Mitte | Kreismeisterschaften 14.1e Senioren Mitte | Kreismeisterschaften 8-Ball Senioren 45+ Mitte | Kreismeisterschaften 8-Ball Senioren Mitte | Kreismeisterschaften 9-Ball Senioren 45+ Mitte | Kreismeisterschaften 9-Ball Senioren Mitte | Mitte | Mitte 1 | Mitte 2 | West 2,134,25,109,134.00,1445,1383,1507,32,50.59,-0.08
Xenia Völker,BF Bruchsal 2 | BF Bruchsal 3,Bezirksliga | Kreisliga A,Nord 1 | Nord 2 | Nord 3,81,34,47,81.00,1445,1367,1523,40,37.76,-0.08
Frederik Binder,BSV Filderstadt 3 | BSV Filderstadt 4 | BSV Filderstadt 5 | BSV Filderstadt 6,Bezirksliga | Kreisliga A,Ost 1,67,23,44,67.00,1444,1358,1529,44,28.87,-0.08
Max Schmidtke,BSC Göppingen 3,Bezirksliga,Ost 1,5,0,5,5.00,1444,1147,1742,152,1.64,-0.08
Senol Sengün,BBV Mannheim 2 | BBV Mannheim 3,Bezirksliga | Einzel | Kreisliga A,Bezirksmeisterschaften 9er Ball Senioren Nord | Kreismeisterschaften 10-Ball Senioren Nord | Kreismeisterschaften 14.1e Senioren Nord | Kreismeisterschaften 9-Ball Senioren Nord | Nord 1 | Nord 2,112,43,69,112.00,1444,1377,1511,34,50.44,-0.08
Ali Tinoush,PBV Schwetzingen 5 | PBV Schwetzingen 6 | PBV Schwetzingen 7,Bezirksliga | Einzel | Kreisliga A,BM 10er Ball Senioren Nord | BM 14/1 Einzel Senioren Nord | Bezirksmeisterschaften 10er Ball Senioren 55+ Nord | Bezirksmeisterschaften 10er Ball Senioren Nord | Bezirksmeisterschaften 14.1e Senioren 55+ Nord | Bezirksmeisterschaften 14.1e Senioren Nord | Bezirksmeisterschaften 9er Ball Senioren 55+ Nord | Bezirksmeisterschaften 9er Ball Senioren Nord | Kreismeisterschaften 10-Ball Senioren Nord | Kreismeisterschaften 14.1e Senioren Nord | Kreismeisterschaften 14/1e Senioren 55+ Nord | Kreismeisterschaften 8-Ball Senioren Nord | Kreismeisterschaften 9-Ball Senioren Nord | Nord 1 | Nord 2 | Nord 3,127,38,89,127.00,1443,1379,1507,32,50.46,-0.08
Bernd Mahnke,JS Mingolsheim 2 | JS Mingolsheim 3 | PBV Schwetzingen 6,Bezirksliga | Einzel | Kreisliga A,BM 14/1 Einzel Herren Nord | Kreismeisterschaften 10-Ball Herren Nord | Kreismeisterschaften 14.1e Herren Nord | Kreismeisterschaften 8-Ball Herren Nord | Kreismeisterschaften 9-Ball Herren Nord | Nord 1 | Nord 2,76,31,45,76.00,1443,1362,1524,41,33.50,-0.08
Dirk Dufner,P&S Denzlingen 3,Bezirksliga | Landesliga,West | West 1,20,4,16,20.00,1443,1285,1602,81,7.60,-0.08
Kevin Horvath,PBC Ochsenhausen 4,Bezirksliga,Süd 2,2,1,1,2.00,1443,1047,1838,202,0.94,-0.08
Marius Witt,PBC Bruchsal 2 | PBC Bruchsal 3,Bezirksliga | Einzel | Kreisliga A,LJM 2023 m-u15/17 10-Ball | LJM 2023 m-u15/17 8-Ball | LJM 2023 m-u15/17 9-Ball | Landesjugendmeisterschaft mU18 10 Ball | Landesjugendmeisterschaft mU18 14.1e | Landesjugendmeisterschaft mU18 8 Ball | Landesjugendmeisterschaft mU18 9 Ball | Landesjugendmeisterschaft u14-u22 10-Ball | Landesjugendmeisterschaft u14-u22 14/1e | Landesjugendmeisterschaft u14-u22 8-Ball | Landesjugendmeisterschaft u14-u22 9-Ball | Nord 1 | Nord 2,111,54,57,111.00,1443,1377,1510,34,55.07,-0.08
Steffen Hoffmann,BF Bruchsal 2 | BF Bruchsal 3,Bezirksliga | Einzel | Kreisliga A,Kreismeisterschaften 10-Ball Herren Nord | Kreismeisterschaften 8-Ball Herren Nord | Nord 1 | Nord 2 | Nord 3,101,48,53,101.00,1443,1372,1513,36,49.31,-0.08
Adeeb Bitar,BC Sindelfingen 8,Einzel | Kreisliga A,Kreismeisterschaften 9-Ball Herren Mitte | Mitte 1,39,16,23,39.00,1442,1331,1554,57,18.32,-0.08
Giuseppe Cortese,Mannheimer BF 2 | Mannheimer BF 3 | Mannheimer BF 4,Bezirksliga | Kreisliga A,Nord 1 | Nord 2 | Nord 3,46,17,29,46.00,1442,1339,1545,52,21.00,-0.08
Hans Müller,BC Aalen 4,Bezirksliga,Ost 2,2,0,2,2.00,1442,1042,1842,204,0.83,-0.08
Jochen Föhner,BF Bruchsal 2 | BF Bruchsal 3 | BF Bruchsal 4,Bezirksliga | Kreisliga A,Nord 1 | Nord 2 | Nord 3,89,43,46,89.00,1442,1368,1517,38,43.32,-0.08
Timm Ganske,CC Karlsruhe 2 | CC Karlsruhe 3 | CC Karlsruhe 4,Bezirksliga | Einzel | Kreisliga A,Bezirksmeisterschaften 9er Ball Herren Nord | Kreismeisterschaften 10-Ball Senioren Nord | Kreismeisterschaften 8-Ball Senioren 55+ Nord | Kreismeisterschaften 9-Ball Herren Nord | Nord 1 | Nord 2,47,16,31,47.00,1442,1339,1545,53,21.00,-0.08
Dominik Weitzmann,PBC Bad Saulgau 2 | PBC Bad Saulgau 3,Bezirksliga | Einzel | Kreisliga A,BM 9er Ball Herren Ost | Bezirksmeisterschaften 10er Ball Herren Ost | Bezirksmeisterschaften 14.1e Herren Ost | Kreismeisterschaften 10-Ball Herren Ost | Kreismeisterschaften 9-Ball Herren Ost | Ost 2 | Süd 2,107,35,72,107.00,1441,1372,1509,35,44.38,-0.08
Homayoun Nikzat,BSV Konstanz 1,Landesliga,Ost,4,0,4,4.00,1441,1104,1779,172,1.07,-0.08
Oliver Geuder,Mannheimer BF 4 | PBC Fr. Lampertheim 1 | PBC Fr. Lampertheim 2,Bezirksliga | Einzel | Kreisliga A | Landesliga,Bezirksmeisterschaften 8er Ball Senioren 55+Nord | Kreismeisterschaften 8-Ball Senioren 55+ Nord | Nord | Nord 1 | Nord 2 | Nord 3,53,16,37,53.00,1441,1342,1540,51,21.13,-0.08
Abdulhussain Nad Ali,P&S Denzlingen 2,Landesliga,West,2,0,2,2.00,1440,1016,1864,216,0.59,-0.09
Thomas Hörauf,BC Feuersee 1 | BC Feuersee 2 | BC Feuersee 6,Kreisliga A,Mitte 1 | Mitte 2 | Mitte 4,73,33,40,73.00,1440,1357,1523,42,34.74,-0.08
Yannik Weber,BSV Filderstadt 2 | BSV Filderstadt 3 | BSV Filderstadt 4,Bezirksliga | Kreisliga A,Ost 1,31,10,21,31.00,1440,1314,1566,64,11.93,-0.09
Alfred Hellrigl,BC Weingarten 1 | BC Weingarten 2,Bezirksliga | Kreisliga A,Ost 2,60,27,33,60.00,1439,1350,1529,46,26.56,-0.09
Andreas Geigle,BBC Plochingen 2,Bezirksliga | Kreisliga A,Ost 1,50,18,32,50.00,1439,1339,1540,51,20.28,-0.09
Idris Abanuzoglu,BSC Göppingen 3,Bezirksliga | Kreisliga A,Ost 1,13,5,8,13.00,1439,1250,1628,96,6.27,-0.09
Michael Müller,PF Calw 1 | PF Calw 2 | PF Calw 3,Bezirksliga | Einzel | Kreisliga A,Kreismeisterschaften 10-Ball Herren Mitte | Kreismeisterschaften 14/1e Herren Mitte | Kreismeisterschaften 8-Ball Herren Mitte | Kreismeisterschaften 9-Ball Herren Mitte | Mitte 2 | Mitte 3 | West 2,27,10,17,27.00,1439,1303,1575,69,11.78,-0.09
Richard Hartmann,PBC Sand 2,Bezirksliga | Einzel,BM 10er Ball Senioren West (Sand) 2019-2020 | West 1,32,10,22,32.00,1439,1317,1560,62,13.63,-0.09
Sebastian Zinck,BC Stuttgart 1891 7,Kreisliga A,Ost 1,2,1,1,2.00,1439,1039,1840,204,1.00,-0.09
Ahmet Bumin,PBC Bad Saulgau 2 | PBC Bad Saulgau 3,Bezirksliga | Kreisliga A,Ost 2,28,12,16,28.00,1438,1308,1568,66,12.54,-0.09
Cuma Seker,BBV Mannheim 2,Bezirksliga,Nord 2,9,4,5,9.00,1438,1213,1663,115,3.71,-0.09
Dennis Rhein,BC Dallau 2,Bezirksliga | Kreisliga A,Nord 1 | Nord 2,16,9,7,16.00,1438,1268,1608,87,8.80,-0.09
Helmut Motsch,BULL Leonberg-Höfingen 3,Kreisliga A,Mitte 2,1,0,1,1.00,1438,945,1931,252,0.37,-0.09
Jens Sommer,JS Mingolsheim 3 | PBV Schwetzingen 5 | PBV Schwetzingen 6 | PBV Schwetzingen 7,Bezirksliga | Einzel | Kreisliga A,Bezirksmeisterschaften 8er Ball Herren Nord | Kreismeisterschaften 10-Ball Herren Nord | Kreismeisterschaften 8-Ball Herren Nord | Kreismeisterschaften 9-Ball Herren Nord | Nord 1 | Nord 2 | Nord 3,83,28,55,83.00,1438,1359,1518,41,32.54,-0.09
Michael Sdrzallek,BSV Filderstadt 4,Kreisliga A,Ost 1,11,4,7,11.00,1438,1236,1640,103,4.49,-0.09
Viktor Tschin,BV Pforzheim 3 | BV Pforzheim 4,Bezirksliga | Einzel | Kreisliga A,Kreismeisterschaften 14/1e Herren Mitte | Kreismeisterschaften 9-Ball Herren Mitte | Mitte 1 | Mitte 3 | West 1,26,11,15,26.00,1438,1301,1576,70,11.81,-0.09
Ciro Guerra,BC Sindelfingen 5 | BC Sindelfingen 6,Bezirksliga | Einzel | Kreisliga A,BM 9er Ball Senioren Mitte | Kreismeisterschaften 10-Ball Senioren Mitte | Kreismeisterschaften 8-Ball Senioren Mitte | Kreismeisterschaften 9-Ball Senioren Mitte | Mitte 1 | Mitte 2,45,12,33,45.00,1437,1331,1543,54,16.61,-0.09
Dennis Kamuf,BF Bruchsal 2 | BF Bruchsal 3,Bezirksliga | Kreisliga A,Nord 2 | Nord 3,12,2,10,12.00,1437,1242,1632,100,4.93,-0.09
Lars Deffner,PBC Bad Saulgau 2,Bezirksliga,Süd 2,1,0,1,1.00,1437,933,1941,257,0.31,-0.09
Quynh Ngo,BC Feuersee 3 | BC Feuersee 5,Kreisliga A,Mitte 2 | Mitte 3,37,13,24,37.00,1437,1322,1551,58,16.38,-0.09
Wolfgang Ehni,BC Dreiländereck 2,Einzel | Landesliga,BM 10er Ball Senioren West (Sand) 2019-2020 | West,11,0,11,11.00,1437,1217,1657,112,3.07,-0.09
Johannes Müller,P&S Denzlingen 3,Landesliga,West,20,1,19,20.00,1436,1279,1593,80,6.99,-0.09
Klaus Meier,PBC Ochsenhausen 4,Bezirksliga,Süd 2,2,1,1,2.00,1436,1037,1835,204,1.13,-0.09
Lukas Masson,PP Karlsbad 1 | PP Karlsbad 2,Bezirksliga | Einzel | Kreisliga A,Bezirksmeisterschaften 10er Ball Senioren Nord | Kreismeisterschaften 10-Ball Senioren Nord | Nord 1 | Nord 2 | Nord 3,56,25,31,56.00,1436,1342,1530,48,27.36,-0.09
Ralf Rabold,PP Karlsbad 1 | PP Karlsbad 2,Bezirksliga | Einzel | Kreisliga A,Kreismeisterschaften 8-Ball Senioren 55+ Nord | Kreismeisterschaften 8-Ball Senioren Nord | Kreismeisterschaften 9-Ball Senioren Nord | Nord 1 | Nord 2 | Nord 3,56,33,23,56.00,1436,1344,1529,47,29.26,-0.09
Tien Dat Le,BC Stuttgart 1891 3,Kreisliga A,Mitte 1 | Mitte 2,20,11,9,20.00,1436,1283,1589,78,10.36,-0.09
Bernhard Gneiting,PBC Reutlingen 2 | PBC Reutlingen 3,Bezirksliga | Kreisliga A,Ost 1,29,10,19,29.00,1435,1305,1565,66,11.36,-0.09
Stefan Vater,PBC Freudenstadt 2 | PBC Freudenstadt 3,Bezirksliga | Einzel | Landesliga,BM 10er Ball Senioren West | BM 10er Ball Senioren West (Sand) 2019-2020 | BM 8er Ball Senioren West | Bezirksmeisterschaften 10er Ball Senioren 55+ West | Bezirksmeisterschaften 8er Ball Senioren West | Kreismeisterschaften 10-Ball Senioren West | Kreismeisterschaften 8-Ball Senioren West | West | West 1,110,36,74,110.00,1435,1367,1504,35,43.16,-0.09
Andre Kroschwald,BC Sindelfingen 6 | BC Sindelfingen 7,Einzel | Kreisliga A,Kreismeisterschaften 14.1e Herren Mitte | Kreismeisterschaften 8-Ball Herren Mitte | Kreismeisterschaften 9-Ball Herren Mitte | LJM 2023 m-u23 8-Ball | LJM 2023 m-u23 9-Ball | Mitte 2,25,6,19,25.00,1434,1294,1575,72,9.85,-0.09
Goran Antunovic,Tübinger BC 1 | Tübinger BC 2,Kreisliga A | Landesliga,Ost | Ost 1,10,2,8,10.00,1434,1220,1649,109,4.02,-0.09
Klaus Friedrich,P&S Denzlingen 1 | P&S Denzlingen 2 | P&S Denzlingen 3,Bezirksliga | Landesliga,West | West 1 | West 2,25,7,18,25.00,1434,1292,1577,73,9.38,-0.09
Christian Rundel,BC Weingarten 2,Bezirksliga,Süd 2,2,0,2,2.00,1433,1035,1830,203,0.87,-0.10
Ryan Grabowski,P&S Denzlingen 2 | P&S Denzlingen 3,Bezirksliga | Landesliga,West | West 1 | West 2,31,8,23,31.00,1433,1308,1557,63,12.16,-0.10
Zeeshan Khan,PBC Ochsenhausen 2,Kreisliga A,Ost 2,10,2,8,10.00,1433,1220,1645,109,3.99,-0.10
Heidwin Sommer,PBV Schwetzingen 8 | PBV Schwetzingen 9,Kreisliga A,Nord 2 | Nord 3,62,30,32,62.00,1432,1343,1520,45,31.39,-0.10
Matthias Schweickert,BF Weinheim-Viernheim 2 | BF Weinheim-Viernheim 3 | BF Weinheim-Viernheim 4,Bezirksliga | Kreisliga A,Nord 1 | Nord 2 | Nord 3,46,21,25,46.00,1432,1329,1534,52,20.59,-0.10
Patrick Lampert,JS Mingolsheim 2 | JS Mingolsheim 3,Bezirksliga | Kreisliga A,Nord 1 | Nord 2,6,3,3,6.00,1432,1159,1704,139,2.57,-0.10
Pit Kleyersburg,BSV Shooters Fellbach 3 | TV Cannstatt 3,Kreisliga A,Mitte 3 | Ost 2,30,12,18,30.00,1432,1304,1560,65,14.45,-0.10
Dragan Pajovic,BC Sindelfingen 7,Einzel | Kreisliga A,Kreismeisterschaften 14.1e Herren Mitte | Mitte 2 | Mitte 3,7,1,6,7.00,1430,1168,1691,133,2.75,-0.10
Michael Funk,BC Neckarsulm 2 | BSV Pfullingen 3,Bezirksliga | Kreisliga A,Nord 3 | Ost 1,14,3,11,14.00,1430,1244,1616,95,5.58,-0.10
Minh Tien Vo,Tübinger BC 1,Bezirksliga,Ost 1,9,3,6,9.00,1430,1207,1653,114,3.99,-0.10
Mohammed Ali Bemah,BC Sindelfingen 8 | PP Böblingen 2,Bezirksliga | Einzel | Kreisliga A,Kreismeisterschaften 10-Ball Herren Mitte | Kreismeisterschaften 14.1e Herren Mitte | Kreismeisterschaften 14/1e Herren Mitte | Kreismeisterschaften 8-Ball Herren Mitte | Kreismeisterschaften 9-Ball Herren Mitte | Mitte 1 | Mitte 3,115,42,73,115.00,1430,1364,1496,34,49.55,-0.10
Adrian Sam,JS Mingolsheim 3 | JS Mingolsheim 4,Bezirksliga | Kreisliga A,Nord 1,14,5,9,14.00,1429,1244,1614,94,6.01,-0.10
Andrej Stark,P&S Denzlingen 2 | P&S Denzlingen 3,Bezirksliga,West 1 | West 2,28,8,20,28.00,1429,1299,1559,66,12.35,-0.10
Athanasios Sarafoudis,TV Cannstatt 5,Kreisliga A,Mitte 1,10,6,4,10.00,1429,1216,1642,109,5.88,-0.10
Barbaros Tokbas,PBC Schwäbisch Gmünd 2,Kreisliga A,Mitte 1,9,4,5,9.00,1429,1202,1656,116,3.46,-0.10
Erich Wohllaib,PBC Ochsenhausen 1 | PBC Ochsenhausen 2 | PBC Ochsenhausen 3,Bezirksliga | Einzel | Kreisliga A,BM 10er Ball Senioren Ost | BM 14/1 Einzel Senioren Ost | BM 9er Ball Senioren Ost | Bezirksmeisterschaften 10er Ball Senioren Ost | Bezirksmeisterschaften 14.1e Senioren 55+ Ost | Bezirksmeisterschaften 8er Ball Senioren 55+Ost | Bezirksmeisterschaften 8er Ball Senioren Ost | Bezirksmeisterschaften 9er Ball Senioren Ost | Kreismeisterschaften 10-Ball Senioren Ost | Kreismeisterschaften 8-Ball Senioren 55+ Ost | Kreismeisterschaften 8-Ball Senioren Ost | Kreismeisterschaften 9-Ball Senioren Ost | Ost 2 | Süd 2,137,37,100,137.00,1429,1367,1490,31,52.27,-0.10
Jörg Heinze,PBC Bruchsal 3,Kreisliga A,Nord 1,2,0,2,2.00,1429,1031,1826,203,0.96,-0.10
Oliver Macco,JS Mingolsheim 3 | JS Mingolsheim 4,Kreisliga A,Nord 1 | Nord 2,20,15,5,20.00,1429,1274,1583,79,12.23,-0.10
Alper Köreken,,Einzel,Kreismeisterschaften 9-Ball Herren Nord,2,0,2,2.00,1428,1028,1829,204,0.83,-0.10
Dieter Krause,BBC Plochingen 2,Bezirksliga | Einzel | Kreisliga A,Bezirksmeisterschaften 10er Ball Senioren 55+ Ost | Bezirksmeisterschaften 10er Ball Senioren Ost | Bezirksmeisterschaften 14.1e Senioren 55+ Ost | Bezirksmeisterschaften 8er Ball Senioren 55+Ost | Bezirksmeisterschaften 8er Ball Senioren Ost | Bezirksmeisterschaften 9er Ball Senioren 55+ Ost | Bezirksmeisterschaften 9er Ball Senioren Ost | Kreismeisterschaften 10-Ball Senioren Ost | Kreismeisterschaften 8-Ball Senioren 55+ Ost | Kreismeisterschaften 8-Ball Senioren Ost | Ost 1,69,22,47,69.00,1428,1343,1513,44,27.67,-0.10
Jürgen Berninger,PBV Schwetzingen 6 | PBV Schwetzingen 7,Bezirksliga | Einzel | Kreisliga A,Bezirksmeisterschaften 8er Ball Senioren 55+Nord | Kreismeisterschaften 8-Ball Senioren 55+ Nord | Nord 1 | Nord 2,49,17,32,49.00,1428,1326,1529,52,19.99,-0.10
Jürgen Klatt,BC Feuersee 3 | BC Feuersee 4 | BV Leonberg 1,Bezirksliga | Einzel | Kreisliga A,Bezirksmeisterschaften 10er Ball Senioren Mitte | Bezirksmeisterschaften 14.1e Senioren 55+ Mitte | Bezirksmeisterschaften 8er Ball Senioren 55+Mitte | Kreismeisterschaften 10-Ball Senioren 55+ Mitte | Kreismeisterschaften 10-Ball Senioren Mitte | Kreismeisterschaften 14.1e Senioren Mitte | Kreismeisterschaften 14/1e Senioren 55+ Mitte | Kreismeisterschaften 8-Ball Senioren 55+ Mitte | Kreismeisterschaften 8-Ball Senioren Mitte | Kreismeisterschaften 9-Ball Senioren 55+ Mitte | Kreismeisterschaften 9-Ball Senioren Mitte | Mitte 1 | Mitte 2 | Mitte 3 | Ost 1,110,39,71,110.00,1428,1360,1496,35,45.63,-0.10
Patrick Wilczek,BC Bad Schussenried 2 | BC Bad Schussenried 3 | BC Bad Schussenried 5,Einzel | Kreisliga A,Bezirksmeisterschaften 9er Ball Herren Ost | Kreismeisterschaften 10-Ball Herren Ost | Kreismeisterschaften 9-Ball Herren Ost | Ost 2,75,24,51,75.00,1428,1347,1509,41,31.90,-0.10
Timo Engel,BULL Leonberg-Höfingen 2,Kreisliga A,Mitte 1 | Mitte 2,16,6,10,16.00,1428,1259,1597,86,6.80,-0.10
Bianca Duttlinger,BSV Tiengen 3,Bezirksliga | Einzel,Bezirksmeisterschaften 10er Ball Damen West | Bezirksmeisterschaften 14.1e Damen West | Bezirksmeisterschaften 9er Ball Damen West | Landesmeisterschaft 14.1e Damen | Landesmeisterschaft 9er Ball Damen | West 2,21,6,15,21.00,1427,1273,1581,78,8.34,-0.10
David Hermann,BSV Filderstadt 4,Kreisliga A,Ost 1,4,2,2,4.00,1427,1115,1738,159,1.91,-0.10
Dominic Seeger,BC Feuersee 1 | BC Feuersee 2 | BC Feuersee 4 | BC Feuersee 6,Kreisliga A,Mitte 1 | Mitte 2 | Mitte 4,44,21,23,44.00,1427,1322,1533,54,21.43,-0.10
Peter Kleinhans,PBC Langenargen 2,Kreisliga A,Ost 2,28,13,15,28.00,1427,1296,1558,67,13.79,-0.10
Celal Bulut,BV Markdorf 2,Bezirksliga,Ost 2,8,1,7,8.00,1426,1187,1665,122,2.78,-0.11
Benjamin Heck,BSG Albstadt 1 | PBC Bad Saulgau 2,Bezirksliga | Kreisliga A,Ost 2 | Süd 2 | West 1 | West 2,55,22,33,55.00,1425,1332,1518,48,24.49,-0.10
Jochen Schütz,PBC Bietigheim-Bissingen 3 | PBC Bietigheim-Bissingen 4,Kreisliga A,Mitte 1 | Mitte 2 | Mitte 3,34,12,22,34.00,1425,1305,1545,61,15.39,-0.11
Rudolf Schulz,PBV Schwetzingen 5 | PBV Schwetzingen 8 | PBV Schwetzingen 9,Kreisliga A,Nord 1 | Nord 2,87,45,42,87.00,1425,1349,1500,39,44.50,-0.10
Thomas Graner,BC Feuersee 3 | BC Feuersee 4 | BULL Leonberg-Höfingen 2,Bezirksliga | Einzel | Kreisliga A,Kreismeisterschaften 10-Ball Herren Mitte | Kreismeisterschaften 14.1e Herren Mitte | Kreismeisterschaften 8-Ball Herren Mitte | Kreismeisterschaften 8-Ball Senioren 55+ Mitte | Kreismeisterschaften 9-Ball Herren Mitte | Mitte 1 | Mitte 2 | Mitte 3 | Ost 1,37,10,27,37.00,1425,1306,1544,61,14.44,-0.11
Christian Schuler,CC Karlsruhe 2,Bezirksliga,Nord 1,16,3,13,16.00,1424,1251,1596,88,5.85,-0.11
Francisco Loresto,BBV Mannheim 3,Bezirksliga,Nord 1,6,1,5,6.00,1424,1136,1713,147,2.02,-0.11
Heiko Schmeil,BSC Göppingen 2,Kreisliga A,Ost 1,10,5,5,10.00,1424,1215,1633,107,4.80,-0.11
Izet Nokic,BF Bronnen 1,Kreisliga A,Ost 1 | Ost 2,11,3,8,11.00,1424,1223,1626,103,4.83,-0.11
Johannes Genter,PBC Rastatt 3,Kreisliga A,West 1,2,0,2,2.00,1424,993,1854,220,0.52,-0.11
Pascal Pascolo,BC Aalen 3 | BC Aalen 4,Bezirksliga | Einzel | Kreisliga A,Kreismeisterschaften 8-Ball Herren Mitte | Kreismeisterschaften 9-Ball Herren Mitte | Mitte 1 | Mitte 2,46,15,31,46.00,1424,1319,1529,54,17.46,-0.11
Bayartsetseg Tsogoo,BC Stuttgart 1891 3 | BC Stuttgart 1891 4,Bezirksliga | Einzel | Kreisliga A,Bezirksmeisterschaften 9er Ball Damen Mitte- Ost | Mitte 1 | Mitte 2 | Ost 2,34,15,19,34.00,1423,1304,1542,61,17.28,-0.11
Christian Münch,PBV Schwetzingen 5 | PBV Schwetzingen 6 | PBV Schwetzingen 7,Bezirksliga | Einzel | Kreisliga A,Kreismeisterschaften 10-Ball Herren Nord | Kreismeisterschaften 14.1e Herren Nord | Kreismeisterschaften 8-Ball Herren Nord | Nord 1 | Nord 2 | Nord 3,79,27,52,79.00,1423,1343,1504,41,35.81,-0.11
Gerhard Koch,TV Cannstatt 2 | TV Cannstatt 4,Kreisliga A,Mitte 1 | Mitte 2,23,6,17,23.00,1423,1277,1568,74,8.97,-0.11
Roland Huber,BF Bruchsal 2 | BF Bruchsal 3 | BF Bruchsal 4,Kreisliga A,Nord 1 | Nord 3,95,35,60,95.00,1423,1350,1495,37,42.32,-0.11
Daniel Bonin,PBC Schwäbisch Hall 2,Bezirksliga,Mitte 1,2,0,2,2.00,1422,999,1845,216,0.58,-0.11
Hans-Jürgen Bailer,PBC Bietigheim-Bissingen 2 | PBC Bietigheim-Bissingen 3 | PBC Bietigheim-Bissingen 4,Bezirksliga | Einzel | Kreisliga A,Kreismeisterschaften 10-Ball Senioren Mitte | Kreismeisterschaften 14.1e Senioren Mitte | Kreismeisterschaften 8-Ball Senioren Mitte | Kreismeisterschaften 9-Ball Senioren Mitte | Mitte 1 | Mitte 2 | Mitte 3,109,28,81,109.00,1422,1354,1490,35,44.66,-0.11
Michael Gärttner,BC Sindelfingen 8 | PP Böblingen 3,Bezirksliga | Kreisliga A,Mitte 1 | Mitte 2 | Mitte 3,62,19,43,62.00,1422,1332,1512,46,25.85,-0.11
Mohammed Saleh Haji Goyan,BC Sindelfingen 8,Kreisliga A,Mitte 1,3,2,1,3.00,1422,1060,1784,185,1.72,-0.11
Mustafa Ilkaya,BF Bronnen 1,Kreisliga A,Ost 1 | Ost 2,14,4,10,14.00,1422,1244,1600,91,6.53,-0.11
Oliver Krieger,PBC Aalen 1 | PBC Aalen 2,Bezirksliga | Kreisliga A | Landesliga,Mitte | Mitte 1 | Mitte 2,53,12,41,53.00,1422,1322,1523,51,19.29,-0.11
Tilman Rivinius,PBV Schwetzingen 5 | PBV Schwetzingen 7 | PBV Schwetzingen 8,Bezirksliga | Kreisliga A,Nord 1 | Nord 2 | Nord 3,10,5,5,10.00,1422,1207,1638,110,4.83,-0.11
Tobias Abt,BC Bad Schussenried 2 | BC Bad Schussenried 3 | BC Bad Schussenried 4 | BC Bad Schussenried 5 | PBC Bad Saulgau 2 | PBC Bad Saulgau 3,Bezirksliga | Einzel | Kreisliga A,BM 10er Ball Herren Ost | Bezirksmeisterschaften 9er Ball Herren Ost | Kreismeisterschaften 10-Ball Herren Ost | Kreismeisterschaften 8-Ball Herren Ost | Kreismeisterschaften 9-Ball Herren Ost | Ost 2,138,35,103,138.00,1422,1361,1484,31,54.43,-0.11
Bernd Feierabend,P&S Denzlingen 1 | P&S Denzlingen 2 | P&S Denzlingen 3,Bezirksliga | Einzel | Landesliga,Bezirksmeisterschaften 10er Ball Senioren West | Bezirksmeisterschaften 8er Ball Senioren 55+West | Bezirksmeisterschaften 8er Ball Senioren West | Kreismeisterschaften 8-Ball Senioren West | Süd | West | West 1 | West 2,62,12,50,62.00,1421,1329,1513,47,21.30,-0.11
Henrik Böker,JS Mingolsheim 3 | JS Mingolsheim 4,Bezirksliga | Einzel | Kreisliga A,Kreismeisterschaften 10-Ball Herren Nord | Nord 1 | Nord 2,48,24,24,48.00,1421,1321,1522,51,23.67,-0.11
Jürgen Frank,BF Bruchsal 2 | BF Bruchsal 3 | BF Bruchsal 4,Bezirksliga | Kreisliga A,Nord 1 | Nord 2 | Nord 3,71,24,47,71.00,1421,1338,1505,43,31.30,-0.11
Kevin Schieber,BC Feuersee 4 | BV Leonberg 1,Bezirksliga | Einzel | Kreisliga A,Kreismeisterschaften 10-Ball Herren Mitte | Kreismeisterschaften 14.1e Herren Mitte | Kreismeisterschaften 14/1e Herren Mitte | Kreismeisterschaften 8-Ball Herren Mitte | Kreismeisterschaften 9-Ball Herren Mitte | Mitte 2 | Mitte 3 | Ost 1,67,21,46,67.00,1421,1334,1507,44,27.00,-0.11
Lars Quitsch,BSC Lions Bietigheim 2 | PBC Bruchsal 4,Bezirksliga | Kreisliga A,Mitte 2 | Mitte 4 | Nord 1 | Nord 3,56,26,30,56.00,1421,1327,1516,48,26.48,-0.11
Lisa Knost,BSF Kurpfalz 2 | BSF Kurpfalz 3,Bezirksliga | Kreisliga A,Nord 1 | Nord 2 | Nord 3,22,7,15,22.00,1421,1274,1569,75,9.27,-0.11
Philipp Vosseler,PBC Ochsenhausen 2,Kreisliga A,Ost 2,2,0,2,2.00,1421,998,1844,216,0.61,-0.11
Thorgen Brett,PP Böblingen 2 | Tübinger BC 1 | Tübinger BC 2,Bezirksliga | Einzel | Kreisliga A,Kreismeisterschaften 10-Ball Herren Mitte | Kreismeisterschaften 14/1e Herren Mitte | Kreismeisterschaften 8-Ball Herren Mitte | Kreismeisterschaften 8-Ball Herren Ost | Kreismeisterschaften 9-Ball Herren Mitte | Landesjugendmeisterschaft mU18 10 Ball | Landesjugendmeisterschaft mU18 14.1e | Landesjugendmeisterschaft mU18 8 Ball | Landesjugendmeisterschaft mU18 9 Ball | Landesjugendmeisterschaft u14-u22 10-Ball | Landesjugendmeisterschaft u14-u22 14/1e | Landesjugendmeisterschaft u14-u22 8-Ball | Landesjugendmeisterschaft u14-u22 9-Ball | Mitte 1 | Mitte 2 | Ost 1,94,21,73,94.00,1421,1347,1495,38,35.72,-0.11
Waldemar Müller,JS Mingolsheim 3 | JS Mingolsheim 4,Kreisliga A,Nord 1 | Nord 2,20,12,8,20.00,1421,1267,1575,79,10.81,-0.11
Bruno Steinbach,Tübinger BC 1 | Tübinger BC 2,Bezirksliga | Kreisliga A | Landesliga,Ost | Ost 1,42,13,29,42.00,1420,1309,1530,56,15.04,-0.11
Sebastian Schöffer,BC Dätzingen 2 | BC Dätzingen 3,Kreisliga A,Mitte 1 | Mitte 2 | Mitte 3,53,19,34,53.00,1420,1324,1515,49,22.47,-0.11
Stefan Herzer,PBC Schwäbisch Gmünd 2,Bezirksliga | Kreisliga A,Mitte 1 | Mitte 3,16,3,13,16.00,1420,1245,1595,89,6.06,-0.11
Thilo Ertmann,PBC Bietigheim-Bissingen 3,Kreisliga A,Mitte 1,14,4,10,14.00,1420,1240,1601,92,5.99,-0.11
David Hackenberg,P&S Denzlingen 2 | P&S Denzlingen 4,Bezirksliga | Einzel,Bezirksmeisterschaften 8er Ball Senioren 45+West | Süd 1 | West 1,34,11,23,34.00,1419,1298,1540,62,14.70,-0.11
Jens Birner,BC Neckarsulm 3,Kreisliga A,Nord 2,32,13,19,32.00,1419,1297,1540,62,15.30,-0.11
Leon Schick,BC Neckarsulm 2,Bezirksliga | Einzel | Kreisliga A | Landesliga,Bezirksmeisterschaften 14.1e Herren Nord | Bezirksmeisterschaften 9er Ball Herren Nord | Kreismeisterschaften 10-Ball Herren Nord | Kreismeisterschaften 14/1e Herren Nord | Kreismeisterschaften 8-Ball Herren Nord | Kreismeisterschaften 9-Ball Herren Nord | Nord | Nord 2 | Nord 3,54,14,40,54.00,1419,1319,1518,51,19.79,-0.11
Thomas Russow,BF Weinheim-Viernheim 2,Kreisliga A,Nord 1,22,6,16,22.00,1419,1273,1566,75,9.91,-0.11
Marcus Reber,PBC Freudenstadt 2 | PBC Freudenstadt 3,Bezirksliga | Einzel | Landesliga,Kreismeisterschaften 9-Ball Senioren West | West | West 1,6,0,6,6.00,1418,1123,1713,151,1.56,-0.12
Oleg Kuhn,BSC Göppingen 2,Kreisliga A,Ost 1,4,1,3,4.00,1418,1098,1739,164,1.90,-0.12
Roland Knecht,BF Bruchsal 3,Kreisliga A,Nord 1 | Nord 3,32,7,25,32.00,1418,1295,1542,63,13.08,-0.11
Tina,,Einzel,Landesmeisterschaft 14.1e Damen,2,0,2,2.00,1418,1003,1833,212,0.70,-0.12
Klaus Maier,BSC St. Georgen 1,Bezirksliga,West 2,2,1,1,2.00,1417,1018,1817,204,0.86,-0.12
Raphael Müller,BC Sindelfingen 5,Bezirksliga,West 1,2,1,1,2.00,1417,1003,1831,211,0.66,-0.12
Stephan Faude,BC Dätzingen 1 | BC Dätzingen 2 | BC Dätzingen 3,Bezirksliga | Kreisliga A,Mitte 1 | Mitte 2 | Mitte 3,26,10,16,26.00,1417,1278,1556,71,10.78,-0.12
Richard Cornely,PBV Schwetzingen 4 | PBV Schwetzingen 5 | PBV Schwetzingen 8 | PBV Schwetzingen 9,Einzel | Kreisliga A | Landesliga,Kreismeisterschaften 8-Ball Senioren Nord | Kreismeisterschaften 9-Ball Senioren Nord | Nord | Nord 1 | Nord 2,68,25,43,68.00,1416,1329,1502,44,31.15,-0.12
Asmir Sinanovic,PBC Freudenstadt 2 | PBC Freudenstadt 3 | PBC Freudenstadt 4,Bezirksliga | Einzel | Landesliga,Bezirksmeisterschaften 14.1e Herren West | Bezirksmeisterschaften 8er Ball Herren West | Kreismeisterschaften 10-Ball Herren West | Kreismeisterschaften 14.1e Herren West | Kreismeisterschaften 8-Ball Herren West | Kreismeisterschaften 9-Ball Herren West | West | West 1,72,26,46,72.00,1415,1330,1499,43,30.40,-0.12
Rainer Ott,CC Karlsruhe 2 | CC Karlsruhe 3 | CC Karlsruhe 4 | CC Karlsruhe 5,Bezirksliga | Kreisliga A,Nord 1 | Nord 2,81,31,50,81.00,1415,1337,1493,40,36.62,-0.12
Reshawn Spann,P&S Denzlingen 3,Bezirksliga,West 1,4,1,3,4.00,1415,1104,1726,159,1.96,-0.12
Furkan Özkan,BC Aalen 5 | PBC Aalen 2,Bezirksliga | Einzel | Kreisliga A,Kreismeisterschaften 9-Ball Herren Mitte | Mitte 1,35,7,28,35.00,1414,1293,1535,62,12.27,-0.12
Rainer Beck,PBC Langenargen 2 | PBC Langenargen 3,Bezirksliga | Einzel | Kreisliga A,Kreismeisterschaften 9-Ball Herren Ost | Ost 2 | Süd 2,67,22,45,67.00,1414,1327,1501,45,24.76,-0.12
Reiner Nies,BC Dallau 1,Bezirksliga,Nord 2,6,1,5,6.00,1414,1127,1701,146,1.74,-0.12
Sascha Schmidt,JS Mingolsheim 3,Bezirksliga,Nord 1,2,1,1,2.00,1413,1012,1815,205,0.82,-0.12
Alexandru-Nicolae Baniceru,BC Stuttgart 1891 4,Kreisliga A,Mitte 1,9,2,7,9.00,1412,1191,1634,113,3.71,-0.12
Markus Stehle,BV Villingen-Schwenningen 2,Bezirksliga,West 2,14,6,8,14.00,1412,1230,1593,92,5.95,-0.12
Michael Burmeister,PBC Nagoldtal 2 | PBC Nagoldtal 3,Bezirksliga | Kreisliga A,Mitte 1 | Mitte 2,7,3,4,7.00,1412,1158,1667,130,2.75,-0.12
Simon Kaincz,BSV Filderstadt 4 | BSV Filderstadt 5,Kreisliga A,Ost 1,28,8,20,28.00,1412,1279,1544,67,12.11,-0.12
Thomas Schöpfer,Tübinger BC 1 | Tübinger BC 2,Bezirksliga | Kreisliga A | Landesliga,Ost | Ost 1,20,4,16,20.00,1412,1244,1579,85,6.01,-0.12
Thorsten Kupske,BC Feuersee 1 | BC Feuersee 2 | BC Feuersee 3 | BC Feuersee 4,Einzel | Kreisliga A,Kreismeisterschaften 10-Ball Senioren Mitte | Kreismeisterschaften 8-Ball Senioren Mitte | Kreismeisterschaften 9-Ball Senioren 55+ Mitte | Kreismeisterschaften 9-Ball Senioren Mitte | Mitte 1 | Mitte 2,83,27,56,83.00,1412,1333,1491,40,35.00,-0.12
Torsten Herold,BSV Filderstadt 6,Kreisliga A,Ost 1,13,2,11,13.00,1412,1215,1610,101,4.54,-0.12
Bruno Schuon,BSV Pfullingen 2 | BSV Pfullingen 3 | BSV Pfullingen 4,Bezirksliga | Kreisliga A,Ost 1,62,11,51,62.00,1411,1319,1503,47,21.24,-0.12
Ralf Kempermann Aufn.: 1; Ø: 0.00,,Einzel,Bezirksmeisterschaften 14.1e Senioren Nord,1,0,1,1.00,1411,830,1992,296,0.13,-0.13
Sebastian Hilgarth,PBC Bruchsal 3,Kreisliga A,Nord 1,18,4,14,18.00,1411,1250,1572,82,8.09,-0.12
Alexander Gaffal,TV Cannstatt 3 | TV Cannstatt 4,Bezirksliga | Kreisliga A,Mitte 3 | Ost 1,4,1,3,4.00,1410,1062,1759,178,1.49,-0.13
Axel Isenmann,PBC Offenburg 3 | PBC Offenburg 4 | PBC Offenburg 5,Bezirksliga | Landesliga,West | West 1,36,7,29,36.00,1410,1288,1532,62,12.83,-0.13
Eduard Ewert,CC Karlsruhe 5,Einzel | Kreisliga A,Kreismeisterschaften 10-Ball Senioren Nord | Nord 3,14,5,9,14.00,1410,1223,1597,95,5.95,-0.13
Brian Wright,BC Stuttgart 1891 3 | BC Stuttgart 1891 4,Einzel | Kreisliga A,Bezirksmeisterschaften 10er Ball Senioren 45+ Mitte | Kreismeisterschaften 8-Ball Senioren 45+ Mitte | Kreismeisterschaften 8-Ball Senioren Mitte | Kreismeisterschaften 9-Ball Senioren 45+ Mitte | Mitte 1 | Mitte 2,42,15,27,42.00,1409,1298,1520,57,17.04,-0.13
Finn Schmitz,TV Cannstatt 2 | TV Cannstatt 3 | TV Cannstatt 4,Bezirksliga | Einzel | Kreisliga A,Kreismeisterschaften 8-Ball Herren Mitte | Kreismeisterschaften 9-Ball Herren Mitte | Mitte 1 | Mitte 3 | Ost 1,36,9,27,36.00,1409,1292,1527,60,14.15,-0.13
Frank Diedrich Aufn.: 1; Ø: 0.00,,Einzel,BM 14/1 Einzel Senioren West,1,0,1,1.00,1409,830,1989,296,0.13,-0.13
Priska Leven,PBC Bruchsal 2 | PBC Bruchsal 3,Bezirksliga | Einzel | Kreisliga A,BM 10er Ball Damen West und Nord | BM 8er Ball Damen Nord | BM 9er Ball Damen Nord- West | Bezirksmeisterschaften 10er Ball Damen Nord | Bezirksmeisterschaften 14.1e Damen Nord | Bezirksmeisterschaften 8er Ball Damen Nord | Bezirksmeisterschaften 9er Ball Damen Nord | Landesmeisterschaft 10er Ball Damen | Landesmeisterschaft 14.1e Damen | Landesmeisterschaft 8er Ball Damen | Landesmeisterschaft 9er Ball Damen | Nord 1 | Nord 2,118,37,81,118.00,1409,1343,1475,34,48.08,-0.13
Mohammad Jiroudi,PBC Bräunlingen 2,Bezirksliga | Landesliga,West | West 1,12,2,10,12.00,1408,1206,1611,103,4.00,-0.13
Andreas Kunellis,PBC Reutlingen 2,Kreisliga A,Ost 1,4,1,3,4.00,1407,1079,1736,168,1.44,-0.13
Fabian Wieser,BSC Lions Bietigheim 2,Kreisliga A,West 1,2,1,1,2.00,1407,1003,1812,206,1.22,-0.13
Klaus Mutenzer,BC Blaustein 1,Kreisliga A | Landesliga,Ost | Ost 2,6,2,4,6.00,1407,1129,1686,142,2.45,-0.13
Steffen Runge,BC Feuersee 3,Kreisliga A,Mitte 2,7,2,5,7.00,1407,1159,1655,126,3.37,-0.13
Frank Vollath,TV Cannstatt 2 | TV Cannstatt 3 | TV Cannstatt 4,Bezirksliga | Einzel | Kreisliga A,Kreismeisterschaften 10-Ball Herren Mitte | Kreismeisterschaften 8-Ball Herren Mitte | Kreismeisterschaften 9-Ball Herren Mitte | Mitte 2 | Mitte 3,19,6,13,19.00,1406,1244,1568,83,7.94,-0.13
Luka Antic,PBC Offenburg 3 | PBC Offenburg 4 | PBC Offenburg 5,Bezirksliga | Einzel | Landesliga,LJM 2023 m-u15/17 10-Ball | LJM 2023 m-u15/17 8-Ball | LJM 2023 m-u15/17 9-Ball | Landesjugendmeisterschaft 2026 10-Ball U18 | Landesjugendmeisterschaft 2026 14/1e U18 | Landesjugendmeisterschaft 2026 8-Ball U18 | Landesjugendmeisterschaft 2026 9-Ball U18 | Landesjugendmeisterschaft mU18 10 Ball | Landesjugendmeisterschaft mU18 14.1e | Landesjugendmeisterschaft mU18 8 Ball | Landesjugendmeisterschaft mU18 9 Ball | Süd 1 | West | West 1,73,24,49,73.00,1406,1323,1488,42,29.96,-0.13
Michael Leonhard,BBV Mannheim 1 | BBV Mannheim 2 | BBV Mannheim 3,Bezirksliga | Kreisliga A | Landesliga,Nord | Nord 1,11,2,9,11.00,1406,1187,1625,112,3.46,-0.13
Michael Seil,BC Stuttgart 1891 3 | BC Stuttgart 1891 4,Kreisliga A,Mitte 1 | Mitte 2,35,9,26,35.00,1406,1289,1524,60,15.34,-0.13
Sylvia Gurnig,BV Markdorf 3,Bezirksliga | Kreisliga A,Ost 2 | Süd 2,56,17,39,56.00,1406,1312,1501,48,21.63,-0.13
Taner Susuz,BC Aalen 3 | BC Aalen 4 | PBC Aalen 2,Bezirksliga | Einzel | Kreisliga A,BM 10er Ball Senioren Mitte | Bezirksmeisterschaften 8er Ball Senioren Mitte | Kreismeisterschaften 10-Ball Senioren Mitte | Kreismeisterschaften 14.1e Senioren Mitte | Kreismeisterschaften 8-Ball Senioren Mitte | Kreismeisterschaften 9-Ball Senioren Mitte | Mitte 1 | Mitte 2 | Mitte 3 | Ost 2,117,27,90,117.00,1406,1338,1473,34,40.03,-0.13
Vincenzo Murano,BSC Göppingen 1,Landesliga,Ost,4,0,4,4.00,1406,1054,1758,179,0.92,-0.13
Andreas Horn,BSG Albstadt 1 | Tübinger BC 2 | Tübinger BC 3,Bezirksliga | Kreisliga A,Ost 1 | West 1 | West 2,32,13,19,32.00,1405,1283,1527,62,13.57,-0.13
Jens Heim Aufn.: 26; Ø: 0.31,,Einzel,Kreismeisterschaften 14.1e Herren Nord,1,0,1,1.00,1405,880,1930,268,0.25,-0.13
Lucia Birsner,BSV Tiengen 3 | BSV Tiengen 4,Bezirksliga | Einzel,Bezirksmeisterschaften 10er Ball Damen West | Bezirksmeisterschaften 14.1e Damen West | Bezirksmeisterschaften 8er Ball Damen West | Bezirksmeisterschaften 9er Ball Damen West | Landesmeisterschaft 10er Ball Damen | Landesmeisterschaft 14.1e Damen | Landesmeisterschaft 8er Ball Damen | Landesmeisterschaft 9er Ball Damen | West 1 | West 2,117,38,79,117.00,1405,1339,1471,34,48.65,-0.13
Kathrin Karwath,PBC Reutlingen 2 | PBC Reutlingen 3,Bezirksliga | Einzel | Kreisliga A,Landesmeisterschaft 10er Ball Damen | Landesmeisterschaft 8er Ball Damen | Landesmeisterschaft 9er Ball Damen | Ost 1 | West 2,86,31,55,86.00,1404,1328,1481,39,36.32,-0.13
Marco Weise,BSV Konstanz 1,Einzel | Landesliga,Kreismeisterschaften 8-Ball Herren Ost | Kreismeisterschaften 9-Ball Herren Ost | Ost,14,1,13,14.00,1404,1198,1610,105,3.38,-0.13
Oliver Alunni,Mannheimer BF 3 | Mannheimer BF 4 | Mannheimer BF 5,Bezirksliga | Einzel | Kreisliga A,Bezirksmeisterschaften 8er Ball Senioren 45+Nord | Bezirksmeisterschaften 9er Ball Senioren Nord | Kreismeisterschaften 9-Ball Senioren Nord | Nord 1 | Nord 2 | Nord 3,51,17,34,51.00,1404,1302,1505,52,19.11,-0.13
Joachim Luft,PBC Bietigheim-Bissingen 2 | PBC Bietigheim-Bissingen 3 | PBC Bietigheim-Bissingen 4,Bezirksliga | Einzel | Kreisliga A,Kreismeisterschaften 10-Ball Senioren Mitte | Kreismeisterschaften 8-Ball Senioren Mitte | Kreismeisterschaften 9-Ball Senioren 55+ Mitte | Kreismeisterschaften 9-Ball Senioren Mitte | Mitte 1 | Mitte 2 | Mitte 3 | Ost 2,133,47,86,133.00,1403,1341,1465,32,54.00,-0.13
Sasa Kikic,BF Bronnen 1,Kreisliga A,Ost 1 | Ost 2,17,5,12,17.00,1403,1237,1569,85,7.25,-0.14
Sebastian Müller,PBC Reutlingen 2 | PBC Reutlingen 3,Bezirksliga | Einzel | Kreisliga A,Kreismeisterschaften 8-Ball Herren Ost | Ost 1,62,14,48,62.00,1403,1311,1495,47,25.07,-0.13
Dieter Wolk,BF Weinheim-Viernheim 1 | BF Weinheim-Viernheim 2 | BF Weinheim-Viernheim 3 | BF Weinheim-Viernheim 4,Bezirksliga | Einzel | Kreisliga A,BM 10er Ball Senioren Nord (PBC Waghäusel) 2019-2020 | BM 14/1 Einzel Senioren Nord | BM 9er Ball Senioren Nord | Bezirksmeisterschaften 8er Ball Senioren 55+Nord | Bezirksmeisterschaften 8er Ball Senioren Nord | Kreismeisterschaften 10-Ball Senioren Nord | Kreismeisterschaften 14.1e Senioren Nord | Kreismeisterschaften 14/1e Senioren 55+ Nord | Kreismeisterschaften 8-Ball Senioren 55+ Nord | Kreismeisterschaften 8-Ball Senioren Nord | Kreismeisterschaften 9-Ball Senioren Nord | Nord 1 | Nord 2,145,43,102,145.00,1402,1342,1461,30,57.27,-0.13
Lulzim Ramliku,P&S Denzlingen 3 | P&S Denzlingen 4,Bezirksliga,West 1,26,8,18,26.00,1402,1262,1543,72,9.62,-0.14
Patrik Graf,BV Pforzheim 3 | BV Pforzheim 4,Kreisliga A,Mitte 1 | Mitte 3,11,4,7,11.00,1402,1196,1609,105,5.11,-0.14
Richard Diopa,BC Feuersee 3 | BC Feuersee 4 | BC Feuersee 5,Kreisliga A,Mitte 2 | Mitte 3,20,6,14,20.00,1402,1244,1560,80,8.18,-0.14
Samir Javor,BC Bad Schussenried 2 | BC Bad Schussenried 3,Bezirksliga | Kreisliga A,Ost 2,14,3,11,14.00,1402,1220,1585,93,5.86,-0.14
Tommaso Parisi,BC Bad Schussenried 1 | BC Bad Schussenried 2 | BC Bad Schussenried 3 | BC Bad Schussenried 4,Bezirksliga | Kreisliga A,Ost 2,48,18,30,48.00,1402,1301,1503,51,20.75,-0.14
Walter Riebeling,PBC Sand 2,Bezirksliga,West 1,23,5,18,23.00,1402,1257,1546,74,8.79,-0.14
Gottlob Mrugala,CC Karlsruhe 3 | CC Karlsruhe 4,Kreisliga A,Nord 2,37,10,27,37.00,1401,1286,1515,58,15.96,-0.14
Ismail Hileh,PBC Reutlingen 3,Kreisliga A,Ost 1,11,6,5,11.00,1400,1188,1613,108,4.84,-0.14
Michele Campagna,BBC Plochingen 2,Bezirksliga | Kreisliga A,Ost 1,69,7,62,69.00,1400,1311,1488,45,23.03,-0.14
Rachel Silva,BC Sindelfingen 7,Kreisliga A,Mitte 2,1,0,1,1.00,1400,902,1897,254,0.39,-0.14
Rainer Habelt,TV Cannstatt 2 | TV Cannstatt 4,Einzel | Kreisliga A,BM 9er Ball Senioren Mitte | Kreismeisterschaften 10-Ball Senioren 55+ Mitte | Kreismeisterschaften 10-Ball Senioren Mitte | Kreismeisterschaften 8-Ball Senioren 55+ Mitte | Kreismeisterschaften 8-Ball Senioren Mitte | Kreismeisterschaften 9-Ball Senioren 55+ Mitte | Kreismeisterschaften 9-Ball Senioren Mitte | Mitte 1 | Mitte 2 | Mitte 3,91,28,63,91.00,1400,1325,1476,38,35.17,-0.14
Angelika Kaune,Mannheimer BF 3 | Mannheimer BF 4,Bezirksliga | Einzel | Kreisliga A,BM 10er Ball Ladies Nord | BM 8er Ball Ladies Nord | BM 9er Ball Ladies Nord | Bezirksmeisterschaften 10er Ball Ladies Nord Mitte West | Bezirksmeisterschaften 10er Ball Ladies Nord-Mitte | Bezirksmeisterschaften 8er Ball Ladies Nord-Mitte-West | Bezirksmeisterschaften 9er Ball Ladies Nord-Mitte-West | Landesmeisterschaft 10er Ball Ladies | Landesmeisterschaft 14.1e Ladies | Landesmeisterschaft 8er Ball Ladies | Landesmeisterschaft 9er Ball Ladies | Landesmeisterschaft 9er Ball Ladies 1 | Nord 1 | Nord 2 | Nord 3,172,67,105,172.00,1399,1344,1453,28,76.49,-0.14
Daniel Merbitz Aufn.: 6; Ø: 0.00,,Einzel,Landesmeisterschaft 14.1e Senioren,1,0,1,1.00,1399,825,1973,293,0.14,-0.14
Genta Gunawan,BC Feuersee 3 | BC Feuersee 4 | BC Feuersee 5 | BC Stuttgart 1891 5,Einzel | Kreisliga A,Landesjugendmeisterschaft mU18 10 Ball | Landesjugendmeisterschaft mU18 14.1e | Landesjugendmeisterschaft mU18 8 Ball | Landesjugendmeisterschaft mU18 9 Ball | Mitte 2 | Mitte 3 | Ost 2,59,22,37,59.00,1399,1308,1489,46,24.80,-0.14
Mirsad Coric,P&S Denzlingen 2 | P&S Denzlingen 3,Bezirksliga | Landesliga,Süd 1 | West | West 1,49,13,36,49.00,1399,1294,1503,53,18.68,-0.14
Rolf Göllner,BC Feuersee 3 | BC Feuersee 4 | BC Feuersee 5,Einzel | Kreisliga A,Kreismeisterschaften 9-Ball Herren Mitte | Mitte 1 | Mitte 2 | Mitte 3,53,16,37,53.00,1399,1302,1496,49,21.09,-0.14
Michael Haag,PBC Nagoldtal 1 | PBC Nagoldtal 2 | PBC Nagoldtal 3,Bezirksliga | Einzel | Kreisliga A,BM 10er Ball Senioren Mitte (Sindelfingen) 2019-2020 | BM 14/1 Einzel Senioren Mitte | BM 8er Ball Senioren Mitte | Bezirksmeisterschaften 10er Ball Senioren 45+ Mitte | Bezirksmeisterschaften 14.1e Senioren 45+ Mitte | Bezirksmeisterschaften 14.1e Senioren Mitte | Bezirksmeisterschaften 8er Ball Senioren 45+Mitte | Bezirksmeisterschaften 8er Ball Senioren Mitte | Bezirksmeisterschaften 9er Ball Senioren 45+ Mitte | Kreismeisterschaften 10-Ball Senioren Mitte | Kreismeisterschaften 14.1e Senioren Mitte | Kreismeisterschaften 8-Ball Senioren 45+ Mitte | Kreismeisterschaften 8-Ball Senioren Mitte | Kreismeisterschaften 9-Ball Senioren 45+ Mitte | Kreismeisterschaften 9-Ball Senioren Mitte | Mitte 1 | Mitte 2 | Mitte 4,138,31,107,138.00,1398,1335,1460,32,48.93,-0.14
Anan Zaity,BV Villingen-Schwenningen 2,Bezirksliga,West 2,23,6,17,23.00,1397,1252,1542,74,8.67,-0.14
Dmitrij Matiske,PBC Aalen 2,Kreisliga A,Mitte 2,2,0,2,2.00,1397,993,1801,206,0.83,-0.14
Marcel Twardon,BC Feuersee 2 | BC Feuersee 5,Einzel | Kreisliga A,BM 10er Ball Herren Mitte (Sindelfingen) 2019-2020 | Mitte 2 | Mitte 3,12,4,8,12.00,1397,1198,1597,102,4.64,-0.14
Michael Häfele,BC Feuersee 3,Kreisliga A,Mitte 1,2,0,2,2.00,1397,993,1801,206,0.81,-0.14
Mohammed Alhila,PBC Reutlingen 3,Kreisliga A,Ost 1,13,7,6,13.00,1397,1208,1586,96,6.19,-0.14
Rainer Glück,BSV Filderstadt 3,Kreisliga A,Ost 1,2,0,2,2.00,1397,996,1797,205,0.88,-0.14
Thomas Wilczek,BV Backnang/Welzheim 1,Bezirksliga | Kreisliga A,Mitte 1 | Mitte 2,34,9,25,34.00,1397,1274,1520,63,12.82,-0.14
Bastian Valinski,BC Dallau 2 | BC Dallau 3,Einzel | Kreisliga A,Kreismeisterschaften 14.1e Herren Nord | Kreismeisterschaften 9-Ball Herren Nord | Nord 1 | Nord 2,42,12,30,42.00,1396,1286,1507,56,17.25,-0.14
Robert Glen-Novak,BULL Leonberg-Höfingen 2,Kreisliga A,Mitte 4,2,0,2,2.00,1396,980,1813,212,0.80,-0.15
Christian Herre,PBC Rastatt 3,Kreisliga A,Mitte 2 | West 1,18,8,10,18.00,1395,1227,1563,86,7.17,-0.15
Ernst Fabian,BF Weinheim-Viernheim 2 | BF Weinheim-Viernheim 3 | BF Weinheim-Viernheim 4,Bezirksliga | Einzel | Kreisliga A,Kreismeisterschaften 10-Ball Senioren Nord | Kreismeisterschaften 9-Ball Senioren Nord | Nord 1 | Nord 2 | Nord 3,102,45,57,102.00,1395,1325,1465,36,45.36,-0.14
Mark Szinger,BV Villingen-Schwenningen 2,Bezirksliga | Einzel,Bezirksmeisterschaften 8er Ball Herren West | Bezirksmeisterschaften 9er Ball Herren West | Kreismeisterschaften 10-Ball Herren West | Kreismeisterschaften 8-Ball Herren West | Kreismeisterschaften 9-Ball Herren West | West 1,73,21,52,73.00,1394,1310,1478,43,27.25,-0.15
Matthias Höfler,PBC Bräunlingen 2,Bezirksliga | Landesliga,West | West 2,17,3,14,17.00,1394,1228,1560,85,6.89,-0.15
Thomas Hetzel,PBC Sand 2,Bezirksliga,West 1,24,4,20,24.00,1394,1249,1539,74,8.28,-0.15
Claudia Heinen,PBV Schwetzingen 5 | PBV Schwetzingen 7 | PBV Schwetzingen 8 | PBV Schwetzingen 9,Einzel | Kreisliga A,Bezirksmeisterschaften 10er Ball Damen Nord | Bezirksmeisterschaften 14.1e Damen Nord | Bezirksmeisterschaften 8er Ball Damen Nord | Bezirksmeisterschaften 9er Ball Damen Nord | Nord 1 | Nord 2 | Nord 3,51,14,37,51.00,1393,1294,1492,50,20.93,-0.15
Gerhard Holzer,Mannheimer BF 3,Kreisliga A,Nord 2,2,0,2,2.00,1393,994,1792,204,0.98,-0.15
Martin Trippel,PBC Langenargen 2 | PBC Langenargen 3 | PBC Langenargen 4,Bezirksliga | Kreisliga A,Ost 2,66,17,49,66.00,1393,1304,1482,45,24.40,-0.15
Siegfried Brockmann,BC Bad Schussenried 2 | BC Bad Schussenried 3 | BC Bad Schussenried 4,Einzel | Kreisliga A,Bezirksmeisterschaften 10er Ball Senioren 55+ Ost | Bezirksmeisterschaften 14.1e Senioren 55+ Ost | Bezirksmeisterschaften 8er Ball Senioren 55+Ost | Bezirksmeisterschaften 8er Ball Senioren Ost | Bezirksmeisterschaften 9er Ball Senioren 55+ Ost | Bezirksmeisterschaften 9er Ball Senioren Ost | Kreismeisterschaften 8-Ball Senioren 55+ Ost | Kreismeisterschaften 8-Ball Senioren Ost | Ost 2,67,20,47,67.00,1393,1305,1481,45,24.94,-0.15
Emilio Caracciolo,BSV Shooters Fellbach 3 | TV Cannstatt 3,Einzel | Kreisliga A,Bezirksmeisterschaften 10er Ball Senioren 55+ Mitte | Bezirksmeisterschaften 9er Ball Senioren 55+ Mitte | Kreismeisterschaften 10-Ball Senioren 55+ Mitte | Kreismeisterschaften 9-Ball Senioren 55+ Mitte | Mitte 3 | Ost 2,25,9,16,25.00,1392,1250,1534,72,11.17,-0.15
Klaus Hirthe,PBC Ochsenhausen 1 | PBC Ochsenhausen 2 | PBC Ochsenhausen 3,Einzel | Kreisliga A | Landesliga,Kreismeisterschaften 10-Ball Senioren Ost | Kreismeisterschaften 8-Ball Senioren Ost | Kreismeisterschaften 9-Ball Senioren Ost | Ost | Ost 2,23,4,19,23.00,1392,1242,1542,77,7.97,-0.15
Uwe Mann,PBC Rastatt 1 | PBC Rastatt 2,Kreisliga A,Mitte 1 | Mitte 2,22,6,16,22.00,1392,1243,1541,76,8.40,-0.15
Serkan Candir,BSV Filderstadt 3 | BSV Filderstadt 4 | BSV Filderstadt 5 | BSV Filderstadt 6,Bezirksliga | Kreisliga A,Ost 1,48,15,33,48.00,1391,1288,1494,52,19.96,-0.15
Marko Stapel,BV Villingen-Schwenningen 2,Bezirksliga,West 1 | West 2,60,16,44,60.00,1390,1299,1481,46,23.82,-0.15
Stefan Estenfeld,PBC Schwäbisch Hall 2,Bezirksliga,Mitte 1 | Nord 2,19,0,19,19.00,1390,1218,1562,88,5.08,-0.15
Christian Orosz,BSV Pfullingen 3,Bezirksliga,Ost 1,4,1,3,4.00,1388,1060,1717,167,1.26,-0.16
Jürgen Wolf,Mannheimer BF 4,Bezirksliga | Einzel | Kreisliga A,Kreismeisterschaften 8-Ball Senioren 55+ Nord | Nord 2,26,5,21,26.00,1388,1250,1526,70,9.64,-0.16
Michael Wanjek,PBC Waghäusel 3 | PBC Waghäusel 4,Kreisliga A | Landesliga,Nord | Nord 2,3,0,3,3.00,1388,1024,1753,186,1.06,-0.16
Tobias Lesniak,BSC St. Georgen 1,Bezirksliga,West 1,2,0,2,2.00,1388,987,1789,205,0.89,-0.16
Charalampos Antonogiorgakis,BULL Leonberg-Höfingen 2 | BULL Leonberg-Höfingen 3,Einzel | Kreisliga A,BM 10er Ball Senioren Mitte (Sindelfingen) 2019-2020 | BM 9er Ball Senioren Mitte | Bezirksmeisterschaften 10er Ball Senioren 45+ Mitte | Bezirksmeisterschaften 14.1e Senioren 45+ Mitte | Bezirksmeisterschaften 8er Ball Senioren 45+Mitte | Bezirksmeisterschaften 9er Ball Senioren 45+ Mitte | Kreismeisterschaften 10-Ball Senioren Mitte | Kreismeisterschaften 8-Ball Senioren 45+ Mitte | Kreismeisterschaften 8-Ball Senioren Mitte | Kreismeisterschaften 9-Ball Senioren 45+ Mitte | Kreismeisterschaften 9-Ball Senioren Mitte | Mitte 1 | Mitte 2 | Mitte 4 | Ost 2,119,39,80,119.00,1387,1321,1453,34,45.46,-0.15
Kurt Ljokaj,PBC Ochsenhausen 2,Bezirksliga | Einzel | Kreisliga A,Bezirksmeisterschaften 9er Ball Senioren 45+ Ost | Kreismeisterschaften 8-Ball Senioren Ost | Kreismeisterschaften 9-Ball Senioren Ost | Ost 2 | Süd 3,75,23,52,75.00,1387,1306,1468,41,30.41,-0.16
Stefan Behr,PBC Bietigheim-Bissingen 3,Kreisliga A,Mitte 2,8,1,7,8.00,1387,1148,1627,122,2.85,-0.16
Thomas Dieckmann,Tübinger BC 1,Bezirksliga,Ost 1,4,0,4,4.00,1387,1035,1738,179,0.97,-0.16
Andreas Begau,TV Cannstatt 1,Bezirksliga,Mitte 1,14,0,14,14.00,1386,1181,1592,105,3.60,-0.16
Florian Stojanoski Aufn.: 20; Ø: 0.20,,Einzel,BM 14/1 Einzel Herren Nord,1,0,1,1.00,1386,842,1930,277,0.21,-0.16
Ibrahim Alaani,BC Dallau 3,Kreisliga A,Nord 2,23,10,13,23.00,1385,1241,1530,74,10.62,-0.16
Werner Schmidberger,PBC Ochsenhausen 3 | PBC Ochsenhausen 4,Bezirksliga | Einzel | Kreisliga A,BM 8er Ball Senioren Ost | BM 9er Ball Senioren Ost | Bezirksmeisterschaften 10er Ball Senioren 55+ Ost | Bezirksmeisterschaften 10er Ball Senioren Ost | Bezirksmeisterschaften 8er Ball Senioren 55+Ost | Bezirksmeisterschaften 9er Ball Senioren 55+ Ost | Kreismeisterschaften 10-Ball Senioren Ost | Kreismeisterschaften 8-Ball Senioren 55+ Ost | Kreismeisterschaften 8-Ball Senioren Ost | Kreismeisterschaften 9-Ball Senioren Ost | Ost 2 | Süd 2,93,24,69,93.00,1385,1310,1460,38,32.31,-0.16
Ali Deyhimi,Tübinger BC 2,Einzel | Kreisliga A,Kreismeisterschaften 8-Ball Herren Ost | Ost 1,8,3,5,8.00,1384,1145,1622,122,2.87,-0.16
Artur Maximow,BF Bronnen 1,Kreisliga A,Ost 2,12,4,8,12.00,1384,1186,1582,101,4.66,-0.16
Markus Pfaff,BF Bruchsal 3,Kreisliga A,Nord 1 | Nord 3,39,12,27,39.00,1384,1272,1496,57,16.87,-0.16
Mohammad Al Hariri,BC Stuttgart 1891 3,Kreisliga A,Mitte 2,4,0,4,4.00,1384,1059,1709,166,1.32,-0.16
Peter Schwab,PBV Schwetzingen 8,Einzel | Kreisliga A,Bezirksmeisterschaften 10er Ball Senioren 55+ Nord | Bezirksmeisterschaften 14.1e Senioren 55+ Nord | Bezirksmeisterschaften 9er Ball Senioren 55+ Nord | Kreismeisterschaften 14/1e Senioren 55+ Nord | Kreismeisterschaften 8-Ball Senioren 55+ Nord | Nord 3,30,8,22,30.00,1384,1253,1516,67,12.22,-0.16
Sven Kaiser,PBC Schwäbisch Hall 2,Bezirksliga,Mitte 1 | Nord 2,30,5,25,30.00,1384,1247,1520,70,8.89,-0.16
Jürgen Weber,Mannheimer BF 5,Kreisliga A,Nord 1 | Nord 2,6,2,4,6.00,1383,1116,1649,136,2.90,-0.16
Jürgen Zemke,Mannheimer BF 3 | Mannheimer BF 4,Kreisliga A,Nord 1 | Nord 2,4,1,3,4.00,1383,1072,1694,159,1.93,-0.16
Marvin Schneider,Pool Knights Bensheim 4,Kreisliga A,Nord 3,12,1,11,12.00,1383,1185,1581,101,4.41,-0.16
Dirk Bastian,BSV Filderstadt 3,Bezirksliga,Ost 1,20,2,18,20.00,1382,1217,1546,84,5.88,-0.16
Hayk Hovhannisyan,BC Aalen 4,Bezirksliga | Kreisliga A,Mitte 2 | Mitte 3 | Ost 2,26,3,23,26.00,1382,1237,1527,74,7.86,-0.16
Klaus Mülbert,PBV Schwetzingen 7 | PBV Schwetzingen 8,Einzel | Kreisliga A,Bezirksmeisterschaften 14.1e Senioren 55+ Nord | Kreismeisterschaften 14/1e Senioren 55+ Nord | Kreismeisterschaften 8-Ball Senioren 55+ Nord | Nord 1 | Nord 3,22,7,15,22.00,1382,1230,1535,78,8.48,-0.16
Wasilios Kagelidis,PP Böblingen 2 | PP Böblingen 3,Bezirksliga | Einzel | Kreisliga A,Kreismeisterschaften 9-Ball Herren Mitte | Mitte 2 | Mitte 3,10,4,6,10.00,1382,1167,1596,110,3.84,-0.16
Alpay Gürkal,BC Aalen 4 | BC Aalen 5 | PBC Aalen 2,Bezirksliga | Einzel | Kreisliga A,Kreismeisterschaften 9-Ball Herren Mitte | Mitte 1 | Mitte 2,14,1,13,14.00,1381,1187,1574,99,4.44,-0.17
Daniela Majer,BSC Göppingen 2 | BSC Göppingen 3,Bezirksliga | Einzel | Kreisliga A,BM 10er Ball Damen Ost und Mitte | BM 8er Ball Damen Ost - Mitte | BM 9er Ball Damen Ost und Mitte | Bezirksmeisterschaften 10er Ball Damen Mitte-Ost | Bezirksmeisterschaften 8er Ball Damen Mitte-Ost | Bezirksmeisterschaften 9er Ball Damen Mitte- Ost | Landesmeisterschaft 10er Ball Damen | Landesmeisterschaft 8er Ball Damen | Landesmeisterschaft 9er Ball Damen | Ost 1 | Ost 2,118,31,87,118.00,1381,1313,1448,34,42.72,-0.16
Hartmut Wegner,Pool Knights Bensheim 2,Bezirksliga,Nord 1,16,2,14,16.00,1381,1198,1564,93,4.94,-0.16
Wolfgang Krüger,PF Calw 1 | PF Calw 2 | PF Calw 3,Bezirksliga | Einzel | Kreisliga A,Bezirksmeisterschaften 10er Ball Senioren 55+ Mitte | Bezirksmeisterschaften 8er Ball Senioren 55+Mitte | Bezirksmeisterschaften 9er Ball Senioren 55+ Mitte | Kreismeisterschaften 10-Ball Senioren 55+ Mitte | Kreismeisterschaften 14/1e Senioren 55+ Mitte | Kreismeisterschaften 8-Ball Senioren 55+ Mitte | Kreismeisterschaften 9-Ball Senioren 55+ Mitte | Mitte 1 | Mitte 2 | Mitte 3 | West 2,67,20,47,67.00,1381,1292,1470,46,25.22,-0.16
Fabian Schaber,PBC Langenargen 3,Bezirksliga,Ost 2,14,2,12,14.00,1380,1191,1568,96,4.98,-0.17
Sebastian Mayer,BSV Filderstadt 2 | BSV Filderstadt 3 | BSV Filderstadt 4,Bezirksliga | Kreisliga A,Ost 1,43,7,36,43.00,1379,1265,1493,58,13.29,-0.17
Sonja Bieser,PBC Offenburg 3 | PBC Offenburg 4 | PBC Offenburg 5,Bezirksliga | Landesliga,Süd 1 | West | West 1,23,2,21,23.00,1379,1227,1530,77,7.36,-0.17
Irina Wörle,BC Sindelfingen 8,Kreisliga A,Mitte 1,6,1,5,6.00,1378,1105,1650,139,2.15,-0.17
Jörg Hechler,BSG Albstadt 1,Bezirksliga,West 2,2,0,2,2.00,1378,971,1785,207,0.80,-0.17
Ute Kiefer,CC Karlsruhe 3 | CC Karlsruhe 4 | CC Karlsruhe 5,Kreisliga A,Nord 2 | Nord 3,80,19,61,80.00,1378,1299,1458,40,33.01,-0.17
Harry Kowalczyk,CC Karlsruhe 3 | CC Karlsruhe 4 | CC Karlsruhe 5,Kreisliga A,Nord 2 | Nord 3,58,15,43,58.00,1377,1283,1470,48,23.74,-0.17
Matthias Sommer,PBV Schwetzingen 7 | PBV Schwetzingen 8,Kreisliga A,Nord 1 | Nord 2 | Nord 3,42,16,26,42.00,1377,1266,1488,56,18.07,-0.17
Alexander Schröder,BC Dätzingen 1 | BC Dätzingen 2 | BC Dätzingen 3,Bezirksliga | Kreisliga A | Landesliga,Mitte | Mitte 1 | Mitte 2 | Mitte 3 | West 2,71,17,54,71.00,1376,1288,1464,45,25.62,-0.17
Florian Martin,PBC Bräunlingen 2,Bezirksliga,West 2,1,0,1,1.00,1376,878,1873,254,0.46,-0.17
Henry Spang,BC Sindelfingen 7 | BC Sindelfingen 8,Einzel | Kreisliga A,LJM 2023 m-u15/17 10-Ball | LJM 2023 m-u15/17 8-Ball | LJM 2023 m-u15/17 9-Ball | Landesjugendmeisterschaft 2026 10-Ball U18 | Landesjugendmeisterschaft 2026 14/1e U18 | Landesjugendmeisterschaft 2026 8-Ball U18 | Landesjugendmeisterschaft 2026 9-Ball U18 | Landesjugendmeisterschaft u14-u16 14/1e | Landesjugendmeisterschaft u14-u16 8 Ball | Landesjugendmeisterschaft u14-u16 9 Ball | Landesjugendmeisterschaft u14-u22 10-Ball | Landesjugendmeisterschaft u14-u22 8-Ball | Landesjugendmeisterschaft u14-u22 9-Ball | Mitte 1 | Mitte 3,53,21,32,53.00,1375,1277,1472,50,23.64,-0.17
Mark Mende,BSV Pfullingen 2 | BSV Pfullingen 3 | BSV Pfullingen 4,Bezirksliga | Einzel | Kreisliga A,Kreismeisterschaften 8-Ball Herren Ost | Kreismeisterschaften 9-Ball Herren Ost | Ost 1,41,5,36,41.00,1375,1259,1492,60,12.33,-0.17
Dieter Ripp,PBV Schwetzingen 7 | PBV Schwetzingen 8,Kreisliga A,Nord 1 | Nord 3,23,9,14,23.00,1374,1227,1520,75,10.66,-0.17
Pascal Ueltzhoffer,JS Mingolsheim 3,Kreisliga A,Nord 2,6,2,4,6.00,1374,1112,1636,134,3.04,-0.17
Rüdiger Theis,Tübinger BC 1 | Tübinger BC 2 | Tübinger BC 3,Bezirksliga | Kreisliga A,Ost 1 | West 2,37,9,28,37.00,1374,1253,1495,62,13.92,-0.17
Thomas Ehrenfried,Pool Knights Bensheim 3 | Pool Knights Bensheim 4,Kreisliga A,Nord 1 | Nord 2 | Nord 3,60,21,39,60.00,1374,1283,1465,46,25.17,-0.17
Fabienne Weiß,BBC Plochingen 2,Bezirksliga | Einzel,Landesmeisterschaft 14.1e Damen | Ost 1,4,1,3,4.00,1373,1048,1698,166,1.53,-0.17
Ludwig Sandrik,PBV Rottweil 2,Bezirksliga,West 2,10,3,7,10.00,1373,1159,1586,109,4.34,-0.18
Norbert Arnt,Pool Knights Bensheim 3,Kreisliga A,Nord 2,6,0,6,6.00,1373,1107,1639,136,2.44,-0.17
Carsten Kalitz,BF Bruchsal 2 | BF Bruchsal 3,Bezirksliga | Kreisliga A,Nord 2 | Nord 3,20,4,16,20.00,1372,1217,1527,79,7.81,-0.18
Emir Musinovic,BSV Konstanz 1,Landesliga,Ost,2,0,2,2.00,1372,914,1829,233,0.43,-0.18
Levend Bas,BC Weingarten 1 | BC Weingarten 2,Kreisliga A | Landesliga,Ost | Ost 2,24,6,18,24.00,1372,1227,1518,74,8.29,-0.18
Dominic  Spar,PBC Rastatt 1 | PBC Rastatt 2,Kreisliga A,Mitte 1 | Mitte 2,19,4,15,19.00,1371,1212,1531,81,7.43,-0.18
Peter Rupprecht,PBC Waghäusel 4,Bezirksliga | Kreisliga A,Nord 1 | Nord 2,21,5,16,21.00,1371,1213,1528,80,8.45,-0.18
Alexander Haas,TV Cannstatt 4,Kreisliga A,Mitte 3,3,0,3,3.00,1370,1019,1722,180,1.24,-0.18
Domenik Dreibach,PBC Bräunlingen 2,Bezirksliga | Einzel | Landesliga,Bezirksmeisterschaften 8er Ball Herren West | Bezirksmeisterschaften 9er Ball Herren West | Kreismeisterschaften 8-Ball Herren West | Kreismeisterschaften 9-Ball Herren West | Süd | West 1,33,7,26,33.00,1370,1244,1497,65,12.27,-0.18
Luka Antic Aufn.: 20; Ø: 0.45,,Einzel,Landesjugendmeisterschaft 2026 14/1e U18,1,0,1,1.00,1370,865,1876,258,0.38,-0.18
Marius-Ionut Baniceru,BC Stuttgart 1891 4 | BC Stuttgart 1891 6,Kreisliga A,Mitte 1 | Ost 1,19,4,15,19.00,1370,1209,1531,82,7.07,-0.18
Peter Puff,PBC Waghäusel 2 | PBC Waghäusel 3 | PBC Waghäusel 4,Bezirksliga | Kreisliga A | Landesliga,Nord | Nord 1 | Nord 2,29,3,26,29.00,1370,1230,1510,71,8.36,-0.18
Alexander Rommel,BSC Göppingen 2 | BSC Göppingen 3,Bezirksliga | Einzel | Kreisliga A,Kreismeisterschaften 9-Ball Herren Ost | Ost 1,17,5,12,17.00,1369,1198,1540,87,6.88,-0.18
Alfred Pfaff,BSC Lions Bietigheim 1 | BSC Lions Bietigheim 2,Bezirksliga | Kreisliga A,Mitte 1 | Mitte 2 | Mitte 4,70,12,58,70.00,1368,1276,1461,47,20.18,-0.18
Aurel Casagrande,BC Feuersee 4 | BSV Shooters Fellbach 3 | TV Cannstatt 3,Kreisliga A,Mitte 2 | Mitte 3 | Ost 2,12,3,9,12.00,1368,1163,1573,105,4.30,-0.18
Christian Oest,BBV Mannheim 2 | BBV Mannheim 3,Bezirksliga | Kreisliga A,Nord 1 | Nord 2,5,1,4,5.00,1368,1077,1658,148,2.38,-0.18
Marcel Cecotti,BC Dätzingen 1 | BC Dätzingen 2,Bezirksliga | Landesliga,Mitte | Mitte 1 | Mitte 2,18,1,17,18.00,1368,1185,1552,94,4.74,-0.18
Timo Buske,PBC Aalen 2,Einzel | Kreisliga A,Kreismeisterschaften 10-Ball Herren Mitte | Mitte 1 | Mitte 3,32,7,25,32.00,1368,1241,1495,65,11.51,-0.18
Andreas Looser,PBC Langenargen 1 | PBC Langenargen 2 | PBC Langenargen 3,Bezirksliga | Einzel | Kreisliga A,Kreismeisterschaften 9-Ball Herren Ost | Ost 2 | Süd 2,71,9,62,71.00,1367,1278,1457,45,21.79,-0.18
Heike Salch,PBV Schwetzingen 5 | PBV Schwetzingen 8 | PBV Schwetzingen 9,Kreisliga A,Nord 1 | Nord 2,30,11,19,30.00,1367,1239,1496,66,12.86,-0.18
Jutta Ute Kreimes,BF Bruchsal 3 | BF Bruchsal 4,Kreisliga A,Nord 1 | Nord 3,83,20,63,83.00,1367,1288,1447,41,30.12,-0.18
Hannes Reißner,Tübinger BC 1 | Tübinger BC 2,Bezirksliga | Kreisliga A,Ost 1,9,5,4,9.00,1366,1143,1588,114,4.13,-0.18
Patrick Haudek,PBV Rottweil 2,Bezirksliga,West 2,4,0,4,4.00,1366,1044,1689,164,1.58,-0.18
Sergej Kirtkov,PBV Schwetzingen 5,Kreisliga A,Nord 1,2,0,2,2.00,1366,944,1788,215,0.64,-0.18
Stephan Reber,PBC Freudenstadt 3,Bezirksliga,West 1,6,0,6,6.00,1366,1088,1644,142,1.97,-0.18
Lukas Bruchmann,PBC Aalen 2,Kreisliga A,Ost 2,2,0,2,2.00,1365,942,1788,216,0.64,-0.19
Michael Vollmer,,Einzel,Kreismeisterschaften 8-Ball Herren Ost,2,0,2,2.00,1364,925,1804,224,0.52,-0.19
Kevin Hähnel,BV Backnang/Welzheim 1,Kreisliga A,Mitte 1 | Ost 2,3,1,2,3.00,1363,1008,1718,181,1.44,-0.19
Stefan Jost,PP Karlsbad 1,Bezirksliga,Nord 2,28,4,24,28.00,1363,1221,1504,72,8.71,-0.19
Thorsten Späth,Mannheimer BF 5,Kreisliga A,Nord 1,10,5,5,10.00,1363,1152,1574,107,4.65,-0.19
Gerald Greene,PBC Pfedelbach 2,Bezirksliga,Nord 2,16,3,13,16.00,1362,1183,1541,91,5.32,-0.19
Frank Reichert,PBC Freudenstadt 3 | PBC Freudenstadt 4,Bezirksliga,West 1,23,5,18,23.00,1361,1211,1511,76,7.97,-0.19
Joschua Bareiss,JS Mingolsheim 3,Bezirksliga,Nord 1,7,0,7,7.00,1361,1076,1646,145,1.59,-0.19
Sascha Jungwirth,BSC Lions Bietigheim 1 | BSC Lions Bietigheim 2,Bezirksliga | Kreisliga A,Mitte 1 | Mitte 2 | Mitte 4 | West 1,54,13,41,54.00,1361,1258,1463,52,16.99,-0.19
Thomas Frommer,BC Feuersee 4 | BC Sindelfingen 7,Einzel | Kreisliga A,Kreismeisterschaften 9-Ball Herren Mitte | Mitte 2 | Mitte 3,17,6,11,17.00,1361,1188,1534,88,7.02,-0.19
Catalin Damian Aufn.: 1; Ø: 0.00,,Einzel,Kreismeisterschaften 14/1e Herren Mitte,1,0,1,1.00,1360,799,1921,286,0.19,-0.19
Dominik Mogel,PBC Bräunlingen 2,Bezirksliga | Einzel | Landesliga,Bezirksmeisterschaften 8er Ball Herren West | Kreismeisterschaften 8-Ball Herren West | Kreismeisterschaften 9-Ball Herren West | Süd | West 1,37,8,29,37.00,1358,1238,1478,61,12.84,-0.19
Josip Guja,PBV Schwetzingen 5 | PBV Schwetzingen 6 | PBV Schwetzingen 7 | PBV Schwetzingen 8,Bezirksliga | Einzel | Kreisliga A,Bezirksmeisterschaften 10er Ball Senioren 45+ Nord | Bezirksmeisterschaften 10er Ball Senioren Nord | Kreismeisterschaften 10-Ball Senioren Nord | Kreismeisterschaften 8-Ball Senioren Nord | Kreismeisterschaften 9-Ball Senioren Nord | Nord 1 | Nord 2,51,18,33,51.00,1358,1256,1460,52,19.72,-0.19
Lucas Ruschke,BV Villingen-Schwenningen 2,Bezirksliga,West 1 | West 2,67,16,51,67.00,1357,1269,1445,45,24.24,-0.19
Christin Jentsch,PBC Aalen 2,Kreisliga A,Mitte 1 | Mitte 3 | Ost 2,38,7,31,38.00,1356,1239,1473,60,12.88,-0.20
Tobias Linnow,BSV Shooters Fellbach 3,Kreisliga A,Ost 2,1,0,1,1.00,1356,844,1867,261,0.36,-0.20
Claudio Severino,Tübinger BC 3,Kreisliga A,West 2,2,0,2,2.00,1355,921,1790,222,0.63,-0.20
Jochen Geiß,PBC Ochsenhausen 2 | PBC Ochsenhausen 3,Bezirksliga | Kreisliga A,Ost 2 | Süd 2,26,8,18,26.00,1355,1216,1493,71,9.69,-0.20
Martin Gießler,PBC Offenburg 6,Bezirksliga,West 1,4,0,4,4.00,1355,1027,1682,167,1.29,-0.20
Irina Killian,BBV Mannheim 2 | BBV Mannheim 3,Bezirksliga | Einzel | Kreisliga A,BM 10er Ball Ladies Nord | BM 8er Ball Ladies Nord | BM 9er Ball Ladies Nord | Bezirksmeisterschaften 10er Ball Ladies Nord-Mitte | Bezirksmeisterschaften 10er Ball Ladies Nord-Mitte-West | Bezirksmeisterschaften 14.1e Ladies NM | Bezirksmeisterschaften 14.1e Ladies Nord Mitte West | Bezirksmeisterschaften 8er Ball Ladies Nord-Mitte-West | Bezirksmeisterschaften 9er Ball Ladies  Nord Mitte  West | Bezirksmeisterschaften 9er Ball Ladies Nord-Mitte-West | Landesmeisterschaft 10er Ball Ladies | Landesmeisterschaft 14.1e Ladies | Landesmeisterschaft 8er Ball Ladies | Landesmeisterschaft 9er Ball Ladies | Landesmeisterschaft 9er Ball Ladies 1 | Nord 1 | Nord 2,133,44,89,133.00,1354,1292,1417,32,55.80,-0.19
Lothar Hirsch,PBC Bietigheim-Bissingen 2 | PBC Bietigheim-Bissingen 3 | PBC Bietigheim-Bissingen 4,Bezirksliga | Kreisliga A,Mitte 1 | Mitte 2 | Mitte 3 | Ost 2,61,15,46,61.00,1354,1262,1445,47,22.69,-0.20
Thomas Sander,CC Karlsruhe 4,Kreisliga A,Nord 1 | Nord 2,40,14,26,40.00,1354,1242,1467,58,15.46,-0.20
Berthold Gillich,BV Pforzheim 3 | BV Pforzheim 4,Bezirksliga | Kreisliga A,Mitte 1 | Mitte 3,31,9,22,31.00,1353,1225,1482,66,11.89,-0.20
Daniel Nieter,TV Cannstatt 2 | TV Cannstatt 4,Kreisliga A,Mitte 1 | Mitte 2 | Mitte 3,63,13,50,63.00,1353,1260,1446,47,21.12,-0.20
Maherr Raad Sada,BC Dallau 3,Kreisliga A,Nord 2,4,1,3,4.00,1353,1018,1689,171,1.60,-0.20
Tamara Grad,BSV Pfullingen 3 | BSV Pfullingen 4,Bezirksliga | Kreisliga A,Ost 1,24,6,18,24.00,1353,1208,1499,74,8.52,-0.20
Wilhelm Engelbrecht,BC Feuersee 1 | BC Feuersee 2 | BC Feuersee 6,Kreisliga A,Mitte 1 | Mitte 2 | Mitte 4,80,13,67,80.00,1353,1271,1435,42,28.96,-0.20
Ingo Speidel,PBC Reutlingen 3,Bezirksliga,Ost 1,27,0,27,27.00,1352,1202,1503,77,6.66,-0.20
Roland Kirchmaier,BC Weingarten 1 | BC Weingarten 2,Bezirksliga | Kreisliga A,Ost 2 | Süd 2,30,11,19,30.00,1352,1223,1480,66,11.32,-0.20
Stefan Schilling,PBV Schwetzingen 9,Kreisliga A,Nord 2,9,3,6,9.00,1352,1126,1577,115,4.03,-0.20
Andreas Keilmann Aufn.: 1; Ø: 0.00,,Einzel,Bezirksmeisterschaften 14.1e Senioren 45+ Mitte,1,0,1,1.00,1351,791,1910,285,0.20,-0.20
Mario Mayer,PBC Rastatt 2,Kreisliga A,Mitte 1,2,0,2,2.00,1351,941,1760,209,0.82,-0.20
Markus Schwenke,PBC Aalen 2,Kreisliga A,Mitte 1 | Mitte 2 | Mitte 3,39,7,32,39.00,1351,1232,1470,61,12.18,-0.20
Peter Gerlach,PBC Aalen 1 | PBC Aalen 2,Kreisliga A | Landesliga,Mitte | Mitte 1 | Ost 2,25,6,19,25.00,1351,1204,1497,75,8.29,-0.20
Michael Sigloch,Pool Knights Bensheim 3,Kreisliga A,Nord 2,7,3,4,7.00,1350,1094,1606,131,2.60,-0.20
Simon Koch,BSV Filderstadt 5,Kreisliga A,Ost 1,13,3,10,13.00,1350,1161,1538,96,5.15,-0.20
Florian Weber,PBC Ochsenhausen 2 | PBC Ochsenhausen 3,Kreisliga A,Ost 2,4,0,4,4.00,1349,1002,1696,177,1.08,-0.20
Franz Frauenhoffer,PBC Bad Saulgau 3,Kreisliga A,Ost 2,2,0,2,2.00,1348,936,1760,210,0.78,-0.21
Vladimir Poplakov,BC Sindelfingen 7,Kreisliga A,Mitte 3,22,3,19,22.00,1348,1194,1501,78,7.57,-0.21
Sebastian  Dettling,PBC Bad Saulgau 2 | PBC Bad Saulgau 3,Bezirksliga | Kreisliga A,Ost 2,40,5,35,40.00,1347,1232,1462,59,13.14,-0.21
Tobias Banzhaf,BSC Göppingen 2,Bezirksliga,Ost 1,17,3,14,17.00,1347,1167,1528,92,5.05,-0.21
Hasanian Altamermi,JS Mingolsheim 3 | JS Mingolsheim 4,Kreisliga A,Nord 1 | Nord 2,11,6,5,11.00,1345,1144,1546,103,5.64,-0.21
Maxime Tereba,PBC Bruchsal 3 | PBC Bruchsal 4,Bezirksliga | Einzel | Kreisliga A,Kreismeisterschaften 10-Ball Herren Nord | Kreismeisterschaften 14.1e Herren Nord | Kreismeisterschaften 8-Ball Herren Nord | Kreismeisterschaften 9-Ball Herren Nord | Nord 1 | Nord 2 | Nord 3,77,18,59,77.00,1345,1261,1428,43,26.94,-0.21
Daniel Klapper,BC Sindelfingen 6 | BC Sindelfingen 7 | PP Böblingen 2,Bezirksliga | Einzel | Kreisliga A,BM 8er Ball Herren Mitte | Kreismeisterschaften 10-Ball Herren Mitte | Kreismeisterschaften 14.1e Herren Mitte | Kreismeisterschaften 8-Ball Herren Mitte | Mitte 1 | Mitte 2 | West 2,80,10,70,80.00,1344,1255,1433,45,20.81,-0.21
Ilyas Fölker,PBC Bad Saulgau 3,Kreisliga A,Ost 2,2,1,1,2.00,1344,939,1749,207,0.98,-0.21
Jan Simon,BV Villingen-Schwenningen 2,Bezirksliga,West 1 | West 2,5,0,5,5.00,1344,1037,1652,157,1.45,-0.21
Martin Kurschatke,PBC Schwäbisch Hall 2,Bezirksliga,Mitte 1 | Nord 2,12,1,11,12.00,1344,1127,1560,110,3.28,-0.21
Jens Schrader,PBC Rastatt 1 | PBC Rastatt 2,Kreisliga A,Mitte 1 | Mitte 2 | Mitte 3,33,9,24,33.00,1343,1218,1469,64,12.18,-0.21
Michael Bauer,PBV Rottweil 2,Bezirksliga,West 2,20,2,18,20.00,1343,1179,1508,84,5.96,-0.21
Rico Horst,PBC Bad Saulgau 3,Kreisliga A,Ost 2,9,0,9,9.00,1343,1098,1588,125,2.40,-0.21
Enis Eminovic,BC Sindelfingen 7,Kreisliga A,Mitte 2,8,1,7,8.00,1341,1092,1591,127,2.67,-0.21
Marouen Marzouki,BC Stuttgart 1891 4 | BC Stuttgart 1891 6,Kreisliga A,Mitte 1 | Ost 1,18,6,12,18.00,1341,1176,1505,84,7.12,-0.21
Wilhelm Schaier,BF Bruchsal 3,Kreisliga A,Nord 1,4,0,4,4.00,1340,1013,1666,166,1.35,-0.22
Andreas Wagner,BC Bad Schussenried 1 | BC Bad Schussenried 2 | BC Bad Schussenried 3 | BC Bad Schussenried 4 | BC Bad Schussenried 5,Bezirksliga | Kreisliga A,Ost 2,46,9,37,46.00,1339,1229,1449,56,15.01,-0.22
Frank-Bernd Wieczorek,BC Sindelfingen 6 | BC Sindelfingen 7 | BC Sindelfingen 8 | PBC Pfedelbach 1 | PBC Pfedelbach 2,Bezirksliga | Einzel | Kreisliga A | Landesliga,Kreismeisterschaften 10-Ball Herren Mitte | Kreismeisterschaften 10-Ball Herren Nord | Kreismeisterschaften 8-Ball Herren Nord | Kreismeisterschaften 9-Ball Herren Mitte | Kreismeisterschaften 9-Ball Herren Nord | Kreismeisterschaften 9-Ball Senioren Mitte | Mitte 1 | Mitte 3 | Nord | Nord 2,70,5,65,70.00,1339,1242,1436,49,16.85,-0.22
Melanie Kiefer,PBC Offenburg 3 | PBC Offenburg 4 | PBC Offenburg 5 | PBC Offenburg 6,Bezirksliga | Landesliga,Süd 1 | West | West 1,44,7,37,44.00,1339,1226,1452,58,13.76,-0.22
Evi Leder,PBC Bruchsal 3 | PP Karlsbad 1 | PP Karlsbad 2,Einzel | Kreisliga A | Landesliga,BM 10er Ball Ladies Nord | BM 9er Ball Ladies Nord | Bezirksmeisterschaften 10er Ball Ladies Nord Mitte West | Bezirksmeisterschaften 10er Ball Ladies Nord-Mitte-West | Bezirksmeisterschaften 14.1e Ladies NM | Bezirksmeisterschaften 14.1e Ladies Nord Mitte West | Bezirksmeisterschaften 8er Ball Ladies Nord-Mitte-West | Bezirksmeisterschaften 9er Ball Ladies  Nord Mitte  West | Bezirksmeisterschaften 9er Ball Ladies Nord-Mitte-West | Landesmeisterschaft 10er Ball Damen | Landesmeisterschaft 10er Ball Ladies | Landesmeisterschaft 14.1e Ladies | Landesmeisterschaft 8er Ball Ladies | Landesmeisterschaft 9er Ball Ladies | Landesmeisterschaft 9er Ball Ladies 1 | Nord | Nord 1 | Nord 2 | Nord 3,157,48,109,157.00,1337,1279,1394,29,64.05,-0.22
Marian Lacatus,BC Dallau 3,Kreisliga A,Nord 2,10,5,5,10.00,1337,1118,1556,112,3.72,-0.22
Sebastian König,BC Sindelfingen 8,Kreisliga A,Mitte 1 | Mitte 3,11,3,8,11.00,1337,1120,1554,111,3.66,-0.22
Christian Süß,BSF Kurpfalz 2 | BSF Kurpfalz 3,Bezirksliga | Einzel | Kreisliga A,Kreismeisterschaften 10-Ball Herren Nord | Nord 1 | Nord 2 | Nord 3,58,16,42,58.00,1336,1241,1430,48,21.92,-0.22
Tajana Dürr-Smokovic,BSC Göppingen 3,Bezirksliga | Einzel,Bezirksmeisterschaften 10er Ball Damen Mitte-Ost | Bezirksmeisterschaften 8er Ball Damen Mitte-Ost | Ost 1,13,2,11,13.00,1336,1129,1543,106,3.54,-0.22
Andrej Leber,JS Mingolsheim 3,Bezirksliga,Nord 1,4,0,4,4.00,1335,953,1718,195,0.73,-0.22
Anita Massow,BSV Tiengen 3,Bezirksliga,West 2,5,0,5,5.00,1335,1019,1651,161,1.38,-0.22
Annette Popp,BC Feuersee 3,Kreisliga A,Mitte 1,2,0,2,2.00,1335,914,1756,215,0.76,-0.22
Juliane Breunig,BC Aalen 5,Kreisliga A,Mitte 1,7,1,6,7.00,1335,1072,1598,134,2.22,-0.22
Katrin Quaschinsky,CC Karlsruhe 3 | CC Karlsruhe 4 | CC Karlsruhe 5,Bezirksliga | Einzel | Kreisliga A,BM 10er Ball Ladies Nord | BM 8er Ball Ladies Nord | BM 9er Ball Ladies Nord | Bezirksmeisterschaften 10er Ball Ladies Nord-Mitte | Bezirksmeisterschaften 10er Ball Ladies Nord-Mitte-West | Bezirksmeisterschaften 14.1e Ladies NM | Bezirksmeisterschaften 8er Ball Ladies Nord-Mitte-West | Bezirksmeisterschaften 9er Ball Ladies Nord-Mitte-West | Landesmeisterschaft 10er Ball Ladies | Landesmeisterschaft 8er Ball Ladies | Landesmeisterschaft 9er Ball Ladies | Nord 1 | Nord 2,93,28,65,93.00,1335,1261,1408,38,38.78,-0.22
Pascal Witt,PBC Bruchsal 3,Kreisliga A,Nord 1 | Nord 2,50,14,36,50.00,1335,1235,1436,51,19.06,-0.22
Saskia Schirmer,CC Karlsruhe 4 | CC Karlsruhe 5,Einzel | Kreisliga A,BM 10er Ball Ladies Nord | BM 8er Ball Ladies Nord | Bezirksmeisterschaften 10er Ball Ladies Nord Mitte West | Bezirksmeisterschaften 8er Ball Ladies Nord-Mitte-West | Landesmeisterschaft 10er Ball Ladies | Landesmeisterschaft 8er Ball Ladies | Nord 1 | Nord 2,88,24,64,88.00,1335,1258,1413,40,32.28,-0.22
Susanne Schweter,BBV Mannheim 1 | BBV Mannheim 2 | BBV Mannheim 3,Bezirksliga | Einzel | Kreisliga A | Landesliga,BM 10er Ball Ladies Nord | BM 8er Ball Ladies Nord | BM 9er Ball Ladies Nord | Bezirksmeisterschaften 10er Ball Ladies Nord Mitte West | Bezirksmeisterschaften 10er Ball Ladies Nord-Mitte | Bezirksmeisterschaften 10er Ball Ladies Nord-Mitte-West | Bezirksmeisterschaften 14.1e Ladies NM | Bezirksmeisterschaften 14.1e Ladies Nord Mitte West | Bezirksmeisterschaften 8er Ball Ladies Nord-Mitte-West | Bezirksmeisterschaften 9er Ball Ladies  Nord Mitte  West | Bezirksmeisterschaften 9er Ball Ladies Nord-Mitte-West | Landesmeisterschaft 10er Ball Ladies | Landesmeisterschaft 14.1e Ladies | Landesmeisterschaft 8er Ball Ladies | Landesmeisterschaft 9er Ball Ladies | Landesmeisterschaft 9er Ball Ladies 1 | Nord | Nord 1,146,55,91,146.00,1335,1275,1394,30,61.62,-0.22
Annette Köster,PBC Langenargen 3,Bezirksliga | Kreisliga A,Ost 2,14,2,12,14.00,1333,1133,1533,102,3.78,-0.22
Jörg Lingl,PBC Ochsenhausen 3,Einzel | Kreisliga A,Bezirksmeisterschaften 10er Ball Senioren Ost | Kreismeisterschaften 8-Ball Senioren Ost | Ost 2,17,4,13,17.00,1333,1157,1509,90,5.91,-0.22
Achim Stoll,BSV Filderstadt 4 | BSV Filderstadt 5 | BSV Filderstadt 6,Kreisliga A | Landesliga,Ost | Ost 1,57,16,41,57.00,1331,1233,1428,50,19.18,-0.23
Pia Albersmeier,PBC Aalen 2,Einzel | Kreisliga A,Bezirksmeisterschaften 10er Ball Damen Mitte-Ost | Bezirksmeisterschaften 8er Ball Damen Mitte-Ost | Landesmeisterschaft 8er Ball Damen | Mitte 1 | Mitte 3,33,7,26,33.00,1331,1203,1459,65,10.28,-0.22
Daniel Cavalleri,PBC Offenburg 5,Bezirksliga | Einzel,Landesjugendmeisterschaft 2026 10-Ball U14 | Landesjugendmeisterschaft 2026 14/1 U14 | Landesjugendmeisterschaft 2026 8-Ball U14 | Landesjugendmeisterschaft 2026 9-Ball U14 | Süd 1 | West 1,47,13,34,47.00,1330,1223,1437,54,18.57,-0.23
Markus Schneider,BV Pforzheim 4,Einzel | Kreisliga A,Kreismeisterschaften 8-Ball Senioren 55+ Nord | Landesjugendmeisterschaft 2026 10-Ball U14 | Landesjugendmeisterschaft 2026 14/1 U14 | Landesjugendmeisterschaft 2026 8-Ball U14 | Landesjugendmeisterschaft 2026 9-Ball U14 | West 1,23,9,14,23.00,1330,1179,1481,77,10.80,-0.23
Melanie Wolf,PBC Bräunlingen 2,Bezirksliga,West 2,1,0,1,1.00,1330,815,1845,263,0.39,-0.23
Aaron Bruggesser,PBC Bad Saulgau 3 | PBC Bad Saulgau 4,Kreisliga A,Ost 2,29,3,26,29.00,1329,1187,1470,72,8.30,-0.23
Alfi Müller,BC Feuersee 3 | BC Feuersee 4,Kreisliga A,Mitte 1 | Mitte 2,17,2,15,17.00,1328,1144,1512,94,4.57,-0.23
Bernd Ulrich,BSV Shooters Fellbach 3,Kreisliga A,Ost 2,2,0,2,2.00,1328,885,1770,226,0.54,-0.23
Nuno Brenner Miguel,PBV Schwetzingen 5 | PBV Schwetzingen 8 | PBV Schwetzingen 9,Kreisliga A,Nord 1 | Nord 2,61,15,46,61.00,1327,1235,1420,47,22.87,-0.23
Dimitris Patsirogiannis,BF Weinheim-Viernheim 3 | BF Weinheim-Viernheim 4,Einzel | Kreisliga A,Landesjugendmeisterschaft u14-u22 10-Ball | Landesjugendmeisterschaft u14-u22 9-Ball | Nord 1 | Nord 2,34,8,26,34.00,1326,1203,1448,62,12.90,-0.23
Kay Maier,PBC Langenargen 4,Kreisliga A,Ost 2,28,3,25,28.00,1326,1187,1464,71,8.77,-0.23
Sergej Kovalev,BV Pforzheim 3,Einzel | Kreisliga A,Kreismeisterschaften 10-Ball Herren Mitte | Mitte 1 | Mitte 4,22,3,19,22.00,1326,1161,1491,84,6.16,-0.23
Andreas Wolf,PBC Freudenstadt 2 | PBC Freudenstadt 3 | PBC Freudenstadt 4,Bezirksliga | Landesliga,West | West 1,8,0,8,8.00,1325,1075,1574,127,2.49,-0.23
Semsettin Özkan,BC Feuersee 5 | BC Feuersee 6,Kreisliga A,Mitte 2 | Mitte 4,21,3,18,21.00,1325,1164,1487,82,6.87,-0.23
Alicia Baum,PBC Rastatt 2,Kreisliga A,Mitte 1 | Mitte 3,46,14,32,46.00,1323,1215,1431,55,16.79,-0.23
Christian Thanner,BC Feuersee 4 | BC Sindelfingen 7,Kreisliga A,Mitte 2 | Mitte 3,26,6,20,26.00,1323,1178,1468,74,8.52,-0.23
Susi Harbrecht-Berndt,BULL Leonberg-Höfingen 2 | BULL Leonberg-Höfingen 3 | PP Böblingen 2,Einzel | Kreisliga A,Bezirksmeisterschaften 10er Ball Ladies Nord-Mitte | Bezirksmeisterschaften 10er Ball Ladies Nord-Mitte-West | Bezirksmeisterschaften 14.1e Ladies NM | Bezirksmeisterschaften 8er Ball Ladies Nord-Mitte-West | Bezirksmeisterschaften 9er Ball Ladies  Nord Mitte  West | Bezirksmeisterschaften 9er Ball Ladies Nord-Mitte-West | Landesmeisterschaft 10er Ball Ladies | Landesmeisterschaft 8er Ball Ladies | Mitte 1 | Mitte 2 | Mitte 4 | West 2,109,30,79,109.00,1323,1253,1394,36,39.55,-0.23
Jan Fischer,BC Dätzingen 3,Kreisliga A,Mitte 3,4,0,4,4.00,1321,987,1655,170,1.24,-0.24
Kim Simon,Mannheimer BF 4,Kreisliga A,Nord 2,12,3,9,12.00,1321,1116,1525,104,4.01,-0.24
Mario Kraus,BSV Pfullingen 4 | BSV Pfullingen 5,Bezirksliga | Kreisliga A,Ost 1,12,0,12,12.00,1321,1117,1525,104,4.01,-0.24
Sebastian Roßberg,BC Dätzingen 1 | BC Dätzingen 2 | BC Dätzingen 3,Bezirksliga | Kreisliga A,Mitte 1 | Mitte 2 | Mitte 3,23,3,20,23.00,1321,1162,1481,81,6.52,-0.24
Andreas Höhn,BC Feuersee 4 | BC Feuersee 6,Einzel | Kreisliga A,Kreismeisterschaften 10-Ball Herren Mitte | Kreismeisterschaften 8-Ball Herren Mitte | Kreismeisterschaften 9-Ball Herren Mitte | Mitte 1 | Mitte 2 | Mitte 4,76,19,57,76.00,1320,1234,1405,44,25.71,-0.24
Oliver Nies,BC Dallau 3,Kreisliga A,Nord 2,9,0,9,9.00,1320,1076,1563,124,2.52,-0.24
Sandra Lutz,PBC Rastatt 2,Kreisliga A,Mitte 3,18,2,16,18.00,1319,1142,1495,90,5.35,-0.24
Jan-Phillip Heilmann,JS Mingolsheim 3 | JS Mingolsheim 4,Bezirksliga | Kreisliga A,Nord 1,26,3,23,26.00,1318,1161,1475,80,6.63,-0.24
Anastasios Kiriakidis,,Einzel,Kreismeisterschaften 9-Ball Herren Mitte,2,0,2,2.00,1317,822,1813,253,0.41,-0.24
Franz Rehberger,PBV Schwetzingen 8,Kreisliga A,Nord 3,4,1,3,4.00,1316,983,1649,170,1.62,-0.24
Jozsef Mark,PBC Nagoldtal 3,Kreisliga A,Mitte 4,2,0,2,2.00,1316,904,1728,210,0.86,-0.24
Lukas Böser,JS Mingolsheim 3 | JS Mingolsheim 4,Bezirksliga | Einzel | Kreisliga A,Bezirksmeisterschaften 8er Ball Herren Nord | Kreismeisterschaften 10-Ball Herren Nord | Kreismeisterschaften 8-Ball Herren Nord | Nord 1 | Nord 2,66,15,51,66.00,1316,1222,1410,48,20.04,-0.24
Patricia Kaffesi,PBC Freudenstadt 4,Bezirksliga | Einzel,BM 10er Ball Damen West und Nord | BM 8er Ball Damen West | Bezirksmeisterschaften 10er Ball Damen West | Bezirksmeisterschaften 14.1e Damen West | Bezirksmeisterschaften 8er Ball Damen West | Bezirksmeisterschaften 9er Ball Damen West | Landesmeisterschaft 10er Ball Damen | Landesmeisterschaft 14.1e Damen | Landesmeisterschaft 8er Ball Damen | Landesmeisterschaft 9er Ball Damen | West 1,72,11,61,72.00,1316,1227,1405,45,21.95,-0.24
Michael Maihöfer,Tübinger BC 2 | Tübinger BC 3,Kreisliga A,Ost 1,16,4,12,16.00,1315,1132,1497,93,4.94,-0.24
Stephan Lorenz,Pool Knights Bensheim 4,Kreisliga A,Nord 3,14,1,13,14.00,1315,1120,1510,99,4.48,-0.24
Michael Czeringer,BC Feuersee 5 | BC Feuersee 6,Kreisliga A,Mitte 2 | Mitte 4,21,4,17,21.00,1314,1154,1475,82,7.40,-0.24
Bernd Wasserrab,Pool Knights Bensheim 3,Kreisliga A,Nord 2,8,1,7,8.00,1312,1076,1547,120,3.43,-0.25
Harald Feuerlein,BF Bronnen 1,Kreisliga A,Ost 2,1,0,1,1.00,1312,756,1868,284,0.25,-0.25
Benjamin Repphun,BC Feuersee 3,Kreisliga A,Mitte 1,15,2,13,15.00,1311,1107,1515,104,3.63,-0.25
Dani Omar El-Rajab,BC Sindelfingen 8,Kreisliga A,Mitte 1,6,2,4,6.00,1311,1028,1594,144,2.22,-0.25
Marcus Winter,Pool Knights Bensheim 3,Kreisliga A,Nord 2,20,7,13,20.00,1311,1156,1466,79,8.30,-0.25
Tobias Schneider,BF Bronnen 1,Kreisliga A,Ost 2,1,0,1,1.00,1310,789,1832,266,0.39,-0.25
Hülya Kaya-Yesil,PP Karlsbad 2,Kreisliga A,Nord 3,2,0,2,2.00,1309,881,1738,219,0.67,-0.25
Andreas Hollesen,CC Karlsruhe 4 | CC Karlsruhe 5,Kreisliga A,Nord 1 | Nord 2,83,16,67,83.00,1308,1227,1390,42,27.11,-0.25
Christian Oetken,BC Neckarsulm 2,Einzel | Kreisliga A,Kreismeisterschaften 10-Ball Senioren Nord | Kreismeisterschaften 14.1e Senioren Nord | Kreismeisterschaften 8-Ball Senioren Nord | Kreismeisterschaften 9-Ball Senioren Nord | Nord 3,13,1,12,13.00,1308,1089,1527,112,2.97,-0.25
Mendbayar Renchin,BC Stuttgart 1891 3,Kreisliga A,Mitte 2,2,0,2,2.00,1308,895,1722,211,0.87,-0.25
Ronny Gabriel,BC Dreiländereck 1,Bezirksliga | Einzel,Kreismeisterschaften 9-Ball Herren West | West 1,19,3,16,19.00,1307,1139,1476,86,6.14,-0.25
Manuel Schröder,BC Feuersee 3,Kreisliga A,Mitte 1,10,0,10,10.00,1306,1061,1551,125,2.34,-0.25
Tobias Zeller,BC Aalen 4 | BC Aalen 5,Bezirksliga | Einzel | Kreisliga A,Kreismeisterschaften 9-Ball Herren Mitte | Mitte 1 | Mitte 2,15,2,13,15.00,1306,1104,1507,103,3.94,-0.25
Ahad Suleimanjar,BV Markdorf 2,Bezirksliga | Einzel,BM 10er Ball Senioren Ost | Kreismeisterschaften 10-Ball Senioren Ost | Kreismeisterschaften 8-Ball Senioren Ost | Ost 2,10,0,10,10.00,1305,1043,1567,134,1.88,-0.25
Filipe Coelho,PBC Bruchsal 3,Kreisliga A,Nord 1 | Nord 2,33,5,28,33.00,1305,1174,1436,67,9.96,-0.25
Oktay Aydinoglu,BV Backnang/Welzheim 1,Kreisliga A,Mitte 1,6,0,6,6.00,1304,991,1616,159,1.31,-0.26
Niklas Schilling,PBV Schwetzingen 7,Einzel | Kreisliga A,Landesjugendmeisterschaft 2026 10-Ball U22 v2 | Landesjugendmeisterschaft 2026 9-Ball U22 | Nord 1 | Nord 2,19,5,14,19.00,1303,1135,1471,86,6.37,-0.26
Gabriele Winzer-Moser,BSC St. Georgen 1,Bezirksliga | Einzel | Landesliga,BM 8er Ball Damen West | Bezirksmeisterschaften 8er Ball Damen West | Bezirksmeisterschaften 9er Ball Damen West | Landesmeisterschaft 8er Ball Damen | Landesmeisterschaft 9er Ball Damen | Süd 1 | West | West 1 | West 2,94,9,85,94.00,1302,1223,1381,40,27.71,-0.26
Lorenzo Ammazzini,CC Karlsruhe 3 | CC Karlsruhe 4 | CC Karlsruhe 5,Kreisliga A,Nord 2 | Nord 3,35,11,24,35.00,1301,1180,1422,62,13.86,-0.26
Marcin Rossa,BSV Pfullingen 5,Kreisliga A,Ost 1,10,1,9,10.00,1300,1076,1524,114,3.26,-0.26
Stefanie Rudolf,Mannheimer BF 5,Kreisliga A,Nord 1,7,2,5,7.00,1300,1042,1559,132,2.74,-0.26
Tobias Krieger,PBC Aalen 2,Kreisliga A,Mitte 2,2,0,2,2.00,1300,767,1833,272,0.26,-0.26
Jonny Silasko,Pool Knights Bensheim 3 | Pool Knights Bensheim 4,Kreisliga A,Nord 1 | Nord 2 | Nord 3,41,11,30,41.00,1298,1185,1411,58,15.02,-0.26
Otto Stefan Witt,BULL Leonberg-Höfingen 2 | BULL Leonberg-Höfingen 3,Einzel | Kreisliga A,Kreismeisterschaften 10-Ball Senioren Mitte | Kreismeisterschaften 8-Ball Senioren Mitte | Kreismeisterschaften 9-Ball Senioren Mitte | Mitte 2 | Mitte 4 | Ost 2,54,10,44,54.00,1298,1194,1403,53,15.31,-0.26
Virginia Eisen,PBC Reutlingen 2,Kreisliga A,Ost 1,2,0,2,2.00,1298,854,1741,226,0.57,-0.26
Michael Pogodda,BC Feuersee 3 | BC Feuersee 6,Kreisliga A,Mitte 1 | Mitte 2,33,6,27,33.00,1296,1164,1428,67,9.77,-0.26
Andrea Zenner,,Einzel,Bezirksmeisterschaften 10er Ball Ladies Nord Mitte West | Bezirksmeisterschaften 14.1e Ladies Nord Mitte West | Bezirksmeisterschaften 8er Ball Ladies Nord-Mitte-West | Bezirksmeisterschaften 9er Ball Ladies Nord-Mitte-West,12,4,8,12.00,1295,1098,1492,101,5.30,-0.26
Bernd Sehner,PBC Nagoldtal 2 | PBC Nagoldtal 3,Kreisliga A,Mitte 1 | Mitte 4,21,5,16,21.00,1295,1131,1460,84,6.25,-0.26
Max Barthold,PBC Ochsenhausen 4,Bezirksliga,Süd 2,2,0,2,2.00,1295,869,1721,217,0.73,-0.26
Moritz Fritsche,PBC Reutlingen 3,Bezirksliga,Ost 1,1,0,1,1.00,1295,738,1851,284,0.27,-0.27
Sebastian Engel,PF Calw 1 | PF Calw 2 | PF Calw 3,Kreisliga A,Mitte 2 | Mitte 3,24,5,19,24.00,1294,1144,1443,76,8.66,-0.27
Jürgen Großkopf,PBC Bad Saulgau 2,Bezirksliga | Kreisliga A,Ost 2 | Süd 2,12,0,12,12.00,1293,1076,1510,111,3.26,-0.27
Klaus Kappel,PBC Schwäbisch Hall 2,Bezirksliga,Mitte 1 | Nord 2,5,0,5,5.00,1293,954,1633,173,1.06,-0.27
Emin Kajkus,BSV Filderstadt 5,Kreisliga A,Ost 1,2,0,2,2.00,1292,827,1757,237,0.47,-0.27
Fabian Klausmann,BF Bruchsal 3,Einzel | Kreisliga A,Kreismeisterschaften 9-Ball Herren Nord | Nord 3,21,3,18,21.00,1291,1134,1449,80,7.54,-0.27
Florian-Madalin Baniceru,BC Stuttgart 1891 4,Kreisliga A,Mitte 1,2,0,2,2.00,1291,816,1766,242,0.44,-0.27
Ralf Koppenhöfer,CC Karlsruhe 3 | CC Karlsruhe 4 | CC Karlsruhe 5,Kreisliga A,Nord 2 | Nord 3,95,19,76,95.00,1291,1215,1367,39,32.06,-0.27
Anja Gaßmann,BF Weinheim-Viernheim 4,Kreisliga A,Nord 3,8,1,7,8.00,1290,1048,1532,123,2.92,-0.27
Björn Finkbeiner,PBC Nagoldtal 2 | PBC Nagoldtal 3,Kreisliga A,Mitte 1 | Mitte 4,35,10,25,35.00,1290,1168,1412,62,13.02,-0.27
Uwe Jansen,Tübinger BC 3,Kreisliga A,Ost 1,7,0,7,7.00,1290,1012,1567,142,1.83,-0.27
Luca Wolk,BF Weinheim-Viernheim 3 | BF Weinheim-Viernheim 4,Bezirksliga | Einzel | Kreisliga A,Landesjugendmeisterschaft 2026 10-Ball U16 | Landesjugendmeisterschaft 2026 14/1e U16 | Landesjugendmeisterschaft 2026 8-Ball U16 | Landesjugendmeisterschaft 2026 9-Ball U16 v2 | Landesjugendmeisterschaft u14-u16 10 Ball | Landesjugendmeisterschaft u14-u16 14/1e | Landesjugendmeisterschaft u14-u16 8 Ball | Landesjugendmeisterschaft u14-u16 9 Ball | Landesjugendmeisterschaft u14-u22 8-Ball | Landesjugendmeisterschaft u14-u22 9-Ball | Nord 1 | Nord 2 | Nord 3,91,21,70,91.00,1285,1206,1364,40,31.13,-0.27
Lutz Steinbach,BV Pforzheim 4,Kreisliga A,Mitte 3,8,2,6,8.00,1285,1016,1554,137,2.45,-0.28
Simone Ganß,BF Weinheim-Viernheim 4,Kreisliga A,Nord 1 | Nord 3,24,5,19,24.00,1285,1136,1434,76,7.96,-0.27
Ruben Lorch,BSV Pfullingen 5,Kreisliga A,Ost 1,14,2,12,14.00,1283,1091,1476,98,4.76,-0.28
Daniel Christoph,BV Pforzheim 3,Einzel | Kreisliga A,Kreismeisterschaften 10-Ball Herren Mitte | Kreismeisterschaften 9-Ball Herren Mitte | Mitte 1 | Mitte 4,37,4,33,37.00,1281,1154,1408,65,10.67,-0.28
Joey Isenmann,PBC Offenburg 3 | PBC Offenburg 4 | PBC Offenburg 5,Bezirksliga | Einzel | Landesliga,Bezirksmeisterschaften 10er Ball Herren West | Kreismeisterschaften 10-Ball Herren West | Kreismeisterschaften 8-Ball Herren West | Kreismeisterschaften 9-Ball Herren West | West | West 1,42,5,37,42.00,1280,1158,1403,62,10.80,-0.28
Justus Quitsch,PBC Bruchsal 4,Kreisliga A,Nord 1 | Nord 3,38,8,30,38.00,1280,1160,1401,61,11.85,-0.28
Nikolaos Michailidis,BSV Filderstadt 4 | BSV Filderstadt 5,Kreisliga A,Ost 1,11,1,10,11.00,1280,1065,1495,110,3.70,-0.28
Armin Mühlich,Pool Knights Bensheim 3,Kreisliga A,Nord 1 | Nord 2,46,10,36,46.00,1279,1171,1387,55,15.84,-0.28
Fabian Hergesell,P&S Denzlingen 4,Bezirksliga,West 1,30,6,24,30.00,1279,1137,1421,72,9.05,-0.28
Markus Hanagarth,PBC Bruchsal 3 | PBC Bruchsal 4,Bezirksliga | Kreisliga A,Nord 1 | Nord 2,52,10,42,52.00,1278,1176,1381,52,17.40,-0.28
Helmut Schröder,BC Dätzingen 1 | BC Dätzingen 2,Bezirksliga | Kreisliga A,Mitte 1 | Mitte 2,8,0,8,8.00,1275,1015,1534,132,2.12,-0.29
Hugo Uhrig,Mannheimer BF 5,Kreisliga A,Nord 1 | Nord 2 | Nord 3,23,4,19,23.00,1275,1126,1424,76,8.26,-0.28
Angelika Müller,BSC Göppingen 3,Einzel | Kreisliga A,BM 10er Ball Damen Ost und Mitte | BM 8er Ball Damen Ost - Mitte | BM 9er Ball Damen Ost und Mitte | Landesmeisterschaft 10er Ball Damen | Landesmeisterschaft 8er Ball Damen | Landesmeisterschaft 9er Ball Damen | Ost 1,31,4,27,31.00,1272,1125,1419,75,7.47,-0.29
Hoai Tu Anh Nguyen,PBC Offenburg 5,Bezirksliga | Einzel,Bezirksmeisterschaften 14.1e Damen West | Bezirksmeisterschaften 8er Ball Damen West | Bezirksmeisterschaften 9er Ball Damen West | Süd 1 | West 1,30,4,26,30.00,1271,1128,1415,73,8.09,-0.29
Maximilian Theis,PBC Reutlingen 2,Kreisliga A,Ost 1,7,1,6,7.00,1270,995,1546,141,2.10,-0.29
Rudolf Rolsin,JS Mingolsheim 3 | JS Mingolsheim 4,Kreisliga A,Nord 1 | Nord 2,20,3,17,20.00,1270,1105,1434,84,6.26,-0.29
Nguyen Tien Dung,PBC Reutlingen 3,Kreisliga A,West 2,2,0,2,2.00,1269,796,1742,241,0.46,-0.29
Mattis Wasner,BC Dallau 3,Kreisliga A,Nord 2,2,0,2,2.00,1267,818,1716,229,0.58,-0.29
Roland Möbus,CC Karlsruhe 2,Bezirksliga,Nord 1,8,0,8,8.00,1267,973,1560,150,1.50,-0.29
Diana Schäfauer,BC Neckarsulm 2 | BC Neckarsulm 3,Bezirksliga | Kreisliga A,Nord 2,12,1,11,12.00,1266,1028,1504,122,2.40,-0.29
Brigitte Uhrig,Mannheimer BF 3 | Mannheimer BF 4 | Mannheimer BF 5,Einzel | Kreisliga A,BM 10er Ball Ladies Nord | BM 8er Ball Ladies Nord | BM 9er Ball Ladies Nord | Bezirksmeisterschaften 10er Ball Ladies Nord-Mitte | Bezirksmeisterschaften 10er Ball Ladies Nord-Mitte-West | Bezirksmeisterschaften 14.1e Ladies NM | Bezirksmeisterschaften 14.1e Ladies Nord Mitte West | Bezirksmeisterschaften 8er Ball Ladies Nord-Mitte-West | Bezirksmeisterschaften 9er Ball Ladies  Nord Mitte  West | Bezirksmeisterschaften 9er Ball Ladies Nord-Mitte-West | Landesmeisterschaft 10er Ball Ladies | Landesmeisterschaft 14.1e Ladies | Landesmeisterschaft 8er Ball Ladies | Landesmeisterschaft 9er Ball Ladies | Nord 1 | Nord 2 | Nord 3,136,24,112,136.00,1265,1199,1330,33,40.88,-0.29
Bünyamin Öner,,Einzel,LJM 2023 m-u23 8-Ball | LJM 2023 m-u23 9-Ball,4,0,4,4.00,1264,827,1700,223,0.52,-0.30
Danny Golling,PBC Freudenstadt 4,Bezirksliga | Einzel,Bezirksmeisterschaften 10er Ball Herren West | Bezirksmeisterschaften 8er Ball Herren West | Kreismeisterschaften 10-Ball Herren West | Kreismeisterschaften 8-Ball Herren West | Kreismeisterschaften 9-Ball Herren West | West 1,42,4,38,42.00,1264,1132,1395,67,8.65,-0.30
Robert Pinczker,TV Cannstatt 4,Bezirksliga | Kreisliga A,Mitte 2 | Ost 1,16,1,15,16.00,1264,1061,1467,104,3.49,-0.30
Oliver Hasenfuß,BC Stuttgart 1891 4,Kreisliga A,Mitte 1,5,0,5,5.00,1261,925,1597,172,1.13,-0.30
Jennifer Bianca Metz,BC Weingarten 1,Bezirksliga | Kreisliga A,Ost 2,23,0,23,23.00,1260,1084,1436,90,4.66,-0.30
Marc Witt,BULL Leonberg-Höfingen 3,Einzel | Kreisliga A,Landesjugendmeisterschaft 2026 10-Ball U16 | Landesjugendmeisterschaft 2026 14/1e U16 | Landesjugendmeisterschaft u14-u16 10 Ball | Landesjugendmeisterschaft u14-u16 14/1e | Landesjugendmeisterschaft u14-u16 8 Ball | Landesjugendmeisterschaft u14-u16 9 Ball | Mitte 2 | Ost 2,45,9,36,45.00,1258,1143,1373,59,13.37,-0.30
Lasse Quitsch,PBC Bruchsal 4,Kreisliga A,Nord 1 | Nord 3,37,4,33,37.00,1255,1128,1383,65,10.28,-0.30
Christina Hirschfeld,CC Karlsruhe 3 | CC Karlsruhe 5,Einzel | Kreisliga A,Bezirksmeisterschaften 8er Ball Damen Nord | Bezirksmeisterschaften 9er Ball Damen Nord | Nord 2 | Nord 3,21,3,18,21.00,1254,1087,1421,85,5.79,-0.30
Lukas Heinz,JS Mingolsheim 3 | JS Mingolsheim 4,Bezirksliga | Kreisliga A,Nord 1,6,0,6,6.00,1254,952,1556,154,1.53,-0.30
Matthis Meier,BULL Leonberg-Höfingen 3,Einzel | Kreisliga A,Landesjugendmeisterschaft 2026 10-Ball U14 | Landesjugendmeisterschaft 2026 14/1 U14 | Landesjugendmeisterschaft 2026 8-Ball U14 | Landesjugendmeisterschaft 2026 9-Ball U14 | Landesjugendmeisterschaft u14-u16 10 Ball | Landesjugendmeisterschaft u14-u16 14/1e | Landesjugendmeisterschaft u14-u16 8 Ball | Landesjugendmeisterschaft u14-u16 9 Ball | Mitte 2,60,14,46,60.00,1254,1156,1353,50,20.03,-0.30
Michael Zimmermann,JS Mingolsheim 3,Kreisliga A,Nord 2,6,0,6,6.00,1253,959,1547,150,1.74,-0.31
Sebastian Czaja,BSV Filderstadt 5 | BSV Filderstadt 6 | PBC Reutlingen 2 | PBC Reutlingen 3,Kreisliga A,Ost 1 | West 2,18,2,16,18.00,1253,1058,1448,100,3.87,-0.31
Thomas Hemminger,BV Pforzheim 3 | BV Pforzheim 4,Kreisliga A,Mitte 1 | Mitte 3,42,1,41,42.00,1252,1126,1378,64,9.48,-0.31
Corinna Weigelt,BC Sindelfingen 7 | BC Sindelfingen 8,Kreisliga A,Mitte 1 | Mitte 3,16,1,15,16.00,1251,1056,1446,100,4.04,-0.31
Alex Vuong,BBV Mannheim 3,Einzel | Kreisliga A,Bezirksmeisterschaften 9er Ball Herren Nord | Kreismeisterschaften 8-Ball Herren Nord | Kreismeisterschaften 9-Ball Herren Nord | Nord 1,16,3,13,16.00,1247,1051,1442,100,4.50,-0.31
Adriana Siddi,PP Karlsbad 2,Kreisliga A,Nord 1,12,1,11,12.00,1244,1020,1468,114,2.98,-0.31
Tamino Lázaro Colucci,BV Pforzheim 3,Kreisliga A,Mitte 1,4,0,4,4.00,1243,861,1625,195,0.87,-0.31
Thorsten Löffler,BC Dreiländereck 1,Bezirksliga | Einzel,Kreismeisterschaften 10-Ball Herren West | Kreismeisterschaften 8-Ball Herren West | Kreismeisterschaften 9-Ball Herren West | West 1,23,2,21,23.00,1243,1070,1417,89,5.03,-0.31
Vincent Wiesehügel,PBC Bruchsal 4,Kreisliga A,Nord 1 | Nord 3,18,1,17,18.00,1242,1060,1424,93,4.86,-0.32
Robert Holzinger,PBV Schwetzingen 9,Kreisliga A,Nord 2,2,0,2,2.00,1239,811,1667,218,0.82,-0.32
Alexander Seil,BC Stuttgart 1891 3 | BC Stuttgart 1891 4,Einzel | Kreisliga A,Landesjugendmeisterschaft 2026 10-Ball U14 | Landesjugendmeisterschaft 2026 9-Ball U14 | Mitte 1 | Mitte 2,23,3,20,23.00,1238,1082,1394,79,7.70,-0.32
Jagaganmohan Reddy,BC Weingarten 2,Kreisliga A,Ost 2,12,0,12,12.00,1234,1004,1464,118,2.73,-0.32
Edis Eminovic,BC Sindelfingen 7,Einzel | Kreisliga A,Kreismeisterschaften 10-Ball Herren Mitte | Mitte 2,8,0,8,8.00,1229,918,1540,159,1.34,-0.33
Selina Jakob,JS Mingolsheim 4,Kreisliga A,Nord 1,6,1,5,6.00,1229,939,1519,148,1.86,-0.33
Martin Schröder,BF Weinheim-Viernheim 4,Kreisliga A,Nord 1 | Nord 3,8,0,8,8.00,1226,957,1495,137,2.00,-0.33
Daniel Fleischmann,BC Feuersee 3,Einzel | Kreisliga A,Kreismeisterschaften 8-Ball Herren Mitte | Mitte 1,8,1,7,8.00,1225,925,1524,153,1.47,-0.33
Angelo Lázaro Colucci,BV Pforzheim 3 | BV Pforzheim 4,Einzel | Kreisliga A,Kreismeisterschaften 10-Ball Herren Mitte | Mitte 1 | Mitte 3 | Mitte 4,36,1,35,36.00,1223,1087,1360,70,8.35,-0.33
Yvonne Boos,BC Sindelfingen 7,Kreisliga A,Mitte 3,24,0,24,24.00,1218,1045,1391,88,4.97,-0.33
Kyra Ernst,PP Karlsbad 2,Kreisliga A,Nord 1,7,1,6,7.00,1215,949,1480,135,2.30,-0.34
Michael Leupolz,BC Weingarten 1,Bezirksliga | Kreisliga A,Ost 2,26,0,26,26.00,1212,1034,1390,91,4.35,-0.34
Diego Meier,BULL Leonberg-Höfingen 3,Kreisliga A,Mitte 2,24,0,24,24.00,1210,1039,1381,87,4.94,-0.34
Egon Raach,BSG Albstadt 1,Bezirksliga,West 2,2,0,2,2.00,1207,679,1734,269,0.34,-0.34
Finn Großmann,BULL Leonberg-Höfingen 3,Einzel | Kreisliga A,Landesjugendmeisterschaft u14-u16 10 Ball | Landesjugendmeisterschaft u14-u16 14/1e | Landesjugendmeisterschaft u14-u16 8 Ball | Landesjugendmeisterschaft u14-u16 9 Ball | Mitte 2,27,4,23,27.00,1207,1061,1353,75,8.37,-0.34
Kalea Hemminger,BV Pforzheim 3,Kreisliga A,Mitte 1,18,0,18,18.00,1203,1012,1393,97,4.14,-0.35
Ilona Proissl,Pool Knights Bensheim 3 | Pool Knights Bensheim 4,Kreisliga A,Nord 1 | Nord 2 | Nord 3,11,1,10,11.00,1195,967,1423,116,3.01,-0.35
Jonas Müller,PBC Offenburg 5,Bezirksliga,West 1,20,0,20,20.00,1195,994,1396,102,3.55,-0.35
Daniela Behrend,Mannheimer BF 3 | Mannheimer BF 4 | Mannheimer BF 5,Einzel | Kreisliga A,BM 8er Ball Ladies Nord | BM 9er Ball Ladies Nord | Bezirksmeisterschaften 10er Ball Ladies Nord Mitte West | Bezirksmeisterschaften 10er Ball Ladies Nord-Mitte | Bezirksmeisterschaften 10er Ball Ladies Nord-Mitte-West | Bezirksmeisterschaften 8er Ball Ladies Nord-Mitte-West | Bezirksmeisterschaften 9er Ball Ladies  Nord Mitte  West | Bezirksmeisterschaften 9er Ball Ladies Nord-Mitte-West | Landesmeisterschaft 10er Ball Ladies | Landesmeisterschaft 9er Ball Ladies | Nord 1 | Nord 2 | Nord 3,106,9,97,106.00,1194,1116,1273,40,25.68,-0.35
Daniela Heide,PBC Offenburg 6,Bezirksliga,West 1,11,0,11,11.00,1185,893,1478,149,1.52,-0.36
Hans Schäfer,BC Feuersee 3,Kreisliga A,Mitte 1,4,0,4,4.00,1185,768,1602,213,0.67,-0.36
Rene Hammann,Mannheimer BF 3 | Mannheimer BF 4 | Mannheimer BF 5,Kreisliga A,Nord 1 | Nord 2 | Nord 3,28,0,28,28.00,1185,1011,1360,89,4.57,-0.36
Heinz Gold,BSF Kurpfalz 2 | BSF Kurpfalz 3,Bezirksliga | Kreisliga A,Nord 2 | Nord 3,27,0,27,27.00,1157,979,1335,91,4.39,-0.38
Hoora Dabbaghian,BC Stuttgart 1891 7,Kreisliga A,Ost 1,2,0,2,2.00,1147,613,1681,272,0.38,-0.38
Isabelle Hülskötter,,Einzel,Landesjugendmeisterschaft u14-u16 10 Ball | Landesjugendmeisterschaft u14-u16 14/1e | Landesjugendmeisterschaft u14-u16 8 Ball | Landesjugendmeisterschaft u14-u16 9 Ball,10,1,9,10.00,1137,895,1380,124,2.75,-0.39
Katharina Schnelle,,Einzel,Landesjugendmeisterschaft 2026 10-Ball U14 | Landesjugendmeisterschaft 2026 8-Ball U14 | Landesjugendmeisterschaft 2026 9-Ball U14,14,1,13,14.00,1110,893,1328,111,3.17,-0.40
Lisa Maria Kunz,BSV Pfullingen 5,Kreisliga A,Ost 1,8,0,8,8.00,1070,708,1433,185,0.92,-0.42
Tanja Falk,BSC Göppingen 2 | BSC Göppingen 3,Kreisliga A,Ost 1,10,0,10,10.00,1052,677,1427,191,0.85,-0.43
