season,team,club_id,pass_nr,name,source,tournament_id
2021/2022,PBDC Kämpfelbach 1,2469,250306,Luigi Sarullo,team,
2021/2022,PBDC Kämpfelbach 1,2469,101114,Gordon Fenske,team,
2021/2022,PBDC Kämpfelbach 1,2469,103617,Detlef Ratz,team,
2021/2022,PBDC Kämpfelbach 1,2469,252865,Axel Eberle,team,
2021/2022,PBDC Kämpfelbach 1,2469,104986,Josef Wermes,team,
2021/2022,PBDC Kämpfelbach 1,2469,101744,Wolfgang Heiler,team,
2021/2022,PBC Fr. Lampertheim 2,2493,247868,Sven Gehrisch,team,
2021/2022,PBC Fr. Lampertheim 2,2493,102069,Lutz Iserhardt,team,
2021/2022,PBC Fr. Lampertheim 2,2493,104123,Achim Schmittel,team,
2021/2022,PBC Fr. Lampertheim 2,2493,104090,Bernd Schmidt,team,
2021/2022,PBC Fr. Lampertheim 2,2493,367958,Marc Kölling,team,
2021/2022,PBC Fr. Lampertheim 2,2493,226973,Bernhard Flamm,team,
2021/2022,PBC Fr. Lampertheim 2,2493,101363,Oliver Geuder,team,
2021/2022,PBC Fr. Lampertheim 2,2493,101368,Maurizio Giannachi,team,
2021/2022,PBC Fr. Lampertheim 2,2493,226928,Dandy Kohlhaw,team,
2021/2022,BF Weinheim-Viernheim 1,2487,102320,Michael Keuker,team,
2021/2022,BF Weinheim-Viernheim 1,2487,103786,Marco Roll,team,
2021/2022,BF Weinheim-Viernheim 1,2487,102502,Viktor König,team,
2021/2022,BF Weinheim-Viernheim 1,2487,104766,Carmelo Visconti,team,
2021/2022,BF Weinheim-Viernheim 1,2487,105103,Dieter Wolk,team,
2021/2022,BF Weinheim-Viernheim 1,2487,353826,Sebastian Calinescu,team,
2021/2022,BF Weinheim-Viernheim 1,2487,102297,Carsten Kempf,team,
2021/2022,BBV Mannheim 3,2486,239641,Sascha Pick,team,
2021/2022,BBV Mannheim 3,2486,239638,Michael Killian,team,
2021/2022,BBV Mannheim 3,2486,105043,Dirk Windecker,team,
2021/2022,BBV Mannheim 3,2486,251824,Senol Sengün,team,
2021/2022,BBV Mannheim 3,2486,100813,Marco Di Martino,team,
2021/2022,BBV Mannheim 3,2486,239640,Francisco Loresto,team,
2021/2022,BBV Mannheim 3,2486,353758,Michael Leonhard,team,
2021/2022,BBV Mannheim 3,2486,239637,Irina Killian,team,
2021/2022,BBV Mannheim 3,2486,355233,Max Letzelter,team,
2021/2022,BBV Mannheim 3,2486,239646,Susanne Schweter,team,
2021/2022,CC Karlsruhe 2,2437,248469,Fabian Metz,team,
2021/2022,CC Karlsruhe 2,2437,101640,Yves Hamacher,team,
2021/2022,CC Karlsruhe 2,2437,101341,Peter Gemeinhardt,team,
2021/2022,CC Karlsruhe 2,2437,101550,Christoph Günthner,team,
2021/2022,CC Karlsruhe 2,2437,251152,Christian Schuler,team,
2021/2022,CC Karlsruhe 2,2437,355908,Stefan Scherer,team,
2021/2022,CC Karlsruhe 2,2437,248468,Ivan Franz,team,
2021/2022,CC Karlsruhe 2,2437,101959,Joachim Höllwarth,team,
2021/2022,CC Karlsruhe 2,2437,240193,Roland Möbus,team,
2021/2022,PBC Bruchsal 1,2440,100009,Bülent Acar,team,
2021/2022,PBC Bruchsal 1,2440,104844,Rolf Waible,team,
2021/2022,PBC Bruchsal 1,2440,101803,Michael Heneka,team,
2021/2022,PBC Bruchsal 1,2440,101182,Joannis Fountoukas,team,
2021/2022,PBC Bruchsal 1,2440,163386,Holger Vier,team,
2021/2022,PBC Bruchsal 1,2440,101856,Bianca Heneka,team,
2021/2022,PBC Bruchsal 1,2440,367853,Jörg Leiser,team,
2021/2022,PBC Bruchsal 1,2440,102539,Oliver Kother,team,
2021/2022,CC Karlsruhe 3,2437,102015,Stephan Huber,team,
2021/2022,CC Karlsruhe 3,2437,103800,Raoul-Robert Ronto,team,
2021/2022,CC Karlsruhe 3,2437,102607,Hermann Krieger,team,
2021/2022,CC Karlsruhe 3,2437,252010,Long Werner,team,
2021/2022,CC Karlsruhe 3,2437,248468,Ivan Franz,team,
2021/2022,CC Karlsruhe 3,2437,352016,Reimar Sauter,team,
2021/2022,PBC Waghäusel 4,2442,154211,Thomas Neumann,team,
2021/2022,PBC Waghäusel 4,2442,240242,Mirsad Sabic,team,
2021/2022,PBC Waghäusel 4,2442,100434,Andreas Böhme,team,
2021/2022,PBC Waghäusel 4,2442,240243,Andree Säubert,team,
2021/2022,PBC Waghäusel 4,2442,103618,Frank Rätz,team,
2021/2022,PBC Waghäusel 4,2442,103580,Peter Puff,team,
2021/2022,PBC Waghäusel 4,2442,103876,Peter Rupprecht,team,
2021/2022,PBC Waghäusel 4,2442,102987,Klaus Martin,team,
2021/2022,PBC Waghäusel 4,2442,240244,Michael Wanjek,team,
2021/2022,BC Dallau 1,2433,105122,Michael Würz,team,
2021/2022,BC Dallau 1,2433,100074,Süleyman Altinyaldiz,team,
2021/2022,BC Dallau 1,2433,354451,Timo Lipski,team,
2021/2022,BC Dallau 1,2433,101087,Kevin Fassa,team,
2021/2022,BC Dallau 1,2433,100112,Steven Ascione,team,
2021/2022,BC Dallau 1,2433,366412,Sascha Link,team,
2021/2022,BC Dallau 1,2433,367950,Reiner Nies,team,
2021/2022,BSF Kurpfalz 2,2436,101961,Frank Holly,team,
2021/2022,BSF Kurpfalz 2,2436,102280,Zoltan Kelemen,team,
2021/2022,BSF Kurpfalz 2,2436,230942,Lisa Knost,team,
2021/2022,BSF Kurpfalz 2,2436,104775,Volker Vögele,team,
2021/2022,BSF Kurpfalz 2,2436,353635,Lennart Wedel,team,
2021/2022,PBC Pfedelbach 2,3140,101017,Danny Engelhardt,team,
2021/2022,PBC Pfedelbach 2,3140,252942,Christoph Devine,team,
2021/2022,PBC Pfedelbach 2,3140,252972,Mergim Zekaj,team,
2021/2022,PBC Pfedelbach 2,3140,100719,Arno Corigliano,team,
2021/2022,PBC Pfedelbach 2,3140,355903,Anil Celikbilek,team,
2021/2022,PBC Pfedelbach 2,3140,101463,Gerald Greene,team,
2021/2022,PBC Pfedelbach 2,3140,350685,Frank-Bernd Wieczorek,team,
2021/2022,JS Mingolsheim 2,2439,353633,Jürgen Götting,team,
2021/2022,JS Mingolsheim 2,2439,103105,Michael Metzger,team,
2021/2022,JS Mingolsheim 2,2439,103396,Dirk Odenwälder,team,
2021/2022,JS Mingolsheim 2,2439,353634,Liem Dang Ngoc,team,
2021/2022,JS Mingolsheim 2,2439,367988,Markus Wörner,team,
2021/2022,JS Mingolsheim 2,2439,367995,Besnik Shkemza,team,
2021/2022,JS Mingolsheim 2,2439,104884,Lepoleon Weatherspoon,team,
2021/2022,JS Mingolsheim 2,2439,367987,Mike Walter,team,
2021/2022,JS Mingolsheim 2,2439,102294,Ralf Kempermann,team,
2021/2022,PBC Schwäbisch Hall 2,2456,240290,Jonas Ruff,team,
2021/2022,PBC Schwäbisch Hall 2,2456,247852,Oliver Kandula,team,
2021/2022,PBC Schwäbisch Hall 2,2456,100852,Heiko Difflipp,team,
2021/2022,PBC Schwäbisch Hall 2,2456,102903,Alexander Mack,team,
2021/2022,PBC Schwäbisch Hall 2,2456,102625,Stefan Krüger,team,
2021/2022,PBC Schwäbisch Hall 2,2456,150319,Martin Kurschatke,team,
2021/2022,PBC Schwäbisch Hall 2,2456,368085,Klaus Kappel,team,
2021/2022,PBC Schwäbisch Hall 2,2456,355166,Sven Kaiser,team,
2021/2022,PBC Schwäbisch Hall 2,2456,249669,Stefan Estenfeld,team,
2021/2022,PBC Schwäbisch Hall 2,2456,144449,Ciro Guerra,team,
2021/2022,PBC Schwäbisch Hall 2,2456,104299,Rainer Seemann,team,
2021/2022,BC Neckarsulm 2,2450,102568,Thomas Kramhöller,team,
2021/2022,BC Neckarsulm 2,2450,250899,Rouven Elischer,team,
2021/2022,BC Neckarsulm 2,2450,352032,Stefan Neuberger,team,
2021/2022,BC Neckarsulm 2,2450,176072,Janin Oesterle,team,
2021/2022,BC Neckarsulm 2,2450,103559,Damir Pran,team,
2021/2022,BC Neckarsulm 2,2450,250901,Emrah Atak,team,
2021/2022,PBC Waghäusel 3,2442,100014,Marek Adam,team,
2021/2022,PBC Waghäusel 3,2442,240239,Ivan Mikulic,team,
2021/2022,PBC Waghäusel 3,2442,105193,Marco Zieger,team,
2021/2022,PBC Waghäusel 3,2442,240240,Hassan Najjar,team,
2021/2022,PBC Waghäusel 3,2442,240243,Andree Säubert,team,
2021/2022,PBC Waghäusel 3,2442,103618,Frank Rätz,team,
2021/2022,BBC Plochingen 1,2506,102134,Andreas Jörg,team,
2021/2022,BBC Plochingen 1,2506,101573,Volker Gutzeit,team,
2021/2022,BBC Plochingen 1,2506,102525,Pavlos Korezelidis,team,
2021/2022,BBC Plochingen 1,2506,164408,Frank Weiß,team,
2021/2022,BBC Plochingen 1,2506,100799,Lutz Denk,team,
2021/2022,BBC Plochingen 1,2506,251300,Alexander Hemmer,team,
2021/2022,BBC Plochingen 1,2506,103254,Thilo Muff,team,
2021/2022,BSV Pfullingen 2,2424,251771,Martin Wistuba,team,
2021/2022,BSV Pfullingen 2,2424,100679,Orhan Cetin,team,
2021/2022,BSV Pfullingen 2,2424,157028,Peter Restle,team,
2021/2022,BSV Pfullingen 2,2424,104286,Andre Schwenzfeier,team,
2021/2022,BSV Pfullingen 2,2424,104671,Marcus Trumpp,team,
2021/2022,BSV Pfullingen 2,2424,103433,Sebastian Oswald,team,
2021/2022,BSV Pfullingen 2,2424,250221,Marco Bunke,team,
2021/2022,BSV Pfullingen 2,2424,349925,Michael Grad,team,
2021/2022,BSV Filderstadt 4,2422,240058,Goran Švab,team,
2021/2022,BSV Filderstadt 4,2422,252917,Florian Stubert,team,
2021/2022,BSV Filderstadt 4,2422,102973,Arno Marotz,team,
2021/2022,BSV Filderstadt 4,2422,351423,Marco Klotzer,team,
2021/2022,BSV Pfullingen 3,2424,245247,Fabian Rapp,team,
2021/2022,BSV Pfullingen 3,2424,350160,Guido Ulmer,team,
2021/2022,BSV Pfullingen 3,2424,350161,Michael Martini,team,
2021/2022,BSV Pfullingen 3,2424,245244,Marcel Biegler,team,
2021/2022,BSV Pfullingen 3,2424,247968,Christian Orosz,team,
2021/2022,BSV Pfullingen 3,2424,100889,Bernd Dorenburg,team,
2021/2022,BSV Pfullingen 3,2424,367820,Michael Funk,team,
2021/2022,BSV Pfullingen 3,2424,367953,Mark Mende,team,
2021/2022,BC Bad Schussenried 1,2401,367934,Andreas Loderer,team,
2021/2022,BC Bad Schussenried 1,2401,368015,Stefan Sock,team,
2021/2022,BC Bad Schussenried 1,2401,367948,Flaviano Gabriele,team,
2021/2022,BC Bad Schussenried 1,2401,367937,Daniel Schmid,team,
2021/2022,BC Bad Schussenried 1,2401,367932,Jürgen Kieble,team,
2021/2022,BC Bad Schussenried 1,2401,367935,Kadir Özturgut,team,
2021/2022,BC Bad Schussenried 1,2401,367933,Siegbert Müller,team,
2021/2022,BC Bad Schussenried 1,2401,367939,Tommaso Parisi,team,
2021/2022,BC Bad Schussenried 1,2401,367927,Andreas Wagner,team,
2021/2022,BC Bad Schussenried 1,2401,367940,Siegfried Brockmann,team,
2021/2022,BC Bad Schussenried 1,2401,367972,Massimo Gabriele,team,
2021/2022,BC Bad Schussenried 1,2401,367938,Samir Javor,team,
2021/2022,BC Unterteuringen 1,2404,100075,Benno Amann,team,
2021/2022,BC Unterteuringen 1,2404,101474,Andreas Greitmann,team,
2021/2022,BC Unterteuringen 1,2404,100732,Roberto D`Elia,team,
2021/2022,BC Unterteuringen 1,2404,101103,Ingo Fehr,team,
2021/2022,PBC Ochsenhausen 1,2416,104407,Eugen Spähn,team,
2021/2022,PBC Ochsenhausen 1,2416,100124,Ottmar Auzinger,team,
2021/2022,PBC Ochsenhausen 1,2416,101426,Boris Golic,team,
2021/2022,PBC Ochsenhausen 1,2416,367990,Raimund Wanner,team,
2021/2022,PBC Ochsenhausen 1,2416,101152,Frank Flach,team,
2021/2022,PBC Ochsenhausen 1,2416,228713,Erich Wohllaib,team,
2021/2022,BV Markdorf 2,2410,367944,Thomas Rehmann,team,
2021/2022,BV Markdorf 2,2410,100486,Martin Brandt,team,
2021/2022,BV Markdorf 2,2410,101010,Hardi Engel,team,
2021/2022,BV Markdorf 2,2410,100008,Luciano Abruzzese,team,
2021/2022,BV Markdorf 2,2410,240040,Klaus Dietrich,team,
2021/2022,BV Markdorf 2,2410,100600,Celal Bulut,team,
2021/2022,BV Markdorf 2,2410,100641,Pietro Calo,team,
2021/2022,BV Markdorf 2,2410,100903,Krischan Dostal,team,
2021/2022,BV Markdorf 2,2410,102696,Armin Labor,team,
2021/2022,BV Markdorf 2,2410,103167,Daniel Moll,team,
2021/2022,BV Markdorf 2,2410,103374,Stefan Nuding,team,
2021/2022,BV Markdorf 2,2410,355184,Ahad Suleimanjar,team,
2021/2022,BV Markdorf 2,2410,105051,Georg Winter,team,
2021/2022,PBC Bad Saulgau 2,2411,228904,Tobias Hirt,team,
2021/2022,PBC Bad Saulgau 2,2411,101984,Rainer Hops,team,
2021/2022,PBC Bad Saulgau 2,2411,253468,Umut Akinci,team,
2021/2022,PBC Bad Saulgau 2,2411,354666,Andrew Steinhauer,team,
2021/2022,PBC Bad Saulgau 2,2411,245485,Rudi Fölker,team,
2021/2022,PBC Bad Saulgau 2,2411,351258,Donald Oreskovic,team,
2021/2022,PBC Bad Saulgau 2,2411,355824,Tobias Abt,team,
2021/2022,PBC Bad Saulgau 2,2411,351228,Max Löhle,team,
2021/2022,PBC Bad Saulgau 2,2411,228632,Sascha Nyffeler,team,
2021/2022,PBC Offenburg 3,2481,101750,Timo Heim,team,
2021/2022,PBC Offenburg 3,2481,353768,Tobias Küderle,team,
2021/2022,PBC Offenburg 3,2481,103098,Bernd Messing,team,
2021/2022,PBC Offenburg 3,2481,101818,Melanie Henschel,team,
2021/2022,PBC Offenburg 3,2481,100137,Bernhard Back,team,
2021/2022,PBC Offenburg 3,2481,102298,Kurt Kempf,team,
2021/2022,PBC Offenburg 3,2481,242837,Martin Weber,team,
2021/2022,PBC Offenburg 3,2481,368044,Jörg Wolf,team,
2021/2022,PBC Offenburg 3,2481,101378,Gerald Gießler,team,
2021/2022,PBC Offenburg 3,2481,252937,Nathalie Rohmer,team,
2021/2022,PBC Offenburg 5,2481,355793,Klaus Woehrlin,team,
2021/2022,PBC Offenburg 5,2481,355791,Fabian Durst,team,
2021/2022,PBC Offenburg 5,2481,242709,Mathias Frey,team,
2021/2022,PBC Offenburg 5,2481,102584,Karl-Heinz Krause,team,
2021/2022,PBC Offenburg 5,2481,102469,Lynn Kohl,team,
2021/2022,PBC Offenburg 5,2481,100362,Sonja Bieser,team,
2021/2022,PBC Offenburg 4,2481,241138,Mike Becker,team,
2021/2022,PBC Offenburg 4,2481,102298,Kurt Kempf,team,
2021/2022,PBC Offenburg 4,2481,242837,Martin Weber,team,
2021/2022,PBC Offenburg 4,2481,100137,Bernhard Back,team,
2021/2022,PBC Offenburg 4,2481,101612,Dirk Hafner,team,
2021/2022,PBC Offenburg 4,2481,367985,Thomas Teufel,team,
2021/2022,PBC Offenburg 4,2481,100362,Sonja Bieser,team,
2021/2022,PBC Offenburg 4,2481,102469,Lynn Kohl,team,
2021/2022,PBC Sand 2,2483,101688,Richard Hartmann,team,
2021/2022,PBC Sand 2,2483,248623,Marvin Diedrich,team,
2021/2022,PBC Sand 2,2483,248622,Frank Diedrich,team,
2021/2022,PBC Sand 2,2483,103725,Walter Riebeling,team,
2021/2022,PBC Sand 2,2483,101874,Thomas Hetzel,team,
2021/2022,PBC Sand 2,2483,101972,Roman Holzhauser,team,
2021/2022,PBC Sand 2,2483,100286,Mike Belke,team,
2021/2022,PBC Sand 2,2483,101840,Michael Herr,team,
2021/2022,PBC Freudenstadt 3,2465,104258,Florian Schwägler,team,
2021/2022,PBC Freudenstadt 3,2465,249080,Uwe Machalett,team,
2021/2022,PBC Freudenstadt 3,2465,100060,Marc Allinger,team,
2021/2022,PBC Freudenstadt 3,2465,252214,Pascal Sanna,team,
2021/2022,PBC Freudenstadt 3,2465,103629,Marcus Reber,team,
2021/2022,PBC Freudenstadt 3,2465,103631,Stephan Reber,team,
2021/2022,PBC Freudenstadt 3,2465,102170,Patricia Kaffesi,team,
2021/2022,PBC Freudenstadt 3,2465,103603,Thorsten Rammer,team,
2021/2022,PBC Freudenstadt 3,2465,103651,Frank Reichert,team,
2021/2022,PBC Freudenstadt 3,2465,247956,Frank Störzer,team,
2021/2022,PBC Freudenstadt 2,2465,250710,Steffen Feuerbacher,team,
2021/2022,PBC Freudenstadt 2,2465,249124,Joshua Armbruster,team,
2021/2022,PBC Freudenstadt 2,2465,103930,Eberhard Sauter,team,
2021/2022,PBC Freudenstadt 2,2465,247957,Stefan Vater,team,
2021/2022,PBC Freudenstadt 2,2465,103603,Thorsten Rammer,team,
2021/2022,PBC Freudenstadt 2,2465,103314,Jonathan Nestler,team,
2021/2022,PBC Freudenstadt 2,2465,249080,Uwe Machalett,team,
2021/2022,PBC Freudenstadt 2,2465,100319,Rolf Berkowitz,team,
2021/2022,PBC Freudenstadt 2,2465,102278,Andreas Keilmann,team,
2021/2022,BSC St. Georgen 1,2420,102175,Mario Kaiser,team,
2021/2022,BSC St. Georgen 1,2420,100873,Andreas Dittrich,team,
2021/2022,BSC St. Georgen 1,2420,101441,Günther Götz,team,
2021/2022,BSC St. Georgen 1,2420,102925,Klaus Maier,team,
2021/2022,BSC St. Georgen 1,2420,350473,Gabriele Winzer-Moser,team,
2021/2022,BSC St. Georgen 1,2420,353157,Daniel Naumann,team,
2021/2022,BSC St. Georgen 1,2420,104263,Andre Schwanhäuser,team,
2021/2022,BSC St. Georgen 1,2420,104264,Peter Schwanhäuser,team,
2021/2022,BSG Albstadt 1,2421,100716,Simon Conrad,team,
2021/2022,BSG Albstadt 1,2421,248185,Peter Baur,team,
2021/2022,BSG Albstadt 1,2421,101988,Andreas Horn,team,
2021/2022,BSG Albstadt 1,2421,228902,Carlo Hartmann,team,
2021/2022,BSG Albstadt 1,2421,248184,Benjamin Heck,team,
2021/2022,BSG Albstadt 1,2421,170568,Jörg Hechler,team,
2021/2022,BSG Albstadt 1,2421,245063,Egon Raach,team,
2021/2022,BSV Tiengen 3,2425,101745,Rainer Heilmann,team,
2021/2022,BSV Tiengen 3,2425,103998,Roland Scheinpflug,team,
2021/2022,BSV Tiengen 3,2425,103997,Norbert Scheinpflug,team,
2021/2022,BSV Tiengen 3,2425,351926,Lucia Birsner,team,
2021/2022,BSV Tiengen 3,2425,100501,Rainer Braun,team,
2021/2022,BSV Tiengen 3,2425,242912,Anita Massow,team,
2021/2022,BSV Tiengen 3,2425,242818,Bianca Duttlinger,team,
2021/2022,BSV Tiengen 3,2425,242819,Jaqueline Roll,team,
2021/2022,BV Villingen-Schwenningen 2,2426,101737,Svenja Schwarzkopf,team,
2021/2022,BV Villingen-Schwenningen 2,2426,242833,Markus Stehle,team,
2021/2022,BV Villingen-Schwenningen 2,2426,367645,Anan Zaity,team,
2021/2022,BV Villingen-Schwenningen 2,2426,250788,Lucas Ruschke,team,
2021/2022,BV Villingen-Schwenningen 2,2426,102034,Nicole Hummel,team,
2021/2022,BV Villingen-Schwenningen 2,2426,245559,Marko Stapel,team,
2021/2022,BV Villingen-Schwenningen 2,2426,101451,Steffen Graf,team,
2021/2022,BV Villingen-Schwenningen 2,2426,101571,Andreas Gut,team,
2021/2022,BV Villingen-Schwenningen 2,2426,103842,Dennis Rothaug,team,
2021/2022,PBC Bräunlingen 2,2427,104971,Björn Welte,team,
2021/2022,PBC Bräunlingen 2,2427,253265,Simon Kemmerling,team,
2021/2022,PBC Bräunlingen 2,2427,105097,Marcus Wolf,team,
2021/2022,PBC Bräunlingen 2,2427,101838,Stefan Herms,team,
2021/2022,PBC Bräunlingen 2,2427,103813,Mario Rosenkranz,team,
2021/2022,PBC Bräunlingen 2,2427,367425,Matthias Höfler,team,
2021/2022,PBC Bräunlingen 2,2427,101553,Mehmet Gürbüz,team,
2021/2022,PBC Bräunlingen 2,2427,102406,Axel Klimmer,team,
2021/2022,PBC Bräunlingen 2,2427,240130,Florian Martin,team,
2021/2022,PBC Bräunlingen 2,2427,245763,Melanie Wolf,team,
2021/2022,PBC Bräunlingen 2,2427,104495,Anja Stiesch,team,
2021/2022,PBV Rottweil 2,2430,102729,Mathias Laskus,team,
2021/2022,PBV Rottweil 2,2430,103698,Attila Remete,team,
2021/2022,PBV Rottweil 2,2430,250917,Ludwig Sandrik,team,
2021/2022,PBV Rottweil 2,2430,100212,Michael Bauer,team,
2021/2022,PBV Rottweil 2,2430,350519,Patrick Haudek,team,
2021/2022,PBV Rottweil 2,2430,249770,Ahmet Gümüs,team,
2021/2022,BSC Lions Bietigheim 1,2438,105209,Marvin Zimmer,team,
2021/2022,BSC Lions Bietigheim 1,2438,100709,Marcus Colmelet,team,
2021/2022,BSC Lions Bietigheim 1,2438,111155,Önder Coskun,team,
2021/2022,BSC Lions Bietigheim 1,2438,105077,Marcus Wittner,team,
2021/2022,BSC Lions Bietigheim 1,2438,251024,Sascha Jungwirth,team,
2021/2022,PBC Schwäbisch Gmünd 2,2504,102111,Zvonimir Jembrih,team,
2021/2022,PBC Schwäbisch Gmünd 2,2504,151697,Volkmar Lorenz,team,
2021/2022,PBC Schwäbisch Gmünd 2,2504,100089,Ralf Annamaier,team,
2021/2022,PBC Schwäbisch Gmünd 2,2504,354006,Grigorios Pavlidis,team,
2021/2022,PBC Schwäbisch Gmünd 2,2504,351923,Maxim Buchstab,team,
2021/2022,PBC Schwäbisch Gmünd 2,2504,102361,Mehmet Kirli,team,
2021/2022,PBC Schwäbisch Gmünd 2,2504,101854,Stefan Herzer,team,
2021/2022,PBC Schwäbisch Gmünd 2,2504,242920,Christian Iliadis,team,
2021/2022,PBC Bietigheim-Bissingen 3,2455,367416,Stefan Weber,team,
2021/2022,PBC Bietigheim-Bissingen 3,2455,240510,Sven Wezstein,team,
2021/2022,PBC Bietigheim-Bissingen 3,2455,100791,Giuseppe Dellaquercia,team,
2021/2022,PBC Bietigheim-Bissingen 3,2455,240199,Andreas Schoknecht,team,
2021/2022,PBC Bietigheim-Bissingen 3,2455,103690,Andreas Reisinger,team,
2021/2022,PBC Bietigheim-Bissingen 3,2455,104638,Jens Todt,team,
2021/2022,BC Sindelfingen 4,2462,246024,Denis Mnich,team,
2021/2022,BC Sindelfingen 4,2462,353993,Gerold Birmili,team,
2021/2022,BC Sindelfingen 4,2462,353408,Christopher Hopp,team,
2021/2022,BC Sindelfingen 4,2462,102645,Stefan Künzl,team,
2021/2022,BC Sindelfingen 4,2462,367918,Arman Rasoli,team,
2021/2022,BC Sindelfingen 4,2462,351950,Olaf Schwarz,team,
2021/2022,BC Sindelfingen 4,2462,240266,Martin Burmeister,team,
2021/2022,BC Sindelfingen 4,2462,101265,Michael Füess,team,
2021/2022,BC Sindelfingen 4,2462,103200,Andreas Müller,team,
2021/2022,PBC Aalen 2,2502,104746,Alexandros Vassiliadis,team,
2021/2022,PBC Aalen 2,2502,253141,Timur Susuz,team,
2021/2022,PBC Aalen 2,2502,368042,Haci Eymir,team,
2021/2022,PBC Aalen 2,2502,249001,Oliver Krieger,team,
2021/2022,PBC Aalen 2,2502,367975,Alpay Gürkal,team,
2021/2022,PBC Aalen 2,2502,367980,Furkan Özkan,team,
2021/2022,PBC Aalen 2,2502,367983,Taner Susuz,team,
2021/2022,PBC Aalen 2,2502,351200,Stefan Gehrls,team,
2021/2022,PP Böblingen 2,2472,242971,Selim Güzel,team,
2021/2022,PP Böblingen 2,2472,351326,Philip Smaczny,team,
2021/2022,PP Böblingen 2,2472,242976,Anastasios Kagelidis,team,
2021/2022,PP Böblingen 2,2472,102379,Daniel Klapper,team,
2021/2022,PP Böblingen 2,2472,242747,Thomas Mooshammer,team,
2021/2022,PP Böblingen 2,2472,355875,Mohammed Ali Bemah,team,
2021/2022,PP Böblingen 2,2472,242967,Hayrettin Bozkurt,team,
2021/2022,PP Böblingen 2,2472,242749,Jens Schnaidt,team,
2021/2022,BC Dätzingen 1,2459,100662,Fabian Cecotti,team,
2021/2022,BC Dätzingen 1,2459,101755,Dominik Heinkele,team,
2021/2022,BC Dätzingen 1,2459,248740,Arash Dayyani,team,
2021/2022,BC Dätzingen 1,2459,100667,Pascal Cecotti,team,
2021/2022,BC Dätzingen 1,2459,353913,Saman Hadi,team,
2021/2022,BC Dätzingen 1,2459,101091,Stephan Faude,team,
2021/2022,BC Dätzingen 1,2459,100665,Marcel Cecotti,team,
2021/2022,BC Dätzingen 1,2459,240517,Sebastian Roßberg,team,
2021/2022,BC Dätzingen 1,2459,350700,Helmut Schröder,team,
2021/2022,BC Dätzingen 1,2459,350699,Alexander Schröder,team,
2021/2022,PF Calw 3,2471,248741,Oliver Hauke,team,
2021/2022,PF Calw 3,2471,245346,Michael Minnerop,team,
2021/2022,PF Calw 3,2471,367945,Simon Schaal,team,
2021/2022,PF Calw 3,2471,249359,Florian Pasch,team,
2021/2022,PF Calw 3,2471,252092,Felix Häntschel,team,
2021/2022,PF Calw 3,2471,242955,Manfred Kalliehs,team,
2021/2022,TV Cannstatt 1,2507,121877,Peter Link,team,
2021/2022,TV Cannstatt 1,2507,104975,Achim Wendeler,team,
2021/2022,TV Cannstatt 1,2507,104742,Luis Varon Marques,team,
2021/2022,TV Cannstatt 1,2507,104337,Nuhid Serifovic,team,
2021/2022,TV Cannstatt 1,2507,368097,Ramazan Yildirim,team,
2021/2022,TV Cannstatt 1,2507,368096,Jozsef Zvorinji,team,
2021/2022,TV Cannstatt 1,2507,100272,Andreas Begau,team,
2021/2022,PBC Rastatt 1,2482,242907,Patrick Lauinger,team,
2021/2022,PBC Rastatt 1,2482,102381,Manuel Klappstein,team,
2021/2022,PBC Rastatt 1,2482,104984,Sascha Werle,team,
2021/2022,PBC Rastatt 1,2482,253091,Sven Kaupp,team,
2021/2022,PBC Rastatt 1,2482,367976,Antonio Pejic,team,
2021/2022,BSC Lions Bietigheim 2,2438,103517,Jens Pfaff,team,
2021/2022,BSC Lions Bietigheim 2,2438,366175,Tomislav Knezevic,team,
2021/2022,BSC Lions Bietigheim 2,2438,103612,Gerald Rastetter,team,
2021/2022,BSC Lions Bietigheim 2,2438,103516,Alfred Pfaff,team,
2021/2022,BSC Lions Bietigheim 2,2438,251024,Sascha Jungwirth,team,
2021/2022,BSC Lions Bietigheim 2,2438,353759,Mario Bauch,team,
2021/2022,BSC Lions Bietigheim 2,2438,251022,Fabio Sciuto,team,
2021/2022,PBC Nagoldtal 1,2466,245634,Florian Staud,team,
2021/2022,PBC Nagoldtal 1,2466,104803,Frank Vorauer,team,
2021/2022,PBC Nagoldtal 1,2466,249310,Nic Woywodt,team,
2021/2022,PBC Nagoldtal 1,2466,242888,Andreas Schmid,team,
2021/2022,PBC Nagoldtal 1,2466,104870,Tobias Walz,team,
2021/2022,BC Dätzingen 2,2459,248740,Arash Dayyani,team,
2021/2022,BC Dätzingen 2,2459,100700,Jörg Claassen,team,
2021/2022,BC Dätzingen 2,2459,352331,Sebastian Schöffer,team,
2021/2022,BC Dätzingen 2,2459,353913,Saman Hadi,team,
2021/2022,BC Dätzingen 2,2459,350699,Alexander Schröder,team,
2021/2022,BC Dätzingen 2,2459,354741,Eckart Schmidt,team,
2021/2022,BC Dätzingen 2,2459,350700,Helmut Schröder,team,
2021/2022,BC Dätzingen 2,2459,101091,Stephan Faude,team,
2021/2022,BC Dätzingen 2,2459,240517,Sebastian Roßberg,team,
2021/2022,BV Pforzheim 2,2464,100773,Fiorenzo De Nuzzo,team,
2021/2022,BV Pforzheim 2,2464,349928,Pascal Habiger,team,
2021/2022,BV Pforzheim 2,2464,104342,Sven Sibbus,team,
2021/2022,BV Pforzheim 2,2464,352635,Draoui El Mokhtar,team,
2021/2022,BV Pforzheim 2,2464,221451,Florian Geike,team,
2021/2022,BV Pforzheim 2,2464,242287,Carlos Weber,team,
2021/2022,BV Pforzheim 2,2464,104595,Manuel Thamm,team,
2021/2022,BV Pforzheim 2,2464,251288,Tobias Wähler,team,
2021/2022,BV Pforzheim 2,2464,102661,Stephan Kuka,team,
2021/2022,PBC Rastatt 2,2482,367979,Adriano Viviani,team,
2021/2022,PBC Rastatt 2,2482,367977,Michael Breiner,team,
2021/2022,PBC Rastatt 2,2482,103882,Alfred Rutkowski,team,
2021/2022,PBC Rastatt 2,2482,367976,Antonio Pejic,team,
2021/2022,PBC Rastatt 2,2482,101730,Helmut Heck,team,
2021/2022,PBC Rastatt 2,2482,367978,Mario Mayer,team,
2021/2022,PBC Rastatt 2,2482,249433,Hans Rothas,team,
2021/2022,PBC Nagoldtal 3,2466,104363,Mark Simon,team,
2021/2022,PBC Nagoldtal 3,2466,100934,Thomas Dürr,team,
2021/2022,PBC Nagoldtal 3,2466,102610,Jens Krknjak,team,
2021/2022,PBC Nagoldtal 3,2466,102744,Jörg Laupitz,team,
2021/2022,PBC Nagoldtal 3,2466,100617,Michael Burmeister,team,
2021/2022,PBC Nagoldtal 3,2466,353060,Michael Biedermann,team,
2021/2022,PBC Nagoldtal 3,2466,101629,André Hajdu,team,
2021/2022,PBC Nagoldtal 3,2466,353059,Steve Heeb,team,
2021/2022,BC Feuersee 3,2496,367253,Rolf Göllner,team,
2021/2022,BC Feuersee 3,2496,240316,Louise Wong,team,
2021/2022,BC Feuersee 3,2496,367916,Benjamin Repphun,team,
2021/2022,BC Feuersee 3,2496,356080,Daniel Fleischmann,team,
2021/2022,BC Feuersee 3,2496,368011,Alfi Müller,team,
2021/2022,BC Feuersee 3,2496,352494,Jürgen Klatt,team,
2021/2022,BC Feuersee 3,2496,245224,Annette Popp,team,
2021/2022,BC Feuersee 3,2496,245225,Hans Schäfer,team,
2021/2022,BC Feuersee 3,2496,353668,Manuel Schröder,team,
2021/2022,BC Feuersee 1,2496,104615,Heiko Thomas,team,
2021/2022,BC Feuersee 1,2496,240286,Thomas Hörauf,team,
2021/2022,BC Feuersee 1,2496,100493,Dieter Braun,team,
2021/2022,BC Feuersee 1,2496,240283,Wilhelm Engelbrecht,team,
2021/2022,BC Feuersee 1,2496,245236,Dominic Seeger,team,
2021/2022,BC Feuersee 1,2496,241619,Björn Spiegel,team,
2021/2022,BC Feuersee 1,2496,350315,Ralf Hohlfeld,team,
2021/2022,BC Feuersee 1,2496,250188,Thorsten Kupske,team,
2021/2022,BC Feuersee 1,2496,354814,Benjamin Ropertz,team,
2021/2022,BC Sindelfingen 5,2462,353143,Martin Repp,team,
2021/2022,BC Sindelfingen 5,2462,242957,Ingo Mann,team,
2021/2022,BC Sindelfingen 5,2462,351327,Denis Maric,team,
2021/2022,BC Sindelfingen 5,2462,104613,Marius Thomanek,team,
2021/2022,BC Sindelfingen 5,2462,104512,Thomas Stoll,team,
2021/2022,BC Sindelfingen 5,2462,355443,Michael Reich,team,
2021/2022,BC Sindelfingen 5,2462,101654,Thomas Handler,team,
2021/2022,BC Sindelfingen 5,2462,240057,Manfred Hess,team,
2021/2022,TV Cannstatt 2,2507,247196,Marc-Andre Barisch,team,
2021/2022,TV Cannstatt 2,2507,101945,Thomas Höger,team,
2021/2022,TV Cannstatt 2,2507,242727,Matthias Raible,team,
2021/2022,TV Cannstatt 2,2507,102460,Gerhard Koch,team,
2021/2022,TV Cannstatt 2,2507,101587,Rainer Habelt,team,
2021/2022,TV Cannstatt 2,2507,350827,Zlatko Martinovic,team,
2021/2022,TV Cannstatt 2,2507,246933,Daniel Nieter,team,
2021/2022,PBC Bietigheim-Bissingen 4,2455,248690,Ralf Bachert,team,
2021/2022,PBC Bietigheim-Bissingen 4,2455,104339,Marco Seybold,team,
2021/2022,PBC Bietigheim-Bissingen 4,2455,240287,Dietmar Lauer,team,
2021/2022,PBC Bietigheim-Bissingen 4,2455,100156,Hans-Jürgen Bailer,team,
2021/2022,PBC Bietigheim-Bissingen 4,2455,354685,Joachim Luft,team,
2021/2022,PBC Nagoldtal 2,2466,366176,Stefan Lorenz,team,
2021/2022,PBC Nagoldtal 2,2466,101574,Michael Haag,team,
2021/2022,PBC Nagoldtal 2,2466,367959,Kurt Saller,team,
2021/2022,PBC Nagoldtal 2,2466,102694,Daniel La Cognata,team,
2021/2022,PBC Nagoldtal 2,2466,104550,Sabine Stubits,team,
2021/2022,PBC Nagoldtal 2,2466,103756,Norbert Ritschel,team,
2021/2022,PBC Nagoldtal 2,2466,100618,Stefan Burmeister,team,
2021/2022,PBC Nagoldtal 2,2466,353057,Michael Winkler,team,
2021/2022,PBC Nagoldtal 2,2466,353062,Christian van Dorstern,team,
2021/2022,BC Feuersee 2,2496,242926,Nils Dannhauer,team,
2021/2022,BC Feuersee 2,2496,368012,Birger Tesnau,team,
2021/2022,BC Feuersee 2,2496,101299,Karim Gampper,team,
2021/2022,BC Feuersee 2,2496,368051,Edin Porcic,team,
2021/2022,BC Feuersee 2,2496,350315,Ralf Hohlfeld,team,
2021/2022,BC Feuersee 2,2496,351040,Marcel Twardon,team,
2021/2022,BC Feuersee 2,2496,252173,Ahmad Ayshe,team,
2021/2022,BC Feuersee 2,2496,354814,Benjamin Ropertz,team,
2021/2022,BC Feuersee 2,2496,100493,Dieter Braun,team,
2021/2022,BC Feuersee 2,2496,241619,Björn Spiegel,team,
2021/2022,PP Karlsbad 2,2468,102759,Harald Leder,team,
2021/2022,PP Karlsbad 2,2468,245692,Harun Ahmadi,team,
2021/2022,PP Karlsbad 2,2468,104252,Achim Schwab,team,
2021/2022,PP Karlsbad 2,2468,103593,Ralf Rabold,team,
2021/2022,PP Karlsbad 2,2468,104820,Tom Wacker,team,
2021/2022,PP Karlsbad 2,2468,252901,Evi Leder,team,
2021/2022,PP Karlsbad 2,2468,352079,Benjamin Busse,team,
2021/2022,BF Bruchsal 3,2435,355290,Roland Huber,team,
2021/2022,BF Bruchsal 3,2435,101830,Jutta Ute Kreimes,team,
2021/2022,BF Bruchsal 3,2435,240166,Markus Pfaff,team,
2021/2022,BF Bruchsal 3,2435,102426,Roland Knecht,team,
2021/2022,BF Bruchsal 3,2435,367967,Xenia Völker,team,
2021/2022,BF Bruchsal 3,2435,249710,Wilhelm Schaier,team,
2021/2022,BULL Leonberg-Höfingen 2,2463,102896,Harry Luxenhofer,team,
2021/2022,BULL Leonberg-Höfingen 2,2463,100092,Charalampos Antonogiorgakis,team,
2021/2022,BULL Leonberg-Höfingen 2,2463,353295,Rainer Kenzler,team,
2021/2022,BULL Leonberg-Höfingen 2,2463,246406,Dominik Krenzer,team,
2021/2022,BULL Leonberg-Höfingen 2,2463,102626,Thomas Krüger,team,
2021/2022,BULL Leonberg-Höfingen 2,2463,101013,Timo Engel,team,
2021/2022,BULL Leonberg-Höfingen 2,2463,100325,Susi Harbrecht-Berndt,team,
2021/2022,BULL Leonberg-Höfingen 2,2463,251068,Helmut Motsch,team,
2021/2022,BF Weinheim-Viernheim 2,2487,353643,Ernst Fabian,team,
2021/2022,BF Weinheim-Viernheim 2,2487,242771,Armin Reidel,team,
2021/2022,BF Weinheim-Viernheim 2,2487,105103,Dieter Wolk,team,
2021/2022,BF Weinheim-Viernheim 2,2487,353826,Sebastian Calinescu,team,
2021/2022,BF Weinheim-Viernheim 2,2487,103881,Thomas Russow,team,
2021/2022,BF Weinheim-Viernheim 2,2487,104766,Carmelo Visconti,team,
2021/2022,BF Weinheim-Viernheim 2,2487,104950,Alexander Weiß,team,
2021/2022,PBV Schwetzingen 5,2494,242950,Rudolf Schulz,team,
2021/2022,PBV Schwetzingen 5,2494,101888,Heike Salch,team,
2021/2022,PBV Schwetzingen 5,2494,245275,Richard Cornely,team,
2021/2022,PBV Schwetzingen 5,2494,247503,Claudia Heinen,team,
2021/2022,PBV Schwetzingen 5,2494,101758,Martin Heinrich,team,
2021/2022,PBV Schwetzingen 5,2494,368080,Christian Münch,team,
2021/2022,PBV Schwetzingen 5,2494,356203,Ali Tinoush,team,
2021/2022,PBV Schwetzingen 5,2494,101020,Wolfgang Engelhardt,team,
2021/2022,PBV Schwetzingen 5,2494,245269,Nuno Brenner Miguel,team,
2021/2022,PBV Schwetzingen 5,2494,102369,Sergej Kirtkov,team,
2021/2022,Mannheimer BF 2,2517,103064,Carsten Mellmann,team,
2021/2022,Mannheimer BF 2,2517,247575,Andreas Stüber,team,
2021/2022,Mannheimer BF 2,2517,351633,Jochen Fiedler,team,
2021/2022,Mannheimer BF 2,2517,167821,Veit Heller,team,
2021/2022,Mannheimer BF 2,2517,239654,Thomas Kühn,team,
2021/2022,Mannheimer BF 2,2517,104382,Hendrik Snijder,team,
2021/2022,Mannheimer BF 2,2517,351635,Robert Klinec,team,
2021/2022,Mannheimer BF 2,2517,367374,Vuk Izidor Zelunka,team,
2021/2022,Mannheimer BF 2,2517,101823,Andreas Guenier,team,
2021/2022,Mannheimer BF 2,2517,239636,Thomas Kammerer,team,
2021/2022,Mannheimer BF 2,2517,100670,Efendi Cekerek,team,
2021/2022,PBC Bruchsal 2,2440,104625,Peter Thurm,team,
2021/2022,PBC Bruchsal 2,2440,244836,Michael Strenski,team,
2021/2022,PBC Bruchsal 2,2440,101856,Bianca Heneka,team,
2021/2022,PBC Bruchsal 2,2440,367853,Jörg Leiser,team,
2021/2022,PBC Bruchsal 2,2440,240228,Florian Walther,team,
2021/2022,PBC Bruchsal 2,2440,104025,Priska Leven,team,
2021/2022,PBC Bruchsal 2,2440,101182,Joannis Fountoukas,team,
2021/2022,CC Karlsruhe 5,2437,102519,Udo Koppenhöfer,team,
2021/2022,CC Karlsruhe 5,2437,101995,Dietmar Horst,team,
2021/2022,CC Karlsruhe 5,2437,355164,Saskia Schirmer,team,
2021/2022,CC Karlsruhe 5,2437,367924,Andreas Hollesen,team,
2021/2022,CC Karlsruhe 5,2437,103436,Rainer Ott,team,
2021/2022,CC Karlsruhe 5,2437,355165,Katrin Quaschinsky,team,
2021/2022,CC Karlsruhe 5,2437,111984,Elmar Ziegler,team,
2021/2022,Tübinger BC 2,2431,356369,Alexander Fischer,team,
2021/2022,Tübinger BC 2,2431,102972,Ulrich Märkle,team,
2021/2022,Tübinger BC 2,2431,350088,Dennis Göricke,team,
2021/2022,Tübinger BC 2,2431,350713,Jonas Entenmann,team,
2021/2022,Tübinger BC 2,2431,367912,Nikolaos Seristatidis,team,
2021/2022,Tübinger BC 2,2431,249083,Simon Theodoropoulos,team,
2021/2022,Tübinger BC 2,2431,351620,Goran Antunovic,team,
2021/2022,Tübinger BC 2,2431,104183,Thomas Schöpfer,team,
2021/2022,Tübinger BC 2,2431,104597,Rüdiger Theis,team,
2021/2022,Tübinger BC 2,2431,368061,Bruno Steinbach,team,
2021/2022,Tübinger BC 2,2431,100718,Uwe Cordes,team,
2021/2022,Tübinger BC 2,2431,241919,Thomas Dieckmann,team,
2021/2022,Tübinger BC 2,2431,249350,Dominik Kant,team,
2021/2022,Tübinger BC 2,2431,102721,Johannes Mai,team,
2021/2022,PBC Reutlingen 2,2428,103083,Adrian Mernik,team,
2021/2022,PBC Reutlingen 2,2428,244943,Peggy Eisele,team,
2021/2022,PBC Reutlingen 2,2428,229104,Cornelius Ryan,team,
2021/2022,PBC Reutlingen 2,2428,251187,Kathrin Karwath,team,
2021/2022,PBC Reutlingen 2,2428,101412,Bernhard Gneiting,team,
2021/2022,PBC Reutlingen 2,2428,252203,Maximilian Theis,team,
2021/2022,PBC Reutlingen 2,2428,354615,Virginia Eisen,team,
2021/2022,PBC Reutlingen 2,2428,102668,Andreas Kunellis,team,
2021/2022,PBC Reutlingen 2,2428,102114,Andreas Jeschka,team,
2021/2022,BBC Plochingen 2,2506,353792,Marius Schrimpf,team,
2021/2022,BBC Plochingen 2,2506,350077,Christoph Tropschuh,team,
2021/2022,BBC Plochingen 2,2506,100123,Franjo Antunovic,team,
2021/2022,BBC Plochingen 2,2506,368034,Andreas Tschinkel,team,
2021/2022,BBC Plochingen 2,2506,105232,Robert Zivanovic,team,
2021/2022,BBC Plochingen 2,2506,353791,Andreas Geigle,team,
2021/2022,BBC Plochingen 2,2506,248651,Michele Campagna,team,
2021/2022,BBC Plochingen 2,2506,251300,Alexander Hemmer,team,
2021/2022,BBC Plochingen 2,2506,103803,Steffen Röschinger,team,
2021/2022,BBC Plochingen 2,2506,104951,Fabienne Weiß,team,
2021/2022,BBC Plochingen 2,2506,164408,Frank Weiß,team,
2021/2022,BSV Filderstadt 5,2422,101786,Norbert Hell,team,
2021/2022,BSV Filderstadt 5,2422,102963,Thomas Mänz,team,
2021/2022,BSV Filderstadt 5,2422,251206,Dietmar Lübke,team,
2021/2022,BSV Filderstadt 5,2422,100370,Frederik Binder,team,
2021/2022,BSV Filderstadt 5,2422,104499,Jens Stintz,team,
2021/2022,BSV Filderstadt 5,2422,354136,Ulrich Oswald,team,
2021/2022,BSV Filderstadt 5,2422,100647,Serkan Candir,team,
2021/2022,BSV Filderstadt 5,2422,240108,Sebastian Czaja,team,
2021/2022,BSV Filderstadt 5,2422,242994,Gero Fähnle,team,
2021/2022,BSC Göppingen 2,2499,242787,Rainer Hermann,team,
2021/2022,BSC Göppingen 2,2499,368022,Antonio Nuzziello,team,
2021/2022,BSC Göppingen 2,2499,102424,Andreas Knauf,team,
2021/2022,BSC Göppingen 2,2499,367922,Heiko Schmeil,team,
2021/2022,BSC Göppingen 2,2499,102935,Daniela Majer,team,
2021/2022,BSC Göppingen 2,2499,355119,Julian Wolf,team,
2021/2022,BSC Göppingen 2,2499,368023,Oleg Kuhn,team,
2021/2022,BSC Göppingen 2,2499,367921,Alexander Rommel,team,
2021/2022,BSC Göppingen 2,2499,251970,Yves Jordan,team,
2021/2022,BSC Göppingen 2,2499,245567,Tanja Falk,team,
2021/2022,BSV Filderstadt 6,2422,101447,Eckart Grabe,team,
2021/2022,BSV Filderstadt 6,2422,100647,Serkan Candir,team,
2021/2022,BSV Filderstadt 6,2422,245471,Achim Stoll,team,
2021/2022,BSV Filderstadt 6,2422,245438,Heiko Heinrich,team,
2021/2022,BSV Filderstadt 6,2422,244941,Torsten Herold,team,
2021/2022,BSV Filderstadt 6,2422,240108,Sebastian Czaja,team,
2021/2022,BC Neckarsulm 3,2450,356371,Jonny Knapp,team,
2021/2022,BC Neckarsulm 3,2450,242731,Dirk Schäfauer,team,
2021/2022,BC Neckarsulm 3,2450,354161,Jens Birner,team,
2021/2022,BC Neckarsulm 3,2450,367119,Thomas Munz,team,
2021/2022,BC Neckarsulm 3,2450,351842,René Wieczorek,team,
2021/2022,BC Neckarsulm 3,2450,101831,Ralf Herdtfelder,team,
2021/2022,BC Neckarsulm 3,2450,100445,Ulf Bojus,team,
2021/2022,BC Neckarsulm 3,2450,248594,Diana Schäfauer,team,
2021/2022,BC Neckarsulm 3,2450,251376,Ferhat Cayli,team,
2021/2022,BC Neckarsulm 3,2450,352642,Fabian Gollerthan,team,
2021/2022,BC Neckarsulm 3,2450,176072,Janin Oesterle,team,
2021/2022,BC Neckarsulm 3,2450,104459,Helmut Steinacker,team,
2021/2022,BC Dallau 2,2433,350683,Kevin Wetzel,team,
2021/2022,BC Dallau 2,2433,250898,Alexander Friederich,team,
2021/2022,BC Dallau 2,2433,350684,Markus Wetzel,team,
2021/2022,BC Dallau 2,2433,353066,Wolfgang Stollberger,team,
2021/2022,BC Dallau 2,2433,351663,Tobias Wetzel,team,
2021/2022,BC Dallau 2,2433,100042,Köksal Albayrak,team,
2021/2022,BC Dallau 2,2433,100112,Steven Ascione,team,
2021/2022,BC Dallau 2,2433,100798,Murat Deniz,team,
2021/2022,BC Dallau 2,2433,366412,Sascha Link,team,
2021/2022,BC Dallau 2,2433,367950,Reiner Nies,team,
2021/2022,BF Bruchsal 2,2435,100585,Arnd Bülow,team,
2021/2022,BF Bruchsal 2,2435,101171,Jochen Föhner,team,
2021/2022,BF Bruchsal 2,2435,240167,Cem Sarigül,team,
2021/2022,BF Bruchsal 2,2435,240171,Steffen Hoffmann,team,
2021/2022,BF Bruchsal 2,2435,101190,Jürgen Frank,team,
2021/2022,BF Bruchsal 2,2435,104991,Tobias Werner,team,
2021/2022,CC Karlsruhe 4,2437,240263,Harry Kowalczyk,team,
2021/2022,CC Karlsruhe 4,2437,245620,Gottlob Mrugala,team,
2021/2022,CC Karlsruhe 4,2437,102518,Ralf Koppenhöfer,team,
2021/2022,CC Karlsruhe 4,2437,102327,Ute Kiefer,team,
2021/2022,CC Karlsruhe 4,2437,103436,Rainer Ott,team,
2021/2022,CC Karlsruhe 4,2437,367532,Lorenzo Ammazzini,team,
2021/2022,JS Mingolsheim 3,2439,367988,Markus Wörner,team,
2021/2022,JS Mingolsheim 3,2439,355299,Bernd Mahnke,team,
2021/2022,JS Mingolsheim 3,2439,355715,Ronald Rogge,team,
2021/2022,JS Mingolsheim 3,2439,367987,Mike Walter,team,
2021/2022,JS Mingolsheim 3,2439,366907,Patrick Lampert,team,
2021/2022,JS Mingolsheim 3,2439,103069,Roland Menrath,team,
2021/2022,JS Mingolsheim 3,2439,104884,Lepoleon Weatherspoon,team,
2021/2022,BSF Kurpfalz 3,2436,101284,Alexander Gabat,team,
2021/2022,BSF Kurpfalz 3,2436,103087,Markus Merz,team,
2021/2022,BSF Kurpfalz 3,2436,101155,Michael Flaig,team,
2021/2022,BSF Kurpfalz 3,2436,103858,Dieter Ruck,team,
2021/2022,BSF Kurpfalz 3,2436,101424,Heinz Gold,team,
2021/2022,Mannheimer BF 3,2517,100388,Uwe Bitsch,team,
2021/2022,Mannheimer BF 3,2517,354558,Angelika Kaune,team,
2021/2022,Mannheimer BF 3,2517,101823,Andreas Guenier,team,
2021/2022,Mannheimer BF 3,2517,353038,Brigitte Uhrig,team,
2021/2022,Mannheimer BF 3,2517,353387,Daniela Behrend,team,
2021/2022,Mannheimer BF 3,2517,368056,Gerhard Holzer,team,
2021/2022,Mannheimer BF 3,2517,239636,Thomas Kammerer,team,
2021/2022,Mannheimer BF 3,2517,247575,Andreas Stüber,team,
2021/2022,BC Blaustein 1,2402,103714,Harald Reutter,team,
2021/2022,BC Blaustein 1,2402,101401,Udo Gleich,team,
2021/2022,BC Blaustein 1,2402,163715,Marc Wagner,team,
2021/2022,BC Blaustein 1,2402,367814,Abdul Mecit Kul,team,
2021/2022,BC Blaustein 1,2402,104633,Thomas Tischmann,team,
2021/2022,BC Blaustein 1,2402,368058,Holger Domdey,team,
2021/2022,BC Blaustein 1,2402,103273,Klaus Mutenzer,team,
2021/2022,BC Blaustein 1,2402,101658,Torsten Hanisch,team,
2021/2022,PBC Bad Saulgau 3,2411,353844,Manuel Aschenbrenner,team,
2021/2022,PBC Bad Saulgau 3,2411,245485,Rudi Fölker,team,
2021/2022,PBC Bad Saulgau 3,2411,355824,Tobias Abt,team,
2021/2022,PBC Bad Saulgau 3,2411,367964,Dominik Weitzmann,team,
2021/2022,PBC Bad Saulgau 3,2411,353736,Dario Dakovic,team,
2021/2022,PBC Bad Saulgau 3,2411,253468,Umut Akinci,team,
2021/2022,PBC Bad Saulgau 3,2411,101198,Franz Frauenhoffer,team,
2021/2022,PBC Bad Saulgau 3,2411,368040,Rico Horst,team,
2021/2022,PBC Ochsenhausen 3,2416,100918,Thomas Drey,team,
2021/2022,PBC Ochsenhausen 3,2416,100413,Nikolaus Blum,team,
2021/2022,PBC Ochsenhausen 3,2416,104206,Anton Schubert,team,
2021/2022,PBC Ochsenhausen 3,2416,352444,Glen Corcoran,team,
2021/2022,PBC Ochsenhausen 3,2416,104085,Werner Schmidberger,team,
2021/2022,PBC Ochsenhausen 3,2416,104354,Manfred Sieweke,team,
2021/2022,PBC Ochsenhausen 3,2416,102831,Jörg Lingl,team,
2021/2022,PBC Ochsenhausen 3,2416,355161,Klaus Hirthe,team,
2021/2022,PBC Ochsenhausen 3,2416,103288,Dieter Naß,team,
2021/2022,PBC Langenargen 3,2414,100632,Jens Butenschön,team,
2021/2022,PBC Langenargen 3,2414,350617,Christian Späthe,team,
2021/2022,PBC Langenargen 3,2414,367928,Tom Mischner,team,
2021/2022,PBC Langenargen 3,2414,368006,Hans-Henning Schmid,team,
2021/2022,PBC Langenargen 3,2414,350621,Marco Conrad,team,
2021/2022,PBC Langenargen 3,2414,367910,Andreas Looser,team,
2021/2022,PBC Langenargen 3,2414,350538,Annette Köster,team,
2021/2022,PBC Langenargen 3,2414,100837,Siegfried Dietl,team,
2021/2022,PBC Langenargen 3,2414,367930,Azamat Kuvatov,team,
2021/2022,PBC Langenargen 3,2414,350615,Ingo Steinhilber,team,
2021/2022,PBC Langenargen 3,2414,367931,Alexander Stohr,team,
2021/2022,PBC Ochsenhausen 2,2416,161918,Wolfgang Stimmer,team,
2021/2022,PBC Ochsenhausen 2,2416,228708,Hans Heuschmid,team,
2021/2022,PBC Ochsenhausen 2,2416,367989,Martin Reinhardt,team,
2021/2022,PBC Ochsenhausen 2,2416,101152,Frank Flach,team,
2021/2022,PBC Ochsenhausen 2,2416,228713,Erich Wohllaib,team,
2021/2022,PBC Ochsenhausen 2,2416,104807,Philipp Vosseler,team,
2021/2022,PBC Ochsenhausen 2,2416,104806,Peter Vosseler,team,
2021/2022,PBC Bad Saulgau 4,2411,103094,Franz Meschenmoser,team,
2021/2022,PBC Bad Saulgau 4,2411,103112,Thomas Metzler,team,
2021/2022,PBC Bad Saulgau 4,2411,351227,Joachim Bruggesser,team,
2021/2022,PBC Bad Saulgau 4,2411,100243,Alexander Baur,team,
2021/2022,PBC Bad Saulgau 4,2411,240041,Rudolf Weiß,team,
2021/2022,PBC Bad Saulgau 4,2411,351225,Aaron Bruggesser,team,
2021/2022,PBC Bad Saulgau 4,2411,101198,Franz Frauenhoffer,team,
2021/2022,BC Weingarten 1,2403,102115,Lutz Jeschke,team,
2021/2022,BC Weingarten 1,2403,104617,Fabian Thoma-Schuck,team,
2021/2022,BC Weingarten 1,2403,368027,Alfred Hellrigl,team,
2021/2022,BC Weingarten 1,2403,100447,Patrick Bolduan,team,
2021/2022,BC Weingarten 1,2403,104910,Marc Wegenast,team,
2021/2022,BC Weingarten 1,2403,367991,Jennifer Bianca Metz,team,
2021/2022,BC Weingarten 1,2403,240013,Michael Leupolz,team,
2021/2022,PBC Langenargen 2,2414,105085,Andreas Witzigmann,team,
2021/2022,PBC Langenargen 2,2414,102397,Peter Kleinhans,team,
2021/2022,PBC Langenargen 2,2414,367929,Rainer Beck,team,
2021/2022,PBC Langenargen 2,2414,104667,Martin Trippel,team,
2021/2022,PBC Langenargen 2,2414,350620,Günther Bastian,team,
2021/2022,PBC Langenargen 2,2414,367910,Andreas Looser,team,
2021/2022,PP Karlsbad 1,2468,100599,Oezer Bulunmaz,team,
2021/2022,PP Karlsbad 1,2468,101994,Gerd Hörrmann,team,
2021/2022,PP Karlsbad 1,2468,103289,Ingo Nassall,team,
2021/2022,PP Karlsbad 1,2468,102870,Willi Ludwig,team,
2021/2022,PP Karlsbad 1,2468,102317,Tobias Kessler,team,
2021/2022,PP Karlsbad 1,2468,103209,Dirk Müller,team,
2021/2022,BSV Tiengen 1,2425,102131,Steffen Joos,team,
2021/2022,BSV Tiengen 1,2425,100945,Stefan Duttlinger,team,
2021/2022,BSV Tiengen 1,2425,102948,Rolf Mangelsdorf,team,
2021/2022,BSV Tiengen 1,2425,102370,Kai Kiss,team,
2021/2022,BSV Tiengen 1,2425,100985,Robin Eisele,team,
2021/2022,BSV Tiengen 1,2425,104546,Michael Strohmaier,team,
2021/2022,PBV Rottweil 1,2430,112875,Hanno Bröcker,team,
2021/2022,PBV Rottweil 1,2430,367960,Thomas Doussos,team,
2021/2022,PBV Rottweil 1,2430,101210,Ruben Frick,team,
2021/2022,PBV Rottweil 1,2430,104715,Soner Ulucanli,team,
2021/2022,PBV Rottweil 1,2430,103889,Luigi Sabia,team,
2021/2022,PBV Rottweil 1,2430,368033,Sina Yüksel,team,
2021/2022,PBC Offenburg 1,2481,231558,Philipp Lisenko,team,
2021/2022,PBC Offenburg 1,2481,104825,Frank Wagenmann,team,
2021/2022,PBC Offenburg 1,2481,101723,Vladislav Hebel,team,
2021/2022,PBC Offenburg 1,2481,171709,Daniel Vidackovic,team,
2021/2022,PBC Offenburg 1,2481,104254,Martin Schwab,team,
2021/2022,PBC Offenburg 1,2481,242876,Frank Tatarkowski,team,
2021/2022,PBC Offenburg 1,2481,101051,Christian Erl,team,
2021/2022,PBC Offenburg 1,2481,102135,Oliver Jörger,team,
2021/2022,PBV Schwetzingen 2,2494,247176,Eric Mattern,team,
2021/2022,PBV Schwetzingen 2,2494,103072,Florian Menzel,team,
2021/2022,PBV Schwetzingen 2,2494,101749,Jens Heim,team,
2021/2022,PBV Schwetzingen 2,2494,104752,Zehrudin Vereget,team,
2021/2022,PBV Schwetzingen 2,2494,104507,Florian Stojanoski,team,
2021/2022,PBV Schwetzingen 2,2494,242885,Kristian Kolthoff,team,
2021/2022,PBV Schwetzingen 2,2494,247505,Thomas Sommer,team,
2021/2022,PBC Bietigheim-Bissingen 1,2455,101390,Marco Giusa,team,
2021/2022,PBC Bietigheim-Bissingen 1,2455,103044,Ismet Mehmeti,team,
2021/2022,PBC Bietigheim-Bissingen 1,2455,100296,Mustafa Benk,team,
2021/2022,PBC Bietigheim-Bissingen 1,2455,104578,Besim Tastekin,team,
2021/2022,PBC Bietigheim-Bissingen 1,2455,245260,Necmi Kolbasar,team,
2021/2022,PBC Bietigheim-Bissingen 1,2455,103275,Marcus Mutschler,team,
2021/2022,PBC Bad Saulgau 1,2411,105241,Klaus Zobrekis,team,
2021/2022,PBC Bad Saulgau 1,2411,103306,Fabian Neglein,team,
2021/2022,PBC Bad Saulgau 1,2411,367968,Károly Kis,team,
2021/2022,PBC Bad Saulgau 1,2411,100039,Erdal Akinci,team,
2021/2022,PBC Bad Saulgau 1,2411,351228,Max Löhle,team,
2021/2022,PBC Bad Saulgau 1,2411,252672,Hartmut Jäggle,team,
2021/2022,PBC Bad Saulgau 1,2411,246408,Jan Weber,team,
2021/2022,PBC Aalen 1,2502,242722,Giuseppe Curcio,team,
2021/2022,PBC Aalen 1,2502,100638,Adrian Cabanillas Lora,team,
2021/2022,PBC Aalen 1,2502,230995,Mustafa Özyürük,team,
2021/2022,PBC Aalen 1,2502,104396,Eric Sorg,team,
2021/2022,PBC Aalen 1,2502,100421,Robert Bogdan,team,
2021/2022,PBC Aalen 1,2502,104746,Alexandros Vassiliadis,team,
2021/2022,BSV Pfullingen 1,2424,248769,Marius-Daniel Grigore-Martini,team,
2021/2022,BSV Pfullingen 1,2424,355803,Randee Ramzi Yalda,team,
2021/2022,BSV Pfullingen 1,2424,229045,Ulrich Schäfer,team,
2021/2022,BSV Pfullingen 1,2424,102186,Daniel Kalnak,team,
2021/2022,BSV Pfullingen 1,2424,351689,Sander Damrau,team,
2021/2022,BSV Pfullingen 1,2424,104671,Marcus Trumpp,team,
2021/2022,BSV Pfullingen 1,2424,250221,Marco Bunke,team,
2021/2022,PBC Reutlingen 1,2428,102859,Peter Lotterer,team,
2021/2022,PBC Reutlingen 1,2428,100983,Frank Eisele,team,
2021/2022,PBC Reutlingen 1,2428,102114,Andreas Jeschka,team,
2021/2022,PBC Reutlingen 1,2428,104819,Roland Wacker,team,
2021/2022,PBC Reutlingen 1,2428,104179,Rainer Schönfeld,team,
2021/2022,BSV Filderstadt 2,2422,103578,Athanassios Psimenidis,team,
2021/2022,BSV Filderstadt 2,2422,103128,Aristidis Michailidis,team,
2021/2022,BSV Filderstadt 2,2422,228532,Osman Büyük,team,
2021/2022,BSV Filderstadt 2,2422,104635,Raphael Titzmann,team,
2021/2022,BSV Filderstadt 2,2422,101317,Frank Gebert,team,
2021/2022,BSV Filderstadt 2,2422,100814,Alfredo Di Perna,team,
2021/2022,BSV Filderstadt 2,2422,242784,Mustafa Basaran,team,
2021/2022,BSV Filderstadt 2,2422,368025,Halil Seker,team,
2021/2022,BSV Filderstadt 2,2422,103925,Sascha Sauer,team,
2021/2022,PBC Schwäbisch Gmünd 1,2504,242923,Stephan Nimführ,team,
2021/2022,PBC Schwäbisch Gmünd 1,2504,101191,Matthias Frank,team,
2021/2022,PBC Schwäbisch Gmünd 1,2504,103907,Daniel Sanchez Goncalves,team,
2021/2022,PBC Schwäbisch Gmünd 1,2504,105109,Gary Wong,team,
2021/2022,PBC Schwäbisch Gmünd 1,2504,102361,Mehmet Kirli,team,
2021/2022,PBC Schwäbisch Gmünd 1,2504,242920,Christian Iliadis,team,
2021/2022,BULL Leonberg-Höfingen 1,2463,101572,Ricardo Gutjahr,team,
2021/2022,BULL Leonberg-Höfingen 1,2463,103790,Fabio Romano,team,
2021/2022,BULL Leonberg-Höfingen 1,2463,123648,Christian Endres,team,
2021/2022,BULL Leonberg-Höfingen 1,2463,240293,Niklas Vogel,team,
2021/2022,BULL Leonberg-Höfingen 1,2463,101308,Alexander Garmatz,team,
2021/2022,BULL Leonberg-Höfingen 1,2463,104776,Tina Riedel,team,
2021/2022,BV Pforzheim 1,2464,100972,Benjamin Eiberger,team,
2021/2022,BV Pforzheim 1,2464,240155,Andreas Wittmeier,team,
2021/2022,BV Pforzheim 1,2464,102013,Marco Huber,team,
2021/2022,BV Pforzheim 1,2464,104342,Sven Sibbus,team,
2021/2022,BV Pforzheim 1,2464,102661,Stephan Kuka,team,
2021/2022,BV Pforzheim 1,2464,100037,Ramazan Akdag,team,
2021/2022,BV Pforzheim 1,2464,350961,Sabine Hort,team,
2021/2022,BV Pforzheim 1,2464,352635,Draoui El Mokhtar,team,
2021/2022,BV Pforzheim 1,2464,349928,Pascal Habiger,team,
2021/2022,BV Pforzheim 1,2464,104595,Manuel Thamm,team,
2021/2022,BV Pforzheim 1,2464,251288,Tobias Wähler,team,
2021/2022,BV Pforzheim 1,2464,100773,Fiorenzo De Nuzzo,team,
2021/2022,BV Pforzheim 1,2464,242287,Carlos Weber,team,
2021/2022,BV Pforzheim 1,2464,100778,Andreas Decker,team,
2021/2022,BV Pforzheim 1,2464,245058,Felix Schwarz,team,
2021/2022,PF Calw 2,2471,101979,Savas Hopff,team,
2021/2022,PF Calw 2,2471,103820,Christian Rossa,team,
2021/2022,PF Calw 2,2471,104353,Wolfgang Siethoff,team,
2021/2022,PF Calw 2,2471,245948,Aryan Dayyani,team,
2021/2022,PF Calw 2,2471,249359,Florian Pasch,team,
2021/2022,PF Calw 2,2471,105197,Pascal Ziegler,team,
2021/2022,PBC Bräunlingen 1,2427,104760,Damir Vidovic,team,
2021/2022,PBC Bräunlingen 1,2427,103183,Berthold Moser,team,
2021/2022,PBC Bräunlingen 1,2427,103814,Phillip Rosenkranz,team,
2021/2022,PBC Bräunlingen 1,2427,103932,Roland Sauter,team,
2021/2022,PBC Bräunlingen 1,2427,102926,Matthias Maier,team,
2021/2022,PBC Bräunlingen 1,2427,104971,Björn Welte,team,
2021/2022,PBC Bräunlingen 1,2427,229025,Alexander Ragg,team,
2021/2022,BC Dreiländereck 1,2473,242708,Mike Dörfler,team,
2021/2022,BC Dreiländereck 1,2473,101470,Michael Greiner,team,
2021/2022,BC Dreiländereck 1,2473,123146,Markus Rütten,team,
2021/2022,BC Dreiländereck 1,2473,242710,Christian Joos,team,
2021/2022,BC Dreiländereck 1,2473,105147,Hikmet Yüksel,team,
2021/2022,BC Dreiländereck 1,2473,102719,Uwe Lang,team,
2021/2022,BC Dreiländereck 1,2473,353889,Bruno Miletic,team,
2021/2022,BC Dreiländereck 1,2473,242717,Michael Psarras,team,
2021/2022,BC Dreiländereck 1,2473,355313,Marco Poggiolini,team,
2021/2022,PBC Sand 1,2483,249145,Drazen Smolcic,team,
2021/2022,PBC Sand 1,2483,100825,Michael Diedrich,team,
2021/2022,PBC Sand 1,2483,101689,Richy Hartmann,team,
2021/2022,PBC Sand 1,2483,101476,Christian Gremmelspacher,team,
2021/2022,PBC Sand 1,2483,248622,Frank Diedrich,team,
2021/2022,JS Mingolsheim 1,2439,368024,Mehmet Kapli,team,
2021/2022,JS Mingolsheim 1,2439,103581,Matthias Pujic,team,
2021/2022,JS Mingolsheim 1,2439,105099,Matthias Wolf,team,
2021/2022,JS Mingolsheim 1,2439,102294,Ralf Kempermann,team,
2021/2022,JS Mingolsheim 1,2439,175895,Steffen Mämecke,team,
2021/2022,JS Mingolsheim 1,2439,104726,Christian Utz,team,
2021/2022,JS Mingolsheim 1,2439,105142,Ahmet Yilmaz,team,
2021/2022,CC Karlsruhe 1,2437,103837,Michael Roth,team,
2021/2022,CC Karlsruhe 1,2437,100640,Birol Caliskan,team,
2021/2022,CC Karlsruhe 1,2437,103769,Marcel Roden,team,
2021/2022,CC Karlsruhe 1,2437,101304,Ralf Ganz,team,
2021/2022,CC Karlsruhe 1,2437,103357,Frank Nitsche,team,
2021/2022,CC Karlsruhe 1,2437,252363,Moritz Rutkowski,team,
2021/2022,CC Karlsruhe 1,2437,101959,Joachim Höllwarth,team,
2021/2022,CC Karlsruhe 1,2437,101550,Christoph Günthner,team,
2021/2022,CC Karlsruhe 1,2437,104634,Viktor Tissen,team,
2021/2022,PBV Schwetzingen 3,2494,104752,Zehrudin Vereget,team,
2021/2022,PBV Schwetzingen 3,2494,104767,Celina Visconti,team,
2021/2022,PBV Schwetzingen 3,2494,247505,Thomas Sommer,team,
2021/2022,PBV Schwetzingen 3,2494,242885,Kristian Kolthoff,team,
2021/2022,PBV Schwetzingen 3,2494,101926,Heiko Hoffmann,team,
2021/2022,PBV Schwetzingen 3,2494,247504,Riccardo Heinen,team,
2021/2022,PBV Schwetzingen 3,2494,103272,Ümit Muslu,team,
2021/2022,PBV Schwetzingen 3,2494,246672,Dennis Wörthmüller,team,
2021/2022,PBV Schwetzingen 3,2494,105217,Karl-Heinz Zimmermann,team,
2021/2022,BC Neckarsulm 1,2450,103558,Benjamin Pran,team,
2021/2022,BC Neckarsulm 1,2450,248593,Sebastian Albrecht,team,
2021/2022,BC Neckarsulm 1,2450,221926,Valentin Marten,team,
2021/2022,BC Neckarsulm 1,2450,240446,Antonio De Gois,team,
2021/2022,BC Neckarsulm 1,2450,352032,Stefan Neuberger,team,
2021/2022,BC Neckarsulm 1,2450,250901,Emrah Atak,team,
2021/2022,BC Stuttgart 1891 2,2497,104287,Oliver Schwertschlager,team,
2021/2022,BC Stuttgart 1891 2,2497,100941,Thomas Durst,team,
2021/2022,BC Stuttgart 1891 2,2497,103487,Michael Brüll,team,
2021/2022,BC Stuttgart 1891 2,2497,103479,Andreas Pauling,team,
2021/2022,BC Stuttgart 1891 2,2497,102758,Joachim Lechenbauer,team,
2021/2022,BC Stuttgart 1891 2,2497,104208,Thomas Schubert,team,
2021/2022,BC Stuttgart 1891 2,2497,100711,Antonio Condello,team,
2021/2022,BC Stuttgart 1891 2,2497,102104,Mario Janssen,team,
2021/2022,PBC Bietigheim-Bissingen 2,2455,245260,Necmi Kolbasar,team,
2021/2022,PBC Bietigheim-Bissingen 2,2455,104607,Steven Thieltges,team,
2021/2022,PBC Bietigheim-Bissingen 2,2455,354684,Markus Geßinger,team,
2021/2022,PBC Bietigheim-Bissingen 2,2455,103690,Andreas Reisinger,team,
2021/2022,PBC Bietigheim-Bissingen 2,2455,105234,Daniel Zmalec,team,
2021/2022,PBC Bietigheim-Bissingen 2,2455,100791,Giuseppe Dellaquercia,team,
2021/2022,PBC Bietigheim-Bissingen 2,2455,103275,Marcus Mutschler,team,
2021/2022,BC Aalen 2,2495,100122,Andreas Augustin,team,
2021/2022,BC Aalen 2,2495,367913,Jürgen Baumgärtner,team,
2021/2022,BC Aalen 2,2495,102551,Zlatko Rosin,team,
2021/2022,BC Aalen 2,2495,101670,Horst Hardtke,team,
2021/2022,BC Aalen 2,2495,251815,Kevin Adamczyk,team,
2021/2022,BC Aalen 2,2495,103509,Tobias Petter,team,
2021/2022,BC Sindelfingen 3,2462,104685,Machmut Turan,team,
2021/2022,BC Sindelfingen 3,2462,367986,Vanja Nikolic,team,
2021/2022,BC Sindelfingen 3,2462,103634,Stephan Rech-Linker,team,
2021/2022,BC Sindelfingen 3,2462,103598,Andreas Rago,team,
2021/2022,BC Sindelfingen 3,2462,105133,Ahmet Yazici,team,
2021/2022,BC Sindelfingen 3,2462,101264,Bernd Füess,team,
2021/2022,BC Sindelfingen 3,2462,367949,Savvas Kourpanidis,team,
2021/2022,BC Sindelfingen 3,2462,103596,Danilo Radunovic,team,
2021/2022,BC Sindelfingen 2,2462,103127,Massimo Miccoli,team,
2021/2022,BC Sindelfingen 2,2462,367949,Savvas Kourpanidis,team,
2021/2022,BC Sindelfingen 2,2462,175404,Hans-Peter Benzinger,team,
2021/2022,BC Sindelfingen 2,2462,100500,Petra Braun,team,
2021/2022,BC Sindelfingen 2,2462,103910,Petra Sannwald,team,
2021/2022,BC Sindelfingen 2,2462,100304,Janina Benzinger,team,
2021/2022,BF Bruchsal 1,2435,104109,Uwe Schmidt,team,
2021/2022,BF Bruchsal 1,2435,103143,Benny-Michel Mildenberger,team,
2021/2022,BF Bruchsal 1,2435,103076,Ralf Mergel,team,
2021/2022,BF Bruchsal 1,2435,102180,Christian Kälbli,team,
2021/2022,BF Bruchsal 1,2435,102108,Daniel Jarke,team,
2021/2022,BF Bruchsal 1,2435,104991,Tobias Werner,team,
2021/2022,BBV Mannheim 2,2486,101556,Bülent Gürkan,team,
2021/2022,BBV Mannheim 2,2486,239643,Fikret Salic,team,
2021/2022,BBV Mannheim 2,2486,101538,Bülent Güler,team,
2021/2022,BBV Mannheim 2,2486,100069,Claus Altendorf,team,
2021/2022,PP Böblingen 1,2472,103444,Sercan Özdemir,team,
2021/2022,PP Böblingen 1,2472,249451,Andrei Deliman,team,
2021/2022,PP Böblingen 1,2472,252039,Dany Baron,team,
2021/2022,PP Böblingen 1,2472,101912,Ivan Hodzic,team,
2021/2022,PP Böblingen 1,2472,242967,Hayrettin Bozkurt,team,
2021/2022,PP Böblingen 1,2472,242971,Selim Güzel,team,
2021/2022,PP Böblingen 1,2472,242976,Anastasios Kagelidis,team,
2021/2022,PBC Fr. Lampertheim 1,2493,102627,Nikolai Kruhm,team,
2021/2022,PBC Fr. Lampertheim 1,2493,171256,Timo Reinert,team,
2021/2022,PBC Fr. Lampertheim 1,2493,102328,Thomas Kielmann,team,
2021/2022,PBC Fr. Lampertheim 1,2493,242861,Thorsten Kartes,team,
2021/2022,PBC Fr. Lampertheim 1,2493,101443,Michael Götz,team,
2021/2022,PBC Fr. Lampertheim 1,2493,103239,Thomas Müller,team,
2021/2022,PBC Fr. Lampertheim 1,2493,247868,Sven Gehrisch,team,
2021/2022,Mannheimer BF 1,2517,244727,Fabian Snijder,team,
2021/2022,Mannheimer BF 1,2517,368032,Alexander Casper,team,
2021/2022,Mannheimer BF 1,2517,104309,Carmen Leiser,team,
2021/2022,Mannheimer BF 1,2517,104129,Axel Schmucker,team,
2021/2022,Mannheimer BF 1,2517,230448,Marco Schmitt,team,
2021/2022,Mannheimer BF 1,2517,103064,Carsten Mellmann,team,
2021/2022,Mannheimer BF 1,2517,104382,Hendrik Snijder,team,
2021/2022,Mannheimer BF 1,2517,239654,Thomas Kühn,team,
2021/2022,PBC Pfedelbach 1,3140,355901,Alexandar Stankovic,team,
2021/2022,PBC Pfedelbach 1,3140,100719,Arno Corigliano,team,
2021/2022,PBC Pfedelbach 1,3140,102051,Hajredin Idrizi,team,
2021/2022,PBC Pfedelbach 1,3140,103922,Andreas Sattler,team,
2021/2022,PBC Pfedelbach 1,3140,252973,Michael Faja,team,
2021/2022,PBC Pfedelbach 1,3140,355903,Anil Celikbilek,team,
2021/2022,PBC Pfedelbach 1,3140,350685,Frank-Bernd Wieczorek,team,
2021/2022,PBV Schwetzingen 4,2494,105217,Karl-Heinz Zimmermann,team,
2021/2022,PBV Schwetzingen 4,2494,103272,Ümit Muslu,team,
2021/2022,PBV Schwetzingen 4,2494,249765,Keven König,team,
2021/2022,PBV Schwetzingen 4,2494,247504,Riccardo Heinen,team,
2021/2022,PBV Schwetzingen 4,2494,368079,Christian Würthwein,team,
2021/2022,PBV Schwetzingen 4,2494,101758,Martin Heinrich,team,
2021/2022,PBV Schwetzingen 4,2494,245275,Richard Cornely,team,
2021/2022,PBC Waghäusel 2,2442,103354,Pascal Nissel,team,
2021/2022,PBC Waghäusel 2,2442,247116,Witold Kabacinski,team,
2021/2022,PBC Waghäusel 2,2442,111963,Bernd Woitanowski,team,
2021/2022,PBC Waghäusel 2,2442,102305,Felix Kern,team,
2021/2022,PBC Waghäusel 2,2442,100014,Marek Adam,team,
2021/2022,PBC Schwäbisch Hall 1,2456,105049,Ruben Winkler,team,
2021/2022,PBC Schwäbisch Hall 1,2456,157455,Norbert Rollbühler,team,
2021/2022,PBC Schwäbisch Hall 1,2456,102680,Thomas Kupfer,team,
2021/2022,PBC Schwäbisch Hall 1,2456,100616,Zeljko Burmazovic,team,
2021/2022,PBC Schwäbisch Hall 1,2456,104299,Rainer Seemann,team,
2021/2022,BSV Konstanz 1,2409,242808,Thorsten Mohr,team,
2021/2022,BSV Konstanz 1,2409,354552,Woldai Wagner,team,
2021/2022,BSV Konstanz 1,2409,351910,Qayssar Al Saedi,team,
2021/2022,BSV Konstanz 1,2409,368031,Michael Kunz,team,
2021/2022,BSV Konstanz 1,2409,353693,Michael Schulz,team,
2021/2022,BSV Konstanz 1,2409,354166,Julian Tremmel,team,
2021/2022,BSV Konstanz 1,2409,354316,Marco Weise,team,
2021/2022,BSV Konstanz 1,2409,367580,Emir Musinovic,team,
2021/2022,BSV Konstanz 1,2409,351710,Homayoun Nikzat,team,
2021/2022,BSV Konstanz 1,2409,356218,Lucas Pfemfert,team,
2021/2022,BSV Konstanz 1,2409,104251,Matthias Schurer,team,
2021/2022,Tübinger BC 1,2431,349790,Wadea Al Mahamid,team,
2021/2022,Tübinger BC 1,2431,249083,Simon Theodoropoulos,team,
2021/2022,Tübinger BC 1,2431,240143,Konrad Bau,team,
2021/2022,Tübinger BC 1,2431,102864,Matthias Ludersdorfer,team,
2021/2022,Tübinger BC 1,2431,100718,Uwe Cordes,team,
2021/2022,Tübinger BC 1,2431,351620,Goran Antunovic,team,
2021/2022,Tübinger BC 1,2431,356369,Alexander Fischer,team,
2021/2022,Tübinger BC 1,2431,368061,Bruno Steinbach,team,
2021/2022,Tübinger BC 1,2431,100580,Florian Bühler,team,
2021/2022,Tübinger BC 1,2431,102721,Johannes Mai,team,
2021/2022,Tübinger BC 1,2431,104183,Thomas Schöpfer,team,
2021/2022,BSV Filderstadt 3,2422,101317,Frank Gebert,team,
2021/2022,BSV Filderstadt 3,2422,103925,Sascha Sauer,team,
2021/2022,BSV Filderstadt 3,2422,104635,Raphael Titzmann,team,
2021/2022,BSV Filderstadt 3,2422,100100,Markus Appenowitz,team,
2021/2022,BSV Filderstadt 3,2422,240058,Goran Švab,team,
2021/2022,BSV Filderstadt 3,2422,102973,Arno Marotz,team,
2021/2022,BSV Filderstadt 3,2422,368025,Halil Seker,team,
2021/2022,BSV Filderstadt 3,2422,252917,Florian Stubert,team,
2021/2022,BSV Filderstadt 3,2422,100814,Alfredo Di Perna,team,
2021/2022,PBC Langenargen 1,2414,100982,Andreas Einsiedler,team,
2021/2022,PBC Langenargen 1,2414,100189,Sebastian Bartsch,team,
2021/2022,PBC Langenargen 1,2414,367954,Herbert Schiele,team,
2021/2022,PBC Langenargen 1,2414,228696,Gerald Ströbele,team,
2021/2022,PBC Langenargen 1,2414,143960,Markus Graml,team,
2021/2022,BSC Göppingen 1,2499,252858,Orhan Parama,team,
2021/2022,BSC Göppingen 1,2499,100904,Martin Doster,team,
2021/2022,BSC Göppingen 1,2499,104379,Silvestar Smokovic,team,
2021/2022,BSC Göppingen 1,2499,103616,Sebastiano Ratto,team,
2021/2022,BSC Göppingen 1,2499,103268,Vincenzo Murano,team,
2021/2022,BV Markdorf 1,2410,101076,Silvio Fadda,team,
2021/2022,BV Markdorf 1,2410,105051,Georg Winter,team,
2021/2022,BV Markdorf 1,2410,103113,Lutz Metzner,team,
2021/2022,BV Markdorf 1,2410,228681,Andreas Kiefer,team,
2021/2022,BV Markdorf 1,2410,103211,Fabian Müller,team,
2021/2022,BV Markdorf 1,2410,103167,Daniel Moll,team,
2021/2022,BSV Tiengen 2,2425,101192,Ronny Frank,team,
2021/2022,BSV Tiengen 2,2425,244866,Dominik Netzhammer,team,
2021/2022,BSV Tiengen 2,2425,250690,Christian Lorenz,team,
2021/2022,BSV Tiengen 2,2425,367917,Sijon Joos,team,
2021/2022,BSV Tiengen 2,2425,104101,Peter Schmidt,team,
2021/2022,BSV Tiengen 2,2425,100945,Stefan Duttlinger,team,
2021/2022,BSV Tiengen 2,2425,100106,Stefanie Arndt,team,
2021/2022,BSV Tiengen 2,2425,103000,Silvio Massow,team,
2021/2022,BSV Tiengen 2,2425,104506,Daniel Stohler,team,
2021/2022,BC Dreiländereck 2,2473,242716,Matthias Orth,team,
2021/2022,BC Dreiländereck 2,2473,102719,Uwe Lang,team,
2021/2022,BC Dreiländereck 2,2473,253498,Johanna Indlekofer,team,
2021/2022,BC Dreiländereck 2,2473,105147,Hikmet Yüksel,team,
2021/2022,BC Dreiländereck 2,2473,103081,Andreas Merkle,team,
2021/2022,BC Dreiländereck 2,2473,242710,Christian Joos,team,
2021/2022,BC Dreiländereck 2,2473,242717,Michael Psarras,team,
2021/2022,BC Dreiländereck 2,2473,100966,Wolfgang Ehni,team,
2021/2022,BC Dreiländereck 2,2473,101848,Sven Hertel,team,
2021/2022,BV Villingen-Schwenningen 1,2426,367962,Markus Strauß,team,
2021/2022,BV Villingen-Schwenningen 1,2426,101485,Ralf Grießhaber,team,
2021/2022,BV Villingen-Schwenningen 1,2426,104770,Sven Deschner,team,
2021/2022,BV Villingen-Schwenningen 1,2426,101571,Andreas Gut,team,
2021/2022,BV Villingen-Schwenningen 1,2426,101451,Steffen Graf,team,
2021/2022,BV Villingen-Schwenningen 1,2426,103842,Dennis Rothaug,team,
2021/2022,BV Villingen-Schwenningen 1,2426,101737,Svenja Schwarzkopf,team,
2021/2022,BV Villingen-Schwenningen 1,2426,224549,Stefan Weiner,team,
2021/2022,P&S Denzlingen 1,2476,104577,Fikret Tasdemir,team,
2021/2022,P&S Denzlingen 1,2476,241999,Tobias Jung,team,
2021/2022,P&S Denzlingen 1,2476,242773,Yilmaz Aygün,team,
2021/2022,P&S Denzlingen 1,2476,100292,Horst Bendig,team,
2021/2022,P&S Denzlingen 1,2476,367994,Reaven Zhang,team,
2021/2022,P&S Denzlingen 1,2476,253021,Yavuz Güleryüz,team,
2021/2022,P&S Denzlingen 1,2476,100996,Marcus Elfenthal,team,
2021/2022,P&S Denzlingen 1,2476,101989,Mathias Hornbach,team,
2021/2022,P&S Denzlingen 1,2476,349970,Jacco van de Streek,team,
2021/2022,P&S Denzlingen 1,2476,101221,Klaus Friedrich,team,
2021/2022,P&S Denzlingen 1,2476,244908,Alexander Gohlke,team,
2021/2022,PBC Offenburg 2,2481,104564,Marius Sutor,team,
2021/2022,PBC Offenburg 2,2481,103469,David Party,team,
2021/2022,PBC Offenburg 2,2481,242876,Frank Tatarkowski,team,
2021/2022,PBC Offenburg 2,2481,104560,Bernhard Sutor,team,
2021/2022,PBC Offenburg 2,2481,101200,Martin Frei,team,
2021/2022,PBC Offenburg 2,2481,105127,Manfred Wußler,team,
2021/2022,PBC Offenburg 2,2481,101723,Vladislav Hebel,team,
2021/2022,PBC Freudenstadt 1,2465,103654,Michael Reichert,team,
2021/2022,PBC Freudenstadt 1,2465,242867,Michael Matschewsky,team,
2021/2022,PBC Freudenstadt 1,2465,247955,David Galwas,team,
2021/2022,PBC Freudenstadt 1,2465,104434,Armin Stauß,team,
2021/2022,PBC Freudenstadt 1,2465,103930,Eberhard Sauter,team,
2022/2023,BC Stuttgart 1891 1,2497,104273,Robert Schwarz,team,
2022/2023,BC Stuttgart 1891 1,2497,103075,Daniel Merbitz,team,
2022/2023,BC Stuttgart 1891 1,2497,104357,Timo Sillner,team,
2022/2023,BC Stuttgart 1891 1,2497,102918,Holger Maier,team,
2022/2023,BC Stuttgart 1891 1,2497,104208,Thomas Schubert,team,
2022/2023,BULL Leonberg-Höfingen 1,2463,101572,Ricardo Gutjahr,team,
2022/2023,BULL Leonberg-Höfingen 1,2463,242722,Giuseppe Curcio,team,
2022/2023,BULL Leonberg-Höfingen 1,2463,103790,Fabio Romano,team,
2022/2023,BULL Leonberg-Höfingen 1,2463,123648,Christian Endres,team,
2022/2023,BULL Leonberg-Höfingen 1,2463,240293,Niklas Vogel,team,
2022/2023,PBV Schwetzingen 2,2494,103072,Florian Menzel,team,
2022/2023,PBV Schwetzingen 2,2494,104507,Florian Stojanoski,team,
2022/2023,PBV Schwetzingen 2,2494,101749,Jens Heim,team,
2022/2023,PBV Schwetzingen 2,2494,101926,Heiko Hoffmann,team,
2022/2023,PBV Schwetzingen 2,2494,248413,Manuel Letzel,team,
2022/2023,PBV Schwetzingen 2,2494,104752,Zehrudin Vereget,team,
2022/2023,PBC Bad Saulgau 1,2411,103889,Luigi Sabia,team,
2022/2023,PBC Bad Saulgau 1,2411,100039,Erdal Akinci,team,
2022/2023,PBC Bad Saulgau 1,2411,103306,Fabian Neglein,team,
2022/2023,PBC Bad Saulgau 1,2411,252672,Hartmut Jäggle,team,
2022/2023,PBC Bad Saulgau 1,2411,228904,Tobias Hirt,team,
2022/2023,PBC Bad Saulgau 1,2411,351228,Max Löhle,team,
2022/2023,PBC Bad Saulgau 1,2411,253468,Umut Akinci,team,
2022/2023,PBC Bad Saulgau 1,2411,242806,Steffen Auer,team,
2022/2023,PBC Reutlingen 1,2428,102114,Andreas Jeschka,team,
2022/2023,PBC Reutlingen 1,2428,102859,Peter Lotterer,team,
2022/2023,PBC Reutlingen 1,2428,104179,Rainer Schönfeld,team,
2022/2023,PBC Reutlingen 1,2428,248769,Marius-Daniel Grigore-Martini,team,
2022/2023,PBC Reutlingen 1,2428,368381,Pavlos Dadakos,team,
2022/2023,PBC Reutlingen 1,2428,104819,Roland Wacker,team,
2022/2023,PBC Bräunlingen 1,2427,103183,Berthold Moser,team,
2022/2023,PBC Bräunlingen 1,2427,103932,Roland Sauter,team,
2022/2023,PBC Bräunlingen 1,2427,102926,Matthias Maier,team,
2022/2023,PBC Bräunlingen 1,2427,103814,Phillip Rosenkranz,team,
2022/2023,PBC Bräunlingen 1,2427,102406,Axel Klimmer,team,
2022/2023,PBC Bräunlingen 1,2427,100553,Florian Brugger,team,
2022/2023,PBC Bräunlingen 1,2427,104199,Bernd Schröder,team,
2022/2023,PBC Bräunlingen 1,2427,104971,Björn Welte,team,
2022/2023,PBC Bräunlingen 1,2427,229025,Alexander Ragg,team,
2022/2023,PBC Bräunlingen 1,2427,104760,Damir Vidovic,team,
2022/2023,JS Mingolsheim 1,2439,105099,Matthias Wolf,team,
2022/2023,JS Mingolsheim 1,2439,105142,Ahmet Yilmaz,team,
2022/2023,JS Mingolsheim 1,2439,103581,Matthias Pujic,team,
2022/2023,JS Mingolsheim 1,2439,102294,Ralf Kempermann,team,
2022/2023,JS Mingolsheim 1,2439,104726,Christian Utz,team,
2022/2023,JS Mingolsheim 1,2439,355299,Bernd Mahnke,team,
2022/2023,JS Mingolsheim 1,2439,367988,Markus Wörner,team,
2022/2023,JS Mingolsheim 1,2439,367987,Mike Walter,team,
2022/2023,PBC Aalen 1,2502,100638,Adrian Cabanillas Lora,team,
2022/2023,PBC Aalen 1,2502,104746,Alexandros Vassiliadis,team,
2022/2023,PBC Aalen 1,2502,368208,Josip Ceko,team,
2022/2023,PBC Aalen 1,2502,100421,Robert Bogdan,team,
2022/2023,PBC Aalen 1,2502,104396,Eric Sorg,team,
2022/2023,PBC Aalen 1,2502,249001,Oliver Krieger,team,
2022/2023,PBC Aalen 1,2502,368220,Sezer Soydinc,team,
2022/2023,PBC Aalen 1,2502,368216,Aydin Yaray,team,
2022/2023,PBC Aalen 1,2502,242922,Maximilian Jentsch,team,
2022/2023,PBC Aalen 1,2502,368211,Gerd Friedl,team,
2022/2023,BC Aalen 2,2495,367913,Jürgen Baumgärtner,team,
2022/2023,BC Aalen 2,2495,368098,Robert Karaica,team,
2022/2023,BC Aalen 2,2495,100122,Andreas Augustin,team,
2022/2023,BC Aalen 2,2495,102551,Zlatko Rosin,team,
2022/2023,BC Aalen 2,2495,101670,Horst Hardtke,team,
2022/2023,PBC Bietigheim-Bissingen 1,2455,245260,Necmi Kolbasar,team,
2022/2023,PBC Bietigheim-Bissingen 1,2455,104607,Steven Thieltges,team,
2022/2023,PBC Bietigheim-Bissingen 1,2455,354684,Markus Geßinger,team,
2022/2023,PBC Bietigheim-Bissingen 1,2455,105234,Daniel Zmalec,team,
2022/2023,PBC Bietigheim-Bissingen 1,2455,103690,Andreas Reisinger,team,
2022/2023,PBC Schwäbisch Gmünd 1,2504,242923,Stephan Nimführ,team,
2022/2023,PBC Schwäbisch Gmünd 1,2504,102361,Mehmet Kirli,team,
2022/2023,PBC Schwäbisch Gmünd 1,2504,105109,Gary Wong,team,
2022/2023,PBC Schwäbisch Gmünd 1,2504,103907,Daniel Sanchez Goncalves,team,
2022/2023,PBC Schwäbisch Gmünd 1,2504,351923,Maxim Buchstab,team,
2022/2023,PBC Schwäbisch Hall 1,2456,105049,Ruben Winkler,team,
2022/2023,PBC Schwäbisch Hall 1,2456,100616,Zeljko Burmazovic,team,
2022/2023,PBC Schwäbisch Hall 1,2456,102680,Thomas Kupfer,team,
2022/2023,PBC Schwäbisch Hall 1,2456,157455,Norbert Rollbühler,team,
2022/2023,PBC Schwäbisch Hall 1,2456,104299,Rainer Seemann,team,
2022/2023,PF Calw 1,2471,101289,Thomas Gäckle,team,
2022/2023,PF Calw 1,2471,104541,Alexander Striker,team,
2022/2023,PF Calw 1,2471,242963,Marco Warlies,team,
2022/2023,PF Calw 1,2471,104761,Goncalo Vieira Manies,team,
2022/2023,PF Calw 1,2471,248741,Oliver Hauke,team,
2022/2023,PF Calw 1,2471,104353,Wolfgang Siethoff,team,
2022/2023,BSV Filderstadt 2,2422,101317,Frank Gebert,team,
2022/2023,BSV Filderstadt 2,2422,104635,Raphael Titzmann,team,
2022/2023,BSV Filderstadt 2,2422,103925,Sascha Sauer,team,
2022/2023,BSV Filderstadt 2,2422,100100,Markus Appenowitz,team,
2022/2023,BSV Filderstadt 2,2422,253317,Ardalan Mirahmadi,team,
2022/2023,BSV Filderstadt 2,2422,103578,Athanassios Psimenidis,team,
2022/2023,BSV Filderstadt 2,2422,100814,Alfredo Di Perna,team,
2022/2023,BSV Filderstadt 2,2422,228532,Osman Büyük,team,
2022/2023,BSC Göppingen 1,2499,252858,Orhan Parama,team,
2022/2023,BSC Göppingen 1,2499,104379,Silvestar Smokovic,team,
2022/2023,BSC Göppingen 1,2499,100904,Martin Doster,team,
2022/2023,BSC Göppingen 1,2499,103616,Sebastiano Ratto,team,
2022/2023,BSC Göppingen 1,2499,251258,Gerold Konnerth,team,
2022/2023,BSC Göppingen 1,2499,242796,Frank Schwenk,team,
2022/2023,BSC Göppingen 1,2499,103749,Jennifer Ring,team,
2022/2023,BSV Filderstadt 3,2422,368203,Tahsin Kirli,team,
2022/2023,BSV Filderstadt 3,2422,103578,Athanassios Psimenidis,team,
2022/2023,BSV Filderstadt 3,2422,103128,Aristidis Michailidis,team,
2022/2023,BSV Filderstadt 3,2422,228532,Osman Büyük,team,
2022/2023,BSV Filderstadt 3,2422,103552,Claudio Pontuti,team,
2022/2023,BSV Filderstadt 3,2422,240058,Goran Švab,team,
2022/2023,BSV Filderstadt 3,2422,252917,Florian Stubert,team,
2022/2023,BSV Filderstadt 3,2422,351423,Marco Klotzer,team,
2022/2023,BSV Filderstadt 3,2422,253317,Ardalan Mirahmadi,team,
2022/2023,BC Neckarsulm 1,2450,103558,Benjamin Pran,team,
2022/2023,BC Neckarsulm 1,2450,248593,Sebastian Albrecht,team,
2022/2023,BC Neckarsulm 1,2450,221926,Valentin Marten,team,
2022/2023,BC Neckarsulm 1,2450,240446,Antonio De Gois,team,
2022/2023,BC Neckarsulm 1,2450,250899,Rouven Elischer,team,
2022/2023,PBC Waghäusel 2,2442,103924,Steffen Säubert,team,
2022/2023,PBC Waghäusel 2,2442,103354,Pascal Nissel,team,
2022/2023,PBC Waghäusel 2,2442,102305,Felix Kern,team,
2022/2023,PBC Waghäusel 2,2442,111963,Bernd Woitanowski,team,
2022/2023,PBC Waghäusel 2,2442,154211,Thomas Neumann,team,
2022/2023,PBC Waghäusel 2,2442,105193,Marco Zieger,team,
2022/2023,PBC Waghäusel 2,2442,240239,Ivan Mikulic,team,
2022/2023,BC Dreiländereck 1,2473,242708,Mike Dörfler,team,
2022/2023,BC Dreiländereck 1,2473,101470,Michael Greiner,team,
2022/2023,BC Dreiländereck 1,2473,123146,Markus Rütten,team,
2022/2023,BC Dreiländereck 1,2473,353889,Bruno Miletic,team,
2022/2023,BC Dreiländereck 1,2473,242710,Christian Joos,team,
2022/2023,BC Dreiländereck 1,2473,368127,Stefan Weiß,team,
2022/2023,BC Dreiländereck 1,2473,253498,Johanna Indlekofer,team,
2022/2023,BSV Tiengen 1,2425,100945,Stefan Duttlinger,team,
2022/2023,BSV Tiengen 1,2425,102948,Rolf Mangelsdorf,team,
2022/2023,BSV Tiengen 1,2425,100985,Robin Eisele,team,
2022/2023,BSV Tiengen 1,2425,102131,Steffen Joos,team,
2022/2023,BSV Tiengen 1,2425,367917,Sijon Joos,team,
2022/2023,BSV Tiengen 1,2425,368257,Ihor Lialin,team,
2022/2023,PBC Sand 1,2483,249145,Drazen Smolcic,team,
2022/2023,PBC Sand 1,2483,100825,Michael Diedrich,team,
2022/2023,PBC Sand 1,2483,101476,Christian Gremmelspacher,team,
2022/2023,PBC Sand 1,2483,101689,Richy Hartmann,team,
2022/2023,PBC Sand 1,2483,101688,Richard Hartmann,team,
2022/2023,PBC Sand 1,2483,248622,Frank Diedrich,team,
2022/2023,PBC Freudenstadt 1,2465,102278,Andreas Keilmann,team,
2022/2023,PBC Freudenstadt 1,2465,242867,Michael Matschewsky,team,
2022/2023,PBC Freudenstadt 1,2465,103654,Michael Reichert,team,
2022/2023,PBC Freudenstadt 1,2465,247955,David Galwas,team,
2022/2023,PBC Freudenstadt 1,2465,102153,Benjamin Jung,team,
2022/2023,PBC Freudenstadt 1,2465,104434,Armin Stauß,team,
2022/2023,PBC Freudenstadt 1,2465,250710,Steffen Feuerbacher,team,
2022/2023,BV Villingen-Schwenningen 1,2426,103865,Mike Rüffert,team,
2022/2023,BV Villingen-Schwenningen 1,2426,367962,Markus Strauß,team,
2022/2023,BV Villingen-Schwenningen 1,2426,104770,Sven Deschner,team,
2022/2023,BV Villingen-Schwenningen 1,2426,101485,Ralf Grießhaber,team,
2022/2023,BV Villingen-Schwenningen 1,2426,101451,Steffen Graf,team,
2022/2023,BBV Mannheim 1,2486,101556,Bülent Gürkan,team,
2022/2023,BBV Mannheim 1,2486,239643,Fikret Salic,team,
2022/2023,BBV Mannheim 1,2486,101538,Bülent Güler,team,
2022/2023,BBV Mannheim 1,2486,243479,Alen Salic,team,
2022/2023,BBV Mannheim 1,2486,100069,Claus Altendorf,team,
2022/2023,BBV Mannheim 1,2486,353758,Michael Leonhard,team,
2022/2023,BBV Mannheim 1,2486,239646,Susanne Schweter,team,
2022/2023,CC Karlsruhe 2,2437,367979,Adriano Viviani,team,
2022/2023,CC Karlsruhe 2,2437,368207,Calvin Waldecker,team,
2022/2023,CC Karlsruhe 2,2437,248469,Fabian Metz,team,
2022/2023,CC Karlsruhe 2,2437,101640,Yves Hamacher,team,
2022/2023,CC Karlsruhe 2,2437,103209,Dirk Müller,team,
2022/2023,CC Karlsruhe 2,2437,355908,Stefan Scherer,team,
2022/2023,CC Karlsruhe 2,2437,101959,Joachim Höllwarth,team,
2022/2023,Mannheimer BF 1,2517,100651,Mehmet Cankurt,team,
2022/2023,Mannheimer BF 1,2517,244727,Fabian Snijder,team,
2022/2023,Mannheimer BF 1,2517,368032,Alexander Casper,team,
2022/2023,Mannheimer BF 1,2517,104309,Carmen Leiser,team,
2022/2023,Mannheimer BF 1,2517,104129,Axel Schmucker,team,
2022/2023,Mannheimer BF 1,2517,103064,Carsten Mellmann,team,
2022/2023,Mannheimer BF 1,2517,100670,Efendi Cekerek,team,
2022/2023,CC Karlsruhe 1,2437,102015,Stephan Huber,team,
2022/2023,CC Karlsruhe 1,2437,102607,Hermann Krieger,team,
2022/2023,CC Karlsruhe 1,2437,103800,Raoul-Robert Ronto,team,
2022/2023,CC Karlsruhe 1,2437,252010,Long Werner,team,
2022/2023,CC Karlsruhe 1,2437,103769,Marcel Roden,team,
2022/2023,CC Karlsruhe 1,2437,368207,Calvin Waldecker,team,
2022/2023,CC Karlsruhe 1,2437,352016,Reimar Sauter,team,
2022/2023,PBC Bruchsal 1,2440,101803,Michael Heneka,team,
2022/2023,PBC Bruchsal 1,2440,101550,Christoph Günthner,team,
2022/2023,PBC Bruchsal 1,2440,100009,Bülent Acar,team,
2022/2023,PBC Bruchsal 1,2440,104844,Rolf Waible,team,
2022/2023,PBC Bruchsal 1,2440,163386,Holger Vier,team,
2022/2023,PBC Fr. Lampertheim 1,2493,242861,Thorsten Kartes,team,
2022/2023,PBC Fr. Lampertheim 1,2493,171256,Timo Reinert,team,
2022/2023,PBC Fr. Lampertheim 1,2493,368258,Jürgen Steinmann,team,
2022/2023,PBC Fr. Lampertheim 1,2493,102328,Thomas Kielmann,team,
2022/2023,PBC Fr. Lampertheim 1,2493,102627,Nikolai Kruhm,team,
2022/2023,PBC Fr. Lampertheim 1,2493,226928,Dandy Kohlhaw,team,
2022/2023,PBC Fr. Lampertheim 1,2493,103239,Thomas Müller,team,
2022/2023,PBC Fr. Lampertheim 1,2493,102069,Lutz Iserhardt,team,
2022/2023,PBC Fr. Lampertheim 1,2493,104123,Achim Schmittel,team,
2022/2023,PBC Fr. Lampertheim 1,2493,101443,Michael Götz,team,
2022/2023,PBC Fr. Lampertheim 1,2493,101363,Oliver Geuder,team,
2022/2023,PBC Fr. Lampertheim 1,2493,226973,Bernhard Flamm,team,
2022/2023,PBC Fr. Lampertheim 1,2493,101368,Maurizio Giannachi,team,
2022/2023,PBC Fr. Lampertheim 1,2493,104090,Bernd Schmidt,team,
2022/2023,PBC Waghäusel 3,2442,154211,Thomas Neumann,team,
2022/2023,PBC Waghäusel 3,2442,240240,Hassan Najjar,team,
2022/2023,PBC Waghäusel 3,2442,240239,Ivan Mikulic,team,
2022/2023,PBC Waghäusel 3,2442,105193,Marco Zieger,team,
2022/2023,PBC Waghäusel 3,2442,240243,Andree Säubert,team,
2022/2023,PBC Waghäusel 3,2442,103618,Frank Rätz,team,
2022/2023,PBC Waghäusel 3,2442,240244,Michael Wanjek,team,
2022/2023,PBC Waghäusel 3,2442,102987,Klaus Martin,team,
2022/2023,PBC Waghäusel 3,2442,240242,Mirsad Sabic,team,
2022/2023,PBV Schwetzingen 3,2494,246672,Dennis Wörthmüller,team,
2022/2023,PBV Schwetzingen 3,2494,104752,Zehrudin Vereget,team,
2022/2023,PBV Schwetzingen 3,2494,247505,Thomas Sommer,team,
2022/2023,PBV Schwetzingen 3,2494,104767,Celina Visconti,team,
2022/2023,PBV Schwetzingen 3,2494,103573,Marc Proissl,team,
2022/2023,PBV Schwetzingen 3,2494,247504,Riccardo Heinen,team,
2022/2023,PBV Schwetzingen 3,2494,248413,Manuel Letzel,team,
2022/2023,BC Sindelfingen 3,2462,100983,Frank Eisele,team,
2022/2023,BC Sindelfingen 3,2462,246024,Denis Mnich,team,
2022/2023,BC Sindelfingen 3,2462,102645,Stefan Künzl,team,
2022/2023,BC Sindelfingen 3,2462,353408,Christopher Hopp,team,
2022/2023,BC Sindelfingen 3,2462,367986,Vanja Nikolic,team,
2022/2023,BC Sindelfingen 3,2462,368302,Simone Künzl,team,
2022/2023,BC Sindelfingen 3,2462,368179,Thorsten Möhle,team,
2022/2023,BC Sindelfingen 3,2462,367918,Arman Rasoli,team,
2022/2023,BC Sindelfingen 3,2462,353993,Gerold Birmili,team,
2022/2023,BC Sindelfingen 3,2462,368146,Saeid Heydarpour,team,
2022/2023,BC Sindelfingen 2,2462,104685,Machmut Turan,team,
2022/2023,BC Sindelfingen 2,2462,105133,Ahmet Yazici,team,
2022/2023,BC Sindelfingen 2,2462,368146,Saeid Heydarpour,team,
2022/2023,BC Sindelfingen 2,2462,103598,Andreas Rago,team,
2022/2023,BC Sindelfingen 2,2462,367945,Simon Schaal,team,
2022/2023,BC Sindelfingen 2,2462,100983,Frank Eisele,team,
2022/2023,BC Sindelfingen 2,2462,368179,Thorsten Möhle,team,
2022/2023,BC Sindelfingen 2,2462,353408,Christopher Hopp,team,
2022/2023,BC Sindelfingen 2,2462,228911,Martin Brunsch,team,
2022/2023,BC Stuttgart 1891 2,2497,102758,Joachim Lechenbauer,team,
2022/2023,BC Stuttgart 1891 2,2497,103479,Andreas Pauling,team,
2022/2023,BC Stuttgart 1891 2,2497,104287,Oliver Schwertschlager,team,
2022/2023,BC Stuttgart 1891 2,2497,103487,Michael Brüll,team,
2022/2023,BC Stuttgart 1891 2,2497,100941,Thomas Durst,team,
2022/2023,BC Stuttgart 1891 2,2497,104208,Thomas Schubert,team,
2022/2023,BC Stuttgart 1891 2,2497,368372,Kalin-Felix Stefanov,team,
2022/2023,BC Stuttgart 1891 2,2497,102701,Christine Gharbi,team,
2022/2023,BC Stuttgart 1891 2,2497,159294,Christina Schneider-Radunovic,team,
2022/2023,BV Pforzheim 1,2464,103289,Ingo Nassall,team,
2022/2023,BV Pforzheim 1,2464,240155,Andreas Wittmeier,team,
2022/2023,BV Pforzheim 1,2464,102445,Gerald Kny,team,
2022/2023,BV Pforzheim 1,2464,101952,Thorsten Holatka,team,
2022/2023,BV Pforzheim 1,2464,350961,Sabine Hort,team,
2022/2023,BV Pforzheim 1,2464,102013,Marco Huber,team,
2022/2023,BV Pforzheim 1,2464,100972,Benjamin Eiberger,team,
2022/2023,PBC Rastatt 1,2482,102381,Manuel Klappstein,team,
2022/2023,PBC Rastatt 1,2482,242907,Patrick Lauinger,team,
2022/2023,PBC Rastatt 1,2482,104984,Sascha Werle,team,
2022/2023,PBC Rastatt 1,2482,253091,Sven Kaupp,team,
2022/2023,PBC Rastatt 1,2482,101730,Helmut Heck,team,
2022/2023,PBC Rastatt 1,2482,353760,Yannick Redl,team,
2022/2023,PBC Nagoldtal 1,2466,245634,Florian Staud,team,
2022/2023,PBC Nagoldtal 1,2466,104803,Frank Vorauer,team,
2022/2023,PBC Nagoldtal 1,2466,249310,Nic Woywodt,team,
2022/2023,PBC Nagoldtal 1,2466,242888,Andreas Schmid,team,
2022/2023,PBC Nagoldtal 1,2466,104870,Tobias Walz,team,
2022/2023,PBC Nagoldtal 1,2466,103756,Norbert Ritschel,team,
2022/2023,PBC Nagoldtal 1,2466,368224,Hakan Söyler,team,
2022/2023,PBC Bietigheim-Bissingen 2,2455,101390,Marco Giusa,team,
2022/2023,PBC Bietigheim-Bissingen 2,2455,100296,Mustafa Benk,team,
2022/2023,PBC Bietigheim-Bissingen 2,2455,104578,Besim Tastekin,team,
2022/2023,PBC Bietigheim-Bissingen 2,2455,367416,Stefan Weber,team,
2022/2023,PBC Bietigheim-Bissingen 2,2455,103275,Marcus Mutschler,team,
2022/2023,PBC Bietigheim-Bissingen 2,2455,103690,Andreas Reisinger,team,
2022/2023,PP Böblingen 1,2472,252039,Dany Baron,team,
2022/2023,PP Böblingen 1,2472,103444,Sercan Özdemir,team,
2022/2023,PP Böblingen 1,2472,101912,Ivan Hodzic,team,
2022/2023,PP Böblingen 1,2472,242967,Hayrettin Bozkurt,team,
2022/2023,PP Böblingen 1,2472,368366,Raed Jaafar,team,
2022/2023,PP Böblingen 1,2472,249451,Andrei Deliman,team,
2022/2023,PP Böblingen 1,2472,242971,Selim Güzel,team,
2022/2023,PP Böblingen 1,2472,245527,Artur Kantz,team,
2022/2023,PP Böblingen 1,2472,242976,Anastasios Kagelidis,team,
2022/2023,BSV Pfullingen 1,2424,103820,Christian Rossa,team,
2022/2023,BSV Pfullingen 1,2424,355803,Randee Ramzi Yalda,team,
2022/2023,BSV Pfullingen 1,2424,245106,Tuong Tran,team,
2022/2023,BSV Pfullingen 1,2424,351689,Sander Damrau,team,
2022/2023,BSV Pfullingen 1,2424,100889,Bernd Dorenburg,team,
2022/2023,BSV Filderstadt 4,2422,368116,Ervin Lika,team,
2022/2023,BSV Filderstadt 4,2422,102973,Arno Marotz,team,
2022/2023,BSV Filderstadt 4,2422,354136,Ulrich Oswald,team,
2022/2023,BSV Filderstadt 4,2422,103552,Claudio Pontuti,team,
2022/2023,BSV Filderstadt 4,2422,240058,Goran Švab,team,
2022/2023,BSV Filderstadt 4,2422,242784,Mustafa Basaran,team,
2022/2023,BSV Filderstadt 4,2422,252917,Florian Stubert,team,
2022/2023,BSV Filderstadt 4,2422,245471,Achim Stoll,team,
2022/2023,BSV Filderstadt 4,2422,101447,Eckart Grabe,team,
2022/2023,PBC Langenargen 1,2414,228696,Gerald Ströbele,team,
2022/2023,PBC Langenargen 1,2414,367954,Herbert Schiele,team,
2022/2023,PBC Langenargen 1,2414,100189,Sebastian Bartsch,team,
2022/2023,PBC Langenargen 1,2414,350617,Christian Späthe,team,
2022/2023,PBC Langenargen 1,2414,100982,Andreas Einsiedler,team,
2022/2023,PBC Langenargen 1,2414,367928,Tom Mischner,team,
2022/2023,BV Markdorf 1,2410,101076,Silvio Fadda,team,
2022/2023,BV Markdorf 1,2410,103113,Lutz Metzner,team,
2022/2023,BV Markdorf 1,2410,103211,Fabian Müller,team,
2022/2023,BV Markdorf 1,2410,367944,Thomas Rehmann,team,
2022/2023,BV Markdorf 1,2410,105051,Georg Winter,team,
2022/2023,BV Markdorf 1,2410,228681,Andreas Kiefer,team,
2022/2023,PBC Ochsenhausen 1,2416,104407,Eugen Spähn,team,
2022/2023,PBC Ochsenhausen 1,2416,100124,Ottmar Auzinger,team,
2022/2023,PBC Ochsenhausen 1,2416,104206,Anton Schubert,team,
2022/2023,PBC Ochsenhausen 1,2416,101426,Boris Golic,team,
2022/2023,PBC Ochsenhausen 1,2416,367990,Raimund Wanner,team,
2022/2023,PBC Ochsenhausen 1,2416,104354,Manfred Sieweke,team,
2022/2023,BSV Tiengen 2,2425,104546,Michael Strohmaier,team,
2022/2023,BSV Tiengen 2,2425,368257,Ihor Lialin,team,
2022/2023,BSV Tiengen 2,2425,101192,Ronny Frank,team,
2022/2023,BSV Tiengen 2,2425,102370,Kai Kiss,team,
2022/2023,BSV Tiengen 2,2425,244866,Dominik Netzhammer,team,
2022/2023,BSV Tiengen 2,2425,104101,Peter Schmidt,team,
2022/2023,BSV Tiengen 2,2425,367917,Sijon Joos,team,
2022/2023,BC Dreiländereck 2,2473,253498,Johanna Indlekofer,team,
2022/2023,BC Dreiländereck 2,2473,368044,Jörg Wolf,team,
2022/2023,BC Dreiländereck 2,2473,102719,Uwe Lang,team,
2022/2023,BC Dreiländereck 2,2473,242716,Matthias Orth,team,
2022/2023,BC Dreiländereck 2,2473,242717,Michael Psarras,team,
2022/2023,BC Dreiländereck 2,2473,103081,Andreas Merkle,team,
2022/2023,BC Dreiländereck 2,2473,368127,Stefan Weiß,team,
2022/2023,BC Dreiländereck 2,2473,368226,Ali El Ajouz,team,
2022/2023,BC Dreiländereck 2,2473,368139,Michael Schreiber,team,
2022/2023,BC Dreiländereck 2,2473,105147,Hikmet Yüksel,team,
2022/2023,BC Dreiländereck 2,2473,242708,Mike Dörfler,team,
2022/2023,P&S Denzlingen 1,2476,104577,Fikret Tasdemir,team,
2022/2023,P&S Denzlingen 1,2476,100292,Horst Bendig,team,
2022/2023,P&S Denzlingen 1,2476,242773,Yilmaz Aygün,team,
2022/2023,P&S Denzlingen 1,2476,101989,Mathias Hornbach,team,
2022/2023,P&S Denzlingen 1,2476,101221,Klaus Friedrich,team,
2022/2023,P&S Denzlingen 1,2476,349970,Jacco van de Streek,team,
2022/2023,P&S Denzlingen 1,2476,367994,Reaven Zhang,team,
2022/2023,PBC Freudenstadt 2,2465,249124,Joshua Armbruster,team,
2022/2023,PBC Freudenstadt 2,2465,103930,Eberhard Sauter,team,
2022/2023,PBC Freudenstadt 2,2465,250710,Steffen Feuerbacher,team,
2022/2023,PBC Freudenstadt 2,2465,103314,Jonathan Nestler,team,
2022/2023,PBC Freudenstadt 2,2465,104434,Armin Stauß,team,
2022/2023,PBC Freudenstadt 2,2465,102153,Benjamin Jung,team,
2022/2023,PBC Freudenstadt 2,2465,247957,Stefan Vater,team,
2022/2023,PBC Freudenstadt 2,2465,103629,Marcus Reber,team,
2022/2023,PBC Freudenstadt 2,2465,105093,Andreas Wolf,team,
2022/2023,PBC Offenburg 3,2481,102159,Gerhard Junker,team,
2022/2023,PBC Offenburg 3,2481,102298,Kurt Kempf,team,
2022/2023,PBC Offenburg 3,2481,353768,Tobias Küderle,team,
2022/2023,PBC Offenburg 3,2481,242902,Daniel Kimmig,team,
2022/2023,PBC Offenburg 3,2481,101750,Timo Heim,team,
2022/2023,PBC Offenburg 3,2481,103098,Bernd Messing,team,
2022/2023,PBC Offenburg 3,2481,105127,Manfred Wußler,team,
2022/2023,PBC Offenburg 3,2481,241138,Mike Becker,team,
2022/2023,PBC Offenburg 3,2481,368296,Axel Isenmann,team,
2022/2023,PBC Offenburg 3,2481,368318,Joey Isenmann,team,
2022/2023,PBC Offenburg 2,2481,104564,Marius Sutor,team,
2022/2023,PBC Offenburg 2,2481,101200,Martin Frei,team,
2022/2023,PBC Offenburg 2,2481,242876,Frank Tatarkowski,team,
2022/2023,PBC Offenburg 2,2481,103469,David Party,team,
2022/2023,PBC Offenburg 2,2481,104560,Bernhard Sutor,team,
2022/2023,PBC Offenburg 2,2481,105127,Manfred Wußler,team,
2022/2023,BSC Lions Bietigheim 1,2438,105209,Marvin Zimmer,team,
2022/2023,BSC Lions Bietigheim 1,2438,111155,Önder Coskun,team,
2022/2023,BSC Lions Bietigheim 1,2438,100709,Marcus Colmelet,team,
2022/2023,BSC Lions Bietigheim 1,2438,105077,Marcus Wittner,team,
2022/2023,BSC Lions Bietigheim 1,2438,368288,Andre Zimmer,team,
2022/2023,PBC Nagoldtal 3,2466,104363,Mark Simon,team,
2022/2023,PBC Nagoldtal 3,2466,102610,Jens Krknjak,team,
2022/2023,PBC Nagoldtal 3,2466,102744,Jörg Laupitz,team,
2022/2023,PBC Nagoldtal 3,2466,100934,Thomas Dürr,team,
2022/2023,PBC Nagoldtal 3,2466,100617,Michael Burmeister,team,
2022/2023,PBC Nagoldtal 3,2466,101629,André Hajdu,team,
2022/2023,PBC Nagoldtal 3,2466,103923,Darko Sattler,team,
2022/2023,BC Dätzingen 1,2459,245948,Aryan Dayyani,team,
2022/2023,BC Dätzingen 1,2459,100662,Fabian Cecotti,team,
2022/2023,BC Dätzingen 1,2459,101755,Dominik Heinkele,team,
2022/2023,BC Dätzingen 1,2459,353913,Saman Hadi,team,
2022/2023,BC Dätzingen 1,2459,248740,Arash Dayyani,team,
2022/2023,BC Dätzingen 1,2459,100667,Pascal Cecotti,team,
2022/2023,BC Dätzingen 1,2459,368132,Ralf Krebs,team,
2022/2023,BC Feuersee 1,2496,368012,Birger Tesnau,team,
2022/2023,BC Feuersee 1,2496,101299,Karim Gampper,team,
2022/2023,BC Feuersee 1,2496,368051,Edin Porcic,team,
2022/2023,BC Feuersee 1,2496,242926,Nils Dannhauer,team,
2022/2023,BC Feuersee 1,2496,368269,Asim Ramakic,team,
2022/2023,BC Feuersee 1,2496,368041,Alexander Srp,team,
2022/2023,BC Feuersee 1,2496,101654,Thomas Handler,team,
2022/2023,TV Cannstatt 1,2507,368096,Jozsef Zvorinji,team,
2022/2023,TV Cannstatt 1,2507,104337,Nuhid Serifovic,team,
2022/2023,TV Cannstatt 1,2507,121877,Peter Link,team,
2022/2023,TV Cannstatt 1,2507,366769,Michael Schwarzjirg,team,
2022/2023,TV Cannstatt 1,2507,104742,Luis Varon Marques,team,
2022/2023,TV Cannstatt 1,2507,368253,Sascha Hiller,team,
2022/2023,TV Cannstatt 1,2507,247196,Marc-Andre Barisch,team,
2022/2023,PBC Schwäbisch Gmünd 2,2504,102111,Zvonimir Jembrih,team,
2022/2023,PBC Schwäbisch Gmünd 2,2504,100089,Ralf Annamaier,team,
2022/2023,PBC Schwäbisch Gmünd 2,2504,351923,Maxim Buchstab,team,
2022/2023,PBC Schwäbisch Gmünd 2,2504,151697,Volkmar Lorenz,team,
2022/2023,PBC Schwäbisch Gmünd 2,2504,367996,Nurcan Ezdi,team,
2022/2023,PBC Schwäbisch Gmünd 2,2504,354006,Grigorios Pavlidis,team,
2022/2023,PBC Schwäbisch Gmünd 2,2504,101854,Stefan Herzer,team,
2022/2023,PBC Schwäbisch Gmünd 2,2504,245800,Thomas Buchstab,team,
2022/2023,PBC Schwäbisch Gmünd 2,2504,101191,Matthias Frank,team,
2022/2023,PBC Schwäbisch Gmünd 2,2504,242924,Barbaros Tokbas,team,
2022/2023,PBC Schwäbisch Hall 2,2456,240290,Jonas Ruff,team,
2022/2023,PBC Schwäbisch Hall 2,2456,247852,Oliver Kandula,team,
2022/2023,PBC Schwäbisch Hall 2,2456,102903,Alexander Mack,team,
2022/2023,PBC Schwäbisch Hall 2,2456,100852,Heiko Difflipp,team,
2022/2023,PBC Schwäbisch Hall 2,2456,355166,Sven Kaiser,team,
2022/2023,PBC Schwäbisch Hall 2,2456,368085,Klaus Kappel,team,
2022/2023,PBC Schwäbisch Hall 2,2456,150319,Martin Kurschatke,team,
2022/2023,PBC Schwäbisch Hall 2,2456,351878,Daniel Bonin,team,
2022/2023,BC Sindelfingen 4,2462,240266,Martin Burmeister,team,
2022/2023,BC Sindelfingen 4,2462,103634,Stephan Rech-Linker,team,
2022/2023,BC Sindelfingen 4,2462,101264,Bernd Füess,team,
2022/2023,BC Sindelfingen 4,2462,366176,Stefan Lorenz,team,
2022/2023,BC Sindelfingen 4,2462,102694,Daniel La Cognata,team,
2022/2023,BC Sindelfingen 4,2462,103200,Andreas Müller,team,
2022/2023,PBC Nagoldtal 2,2466,103756,Norbert Ritschel,team,
2022/2023,PBC Nagoldtal 2,2466,368224,Hakan Söyler,team,
2022/2023,PBC Nagoldtal 2,2466,368222,Sven Schulz,team,
2022/2023,PBC Nagoldtal 2,2466,367959,Kurt Saller,team,
2022/2023,PBC Nagoldtal 2,2466,101574,Michael Haag,team,
2022/2023,PBC Nagoldtal 2,2466,100618,Stefan Burmeister,team,
2022/2023,PBC Nagoldtal 2,2466,353062,Christian van Dorstern,team,
2022/2023,BSC Lions Bietigheim 2,2438,103517,Jens Pfaff,team,
2022/2023,BSC Lions Bietigheim 2,2438,103612,Gerald Rastetter,team,
2022/2023,BSC Lions Bietigheim 2,2438,251024,Sascha Jungwirth,team,
2022/2023,BSC Lions Bietigheim 2,2438,103516,Alfred Pfaff,team,
2022/2023,BSC Lions Bietigheim 2,2438,368231,Lars Quitsch,team,
2022/2023,BSC Lions Bietigheim 2,2438,353759,Mario Bauch,team,
2022/2023,BSC Lions Bietigheim 2,2438,251022,Fabio Sciuto,team,
2022/2023,BV Pforzheim 2,2464,104109,Uwe Schmidt,team,
2022/2023,BV Pforzheim 2,2464,250878,Patrick Mungiuri,team,
2022/2023,BV Pforzheim 2,2464,352635,Draoui El Mokhtar,team,
2022/2023,BV Pforzheim 2,2464,349928,Pascal Habiger,team,
2022/2023,BV Pforzheim 2,2464,100773,Fiorenzo De Nuzzo,team,
2022/2023,BV Pforzheim 2,2464,101952,Thorsten Holatka,team,
2022/2023,BV Pforzheim 2,2464,251288,Tobias Wähler,team,
2022/2023,BV Pforzheim 2,2464,104595,Manuel Thamm,team,
2022/2023,BV Pforzheim 2,2464,368353,Jens Murat,team,
2022/2023,BV Pforzheim 2,2464,102661,Stephan Kuka,team,
2022/2023,PP Böblingen 2,2472,242971,Selim Güzel,team,
2022/2023,PP Böblingen 2,2472,351326,Philip Smaczny,team,
2022/2023,PP Böblingen 2,2472,242976,Anastasios Kagelidis,team,
2022/2023,PP Böblingen 2,2472,368093,Andreas Zillmann,team,
2022/2023,PP Böblingen 2,2472,245527,Artur Kantz,team,
2022/2023,PP Böblingen 2,2472,242747,Thomas Mooshammer,team,
2022/2023,PP Böblingen 2,2472,242967,Hayrettin Bozkurt,team,
2022/2023,PBC Rastatt 2,2482,368150,Thomas Etowski,team,
2022/2023,PBC Rastatt 2,2482,367977,Michael Breiner,team,
2022/2023,PBC Rastatt 2,2482,103882,Alfred Rutkowski,team,
2022/2023,PBC Rastatt 2,2482,367976,Antonio Pejic,team,
2022/2023,PBC Rastatt 2,2482,101730,Helmut Heck,team,
2022/2023,PBC Rastatt 2,2482,249433,Hans Rothas,team,
2022/2023,PF Calw 2,2471,252092,Felix Häntschel,team,
2022/2023,PF Calw 2,2471,104353,Wolfgang Siethoff,team,
2022/2023,PF Calw 2,2471,245346,Michael Minnerop,team,
2022/2023,PF Calw 2,2471,248741,Oliver Hauke,team,
2022/2023,PF Calw 2,2471,249359,Florian Pasch,team,
2022/2023,PF Calw 2,2471,101979,Savas Hopff,team,
2022/2023,PF Calw 2,2471,248742,Mark Epple,team,
2022/2023,PF Calw 2,2471,242955,Manfred Kalliehs,team,
2022/2023,BC Dallau 1,2433,105122,Michael Würz,team,
2022/2023,BC Dallau 1,2433,100074,Süleyman Altinyaldiz,team,
2022/2023,BC Dallau 1,2433,351663,Tobias Wetzel,team,
2022/2023,BC Dallau 1,2433,354451,Timo Lipski,team,
2022/2023,BC Dallau 1,2433,366412,Sascha Link,team,
2022/2023,Mannheimer BF 2,2517,367374,Vuk Izidor Zelunka,team,
2022/2023,Mannheimer BF 2,2517,103064,Carsten Mellmann,team,
2022/2023,Mannheimer BF 2,2517,239654,Thomas Kühn,team,
2022/2023,Mannheimer BF 2,2517,247575,Andreas Stüber,team,
2022/2023,Mannheimer BF 2,2517,351633,Jochen Fiedler,team,
2022/2023,Mannheimer BF 2,2517,351635,Robert Klinec,team,
2022/2023,Mannheimer BF 2,2517,104129,Axel Schmucker,team,
2022/2023,Mannheimer BF 2,2517,100670,Efendi Cekerek,team,
2022/2023,Mannheimer BF 2,2517,368050,Giuseppe Cortese,team,
2022/2023,BF Weinheim-Viernheim 1,2487,103786,Marco Roll,team,
2022/2023,BF Weinheim-Viernheim 1,2487,102502,Viktor König,team,
2022/2023,BF Weinheim-Viernheim 1,2487,102320,Michael Keuker,team,
2022/2023,BF Weinheim-Viernheim 1,2487,170496,Sven Götz,team,
2022/2023,BF Weinheim-Viernheim 1,2487,104766,Carmelo Visconti,team,
2022/2023,BF Weinheim-Viernheim 1,2487,368227,Jürgen Benninger,team,
2022/2023,PBC Bruchsal 2,2440,104625,Peter Thurm,team,
2022/2023,PBC Bruchsal 2,2440,367853,Jörg Leiser,team,
2022/2023,PBC Bruchsal 2,2440,101856,Bianca Heneka,team,
2022/2023,PBC Bruchsal 2,2440,244836,Michael Strenski,team,
2022/2023,PBC Bruchsal 2,2440,101182,Joannis Fountoukas,team,
2022/2023,PBC Bruchsal 2,2440,240228,Florian Walther,team,
2022/2023,PBC Bruchsal 2,2440,104025,Priska Leven,team,
2022/2023,PBDC Kämpfelbach 1,2469,250306,Luigi Sarullo,team,
2022/2023,PBDC Kämpfelbach 1,2469,101114,Gordon Fenske,team,
2022/2023,PBDC Kämpfelbach 1,2469,103617,Detlef Ratz,team,
2022/2023,PBDC Kämpfelbach 1,2469,368151,Mario Jurica,team,
2022/2023,PBDC Kämpfelbach 1,2469,252865,Axel Eberle,team,
2022/2023,PBDC Kämpfelbach 1,2469,101744,Wolfgang Heiler,team,
2022/2023,PBDC Kämpfelbach 1,2469,104986,Josef Wermes,team,
2022/2023,JS Mingolsheim 2,2439,367988,Markus Wörner,team,
2022/2023,JS Mingolsheim 2,2439,103069,Roland Menrath,team,
2022/2023,JS Mingolsheim 2,2439,355299,Bernd Mahnke,team,
2022/2023,JS Mingolsheim 2,2439,367987,Mike Walter,team,
2022/2023,JS Mingolsheim 2,2439,240215,Jürgen Müller,team,
2022/2023,JS Mingolsheim 2,2439,355715,Ronald Rogge,team,
2022/2023,JS Mingolsheim 2,2439,366907,Patrick Lampert,team,
2022/2023,JS Mingolsheim 2,2439,175895,Steffen Mämecke,team,
2022/2023,JS Mingolsheim 2,2439,105142,Ahmet Yilmaz,team,
2022/2023,BC Dallau 2,2433,100531,Lutz Brian,team,
2022/2023,BC Dallau 2,2433,350684,Markus Wetzel,team,
2022/2023,BC Dallau 2,2433,350683,Kevin Wetzel,team,
2022/2023,BC Dallau 2,2433,101313,Stefan Gaschler,team,
2022/2023,BC Dallau 2,2433,353066,Wolfgang Stollberger,team,
2022/2023,BC Dallau 2,2433,250898,Alexander Friederich,team,
2022/2023,BC Dallau 2,2433,368187,Markus Geppert,team,
2022/2023,BC Dallau 2,2433,100798,Murat Deniz,team,
2022/2023,BC Dallau 2,2433,367950,Reiner Nies,team,
2022/2023,BC Neckarsulm 2,2450,250899,Rouven Elischer,team,
2022/2023,BC Neckarsulm 2,2450,102568,Thomas Kramhöller,team,
2022/2023,BC Neckarsulm 2,2450,352032,Stefan Neuberger,team,
2022/2023,BC Neckarsulm 2,2450,250901,Emrah Atak,team,
2022/2023,BC Neckarsulm 2,2450,103559,Damir Pran,team,
2022/2023,BC Neckarsulm 2,2450,251376,Ferhat Cayli,team,
2022/2023,BC Neckarsulm 2,2450,176072,Janin Oesterle,team,
2022/2023,BC Neckarsulm 2,2450,352642,Fabian Gollerthan,team,
2022/2023,BSF Kurpfalz 2,2436,101961,Frank Holly,team,
2022/2023,BSF Kurpfalz 2,2436,102280,Zoltan Kelemen,team,
2022/2023,BSF Kurpfalz 2,2436,368118,Stefan Süß,team,
2022/2023,BSF Kurpfalz 2,2436,353635,Lennart Wedel,team,
2022/2023,BSF Kurpfalz 2,2436,104775,Volker Vögele,team,
2022/2023,BF Bruchsal 1,2435,103143,Benny-Michel Mildenberger,team,
2022/2023,BF Bruchsal 1,2435,102108,Daniel Jarke,team,
2022/2023,BF Bruchsal 1,2435,102180,Christian Kälbli,team,
2022/2023,BF Bruchsal 1,2435,103076,Ralf Mergel,team,
2022/2023,BF Bruchsal 1,2435,240252,Ralf Markanycz,team,
2022/2023,BF Bruchsal 1,2435,240167,Cem Sarigül,team,
2022/2023,PBV Schwetzingen 4,2494,105217,Karl-Heinz Zimmermann,team,
2022/2023,PBV Schwetzingen 4,2494,103272,Ümit Muslu,team,
2022/2023,PBV Schwetzingen 4,2494,103105,Michael Metzger,team,
2022/2023,PBV Schwetzingen 4,2494,368079,Christian Würthwein,team,
2022/2023,PBV Schwetzingen 4,2494,249765,Keven König,team,
2022/2023,PBV Schwetzingen 4,2494,247504,Riccardo Heinen,team,
2022/2023,PBC Pfedelbach 1,3140,355901,Alexandar Stankovic,team,
2022/2023,PBC Pfedelbach 1,3140,101017,Danny Engelhardt,team,
2022/2023,PBC Pfedelbach 1,3140,100719,Arno Corigliano,team,
2022/2023,PBC Pfedelbach 1,3140,252972,Mergim Zekaj,team,
2022/2023,PBC Pfedelbach 1,3140,252942,Christoph Devine,team,
2022/2023,PBC Pfedelbach 1,3140,252973,Michael Faja,team,
2022/2023,PBC Pfedelbach 1,3140,103922,Andreas Sattler,team,
2022/2023,PBC Pfedelbach 1,3140,350685,Frank-Bernd Wieczorek,team,
2022/2023,JS Mingolsheim 3,2439,103396,Dirk Odenwälder,team,
2022/2023,JS Mingolsheim 3,2439,353633,Jürgen Götting,team,
2022/2023,JS Mingolsheim 3,2439,367995,Besnik Shkemza,team,
2022/2023,JS Mingolsheim 3,2439,353634,Liem Dang Ngoc,team,
2022/2023,JS Mingolsheim 3,2439,366907,Patrick Lampert,team,
2022/2023,JS Mingolsheim 3,2439,240215,Jürgen Müller,team,
2022/2023,JS Mingolsheim 3,2439,368235,Jens Sommer,team,
2022/2023,JS Mingolsheim 3,2439,354553,Carsten Lendwei,team,
2022/2023,JS Mingolsheim 3,2439,103069,Roland Menrath,team,
2022/2023,BSC Göppingen 2,2499,242787,Rainer Hermann,team,
2022/2023,BSC Göppingen 2,2499,242798,Jürgen Wilke,team,
2022/2023,BSC Göppingen 2,2499,368182,Besirat Fekadu,team,
2022/2023,BSC Göppingen 2,2499,368022,Antonio Nuzziello,team,
2022/2023,BSC Göppingen 2,2499,251258,Gerold Konnerth,team,
2022/2023,BSC Göppingen 2,2499,368183,Tobias Banzhaf,team,
2022/2023,BSC Göppingen 2,2499,368023,Oleg Kuhn,team,
2022/2023,BSC Göppingen 2,2499,242796,Frank Schwenk,team,
2022/2023,BBC Plochingen 1,2506,102525,Pavlos Korezelidis,team,
2022/2023,BBC Plochingen 1,2506,101573,Volker Gutzeit,team,
2022/2023,BBC Plochingen 1,2506,102134,Andreas Jörg,team,
2022/2023,BBC Plochingen 1,2506,368034,Andreas Tschinkel,team,
2022/2023,BBC Plochingen 1,2506,353792,Marius Schrimpf,team,
2022/2023,BBC Plochingen 1,2506,164408,Frank Weiß,team,
2022/2023,BBC Plochingen 1,2506,100799,Lutz Denk,team,
2022/2023,BBC Plochingen 2,2506,100123,Franjo Antunovic,team,
2022/2023,BBC Plochingen 2,2506,350077,Christoph Tropschuh,team,
2022/2023,BBC Plochingen 2,2506,103803,Steffen Röschinger,team,
2022/2023,BBC Plochingen 2,2506,104951,Fabienne Weiß,team,
2022/2023,BBC Plochingen 2,2506,105232,Robert Zivanovic,team,
2022/2023,BBC Plochingen 2,2506,353791,Andreas Geigle,team,
2022/2023,BBC Plochingen 2,2506,248651,Michele Campagna,team,
2022/2023,BBC Plochingen 2,2506,251300,Alexander Hemmer,team,
2022/2023,BBC Plochingen 2,2506,103254,Thilo Muff,team,
2022/2023,BBC Plochingen 2,2506,164408,Frank Weiß,team,
2022/2023,Tübinger BC 1,2431,349790,Wadea Al Mahamid,team,
2022/2023,Tübinger BC 1,2431,240143,Konrad Bau,team,
2022/2023,Tübinger BC 1,2431,368061,Bruno Steinbach,team,
2022/2023,Tübinger BC 1,2431,102721,Johannes Mai,team,
2022/2023,Tübinger BC 1,2431,100718,Uwe Cordes,team,
2022/2023,Tübinger BC 1,2431,104183,Thomas Schöpfer,team,
2022/2023,Tübinger BC 1,2431,104646,Hakan Toprak,team,
2022/2023,Tübinger BC 1,2431,249083,Simon Theodoropoulos,team,
2022/2023,Tübinger BC 1,2431,241919,Thomas Dieckmann,team,
2022/2023,BSV Pfullingen 3,2424,251775,Joao Rodrigues,team,
2022/2023,BSV Pfullingen 3,2424,104286,Andre Schwenzfeier,team,
2022/2023,BSV Pfullingen 3,2424,157028,Peter Restle,team,
2022/2023,BSV Pfullingen 3,2424,356163,Bruno Schuon,team,
2022/2023,BSV Pfullingen 3,2424,367953,Mark Mende,team,
2022/2023,BSV Pfullingen 3,2424,245247,Fabian Rapp,team,
2022/2023,BSV Pfullingen 2,2424,100679,Orhan Cetin,team,
2022/2023,BSV Pfullingen 2,2424,354706,Ramin Raeisi,team,
2022/2023,BSV Pfullingen 2,2424,104671,Marcus Trumpp,team,
2022/2023,BSV Pfullingen 2,2424,350160,Guido Ulmer,team,
2022/2023,BSV Pfullingen 2,2424,100889,Bernd Dorenburg,team,
2022/2023,BSV Pfullingen 2,2424,367953,Mark Mende,team,
2022/2023,BSV Pfullingen 2,2424,245247,Fabian Rapp,team,
2022/2023,BC Bad Schussenried 1,2401,367934,Andreas Loderer,team,
2022/2023,BC Bad Schussenried 1,2401,368015,Stefan Sock,team,
2022/2023,BC Bad Schussenried 1,2401,367948,Flaviano Gabriele,team,
2022/2023,BC Bad Schussenried 1,2401,367937,Daniel Schmid,team,
2022/2023,BC Bad Schussenried 1,2401,368111,Ali Cetin,team,
2022/2023,BC Bad Schussenried 1,2401,368297,Karsten Mieskes,team,
2022/2023,BC Blaustein 1,2402,103714,Harald Reutter,team,
2022/2023,BC Blaustein 1,2402,368058,Holger Domdey,team,
2022/2023,BC Blaustein 1,2402,163715,Marc Wagner,team,
2022/2023,BC Blaustein 1,2402,101401,Udo Gleich,team,
2022/2023,BC Blaustein 1,2402,101658,Torsten Hanisch,team,
2022/2023,BC Blaustein 1,2402,104633,Thomas Tischmann,team,
2022/2023,BC Blaustein 1,2402,103273,Klaus Mutenzer,team,
2022/2023,BC Unterteuringen 1,2404,100075,Benno Amann,team,
2022/2023,BC Unterteuringen 1,2404,101474,Andreas Greitmann,team,
2022/2023,BC Unterteuringen 1,2404,101103,Ingo Fehr,team,
2022/2023,BC Unterteuringen 1,2404,100732,Roberto D`Elia,team,
2022/2023,BV Markdorf 2,2410,100008,Luciano Abruzzese,team,
2022/2023,BV Markdorf 2,2410,103167,Daniel Moll,team,
2022/2023,BV Markdorf 2,2410,101984,Rainer Hops,team,
2022/2023,BV Markdorf 2,2410,100486,Martin Brandt,team,
2022/2023,BV Markdorf 2,2410,104852,Manfred Waldvogel,team,
2022/2023,BV Markdorf 2,2410,100641,Pietro Calo,team,
2022/2023,BV Markdorf 2,2410,100903,Krischan Dostal,team,
2022/2023,BV Markdorf 2,2410,355184,Ahad Suleimanjar,team,
2022/2023,BV Markdorf 2,2410,240040,Klaus Dietrich,team,
2022/2023,BV Markdorf 2,2410,100600,Celal Bulut,team,
2022/2023,BV Markdorf 2,2410,101010,Hardi Engel,team,
2022/2023,BV Markdorf 2,2410,103113,Lutz Metzner,team,
2022/2023,BV Markdorf 2,2410,367944,Thomas Rehmann,team,
2022/2023,PBC Langenargen 2,2414,105085,Andreas Witzigmann,team,
2022/2023,PBC Langenargen 2,2414,367928,Tom Mischner,team,
2022/2023,PBC Langenargen 2,2414,143960,Markus Graml,team,
2022/2023,PBC Langenargen 2,2414,228632,Sascha Nyffeler,team,
2022/2023,PBC Langenargen 2,2414,368006,Hans-Henning Schmid,team,
2022/2023,PBC Langenargen 2,2414,367929,Rainer Beck,team,
2022/2023,PBC Langenargen 2,2414,368304,Dimitrios Vafiadis,team,
2022/2023,PBC Langenargen 2,2414,367954,Herbert Schiele,team,
2022/2023,PBC Ochsenhausen 2,2416,161918,Wolfgang Stimmer,team,
2022/2023,PBC Ochsenhausen 2,2416,228708,Hans Heuschmid,team,
2022/2023,PBC Ochsenhausen 2,2416,367989,Martin Reinhardt,team,
2022/2023,PBC Ochsenhausen 2,2416,104610,Erwin Thoma,team,
2022/2023,PBC Ochsenhausen 2,2416,228713,Erich Wohllaib,team,
2022/2023,PBC Ochsenhausen 2,2416,104354,Manfred Sieweke,team,
2022/2023,PBC Ochsenhausen 2,2416,104206,Anton Schubert,team,
2022/2023,PBC Ochsenhausen 2,2416,100918,Thomas Drey,team,
2022/2023,PBC Ochsenhausen 2,2416,355161,Klaus Hirthe,team,
2022/2023,PBC Ochsenhausen 2,2416,104085,Werner Schmidberger,team,
2022/2023,PBC Ochsenhausen 2,2416,104807,Philipp Vosseler,team,
2022/2023,PBC Bad Saulgau 2,2411,228904,Tobias Hirt,team,
2022/2023,PBC Bad Saulgau 2,2411,102497,Markus König,team,
2022/2023,PBC Bad Saulgau 2,2411,351258,Donald Oreskovic,team,
2022/2023,PBC Bad Saulgau 2,2411,354666,Andrew Steinhauer,team,
2022/2023,PBC Bad Saulgau 2,2411,353736,Dario Dakovic,team,
2022/2023,PBC Bad Saulgau 2,2411,368140,Mathias Hehle,team,
2022/2023,PBC Bad Saulgau 2,2411,355824,Tobias Abt,team,
2022/2023,PBC Bad Saulgau 2,2411,253468,Umut Akinci,team,
2022/2023,PBC Bad Saulgau 2,2411,367964,Dominik Weitzmann,team,
2022/2023,PBC Freudenstadt 3,2465,252214,Pascal Sanna,team,
2022/2023,PBC Freudenstadt 3,2465,100060,Marc Allinger,team,
2022/2023,PBC Freudenstadt 3,2465,249080,Uwe Machalett,team,
2022/2023,PBC Freudenstadt 3,2465,104258,Florian Schwägler,team,
2022/2023,PBC Freudenstadt 3,2465,100319,Rolf Berkowitz,team,
2022/2023,PBC Freudenstadt 3,2465,103651,Frank Reichert,team,
2022/2023,PBC Freudenstadt 3,2465,105093,Andreas Wolf,team,
2022/2023,PBC Freudenstadt 3,2465,102170,Patricia Kaffesi,team,
2022/2023,PBC Freudenstadt 3,2465,103314,Jonathan Nestler,team,
2022/2023,PBC Freudenstadt 3,2465,103629,Marcus Reber,team,
2022/2023,PBC Offenburg 4,2481,242837,Martin Weber,team,
2022/2023,PBC Offenburg 4,2481,101612,Dirk Hafner,team,
2022/2023,PBC Offenburg 4,2481,103098,Bernd Messing,team,
2022/2023,PBC Offenburg 4,2481,101818,Melanie Henschel,team,
2022/2023,PBC Offenburg 4,2481,100137,Bernhard Back,team,
2022/2023,PBC Offenburg 4,2481,368296,Axel Isenmann,team,
2022/2023,PBC Offenburg 4,2481,368318,Joey Isenmann,team,
2022/2023,PBC Offenburg 4,2481,368266,Luka Antic,team,
2022/2023,PBC Sand 2,2483,248622,Frank Diedrich,team,
2022/2023,PBC Sand 2,2483,101972,Roman Holzhauser,team,
2022/2023,PBC Sand 2,2483,101688,Richard Hartmann,team,
2022/2023,PBC Sand 2,2483,103725,Walter Riebeling,team,
2022/2023,PBC Sand 2,2483,101874,Thomas Hetzel,team,
2022/2023,PBC Sand 2,2483,248623,Marvin Diedrich,team,
2022/2023,PBC Sand 2,2483,100286,Mike Belke,team,
2022/2023,PBC Sand 2,2483,101840,Michael Herr,team,
2022/2023,PBC Offenburg 5,2481,355793,Klaus Woehrlin,team,
2022/2023,PBC Offenburg 5,2481,355791,Fabian Durst,team,
2022/2023,PBC Offenburg 5,2481,102584,Karl-Heinz Krause,team,
2022/2023,PBC Offenburg 5,2481,242709,Mathias Frey,team,
2022/2023,PBC Offenburg 5,2481,100362,Sonja Bieser,team,
2022/2023,PBC Offenburg 5,2481,102862,Melanie Kiefer,team,
2022/2023,BSG Albstadt 1,2421,248185,Peter Baur,team,
2022/2023,BSG Albstadt 1,2421,100716,Simon Conrad,team,
2022/2023,BSG Albstadt 1,2421,228902,Carlo Hartmann,team,
2022/2023,BSG Albstadt 1,2421,248184,Benjamin Heck,team,
2022/2023,BSG Albstadt 1,2421,245063,Egon Raach,team,
2022/2023,BSG Albstadt 1,2421,170568,Jörg Hechler,team,
2022/2023,BSG Albstadt 1,2421,101988,Andreas Horn,team,
2022/2023,BSC St. Georgen 1,2420,100873,Andreas Dittrich,team,
2022/2023,BSC St. Georgen 1,2420,102175,Mario Kaiser,team,
2022/2023,BSC St. Georgen 1,2420,101441,Günther Götz,team,
2022/2023,BSC St. Georgen 1,2420,353157,Daniel Naumann,team,
2022/2023,BSC St. Georgen 1,2420,350473,Gabriele Winzer-Moser,team,
2022/2023,BSC St. Georgen 1,2420,104263,Andre Schwanhäuser,team,
2022/2023,BSC St. Georgen 1,2420,104264,Peter Schwanhäuser,team,
2022/2023,PBC Bräunlingen 2,2427,253265,Simon Kemmerling,team,
2022/2023,PBC Bräunlingen 2,2427,104971,Björn Welte,team,
2022/2023,PBC Bräunlingen 2,2427,102406,Axel Klimmer,team,
2022/2023,PBC Bräunlingen 2,2427,104199,Bernd Schröder,team,
2022/2023,PBC Bräunlingen 2,2427,100553,Florian Brugger,team,
2022/2023,PBC Bräunlingen 2,2427,105097,Marcus Wolf,team,
2022/2023,PBC Bräunlingen 2,2427,367425,Matthias Höfler,team,
2022/2023,PBC Bräunlingen 2,2427,101553,Mehmet Gürbüz,team,
2022/2023,PBC Bräunlingen 2,2427,101838,Stefan Herms,team,
2022/2023,PBC Bräunlingen 2,2427,102926,Matthias Maier,team,
2022/2023,PBC Bräunlingen 2,2427,240130,Florian Martin,team,
2022/2023,PBC Bräunlingen 2,2427,103183,Berthold Moser,team,
2022/2023,PBC Bräunlingen 2,2427,103813,Mario Rosenkranz,team,
2022/2023,PBC Bräunlingen 2,2427,104495,Anja Stiesch,team,
2022/2023,PBC Bräunlingen 2,2427,245763,Melanie Wolf,team,
2022/2023,BSV Tiengen 3,2425,101745,Rainer Heilmann,team,
2022/2023,BSV Tiengen 3,2425,100501,Rainer Braun,team,
2022/2023,BSV Tiengen 3,2425,103997,Norbert Scheinpflug,team,
2022/2023,BSV Tiengen 3,2425,242818,Bianca Duttlinger,team,
2022/2023,BSV Tiengen 3,2425,100106,Stefanie Arndt,team,
2022/2023,BSV Tiengen 3,2425,103998,Roland Scheinpflug,team,
2022/2023,BV Villingen-Schwenningen 2,2426,224549,Stefan Weiner,team,
2022/2023,BV Villingen-Schwenningen 2,2426,250788,Lucas Ruschke,team,
2022/2023,BV Villingen-Schwenningen 2,2426,101737,Svenja Schwarzkopf,team,
2022/2023,BV Villingen-Schwenningen 2,2426,245559,Marko Stapel,team,
2022/2023,BV Villingen-Schwenningen 2,2426,101571,Andreas Gut,team,
2022/2023,BV Villingen-Schwenningen 2,2426,102034,Nicole Hummel,team,
2022/2023,BV Villingen-Schwenningen 2,2426,368274,Mark Pfaffenrodt,team,
2022/2023,BV Villingen-Schwenningen 2,2426,242833,Markus Stehle,team,
2022/2023,BV Villingen-Schwenningen 2,2426,368273,Jan Simon,team,
2022/2023,BV Villingen-Schwenningen 2,2426,367645,Anan Zaity,team,
2022/2023,BV Villingen-Schwenningen 2,2426,101451,Steffen Graf,team,
2022/2023,BV Villingen-Schwenningen 2,2426,103842,Dennis Rothaug,team,
2022/2023,P&S Denzlingen 2,2476,100996,Marcus Elfenthal,team,
2022/2023,P&S Denzlingen 2,2476,253021,Yavuz Güleryüz,team,
2022/2023,P&S Denzlingen 2,2476,367587,Andrej Stark,team,
2022/2023,P&S Denzlingen 2,2476,101221,Klaus Friedrich,team,
2022/2023,P&S Denzlingen 2,2476,349970,Jacco van de Streek,team,
2022/2023,P&S Denzlingen 2,2476,368284,Marco Paletta,team,
2022/2023,P&S Denzlingen 2,2476,367994,Reaven Zhang,team,
2022/2023,P&S Denzlingen 2,2476,367907,Phi Dang,team,
2022/2023,P&S Denzlingen 2,2476,244908,Alexander Gohlke,team,
2022/2023,P&S Denzlingen 2,2476,368275,Ryan Grabowski,team,
2022/2023,P&S Denzlingen 2,2476,368382,Bernd Feierabend,team,
2022/2023,P&S Denzlingen 2,2476,353513,Thomas Hirt,team,
2022/2023,P&S Denzlingen 2,2476,101989,Mathias Hornbach,team,
2022/2023,P&S Denzlingen 2,2476,366236,Abdulhussain Nad Ali,team,
2022/2023,BC Aalen 3,2495,368206,Stephan Mahler,team,
2022/2023,BC Aalen 3,2495,368100,Jens Clemens,team,
2022/2023,BC Aalen 3,2495,242920,Christian Iliadis,team,
2022/2023,BC Aalen 3,2495,368046,Pascal Pascolo,team,
2022/2023,BC Aalen 3,2495,102685,Hayrettin Kurtoglu,team,
2022/2023,BC Aalen 3,2495,103509,Tobias Petter,team,
2022/2023,BC Aalen 3,2495,230995,Mustafa Özyürük,team,
2022/2023,BC Aalen 3,2495,368136,Vithyea Thorn,team,
2022/2023,BULL Leonberg-Höfingen 2,2463,102896,Harry Luxenhofer,team,
2022/2023,BULL Leonberg-Höfingen 2,2463,102626,Thomas Krüger,team,
2022/2023,BULL Leonberg-Höfingen 2,2463,100092,Charalampos Antonogiorgakis,team,
2022/2023,BULL Leonberg-Höfingen 2,2463,353295,Rainer Kenzler,team,
2022/2023,BULL Leonberg-Höfingen 2,2463,101013,Timo Engel,team,
2022/2023,BULL Leonberg-Höfingen 2,2463,100325,Susi Harbrecht-Berndt,team,
2022/2023,BULL Leonberg-Höfingen 2,2463,246406,Dominik Krenzer,team,
2022/2023,BULL Leonberg-Höfingen 2,2463,104209,Anthea Schühle,team,
2022/2023,BC Aalen 5,2495,251815,Kevin Adamczyk,team,
2022/2023,BC Aalen 5,2495,368047,Marvin Schiele,team,
2022/2023,BC Aalen 5,2495,367980,Furkan Özkan,team,
2022/2023,BC Aalen 5,2495,350897,Harry Augustin,team,
2022/2023,BC Aalen 5,2495,367975,Alpay Gürkal,team,
2022/2023,BC Aalen 5,2495,368099,Juliane Breunig,team,
2022/2023,BC Aalen 5,2495,368135,Tobias Zeller,team,
2022/2023,BC Feuersee 3,2496,368035,Gürhan Ag,team,
2022/2023,BC Feuersee 3,2496,100025,Erol Ag,team,
2022/2023,BC Feuersee 3,2496,356269,Michael Metzger,team,
2022/2023,BC Feuersee 3,2496,368364,Oliver Marx,team,
2022/2023,BC Feuersee 3,2496,350489,Michael Pogodda,team,
2022/2023,BC Feuersee 3,2496,356080,Daniel Fleischmann,team,
2022/2023,BC Feuersee 3,2496,250188,Thorsten Kupske,team,
2022/2023,BC Feuersee 3,2496,350315,Ralf Hohlfeld,team,
2022/2023,BC Feuersee 3,2496,241619,Björn Spiegel,team,
2022/2023,PBC Bietigheim-Bissingen 3,2455,100791,Giuseppe Dellaquercia,team,
2022/2023,PBC Bietigheim-Bissingen 3,2455,240510,Sven Wezstein,team,
2022/2023,PBC Bietigheim-Bissingen 3,2455,104638,Jens Todt,team,
2022/2023,PBC Bietigheim-Bissingen 3,2455,248690,Ralf Bachert,team,
2022/2023,PBC Bietigheim-Bissingen 3,2455,354685,Joachim Luft,team,
2022/2023,PBC Bietigheim-Bissingen 3,2455,100156,Hans-Jürgen Bailer,team,
2022/2023,BC Sindelfingen 5,2462,355443,Michael Reich,team,
2022/2023,BC Sindelfingen 5,2462,242957,Ingo Mann,team,
2022/2023,BC Sindelfingen 5,2462,353143,Martin Repp,team,
2022/2023,BC Sindelfingen 5,2462,104613,Marius Thomanek,team,
2022/2023,BC Sindelfingen 5,2462,351327,Denis Maric,team,
2022/2023,BC Sindelfingen 5,2462,104512,Thomas Stoll,team,
2022/2023,BC Sindelfingen 5,2462,144449,Ciro Guerra,team,
2022/2023,BC Sindelfingen 5,2462,368200,Jürgen Trost,team,
2022/2023,TV Cannstatt 2,2507,247196,Marc-Andre Barisch,team,
2022/2023,TV Cannstatt 2,2507,101945,Thomas Höger,team,
2022/2023,TV Cannstatt 2,2507,368253,Sascha Hiller,team,
2022/2023,TV Cannstatt 2,2507,101587,Rainer Habelt,team,
2022/2023,TV Cannstatt 2,2507,102460,Gerhard Koch,team,
2022/2023,TV Cannstatt 2,2507,104975,Achim Wendeler,team,
2022/2023,TV Cannstatt 2,2507,246933,Daniel Nieter,team,
2022/2023,TV Cannstatt 2,2507,242727,Matthias Raible,team,
2022/2023,BC Aalen 4,2495,230995,Mustafa Özyürük,team,
2022/2023,BC Aalen 4,2495,253141,Timur Susuz,team,
2022/2023,BC Aalen 4,2495,368042,Haci Eymir,team,
2022/2023,BC Aalen 4,2495,367983,Taner Susuz,team,
2022/2023,BC Aalen 4,2495,103509,Tobias Petter,team,
2022/2023,BC Aalen 4,2495,367975,Alpay Gürkal,team,
2022/2023,BC Dätzingen 2,2459,100700,Jörg Claassen,team,
2022/2023,BC Dätzingen 2,2459,100667,Pascal Cecotti,team,
2022/2023,BC Dätzingen 2,2459,368132,Ralf Krebs,team,
2022/2023,BC Dätzingen 2,2459,352331,Sebastian Schöffer,team,
2022/2023,BC Dätzingen 2,2459,350699,Alexander Schröder,team,
2022/2023,BC Dätzingen 2,2459,368343,Marcel Haab,team,
2022/2023,BC Dätzingen 2,2459,101091,Stephan Faude,team,
2022/2023,BC Dätzingen 2,2459,240517,Sebastian Roßberg,team,
2022/2023,BC Dätzingen 2,2459,350700,Helmut Schröder,team,
2022/2023,BC Dätzingen 2,2459,354741,Eckart Schmidt,team,
2022/2023,BC Feuersee 2,2496,104615,Heiko Thomas,team,
2022/2023,BC Feuersee 2,2496,245236,Dominic Seeger,team,
2022/2023,BC Feuersee 2,2496,240286,Thomas Hörauf,team,
2022/2023,BC Feuersee 2,2496,101654,Thomas Handler,team,
2022/2023,BC Feuersee 2,2496,241619,Björn Spiegel,team,
2022/2023,BC Feuersee 2,2496,350315,Ralf Hohlfeld,team,
2022/2023,BC Feuersee 2,2496,240283,Wilhelm Engelbrecht,team,
2022/2023,BC Feuersee 2,2496,250188,Thorsten Kupske,team,
2022/2023,BC Feuersee 2,2496,100493,Dieter Braun,team,
2022/2023,BC Feuersee 2,2496,368269,Asim Ramakic,team,
2022/2023,BC Feuersee 2,2496,368041,Alexander Srp,team,
2022/2023,BC Feuersee 4,2496,367253,Rolf Göllner,team,
2022/2023,BC Feuersee 4,2496,354814,Benjamin Ropertz,team,
2022/2023,BC Feuersee 4,2496,240316,Louise Wong,team,
2022/2023,BC Feuersee 4,2496,355292,Christian Casagrande,team,
2022/2023,BC Feuersee 4,2496,352494,Jürgen Klatt,team,
2022/2023,BC Feuersee 4,2496,368289,Kevin Schieber,team,
2022/2023,BC Feuersee 4,2496,368011,Alfi Müller,team,
2022/2023,BC Feuersee 4,2496,355293,Aurel Casagrande,team,
2022/2023,BC Feuersee 4,2496,356080,Daniel Fleischmann,team,
2022/2023,PBC Aalen 2,2502,368216,Aydin Yaray,team,
2022/2023,PBC Aalen 2,2502,368215,Christos Minokoglou,team,
2022/2023,PBC Aalen 2,2502,368220,Sezer Soydinc,team,
2022/2023,PBC Aalen 2,2502,249001,Oliver Krieger,team,
2022/2023,PBC Aalen 2,2502,242922,Maximilian Jentsch,team,
2022/2023,PBC Aalen 2,2502,368211,Gerd Friedl,team,
2022/2023,PBC Aalen 2,2502,353084,Tobias Krieger,team,
2022/2023,PBC Aalen 2,2502,368210,Dmitrij Matiske,team,
2022/2023,PBC Aalen 2,2502,104284,Markus Schwenke,team,
2022/2023,PBC Aalen 2,2502,351200,Stefan Gehrls,team,
2022/2023,BC Sindelfingen 6,2462,351950,Olaf Schwarz,team,
2022/2023,BC Sindelfingen 6,2462,368178,Thomas Hirschberger,team,
2022/2023,BC Sindelfingen 6,2462,104512,Thomas Stoll,team,
2022/2023,BC Sindelfingen 6,2462,368292,Matthias Grgic,team,
2022/2023,BC Sindelfingen 6,2462,368147,Andre Kroschwald,team,
2022/2023,BC Sindelfingen 6,2462,368107,Benjamin Hirschberger,team,
2022/2023,BC Sindelfingen 6,2462,244943,Peggy Eisele,team,
2022/2023,BC Sindelfingen 6,2462,102379,Daniel Klapper,team,
2022/2023,PBC Bietigheim-Bissingen 4,2455,104339,Marco Seybold,team,
2022/2023,PBC Bietigheim-Bissingen 4,2455,240287,Dietmar Lauer,team,
2022/2023,PBC Bietigheim-Bissingen 4,2455,354685,Joachim Luft,team,
2022/2023,PBC Bietigheim-Bissingen 4,2455,100156,Hans-Jürgen Bailer,team,
2022/2023,PBC Bietigheim-Bissingen 4,2455,240199,Andreas Schoknecht,team,
2022/2023,PBC Bietigheim-Bissingen 4,2455,368267,Jochen Schütz,team,
2022/2023,BBV Mannheim 2,2486,239641,Sascha Pick,team,
2022/2023,BBV Mannheim 2,2486,239638,Michael Killian,team,
2022/2023,BBV Mannheim 2,2486,105043,Dirk Windecker,team,
2022/2023,BBV Mannheim 2,2486,251824,Senol Sengün,team,
2022/2023,BBV Mannheim 2,2486,353758,Michael Leonhard,team,
2022/2023,BBV Mannheim 2,2486,239637,Irina Killian,team,
2022/2023,BBV Mannheim 2,2486,239640,Francisco Loresto,team,
2022/2023,BBV Mannheim 2,2486,239646,Susanne Schweter,team,
2022/2023,BF Bruchsal 3,2435,367967,Xenia Völker,team,
2022/2023,BF Bruchsal 3,2435,355290,Roland Huber,team,
2022/2023,BF Bruchsal 3,2435,240166,Markus Pfaff,team,
2022/2023,BF Bruchsal 3,2435,102426,Roland Knecht,team,
2022/2023,BF Bruchsal 3,2435,101830,Jutta Ute Kreimes,team,
2022/2023,BF Bruchsal 3,2435,249710,Wilhelm Schaier,team,
2022/2023,CC Karlsruhe 4,2437,102519,Udo Koppenhöfer,team,
2022/2023,CC Karlsruhe 4,2437,103436,Rainer Ott,team,
2022/2023,CC Karlsruhe 4,2437,101995,Dietmar Horst,team,
2022/2023,CC Karlsruhe 4,2437,355164,Saskia Schirmer,team,
2022/2023,CC Karlsruhe 4,2437,367924,Andreas Hollesen,team,
2022/2023,CC Karlsruhe 4,2437,368379,Thomas Sander,team,
2022/2023,CC Karlsruhe 4,2437,355165,Katrin Quaschinsky,team,
2022/2023,BF Weinheim-Viernheim 2,2487,242771,Armin Reidel,team,
2022/2023,BF Weinheim-Viernheim 2,2487,353826,Sebastian Calinescu,team,
2022/2023,BF Weinheim-Viernheim 2,2487,104766,Carmelo Visconti,team,
2022/2023,BF Weinheim-Viernheim 2,2487,247868,Sven Gehrisch,team,
2022/2023,BF Weinheim-Viernheim 2,2487,105103,Dieter Wolk,team,
2022/2023,BF Weinheim-Viernheim 2,2487,353643,Ernst Fabian,team,
2022/2023,BF Weinheim-Viernheim 2,2487,368227,Jürgen Benninger,team,
2022/2023,BF Weinheim-Viernheim 2,2487,103881,Thomas Russow,team,
2022/2023,Mannheimer BF 3,2517,351633,Jochen Fiedler,team,
2022/2023,Mannheimer BF 3,2517,351635,Robert Klinec,team,
2022/2023,Mannheimer BF 3,2517,104382,Hendrik Snijder,team,
2022/2023,Mannheimer BF 3,2517,239636,Thomas Kammerer,team,
2022/2023,Mannheimer BF 3,2517,368050,Giuseppe Cortese,team,
2022/2023,Mannheimer BF 3,2517,101823,Andreas Guenier,team,
2022/2023,Mannheimer BF 3,2517,368076,Grofo Gomann,team,
2022/2023,Mannheimer BF 3,2517,230448,Marco Schmitt,team,
2022/2023,Mannheimer BF 3,2517,105178,Jürgen Zemke,team,
2022/2023,Mannheimer BF 3,2517,353918,Rene Hammann,team,
2022/2023,Mannheimer BF 3,2517,368347,Benjamin Gierlichs,team,
2022/2023,PBC Bruchsal 3,2440,368192,Pascal Witt,team,
2022/2023,PBC Bruchsal 3,2440,368193,Marius Witt,team,
2022/2023,PBC Bruchsal 3,2440,368195,Sabrina Heinze,team,
2022/2023,PBC Bruchsal 3,2440,104025,Priska Leven,team,
2022/2023,PBC Bruchsal 3,2440,240228,Florian Walther,team,
2022/2023,PBC Bruchsal 3,2440,368198,Markus Hanagarth,team,
2022/2023,PBC Bruchsal 3,2440,368196,Filipe Coelho,team,
2022/2023,PBC Bruchsal 3,2440,368194,Maxime Tereba,team,
2022/2023,PBC Bruchsal 3,2440,101766,Jörg Heinze,team,
2022/2023,PBC Bruchsal 3,2440,368197,Sebastian Hilgarth,team,
2022/2023,PP Karlsbad 1,2468,102759,Harald Leder,team,
2022/2023,PP Karlsbad 1,2468,245692,Harun Ahmadi,team,
2022/2023,PP Karlsbad 1,2468,368261,Preetam Bissessur,team,
2022/2023,PP Karlsbad 1,2468,368202,Angelo Truisi,team,
2022/2023,PP Karlsbad 1,2468,101994,Gerd Hörrmann,team,
2022/2023,PP Karlsbad 1,2468,102870,Willi Ludwig,team,
2022/2023,PP Karlsbad 1,2468,103593,Ralf Rabold,team,
2022/2023,PP Karlsbad 1,2468,104820,Tom Wacker,team,
2022/2023,PP Karlsbad 1,2468,252901,Evi Leder,team,
2022/2023,PP Karlsbad 1,2468,352079,Benjamin Busse,team,
2022/2023,PP Karlsbad 1,2468,104252,Achim Schwab,team,
2022/2023,BSV Filderstadt 6,2422,100370,Frederik Binder,team,
2022/2023,BSV Filderstadt 6,2422,104499,Jens Stintz,team,
2022/2023,BSV Filderstadt 6,2422,100647,Serkan Candir,team,
2022/2023,BSV Filderstadt 6,2422,102963,Thomas Mänz,team,
2022/2023,BSV Filderstadt 6,2422,242994,Gero Fähnle,team,
2022/2023,BSV Filderstadt 6,2422,101786,Norbert Hell,team,
2022/2023,BSV Filderstadt 5,2422,244987,Robin Kümmerle,team,
2022/2023,BSV Filderstadt 5,2422,354136,Ulrich Oswald,team,
2022/2023,BSV Filderstadt 5,2422,368116,Ervin Lika,team,
2022/2023,BSV Filderstadt 5,2422,104447,Michael Stegmaier,team,
2022/2023,BSV Filderstadt 5,2422,245471,Achim Stoll,team,
2022/2023,BSV Filderstadt 5,2422,367993,Simon Koch,team,
2022/2023,BSV Filderstadt 5,2422,101447,Eckart Grabe,team,
2022/2023,BSV Filderstadt 5,2422,244751,Michael Sdrzallek,team,
2022/2023,PBC Reutlingen 2,2428,104819,Roland Wacker,team,
2022/2023,PBC Reutlingen 2,2428,251187,Kathrin Karwath,team,
2022/2023,PBC Reutlingen 2,2428,229104,Cornelius Ryan,team,
2022/2023,PBC Reutlingen 2,2428,101412,Bernhard Gneiting,team,
2022/2023,PBC Reutlingen 2,2428,367871,Sebastian Müller,team,
2022/2023,PBC Reutlingen 2,2428,102668,Andreas Kunellis,team,
2022/2023,PBC Reutlingen 2,2428,252203,Maximilian Theis,team,
2022/2023,PBC Reutlingen 2,2428,240108,Sebastian Czaja,team,
2022/2023,PBC Reutlingen 2,2428,368381,Pavlos Dadakos,team,
2022/2023,Tübinger BC 2,2431,367912,Nikolaos Seristatidis,team,
2022/2023,Tübinger BC 2,2431,104646,Hakan Toprak,team,
2022/2023,Tübinger BC 2,2431,356369,Alexander Fischer,team,
2022/2023,Tübinger BC 2,2431,242992,Mark Hast,team,
2022/2023,Tübinger BC 2,2431,104597,Rüdiger Theis,team,
2022/2023,Tübinger BC 2,2431,102972,Ulrich Märkle,team,
2022/2023,Tübinger BC 2,2431,102864,Matthias Ludersdorfer,team,
2022/2023,Tübinger BC 2,2431,249083,Simon Theodoropoulos,team,
2022/2023,Tübinger BC 2,2431,368249,Ali Deyhimi,team,
2022/2023,Tübinger BC 2,2431,100718,Uwe Cordes,team,
2022/2023,Tübinger BC 2,2431,249350,Dominik Kant,team,
2022/2023,Tübinger BC 2,2431,368298,Luca Oeding,team,
2022/2023,Tübinger BC 2,2431,104183,Thomas Schöpfer,team,
2022/2023,Tübinger BC 2,2431,368061,Bruno Steinbach,team,
2022/2023,BSC Göppingen 3,2499,102424,Andreas Knauf,team,
2022/2023,BSC Göppingen 3,2499,242789,Kevin Künstler,team,
2022/2023,BSC Göppingen 3,2499,251970,Yves Jordan,team,
2022/2023,BSC Göppingen 3,2499,102935,Daniela Majer,team,
2022/2023,BSC Göppingen 3,2499,104257,Jörg Schwager,team,
2022/2023,BSC Göppingen 3,2499,367921,Alexander Rommel,team,
2022/2023,BSC Göppingen 3,2499,368148,Angelika Müller,team,
2022/2023,BSC Göppingen 3,2499,245567,Tanja Falk,team,
2022/2023,BSV Pfullingen 4,2424,102186,Daniel Kalnak,team,
2022/2023,BSV Pfullingen 4,2424,250221,Marco Bunke,team,
2022/2023,BSV Pfullingen 4,2424,251771,Martin Wistuba,team,
2022/2023,BSV Pfullingen 4,2424,349925,Michael Grad,team,
2022/2023,BSV Pfullingen 4,2424,103433,Sebastian Oswald,team,
2022/2023,BSV Pfullingen 4,2424,353139,Tamara Grad,team,
2022/2023,BSV Pfullingen 4,2424,355894,Henrique Barbosa,team,
2022/2023,BC Neckarsulm 3,2450,356371,Jonny Knapp,team,
2022/2023,BC Neckarsulm 3,2450,366458,Besim Rama,team,
2022/2023,BC Neckarsulm 3,2450,242731,Dirk Schäfauer,team,
2022/2023,BC Neckarsulm 3,2450,367119,Thomas Munz,team,
2022/2023,BC Neckarsulm 3,2450,101831,Ralf Herdtfelder,team,
2022/2023,BC Neckarsulm 3,2450,354161,Jens Birner,team,
2022/2023,BC Neckarsulm 3,2450,366459,Alexandru Szabo,team,
2022/2023,BC Neckarsulm 3,2450,248594,Diana Schäfauer,team,
2022/2023,BC Neckarsulm 3,2450,100445,Ulf Bojus,team,
2022/2023,BC Neckarsulm 3,2450,368250,Sebastian Dame,team,
2022/2023,BC Dallau 3,2433,100112,Steven Ascione,team,
2022/2023,BC Dallau 3,2433,351842,René Wieczorek,team,
2022/2023,BC Dallau 3,2433,368185,Ibrahim Alaani,team,
2022/2023,BC Dallau 3,2433,368188,Bastian Valinski,team,
2022/2023,BC Dallau 3,2433,368186,Maherr Raad Sada,team,
2022/2023,BC Dallau 3,2433,368189,Mattis Wasner,team,
2022/2023,BC Dallau 3,2433,368143,Oliver Nies,team,
2022/2023,BC Dallau 3,2433,100042,Köksal Albayrak,team,
2022/2023,BC Dallau 3,2433,368221,Jochen Pesch,team,
2022/2023,BC Dallau 3,2433,368190,David Thurner,team,
2022/2023,BSF Kurpfalz 3,2436,103087,Markus Merz,team,
2022/2023,BSF Kurpfalz 3,2436,101284,Alexander Gabat,team,
2022/2023,BSF Kurpfalz 3,2436,103858,Dieter Ruck,team,
2022/2023,BSF Kurpfalz 3,2436,101155,Michael Flaig,team,
2022/2023,BSF Kurpfalz 3,2436,101424,Heinz Gold,team,
2022/2023,BSF Kurpfalz 3,2436,368118,Stefan Süß,team,
2022/2023,BF Bruchsal 2,2435,240171,Steffen Hoffmann,team,
2022/2023,BF Bruchsal 2,2435,101190,Jürgen Frank,team,
2022/2023,BF Bruchsal 2,2435,101171,Jochen Föhner,team,
2022/2023,BF Bruchsal 2,2435,100585,Arnd Bülow,team,
2022/2023,BF Bruchsal 2,2435,240167,Cem Sarigül,team,
2022/2023,BF Bruchsal 2,2435,104991,Tobias Werner,team,
2022/2023,BF Bruchsal 2,2435,367967,Xenia Völker,team,
2022/2023,BF Bruchsal 2,2435,240252,Ralf Markanycz,team,
2022/2023,PBC Waghäusel 4,2442,240242,Mirsad Sabic,team,
2022/2023,PBC Waghäusel 4,2442,240243,Andree Säubert,team,
2022/2023,PBC Waghäusel 4,2442,100434,Andreas Böhme,team,
2022/2023,PBC Waghäusel 4,2442,103618,Frank Rätz,team,
2022/2023,PBC Waghäusel 4,2442,103876,Peter Rupprecht,team,
2022/2023,PBC Waghäusel 4,2442,102987,Klaus Martin,team,
2022/2023,PBC Waghäusel 4,2442,103580,Peter Puff,team,
2022/2023,PBC Waghäusel 4,2442,240244,Michael Wanjek,team,
2022/2023,CC Karlsruhe 3,2437,368199,Sagar Paul,team,
2022/2023,CC Karlsruhe 3,2437,104376,Darius Skowronek,team,
2022/2023,CC Karlsruhe 3,2437,102518,Ralf Koppenhöfer,team,
2022/2023,CC Karlsruhe 3,2437,240263,Harry Kowalczyk,team,
2022/2023,CC Karlsruhe 3,2437,245620,Gottlob Mrugala,team,
2022/2023,CC Karlsruhe 3,2437,367532,Lorenzo Ammazzini,team,
2022/2023,PBV Schwetzingen 5,2494,242950,Rudolf Schulz,team,
2022/2023,PBV Schwetzingen 5,2494,356203,Ali Tinoush,team,
2022/2023,PBV Schwetzingen 5,2494,368080,Christian Münch,team,
2022/2023,PBV Schwetzingen 5,2494,104532,Michael Straub,team,
2022/2023,PBV Schwetzingen 5,2494,245275,Richard Cornely,team,
2022/2023,PBV Schwetzingen 5,2494,101758,Martin Heinrich,team,
2022/2023,PBV Schwetzingen 5,2494,100463,Stephan Boschert,team,
2022/2023,PBV Schwetzingen 5,2494,101888,Heike Salch,team,
2022/2023,PBV Schwetzingen 5,2494,245269,Nuno Brenner Miguel,team,
2022/2023,PBV Schwetzingen 5,2494,101020,Wolfgang Engelhardt,team,
2022/2023,PBV Schwetzingen 5,2494,247503,Claudia Heinen,team,
2022/2023,Mannheimer BF 4,2517,100388,Uwe Bitsch,team,
2022/2023,Mannheimer BF 4,2517,354558,Angelika Kaune,team,
2022/2023,Mannheimer BF 4,2517,350343,Kim Simon,team,
2022/2023,Mannheimer BF 4,2517,353387,Daniela Behrend,team,
2022/2023,Mannheimer BF 4,2517,105178,Jürgen Zemke,team,
2022/2023,Mannheimer BF 4,2517,353918,Rene Hammann,team,
2022/2023,Mannheimer BF 4,2517,353038,Brigitte Uhrig,team,
2022/2023,Mannheimer BF 4,2517,368076,Grofo Gomann,team,
2022/2023,Mannheimer BF 4,2517,101823,Andreas Guenier,team,
2022/2023,BC Weingarten 1,2403,104910,Marc Wegenast,team,
2022/2023,BC Weingarten 1,2403,368027,Alfred Hellrigl,team,
2022/2023,BC Weingarten 1,2403,102115,Lutz Jeschke,team,
2022/2023,BC Weingarten 1,2403,104617,Fabian Thoma-Schuck,team,
2022/2023,BC Weingarten 1,2403,367991,Jennifer Bianca Metz,team,
2022/2023,BC Weingarten 1,2403,240013,Michael Leupolz,team,
2022/2023,BC Bad Schussenried 2,2401,367935,Kadir Özturgut,team,
2022/2023,BC Bad Schussenried 2,2401,368111,Ali Cetin,team,
2022/2023,BC Bad Schussenried 2,2401,367933,Siegbert Müller,team,
2022/2023,BC Bad Schussenried 2,2401,367940,Siegfried Brockmann,team,
2022/2023,BC Bad Schussenried 2,2401,368297,Karsten Mieskes,team,
2022/2023,BC Bad Schussenried 2,2401,367932,Jürgen Kieble,team,
2022/2023,BC Bad Schussenried 2,2401,367939,Tommaso Parisi,team,
2022/2023,BC Bad Schussenried 2,2401,367927,Andreas Wagner,team,
2022/2023,BC Bad Schussenried 2,2401,368142,Philip Kammnick,team,
2022/2023,BC Bad Schussenried 2,2401,367972,Massimo Gabriele,team,
2022/2023,BC Bad Schussenried 2,2401,367938,Samir Javor,team,
2022/2023,BC Bad Schussenried 2,2401,367941,Roland Lotter,team,
2022/2023,PBC Bad Saulgau 3,2411,368140,Mathias Hehle,team,
2022/2023,PBC Bad Saulgau 3,2411,355824,Tobias Abt,team,
2022/2023,PBC Bad Saulgau 3,2411,245485,Rudi Fölker,team,
2022/2023,PBC Bad Saulgau 3,2411,367964,Dominik Weitzmann,team,
2022/2023,PBC Bad Saulgau 3,2411,103094,Franz Meschenmoser,team,
2022/2023,PBC Bad Saulgau 3,2411,103112,Thomas Metzler,team,
2022/2023,PBC Bad Saulgau 3,2411,353844,Manuel Aschenbrenner,team,
2022/2023,PBC Bad Saulgau 3,2411,351225,Aaron Bruggesser,team,
2022/2023,PBC Bad Saulgau 3,2411,351227,Joachim Bruggesser,team,
2022/2023,PBC Bad Saulgau 3,2411,368040,Rico Horst,team,
2022/2023,PBC Bad Saulgau 3,2411,368134,Benedikt Meschenmoser,team,
2022/2023,PBC Bad Saulgau 4,2411,103112,Thomas Metzler,team,
2022/2023,PBC Bad Saulgau 4,2411,103094,Franz Meschenmoser,team,
2022/2023,PBC Bad Saulgau 4,2411,100243,Alexander Baur,team,
2022/2023,PBC Bad Saulgau 4,2411,368134,Benedikt Meschenmoser,team,
2022/2023,PBC Bad Saulgau 4,2411,240041,Rudolf Weiß,team,
2022/2023,PBC Bad Saulgau 4,2411,351227,Joachim Bruggesser,team,
2022/2023,PBC Bad Saulgau 4,2411,351225,Aaron Bruggesser,team,
2022/2023,PBC Langenargen 3,2414,103011,Markus Mauch,team,
2022/2023,PBC Langenargen 3,2414,350620,Günther Bastian,team,
2022/2023,PBC Langenargen 3,2414,100632,Jens Butenschön,team,
2022/2023,PBC Langenargen 3,2414,367910,Andreas Looser,team,
2022/2023,PBC Langenargen 3,2414,104667,Martin Trippel,team,
2022/2023,PBC Langenargen 3,2414,368304,Dimitrios Vafiadis,team,
2022/2023,PBC Langenargen 3,2414,350621,Marco Conrad,team,
2022/2023,PBC Langenargen 3,2414,350538,Annette Köster,team,
2022/2023,PBC Langenargen 3,2414,368295,Cesare Caccavelli,team,
2022/2023,PBC Langenargen 3,2414,228632,Sascha Nyffeler,team,
2022/2023,PBC Langenargen 3,2414,367931,Alexander Stohr,team,
2023/2024,BSV Tiengen 1,2425,100945,Stefan Duttlinger,team,
2023/2024,BSV Tiengen 1,2425,102948,Rolf Mangelsdorf,team,
2023/2024,BSV Tiengen 1,2425,100985,Robin Eisele,team,
2023/2024,BSV Tiengen 1,2425,368257,Ihor Lialin,team,
2023/2024,BSV Tiengen 1,2425,367917,Sijon Joos,team,
2023/2024,BSV Tiengen 1,2425,104546,Michael Strohmaier,team,
2023/2024,BSV Tiengen 1,2425,244866,Dominik Netzhammer,team,
2023/2024,BULL Leonberg-Höfingen 1,2463,250878,Patrick Mungiuri,team,
2023/2024,BULL Leonberg-Höfingen 1,2463,368352,Aleksander Diachkov,team,
2023/2024,BULL Leonberg-Höfingen 1,2463,123648,Christian Endres,team,
2023/2024,BULL Leonberg-Höfingen 1,2463,103790,Fabio Romano,team,
2023/2024,BULL Leonberg-Höfingen 1,2463,104655,Anh Tran,team,
2023/2024,BULL Leonberg-Höfingen 1,2463,368575,Daniel Doulgeris,team,
2023/2024,BULL Leonberg-Höfingen 1,2463,240293,Niklas Vogel,team,
2023/2024,BV Villingen-Schwenningen 1,2426,103865,Mike Rüffert,team,
2023/2024,BV Villingen-Schwenningen 1,2426,367962,Markus Strauß,team,
2023/2024,BV Villingen-Schwenningen 1,2426,101485,Ralf Grießhaber,team,
2023/2024,BV Villingen-Schwenningen 1,2426,104770,Sven Deschner,team,
2023/2024,BV Villingen-Schwenningen 1,2426,224549,Stefan Weiner,team,
2023/2024,PBC Bad Saulgau 1,2411,103306,Fabian Neglein,team,
2023/2024,PBC Bad Saulgau 1,2411,100039,Erdal Akinci,team,
2023/2024,PBC Bad Saulgau 1,2411,103889,Luigi Sabia,team,
2023/2024,PBC Bad Saulgau 1,2411,252672,Hartmut Jäggle,team,
2023/2024,PBC Bad Saulgau 1,2411,102746,Michelangelo Laurano,team,
2023/2024,PBC Reutlingen 1,2428,102114,Andreas Jeschka,team,
2023/2024,PBC Reutlingen 1,2428,102859,Peter Lotterer,team,
2023/2024,PBC Reutlingen 1,2428,368381,Pavlos Dadakos,team,
2023/2024,PBC Reutlingen 1,2428,104179,Rainer Schönfeld,team,
2023/2024,PBC Reutlingen 1,2428,248769,Marius-Daniel Grigore-Martini,team,
2023/2024,PBC Schwäbisch Hall 1,2456,100616,Zeljko Burmazovic,team,
2023/2024,PBC Schwäbisch Hall 1,2456,105049,Ruben Winkler,team,
2023/2024,PBC Schwäbisch Hall 1,2456,157455,Norbert Rollbühler,team,
2023/2024,PBC Schwäbisch Hall 1,2456,102680,Thomas Kupfer,team,
2023/2024,PBC Schwäbisch Hall 1,2456,100719,Arno Corigliano,team,
2023/2024,PBC Schwäbisch Hall 1,2456,104299,Rainer Seemann,team,
2023/2024,PBV Schwetzingen 2,2494,101749,Jens Heim,team,
2023/2024,PBV Schwetzingen 2,2494,103635,Hendrik Reckers,team,
2023/2024,PBV Schwetzingen 2,2494,104092,Christian Schmidt,team,
2023/2024,PBV Schwetzingen 2,2494,103072,Florian Menzel,team,
2023/2024,PBC Waghäusel 1,2442,103924,Steffen Säubert,team,
2023/2024,PBC Waghäusel 1,2442,102663,Andreas Kullmann,team,
2023/2024,PBC Waghäusel 1,2442,102352,Udo Kirchgeßner,team,
2023/2024,PBC Waghäusel 1,2442,102305,Felix Kern,team,
2023/2024,PBC Waghäusel 1,2442,240243,Andree Säubert,team,
2023/2024,PBC Waghäusel 1,2442,111963,Bernd Woitanowski,team,
2023/2024,PBC Waghäusel 1,2442,102987,Klaus Martin,team,
2023/2024,BC Aalen 2,2495,368098,Robert Karaica,team,
2023/2024,BC Aalen 2,2495,367913,Jürgen Baumgärtner,team,
2023/2024,BC Aalen 2,2495,100122,Andreas Augustin,team,
2023/2024,BC Aalen 2,2495,102551,Zlatko Rosin,team,
2023/2024,BC Aalen 2,2495,102685,Hayrettin Kurtoglu,team,
2023/2024,BC Sindelfingen 2,2462,102645,Stefan Künzl,team,
2023/2024,BC Sindelfingen 2,2462,368302,Simone Künzl,team,
2023/2024,BC Sindelfingen 2,2462,246024,Denis Mnich,team,
2023/2024,BC Sindelfingen 2,2462,100983,Frank Eisele,team,
2023/2024,BC Sindelfingen 2,2462,368395,Sabrina Hammer,team,
2023/2024,BC Sindelfingen 2,2462,367949,Savvas Kourpanidis,team,
2023/2024,BC Sindelfingen 2,2462,367986,Vanja Nikolic,team,
2023/2024,BC Sindelfingen 2,2462,159294,Christina Schneider-Radunovic,team,
2023/2024,BC Sindelfingen 2,2462,367918,Arman Rasoli,team,
2023/2024,BSV Pfullingen 1,2424,355803,Randee Ramzi Yalda,team,
2023/2024,BSV Pfullingen 1,2424,103820,Christian Rossa,team,
2023/2024,BSV Pfullingen 1,2424,245106,Tuong Tran,team,
2023/2024,BSV Pfullingen 1,2424,366767,Miodrag Adrian Caravila,team,
2023/2024,BSV Pfullingen 1,2424,100714,Cong Phan Tran,team,
2023/2024,BSV Pfullingen 1,2424,100863,Ernad Dindic,team,
2023/2024,BSV Pfullingen 1,2424,354706,Ramin Raeisi,team,
2023/2024,BSV Pfullingen 1,2424,351689,Sander Damrau,team,
2023/2024,BSV Pfullingen 1,2424,350160,Guido Ulmer,team,
2023/2024,BSV Pfullingen 1,2424,229045,Ulrich Schäfer,team,
2023/2024,BSV Filderstadt 2,2422,103578,Athanassios Psimenidis,team,
2023/2024,BSV Filderstadt 2,2422,101317,Frank Gebert,team,
2023/2024,BSV Filderstadt 2,2422,104635,Raphael Titzmann,team,
2023/2024,BSV Filderstadt 2,2422,228532,Osman Büyük,team,
2023/2024,BSV Filderstadt 2,2422,103128,Aristidis Michailidis,team,
2023/2024,BSV Filderstadt 2,2422,240058,Goran Švab,team,
2023/2024,PBC Bietigheim-Bissingen 1,2455,101390,Marco Giusa,team,
2023/2024,PBC Bietigheim-Bissingen 1,2455,100296,Mustafa Benk,team,
2023/2024,PBC Bietigheim-Bissingen 1,2455,104578,Besim Tastekin,team,
2023/2024,PBC Bietigheim-Bissingen 1,2455,368413,Felix Böck,team,
2023/2024,PBC Bietigheim-Bissingen 1,2455,355901,Alexandar Stankovic,team,
2023/2024,PBC Aalen 1,2502,104746,Alexandros Vassiliadis,team,
2023/2024,PBC Aalen 1,2502,104396,Eric Sorg,team,
2023/2024,PBC Aalen 1,2502,242922,Maximilian Jentsch,team,
2023/2024,PBC Aalen 1,2502,104284,Markus Schwenke,team,
2023/2024,PBC Aalen 1,2502,368236,Joshua Bartsch,team,
2023/2024,PBC Aalen 1,2502,249001,Oliver Krieger,team,
2023/2024,PBC Aalen 1,2502,368216,Aydin Yaray,team,
2023/2024,PBC Aalen 1,2502,368215,Christos Minokoglou,team,
2023/2024,PBC Aalen 1,2502,368220,Sezer Soydinc,team,
2023/2024,PBC Langenargen 1,2414,103011,Markus Mauch,team,
2023/2024,PBC Langenargen 1,2414,228696,Gerald Ströbele,team,
2023/2024,PBC Langenargen 1,2414,350617,Christian Späthe,team,
2023/2024,PBC Langenargen 1,2414,368580,Oliver Eisele,team,
2023/2024,PBC Langenargen 1,2414,100982,Andreas Einsiedler,team,
2023/2024,PBC Langenargen 1,2414,100189,Sebastian Bartsch,team,
2023/2024,PBC Langenargen 1,2414,105085,Andreas Witzigmann,team,
2023/2024,PBC Langenargen 1,2414,367954,Herbert Schiele,team,
2023/2024,PF Calw 1,2471,104541,Alexander Striker,team,
2023/2024,PF Calw 1,2471,242963,Marco Warlies,team,
2023/2024,PF Calw 1,2471,101289,Thomas Gäckle,team,
2023/2024,PF Calw 1,2471,104761,Goncalo Vieira Manies,team,
2023/2024,PF Calw 1,2471,104353,Wolfgang Siethoff,team,
2023/2024,BSV Tiengen 2,2425,101192,Ronny Frank,team,
2023/2024,BSV Tiengen 2,2425,104546,Michael Strohmaier,team,
2023/2024,BSV Tiengen 2,2425,104101,Peter Schmidt,team,
2023/2024,BSV Tiengen 2,2425,368257,Ihor Lialin,team,
2023/2024,BSV Tiengen 2,2425,244866,Dominik Netzhammer,team,
2023/2024,BSV Tiengen 2,2425,368429,Robert Tiffert,team,
2023/2024,BSV Tiengen 2,2425,100106,Stefanie Arndt,team,
2023/2024,BSV Tiengen 2,2425,368506,Seong-Jin Kim,team,
2023/2024,JS Mingolsheim 1,2439,250306,Luigi Sarullo,team,
2023/2024,JS Mingolsheim 1,2439,368526,Ralf Bühler,team,
2023/2024,JS Mingolsheim 1,2439,103581,Matthias Pujic,team,
2023/2024,JS Mingolsheim 1,2439,105099,Matthias Wolf,team,
2023/2024,JS Mingolsheim 1,2439,245733,Fabio Li Vigni,team,
2023/2024,JS Mingolsheim 1,2439,104726,Christian Utz,team,
2023/2024,Mannheimer BF 1,2517,100651,Mehmet Cankurt,team,
2023/2024,Mannheimer BF 1,2517,368032,Alexander Casper,team,
2023/2024,Mannheimer BF 1,2517,244727,Fabian Snijder,team,
2023/2024,Mannheimer BF 1,2517,176381,Marcus Strey,team,
2023/2024,Mannheimer BF 1,2517,104129,Axel Schmucker,team,
2023/2024,Mannheimer BF 1,2517,368688,Fersun Ünsel,team,
2023/2024,PBC Freudenstadt 1,2465,102153,Benjamin Jung,team,
2023/2024,PBC Freudenstadt 1,2465,249124,Joshua Armbruster,team,
2023/2024,PBC Freudenstadt 1,2465,247955,David Galwas,team,
2023/2024,PBC Freudenstadt 1,2465,103314,Jonathan Nestler,team,
2023/2024,PBC Freudenstadt 1,2465,250710,Steffen Feuerbacher,team,
2023/2024,PBC Freudenstadt 1,2465,103930,Eberhard Sauter,team,
2023/2024,PBC Freudenstadt 1,2465,368574,Murat Dervisi,team,
2023/2024,PBC Freudenstadt 1,2465,104434,Armin Stauß,team,
2023/2024,PBC Freudenstadt 1,2465,103654,Michael Reichert,team,
2023/2024,PBC Bräunlingen 1,2427,103183,Berthold Moser,team,
2023/2024,PBC Bräunlingen 1,2427,104971,Björn Welte,team,
2023/2024,PBC Bräunlingen 1,2427,103932,Roland Sauter,team,
2023/2024,PBC Bräunlingen 1,2427,102406,Axel Klimmer,team,
2023/2024,PBC Bräunlingen 1,2427,103814,Phillip Rosenkranz,team,
2023/2024,PBC Bräunlingen 1,2427,102926,Matthias Maier,team,
2023/2024,PBC Sand 1,2483,249145,Drazen Smolcic,team,
2023/2024,PBC Sand 1,2483,101476,Christian Gremmelspacher,team,
2023/2024,PBC Sand 1,2483,100825,Michael Diedrich,team,
2023/2024,PBC Sand 1,2483,101689,Richy Hartmann,team,
2023/2024,PBC Sand 1,2483,248622,Frank Diedrich,team,
2023/2024,PBC Sand 1,2483,100286,Mike Belke,team,
2023/2024,PBC Waghäusel 2,2442,240243,Andree Säubert,team,
2023/2024,PBC Waghäusel 2,2442,111963,Bernd Woitanowski,team,
2023/2024,PBC Waghäusel 2,2442,154211,Thomas Neumann,team,
2023/2024,PBC Waghäusel 2,2442,240239,Ivan Mikulic,team,
2023/2024,PBC Waghäusel 2,2442,103618,Frank Rätz,team,
2023/2024,PBC Waghäusel 2,2442,105193,Marco Zieger,team,
2023/2024,PBC Waghäusel 2,2442,240240,Hassan Najjar,team,
2023/2024,PBC Waghäusel 2,2442,102305,Felix Kern,team,
2023/2024,PBC Waghäusel 2,2442,103354,Pascal Nissel,team,
2023/2024,PBV Schwetzingen 3,2494,100014,Marek Adam,team,
2023/2024,PBV Schwetzingen 3,2494,248413,Manuel Letzel,team,
2023/2024,PBV Schwetzingen 3,2494,368024,Mehmet Kapli,team,
2023/2024,PBV Schwetzingen 3,2494,104752,Zehrudin Vereget,team,
2023/2024,PBV Schwetzingen 3,2494,101926,Heiko Hoffmann,team,
2023/2024,BBC Plochingen 1,2506,353792,Marius Schrimpf,team,
2023/2024,BBC Plochingen 1,2506,102525,Pavlos Korezelidis,team,
2023/2024,BBC Plochingen 1,2506,101573,Volker Gutzeit,team,
2023/2024,BBC Plochingen 1,2506,102134,Andreas Jörg,team,
2023/2024,BBC Plochingen 1,2506,368034,Andreas Tschinkel,team,
2023/2024,BBC Plochingen 1,2506,100123,Franjo Antunovic,team,
2023/2024,BC Bad Schussenried 1,2401,367934,Andreas Loderer,team,
2023/2024,BC Bad Schussenried 1,2401,368111,Ali Cetin,team,
2023/2024,BC Bad Schussenried 1,2401,368015,Stefan Sock,team,
2023/2024,BC Bad Schussenried 1,2401,367948,Flaviano Gabriele,team,
2023/2024,BC Bad Schussenried 1,2401,367937,Daniel Schmid,team,
2023/2024,BSV Pfullingen 2,2424,104671,Marcus Trumpp,team,
2023/2024,BSV Pfullingen 2,2424,100679,Orhan Cetin,team,
2023/2024,BSV Pfullingen 2,2424,102219,Thorsten Kappus,team,
2023/2024,BSV Pfullingen 2,2424,366767,Miodrag Adrian Caravila,team,
2023/2024,BSV Pfullingen 2,2424,350160,Guido Ulmer,team,
2023/2024,BSV Pfullingen 2,2424,351689,Sander Damrau,team,
2023/2024,BSV Pfullingen 2,2424,100863,Ernad Dindic,team,
2023/2024,BSV Pfullingen 2,2424,100714,Cong Phan Tran,team,
2023/2024,BC Blaustein 1,2402,368058,Holger Domdey,team,
2023/2024,BC Blaustein 1,2402,103714,Harald Reutter,team,
2023/2024,BC Blaustein 1,2402,163715,Marc Wagner,team,
2023/2024,BC Blaustein 1,2402,101658,Torsten Hanisch,team,
2023/2024,BC Blaustein 1,2402,104633,Thomas Tischmann,team,
2023/2024,BC Blaustein 1,2402,101401,Udo Gleich,team,
2023/2024,BC Blaustein 1,2402,103273,Klaus Mutenzer,team,
2023/2024,BSV Filderstadt 3,2422,252917,Florian Stubert,team,
2023/2024,BSV Filderstadt 3,2422,240058,Goran Švab,team,
2023/2024,BSV Filderstadt 3,2422,102973,Arno Marotz,team,
2023/2024,BSV Filderstadt 3,2422,354136,Ulrich Oswald,team,
2023/2024,BSV Filderstadt 3,2422,103925,Sascha Sauer,team,
2023/2024,BSV Filderstadt 3,2422,101447,Eckart Grabe,team,
2023/2024,PBC Ochsenhausen 1,2416,104407,Eugen Spähn,team,
2023/2024,PBC Ochsenhausen 1,2416,101426,Boris Golic,team,
2023/2024,PBC Ochsenhausen 1,2416,104610,Erwin Thoma,team,
2023/2024,PBC Ochsenhausen 1,2416,367989,Martin Reinhardt,team,
2023/2024,PBC Ochsenhausen 1,2416,100124,Ottmar Auzinger,team,
2023/2024,PBC Ochsenhausen 1,2416,352444,Glen Corcoran,team,
2023/2024,PBC Ochsenhausen 1,2416,355161,Klaus Hirthe,team,
2023/2024,PBC Ochsenhausen 1,2416,368516,Uwe Barth,team,
2023/2024,BV Markdorf 1,2410,367944,Thomas Rehmann,team,
2023/2024,BV Markdorf 1,2410,101076,Silvio Fadda,team,
2023/2024,BV Markdorf 1,2410,103167,Daniel Moll,team,
2023/2024,BV Markdorf 1,2410,103113,Lutz Metzner,team,
2023/2024,BV Markdorf 1,2410,105051,Georg Winter,team,
2023/2024,BV Markdorf 1,2410,368241,Victor Rodriguez,team,
2023/2024,BV Markdorf 1,2410,228681,Andreas Kiefer,team,
2023/2024,BC Dreiländereck 1,2473,102719,Uwe Lang,team,
2023/2024,BC Dreiländereck 1,2473,353889,Bruno Miletic,team,
2023/2024,BC Dreiländereck 1,2473,253498,Johanna Indlekofer,team,
2023/2024,BC Dreiländereck 1,2473,242708,Mike Dörfler,team,
2023/2024,BC Dreiländereck 1,2473,123146,Markus Rütten,team,
2023/2024,BC Dreiländereck 1,2473,368226,Ali El Ajouz,team,
2023/2024,BC Dreiländereck 1,2473,242710,Christian Joos,team,
2023/2024,BC Dreiländereck 1,2473,242717,Michael Psarras,team,
2023/2024,BC Dreiländereck 1,2473,101470,Michael Greiner,team,
2023/2024,BC Dreiländereck 1,2473,103081,Andreas Merkle,team,
2023/2024,BC Dreiländereck 1,2473,242716,Matthias Orth,team,
2023/2024,BC Dreiländereck 1,2473,368127,Stefan Weiß,team,
2023/2024,P&S Denzlingen 1,2476,104577,Fikret Tasdemir,team,
2023/2024,P&S Denzlingen 1,2476,242773,Yilmaz Aygün,team,
2023/2024,P&S Denzlingen 1,2476,368590,Stephan Rau,team,
2023/2024,P&S Denzlingen 1,2476,101989,Mathias Hornbach,team,
2023/2024,P&S Denzlingen 1,2476,100292,Horst Bendig,team,
2023/2024,P&S Denzlingen 1,2476,100996,Marcus Elfenthal,team,
2023/2024,P&S Denzlingen 1,2476,242776,Nikolaus Gündel,team,
2023/2024,P&S Denzlingen 1,2476,368382,Bernd Feierabend,team,
2023/2024,P&S Denzlingen 1,2476,349970,Jacco van de Streek,team,
2023/2024,P&S Denzlingen 1,2476,101221,Klaus Friedrich,team,
2023/2024,PBC Freudenstadt 3,2465,252214,Pascal Sanna,team,
2023/2024,PBC Freudenstadt 3,2465,368579,Sebastian Scherbinin,team,
2023/2024,PBC Freudenstadt 3,2465,249080,Uwe Machalett,team,
2023/2024,PBC Freudenstadt 3,2465,104258,Florian Schwägler,team,
2023/2024,PBC Freudenstadt 3,2465,100060,Marc Allinger,team,
2023/2024,PBC Freudenstadt 3,2465,368502,Daniel Fahrner,team,
2023/2024,PBC Freudenstadt 3,2465,100319,Rolf Berkowitz,team,
2023/2024,PBC Freudenstadt 3,2465,102170,Patricia Kaffesi,team,
2023/2024,PBC Freudenstadt 3,2465,103651,Frank Reichert,team,
2023/2024,PBC Freudenstadt 3,2465,247956,Frank Störzer,team,
2023/2024,PBC Freudenstadt 3,2465,105093,Andreas Wolf,team,
2023/2024,PBC Bräunlingen 2,2427,253265,Simon Kemmerling,team,
2023/2024,PBC Bräunlingen 2,2427,102926,Matthias Maier,team,
2023/2024,PBC Bräunlingen 2,2427,105130,Hakan Yaratici,team,
2023/2024,PBC Bräunlingen 2,2427,104199,Bernd Schröder,team,
2023/2024,PBC Bräunlingen 2,2427,105097,Marcus Wolf,team,
2023/2024,PBC Bräunlingen 2,2427,104760,Damir Vidovic,team,
2023/2024,PBC Bräunlingen 2,2427,100553,Florian Brugger,team,
2023/2024,PBC Bräunlingen 2,2427,101838,Stefan Herms,team,
2023/2024,PBC Bräunlingen 2,2427,368650,Zeki-Kaan Koyun,team,
2023/2024,PBC Bräunlingen 2,2427,101553,Mehmet Gürbüz,team,
2023/2024,PBC Bräunlingen 2,2427,102767,Daniel Lehmann,team,
2023/2024,PBC Bräunlingen 2,2427,102406,Axel Klimmer,team,
2023/2024,PBC Bräunlingen 2,2427,367425,Matthias Höfler,team,
2023/2024,PBC Bräunlingen 2,2427,368649,Mohammad Jiroudi,team,
2023/2024,PBC Bräunlingen 2,2427,103813,Mario Rosenkranz,team,
2023/2024,PBC Freudenstadt 2,2465,104434,Armin Stauß,team,
2023/2024,PBC Freudenstadt 2,2465,103654,Michael Reichert,team,
2023/2024,PBC Freudenstadt 2,2465,368574,Murat Dervisi,team,
2023/2024,PBC Freudenstadt 2,2465,103930,Eberhard Sauter,team,
2023/2024,PBC Freudenstadt 2,2465,247957,Stefan Vater,team,
2023/2024,PBC Freudenstadt 2,2465,103314,Jonathan Nestler,team,
2023/2024,PBC Freudenstadt 2,2465,368579,Sebastian Scherbinin,team,
2023/2024,PBC Offenburg 2,2481,104564,Marius Sutor,team,
2023/2024,PBC Offenburg 2,2481,104560,Bernhard Sutor,team,
2023/2024,PBC Offenburg 2,2481,102298,Kurt Kempf,team,
2023/2024,PBC Offenburg 2,2481,101200,Martin Frei,team,
2023/2024,PBC Offenburg 2,2481,242876,Frank Tatarkowski,team,
2023/2024,PBC Offenburg 2,2481,102159,Gerhard Junker,team,
2023/2024,PBC Offenburg 2,2481,101612,Dirk Hafner,team,
2023/2024,PBC Offenburg 2,2481,103122,Patrik Meyer,team,
2023/2024,PBC Offenburg 2,2481,171709,Daniel Vidackovic,team,
2023/2024,PBC Offenburg 3,2481,355793,Klaus Woehrlin,team,
2023/2024,PBC Offenburg 3,2481,355791,Fabian Durst,team,
2023/2024,PBC Offenburg 3,2481,101612,Dirk Hafner,team,
2023/2024,PBC Offenburg 3,2481,102584,Karl-Heinz Krause,team,
2023/2024,PBC Offenburg 3,2481,102862,Melanie Kiefer,team,
2023/2024,PBC Offenburg 3,2481,100362,Sonja Bieser,team,
2023/2024,PBC Offenburg 4,2481,368559,Maurizio Reith,team,
2023/2024,PBC Offenburg 4,2481,368560,Manuel Wissen,team,
2023/2024,PBC Offenburg 4,2481,101818,Melanie Henschel,team,
2023/2024,PBC Offenburg 4,2481,103098,Bernd Messing,team,
2023/2024,PBC Offenburg 4,2481,368044,Jörg Wolf,team,
2023/2024,PBC Offenburg 4,2481,368296,Axel Isenmann,team,
2023/2024,PBC Offenburg 4,2481,100137,Bernhard Back,team,
2023/2024,BC Feuersee 1,2496,368051,Edin Porcic,team,
2023/2024,BC Feuersee 1,2496,350350,Michal Radwan,team,
2023/2024,BC Feuersee 1,2496,368041,Alexander Srp,team,
2023/2024,BC Feuersee 1,2496,368012,Birger Tesnau,team,
2023/2024,BC Feuersee 1,2496,368269,Asim Ramakic,team,
2023/2024,BC Feuersee 1,2496,101299,Karim Gampper,team,
2023/2024,BC Feuersee 1,2496,101654,Thomas Handler,team,
2023/2024,BC Sindelfingen 3,2462,102278,Andreas Keilmann,team,
2023/2024,BC Sindelfingen 3,2462,104685,Machmut Turan,team,
2023/2024,BC Sindelfingen 3,2462,105133,Ahmet Yazici,team,
2023/2024,BC Sindelfingen 3,2462,103598,Andreas Rago,team,
2023/2024,BC Sindelfingen 3,2462,368146,Saeid Heydarpour,team,
2023/2024,BC Sindelfingen 3,2462,368179,Thorsten Möhle,team,
2023/2024,BC Sindelfingen 3,2462,160734,Farhad Shahverdi,team,
2023/2024,BC Sindelfingen 3,2462,123384,Tolga Yasmut,team,
2023/2024,BC Sindelfingen 3,2462,367945,Simon Schaal,team,
2023/2024,BV Pforzheim 1,2464,100972,Benjamin Eiberger,team,
2023/2024,BV Pforzheim 1,2464,240155,Andreas Wittmeier,team,
2023/2024,BV Pforzheim 1,2464,102603,Stanislaw Kretz,team,
2023/2024,BV Pforzheim 1,2464,102013,Marco Huber,team,
2023/2024,BV Pforzheim 1,2464,350961,Sabine Hort,team,
2023/2024,BV Pforzheim 1,2464,352635,Draoui El Mokhtar,team,
2023/2024,PBC Bietigheim-Bissingen 2,2455,104607,Steven Thieltges,team,
2023/2024,PBC Bietigheim-Bissingen 2,2455,105234,Daniel Zmalec,team,
2023/2024,PBC Bietigheim-Bissingen 2,2455,354684,Markus Geßinger,team,
2023/2024,PBC Bietigheim-Bissingen 2,2455,367416,Stefan Weber,team,
2023/2024,PBC Bietigheim-Bissingen 2,2455,355901,Alexandar Stankovic,team,
2023/2024,PBC Bietigheim-Bissingen 2,2455,103690,Andreas Reisinger,team,
2023/2024,PBC Bietigheim-Bissingen 2,2455,104638,Jens Todt,team,
2023/2024,PBC Bietigheim-Bissingen 2,2455,240510,Sven Wezstein,team,
2023/2024,BV Pforzheim 2,2464,101528,Gerhard Gryschka,team,
2023/2024,BV Pforzheim 2,2464,352635,Draoui El Mokhtar,team,
2023/2024,BV Pforzheim 2,2464,100773,Fiorenzo De Nuzzo,team,
2023/2024,BV Pforzheim 2,2464,104109,Uwe Schmidt,team,
2023/2024,BV Pforzheim 2,2464,101952,Thorsten Holatka,team,
2023/2024,BV Pforzheim 2,2464,104642,Dominik Tonn,team,
2023/2024,BV Pforzheim 2,2464,349928,Pascal Habiger,team,
2023/2024,BV Pforzheim 2,2464,366961,Peter Stadelmaier,team,
2023/2024,BV Pforzheim 2,2464,368353,Jens Murat,team,
2023/2024,BV Pforzheim 2,2464,102603,Stanislaw Kretz,team,
2023/2024,PBC Schwäbisch Gmünd 1,2504,105109,Gary Wong,team,
2023/2024,PBC Schwäbisch Gmünd 1,2504,242923,Stephan Nimführ,team,
2023/2024,PBC Schwäbisch Gmünd 1,2504,351923,Maxim Buchstab,team,
2023/2024,PBC Schwäbisch Gmünd 1,2504,103907,Daniel Sanchez Goncalves,team,
2023/2024,PBC Schwäbisch Gmünd 1,2504,368518,Jannik Buchstab,team,
2023/2024,PBC Schwäbisch Gmünd 1,2504,102111,Zvonimir Jembrih,team,
2023/2024,PBC Schwäbisch Gmünd 1,2504,368645,Joel Louis Egon Strohmayer,team,
2023/2024,PP Böblingen 1,2472,103444,Sercan Özdemir,team,
2023/2024,PP Böblingen 1,2472,242971,Selim Güzel,team,
2023/2024,PP Böblingen 1,2472,245260,Necmi Kolbasar,team,
2023/2024,PP Böblingen 1,2472,368366,Raed Jaafar,team,
2023/2024,PP Böblingen 1,2472,368096,Jozsef Zvorinji,team,
2023/2024,PP Böblingen 1,2472,242967,Hayrettin Bozkurt,team,
2023/2024,PP Böblingen 1,2472,101912,Ivan Hodzic,team,
2023/2024,PP Böblingen 1,2472,249451,Andrei Deliman,team,
2023/2024,PP Böblingen 1,2472,242976,Anastasios Kagelidis,team,
2023/2024,PP Böblingen 1,2472,351326,Philip Smaczny,team,
2023/2024,PP Böblingen 1,2472,246406,Dominik Krenzer,team,
2023/2024,PP Böblingen 1,2472,242747,Thomas Mooshammer,team,
2023/2024,PP Böblingen 1,2472,104337,Nuhid Serifovic,team,
2023/2024,TV Cannstatt 1,2507,102003,Hermann Hoyh,team,
2023/2024,TV Cannstatt 1,2507,242722,Giuseppe Curcio,team,
2023/2024,TV Cannstatt 1,2507,100638,Adrian Cabanillas Lora,team,
2023/2024,TV Cannstatt 1,2507,252039,Dany Baron,team,
2023/2024,TV Cannstatt 1,2507,102928,Stephan Maier,team,
2023/2024,TV Cannstatt 1,2507,368208,Josip Ceko,team,
2023/2024,TV Cannstatt 1,2507,366769,Michael Schwarzjirg,team,
2023/2024,BBV Mannheim 1,2486,368540,Haydar Chehade,team,
2023/2024,BBV Mannheim 1,2486,101556,Bülent Gürkan,team,
2023/2024,BBV Mannheim 1,2486,239643,Fikret Salic,team,
2023/2024,BBV Mannheim 1,2486,243479,Alen Salic,team,
2023/2024,BBV Mannheim 1,2486,104902,Sonny Weber,team,
2023/2024,BBV Mannheim 1,2486,100069,Claus Altendorf,team,
2023/2024,BC Neckarsulm 1,2450,248593,Sebastian Albrecht,team,
2023/2024,BC Neckarsulm 1,2450,103558,Benjamin Pran,team,
2023/2024,BC Neckarsulm 1,2450,250899,Rouven Elischer,team,
2023/2024,BC Neckarsulm 1,2450,221926,Valentin Marten,team,
2023/2024,BC Neckarsulm 1,2450,240446,Antonio De Gois,team,
2023/2024,BC Neckarsulm 1,2450,103559,Damir Pran,team,
2023/2024,CC Karlsruhe 1,2437,368207,Calvin Waldecker,team,
2023/2024,CC Karlsruhe 1,2437,104376,Darius Skowronek,team,
2023/2024,CC Karlsruhe 1,2437,252010,Long Werner,team,
2023/2024,CC Karlsruhe 1,2437,102607,Hermann Krieger,team,
2023/2024,CC Karlsruhe 1,2437,352016,Reimar Sauter,team,
2023/2024,CC Karlsruhe 1,2437,101640,Yves Hamacher,team,
2023/2024,CC Karlsruhe 1,2437,103800,Raoul-Robert Ronto,team,
2023/2024,CC Karlsruhe 1,2437,367977,Michael Breiner,team,
2023/2024,CC Karlsruhe 1,2437,101959,Joachim Höllwarth,team,
2023/2024,BF Bruchsal 1,2435,103143,Benny-Michel Mildenberger,team,
2023/2024,BF Bruchsal 1,2435,102108,Daniel Jarke,team,
2023/2024,BF Bruchsal 1,2435,102180,Christian Kälbli,team,
2023/2024,BF Bruchsal 1,2435,103076,Ralf Mergel,team,
2023/2024,BF Bruchsal 1,2435,368542,Patrick Regan,team,
2023/2024,CC Karlsruhe 2,2437,101640,Yves Hamacher,team,
2023/2024,CC Karlsruhe 2,2437,103357,Frank Nitsche,team,
2023/2024,CC Karlsruhe 2,2437,367977,Michael Breiner,team,
2023/2024,CC Karlsruhe 2,2437,103837,Michael Roth,team,
2023/2024,CC Karlsruhe 2,2437,248469,Fabian Metz,team,
2023/2024,CC Karlsruhe 2,2437,103769,Marcel Roden,team,
2023/2024,CC Karlsruhe 2,2437,368519,Eric Braun,team,
2023/2024,CC Karlsruhe 2,2437,356030,Johannes Seith,team,
2023/2024,CC Karlsruhe 2,2437,367979,Adriano Viviani,team,
2023/2024,CC Karlsruhe 2,2437,104756,Andreas Vetter,team,
2023/2024,CC Karlsruhe 2,2437,101959,Joachim Höllwarth,team,
2023/2024,PBC Bruchsal 1,2440,100009,Bülent Acar,team,
2023/2024,PBC Bruchsal 1,2440,101550,Christoph Günthner,team,
2023/2024,PBC Bruchsal 1,2440,101803,Michael Heneka,team,
2023/2024,PBC Bruchsal 1,2440,104844,Rolf Waible,team,
2023/2024,PBC Bruchsal 1,2440,367852,Damir Kucis,team,
2023/2024,Mannheimer BF 2,2517,103064,Carsten Mellmann,team,
2023/2024,Mannheimer BF 2,2517,239654,Thomas Kühn,team,
2023/2024,Mannheimer BF 2,2517,100670,Efendi Cekerek,team,
2023/2024,Mannheimer BF 2,2517,104309,Carmen Leiser,team,
2023/2024,Mannheimer BF 2,2517,247575,Andreas Stüber,team,
2023/2024,Mannheimer BF 2,2517,104382,Hendrik Snijder,team,
2023/2024,Mannheimer BF 2,2517,367853,Jörg Leiser,team,
2023/2024,Mannheimer BF 2,2517,104129,Axel Schmucker,team,
2023/2024,Mannheimer BF 2,2517,367374,Vuk Izidor Zelunka,team,
2023/2024,Mannheimer BF 2,2517,368688,Fersun Ünsel,team,
2023/2024,PBV Schwetzingen 4,2494,104507,Florian Stojanoski,team,
2023/2024,PBV Schwetzingen 4,2494,104767,Celina Visconti,team,
2023/2024,PBV Schwetzingen 4,2494,102294,Ralf Kempermann,team,
2023/2024,PBV Schwetzingen 4,2494,247505,Thomas Sommer,team,
2023/2024,PBV Schwetzingen 4,2494,250901,Emrah Atak,team,
2023/2024,BC Aalen 3,2495,230995,Mustafa Özyürük,team,
2023/2024,BC Aalen 3,2495,101670,Horst Hardtke,team,
2023/2024,BC Aalen 3,2495,253141,Timur Susuz,team,
2023/2024,BC Aalen 3,2495,368042,Haci Eymir,team,
2023/2024,BC Aalen 3,2495,367983,Taner Susuz,team,
2023/2024,BC Aalen 3,2495,102685,Hayrettin Kurtoglu,team,
2023/2024,BC Sindelfingen 6,2462,353143,Martin Repp,team,
2023/2024,BC Sindelfingen 6,2462,355443,Michael Reich,team,
2023/2024,BC Sindelfingen 6,2462,351950,Olaf Schwarz,team,
2023/2024,BC Sindelfingen 6,2462,104512,Thomas Stoll,team,
2023/2024,BC Sindelfingen 6,2462,351327,Denis Maric,team,
2023/2024,BC Sindelfingen 6,2462,104613,Marius Thomanek,team,
2023/2024,BC Sindelfingen 6,2462,144449,Ciro Guerra,team,
2023/2024,BC Sindelfingen 6,2462,350685,Frank-Bernd Wieczorek,team,
2023/2024,BC Stuttgart 1891 2,2497,103479,Andreas Pauling,team,
2023/2024,BC Stuttgart 1891 2,2497,100941,Thomas Durst,team,
2023/2024,BC Stuttgart 1891 2,2497,102758,Joachim Lechenbauer,team,
2023/2024,BC Stuttgart 1891 2,2497,104287,Oliver Schwertschlager,team,
2023/2024,BC Stuttgart 1891 2,2497,103487,Michael Brüll,team,
2023/2024,BC Stuttgart 1891 2,2497,368372,Kalin-Felix Stefanov,team,
2023/2024,BC Stuttgart 1891 2,2497,104508,Jonny Stojanovic,team,
2023/2024,BC Stuttgart 1891 2,2497,368622,Vy Le Tuong,team,
2023/2024,BC Sindelfingen 4,2462,240266,Martin Burmeister,team,
2023/2024,BC Sindelfingen 4,2462,102694,Daniel La Cognata,team,
2023/2024,BC Sindelfingen 4,2462,103634,Stephan Rech-Linker,team,
2023/2024,BC Sindelfingen 4,2462,101264,Bernd Füess,team,
2023/2024,BC Sindelfingen 4,2462,123384,Tolga Yasmut,team,
2023/2024,BC Sindelfingen 4,2462,368200,Jürgen Trost,team,
2023/2024,BC Sindelfingen 4,2462,366176,Stefan Lorenz,team,
2023/2024,PBC Bietigheim-Bissingen 3,2455,240510,Sven Wezstein,team,
2023/2024,PBC Bietigheim-Bissingen 3,2455,104339,Marco Seybold,team,
2023/2024,PBC Bietigheim-Bissingen 3,2455,100791,Giuseppe Dellaquercia,team,
2023/2024,PBC Bietigheim-Bissingen 3,2455,248690,Ralf Bachert,team,
2023/2024,PBC Bietigheim-Bissingen 3,2455,368412,David Agonafer,team,
2023/2024,PBC Bietigheim-Bissingen 3,2455,354685,Joachim Luft,team,
2023/2024,PBC Bietigheim-Bissingen 3,2455,240199,Andreas Schoknecht,team,
2023/2024,PBC Bietigheim-Bissingen 3,2455,104638,Jens Todt,team,
2023/2024,PBC Schwäbisch Hall 2,2456,101017,Danny Engelhardt,team,
2023/2024,PBC Schwäbisch Hall 2,2456,240290,Jonas Ruff,team,
2023/2024,PBC Schwäbisch Hall 2,2456,100852,Heiko Difflipp,team,
2023/2024,PBC Schwäbisch Hall 2,2456,247852,Oliver Kandula,team,
2023/2024,PBC Schwäbisch Hall 2,2456,102903,Alexander Mack,team,
2023/2024,PBC Schwäbisch Hall 2,2456,355166,Sven Kaiser,team,
2023/2024,PBC Schwäbisch Hall 2,2456,351878,Daniel Bonin,team,
2023/2024,PBC Schwäbisch Hall 2,2456,368085,Klaus Kappel,team,
2023/2024,PBC Schwäbisch Hall 2,2456,150319,Martin Kurschatke,team,
2023/2024,PBC Schwäbisch Hall 2,2456,249669,Stefan Estenfeld,team,
2023/2024,PBC Schwäbisch Hall 2,2456,100719,Arno Corigliano,team,
2023/2024,PBC Nagoldtal 1,2466,249310,Nic Woywodt,team,
2023/2024,PBC Nagoldtal 1,2466,104803,Frank Vorauer,team,
2023/2024,PBC Nagoldtal 1,2466,103603,Thorsten Rammer,team,
2023/2024,PBC Nagoldtal 1,2466,245634,Florian Staud,team,
2023/2024,BC Aalen 4,2495,251815,Kevin Adamczyk,team,
2023/2024,BC Aalen 4,2495,368046,Pascal Pascolo,team,
2023/2024,BC Aalen 4,2495,368047,Marvin Schiele,team,
2023/2024,BC Aalen 4,2495,103509,Tobias Petter,team,
2023/2024,BC Aalen 4,2495,242702,Muzaffer Günay,team,
2023/2024,BC Aalen 4,2495,350897,Harry Augustin,team,
2023/2024,BC Aalen 4,2495,242920,Christian Iliadis,team,
2023/2024,BC Aalen 4,2495,368135,Tobias Zeller,team,
2023/2024,BC Dätzingen 1,2459,101979,Savas Hopff,team,
2023/2024,BC Dätzingen 1,2459,245948,Aryan Dayyani,team,
2023/2024,BC Dätzingen 1,2459,100662,Fabian Cecotti,team,
2023/2024,BC Dätzingen 1,2459,101755,Dominik Heinkele,team,
2023/2024,BC Dätzingen 1,2459,248740,Arash Dayyani,team,
2023/2024,BC Dätzingen 1,2459,353913,Saman Hadi,team,
2023/2024,BC Feuersee 2,2496,101654,Thomas Handler,team,
2023/2024,BC Feuersee 2,2496,104615,Heiko Thomas,team,
2023/2024,BC Feuersee 2,2496,100025,Erol Ag,team,
2023/2024,BC Feuersee 2,2496,368119,Michael Röhrle,team,
2023/2024,BC Feuersee 2,2496,121877,Peter Link,team,
2023/2024,BC Feuersee 2,2496,241619,Björn Spiegel,team,
2023/2024,BC Feuersee 2,2496,368035,Gürhan Ag,team,
2023/2024,BC Feuersee 2,2496,350350,Michal Radwan,team,
2023/2024,BC Feuersee 2,2496,368041,Alexander Srp,team,
2023/2024,PF Calw 2,2471,103686,Michael Reiser,team,
2023/2024,PF Calw 2,2471,248741,Oliver Hauke,team,
2023/2024,PF Calw 2,2471,104353,Wolfgang Siethoff,team,
2023/2024,PF Calw 2,2471,245346,Michael Minnerop,team,
2023/2024,PF Calw 2,2471,242955,Manfred Kalliehs,team,
2023/2024,PF Calw 2,2471,252092,Felix Häntschel,team,
2023/2024,PF Calw 2,2471,248742,Mark Epple,team,
2023/2024,PF Calw 2,2471,249359,Florian Pasch,team,
2023/2024,PBC Nagoldtal 2,2466,368222,Sven Schulz,team,
2023/2024,PBC Nagoldtal 2,2466,242888,Andreas Schmid,team,
2023/2024,PBC Nagoldtal 2,2466,103756,Norbert Ritschel,team,
2023/2024,PBC Nagoldtal 2,2466,104870,Tobias Walz,team,
2023/2024,PBC Nagoldtal 2,2466,100618,Stefan Burmeister,team,
2023/2024,PBC Nagoldtal 2,2466,100617,Michael Burmeister,team,
2023/2024,BC Sindelfingen 5,2462,228904,Tobias Hirt,team,
2023/2024,BC Sindelfingen 5,2462,103127,Massimo Miccoli,team,
2023/2024,BC Sindelfingen 5,2462,353408,Christopher Hopp,team,
2023/2024,BC Sindelfingen 5,2462,368292,Matthias Grgic,team,
2023/2024,BC Sindelfingen 5,2462,244943,Peggy Eisele,team,
2023/2024,BC Sindelfingen 5,2462,353993,Gerold Birmili,team,
2023/2024,BC Sindelfingen 5,2462,368200,Jürgen Trost,team,
2023/2024,PP Böblingen 2,2472,351326,Philip Smaczny,team,
2023/2024,PP Böblingen 2,2472,246406,Dominik Krenzer,team,
2023/2024,PP Böblingen 2,2472,242976,Anastasios Kagelidis,team,
2023/2024,PP Böblingen 2,2472,242747,Thomas Mooshammer,team,
2023/2024,PP Böblingen 2,2472,242969,Carlo Frasch,team,
2023/2024,PP Böblingen 2,2472,249451,Andrei Deliman,team,
2023/2024,PP Böblingen 2,2472,242978,Wasilios Kagelidis,team,
2023/2024,PP Böblingen 2,2472,368319,Luka Fuchs,team,
2023/2024,PP Böblingen 2,2472,245527,Artur Kantz,team,
2023/2024,PP Böblingen 2,2472,368093,Andreas Zillmann,team,
2023/2024,PP Böblingen 2,2472,242967,Hayrettin Bozkurt,team,
2023/2024,Pool Knights Bensheim 1,3113,103573,Marc Proissl,team,
2023/2024,Pool Knights Bensheim 1,3113,368475,Michael Schneider,team,
2023/2024,Pool Knights Bensheim 1,3113,368490,Alexander Kocher,team,
2023/2024,Pool Knights Bensheim 1,3113,368476,Markus Lüft,team,
2023/2024,Pool Knights Bensheim 1,3113,368484,Jasim Ammar Jasim Al-Khazraji,team,
2023/2024,Pool Knights Bensheim 1,3113,368474,Dieter Neumann,team,
2023/2024,BBV Mannheim 2,2486,104902,Sonny Weber,team,
2023/2024,BBV Mannheim 2,2486,101538,Bülent Güler,team,
2023/2024,BBV Mannheim 2,2486,105043,Dirk Windecker,team,
2023/2024,BBV Mannheim 2,2486,239641,Sascha Pick,team,
2023/2024,BBV Mannheim 2,2486,239638,Michael Killian,team,
2023/2024,BBV Mannheim 2,2486,239646,Susanne Schweter,team,
2023/2024,BC Dallau 2,2433,105122,Michael Würz,team,
2023/2024,BC Dallau 2,2433,100074,Süleyman Altinyaldiz,team,
2023/2024,BC Dallau 2,2433,350684,Markus Wetzel,team,
2023/2024,BC Dallau 2,2433,354451,Timo Lipski,team,
2023/2024,BC Dallau 2,2433,100798,Murat Deniz,team,
2023/2024,BC Dallau 2,2433,366412,Sascha Link,team,
2023/2024,BC Dallau 2,2433,367950,Reiner Nies,team,
2023/2024,BF Weinheim-Viernheim 2,2487,171256,Timo Reinert,team,
2023/2024,BF Weinheim-Viernheim 2,2487,102328,Thomas Kielmann,team,
2023/2024,BF Weinheim-Viernheim 2,2487,102627,Nikolai Kruhm,team,
2023/2024,BF Weinheim-Viernheim 2,2487,104766,Carmelo Visconti,team,
2023/2024,BF Weinheim-Viernheim 2,2487,247868,Sven Gehrisch,team,
2023/2024,BF Weinheim-Viernheim 2,2487,353826,Sebastian Calinescu,team,
2023/2024,BF Weinheim-Viernheim 2,2487,242771,Armin Reidel,team,
2023/2024,BF Weinheim-Viernheim 2,2487,226973,Bernhard Flamm,team,
2023/2024,BF Weinheim-Viernheim 2,2487,170496,Sven Götz,team,
2023/2024,JS Mingolsheim 3,2439,368538,Niklas Weiß,team,
2023/2024,JS Mingolsheim 3,2439,368533,Michael Triffo,team,
2023/2024,JS Mingolsheim 3,2439,368703,Adrian Sam,team,
2023/2024,JS Mingolsheim 3,2439,103069,Roland Menrath,team,
2023/2024,JS Mingolsheim 3,2439,368536,Jan-Phillip Heilmann,team,
2023/2024,JS Mingolsheim 3,2439,368532,Andrej Leber,team,
2023/2024,JS Mingolsheim 3,2439,368537,Henrik Böker,team,
2023/2024,JS Mingolsheim 3,2439,368535,Joschua Bareiss,team,
2023/2024,JS Mingolsheim 3,2439,368584,Lukas Böser,team,
2023/2024,JS Mingolsheim 3,2439,368527,Denis Herceg,team,
2023/2024,JS Mingolsheim 3,2439,368539,Melissa Knopf,team,
2023/2024,Mannheimer BF 3,2517,351635,Robert Klinec,team,
2023/2024,Mannheimer BF 3,2517,221366,Henning Wilkner,team,
2023/2024,Mannheimer BF 3,2517,351633,Jochen Fiedler,team,
2023/2024,Mannheimer BF 3,2517,354510,Michael Schmitt,team,
2023/2024,Mannheimer BF 3,2517,367853,Jörg Leiser,team,
2023/2024,Mannheimer BF 3,2517,104382,Hendrik Snijder,team,
2023/2024,Mannheimer BF 3,2517,230448,Marco Schmitt,team,
2023/2024,Mannheimer BF 3,2517,100670,Efendi Cekerek,team,
2023/2024,BF Weinheim-Viernheim 1,2487,103786,Marco Roll,team,
2023/2024,BF Weinheim-Viernheim 1,2487,368258,Jürgen Steinmann,team,
2023/2024,BF Weinheim-Viernheim 1,2487,102320,Michael Keuker,team,
2023/2024,BF Weinheim-Viernheim 1,2487,102502,Viktor König,team,
2023/2024,BF Weinheim-Viernheim 1,2487,171256,Timo Reinert,team,
2023/2024,BF Weinheim-Viernheim 1,2487,102627,Nikolai Kruhm,team,
2023/2024,BF Weinheim-Viernheim 1,2487,104766,Carmelo Visconti,team,
2023/2024,BC Dallau 1,2433,100531,Lutz Brian,team,
2023/2024,BC Dallau 1,2433,350683,Kevin Wetzel,team,
2023/2024,BC Dallau 1,2433,101313,Stefan Gaschler,team,
2023/2024,BC Dallau 1,2433,351663,Tobias Wetzel,team,
2023/2024,BC Dallau 1,2433,350684,Markus Wetzel,team,
2023/2024,BC Dallau 1,2433,250898,Alexander Friederich,team,
2023/2024,BC Dallau 1,2433,368143,Oliver Nies,team,
2023/2024,BC Neckarsulm 2,2450,356371,Jonny Knapp,team,
2023/2024,BC Neckarsulm 2,2450,242731,Dirk Schäfauer,team,
2023/2024,BC Neckarsulm 2,2450,366458,Besim Rama,team,
2023/2024,BC Neckarsulm 2,2450,240446,Antonio De Gois,team,
2023/2024,BC Neckarsulm 2,2450,366459,Alexandru Szabo,team,
2023/2024,BC Neckarsulm 2,2450,101831,Ralf Herdtfelder,team,
2023/2024,BC Neckarsulm 2,2450,248594,Diana Schäfauer,team,
2023/2024,BC Neckarsulm 2,2450,354161,Jens Birner,team,
2023/2024,BC Neckarsulm 2,2450,100445,Ulf Bojus,team,
2023/2024,BC Neckarsulm 2,2450,251376,Ferhat Cayli,team,
2023/2024,BC Neckarsulm 2,2450,368250,Sebastian Dame,team,
2023/2024,BC Neckarsulm 2,2450,102568,Thomas Kramhöller,team,
2023/2024,BC Neckarsulm 2,2450,221926,Valentin Marten,team,
2023/2024,BC Neckarsulm 2,2450,367119,Thomas Munz,team,
2023/2024,BC Neckarsulm 2,2450,368553,Christian Oetken,team,
2023/2024,BC Neckarsulm 2,2450,368552,Robin Redemann,team,
2023/2024,JS Mingolsheim 2,2439,367988,Markus Wörner,team,
2023/2024,JS Mingolsheim 2,2439,103396,Dirk Odenwälder,team,
2023/2024,JS Mingolsheim 2,2439,367987,Mike Walter,team,
2023/2024,JS Mingolsheim 2,2439,367995,Besnik Shkemza,team,
2023/2024,JS Mingolsheim 2,2439,103581,Matthias Pujic,team,
2023/2024,BSF Kurpfalz 2,2436,103087,Markus Merz,team,
2023/2024,BSF Kurpfalz 2,2436,101284,Alexander Gabat,team,
2023/2024,BSF Kurpfalz 2,2436,103858,Dieter Ruck,team,
2023/2024,BSF Kurpfalz 2,2436,101155,Michael Flaig,team,
2023/2024,BSF Kurpfalz 2,2436,101424,Heinz Gold,team,
2023/2024,PBV Schwetzingen 5,2494,368079,Christian Würthwein,team,
2023/2024,PBV Schwetzingen 5,2494,105217,Karl-Heinz Zimmermann,team,
2023/2024,PBV Schwetzingen 5,2494,247504,Riccardo Heinen,team,
2023/2024,PBV Schwetzingen 5,2494,249765,Keven König,team,
2023/2024,PBV Schwetzingen 5,2494,368503,Marcus Dienst,team,
2023/2024,PBV Schwetzingen 5,2494,103105,Michael Metzger,team,
2023/2024,PBC Bruchsal 2,2440,244836,Michael Strenski,team,
2023/2024,PBC Bruchsal 2,2440,104625,Peter Thurm,team,
2023/2024,PBC Bruchsal 2,2440,240228,Florian Walther,team,
2023/2024,PBC Bruchsal 2,2440,101856,Bianca Heneka,team,
2023/2024,PBC Bruchsal 2,2440,367852,Damir Kucis,team,
2023/2024,PBC Waghäusel 3,2442,240242,Mirsad Sabic,team,
2023/2024,PBC Waghäusel 3,2442,240240,Hassan Najjar,team,
2023/2024,PBC Waghäusel 3,2442,105193,Marco Zieger,team,
2023/2024,PBC Waghäusel 3,2442,103618,Frank Rätz,team,
2023/2024,PBC Waghäusel 3,2442,100434,Andreas Böhme,team,
2023/2024,PBC Waghäusel 3,2442,247116,Witold Kabacinski,team,
2023/2024,PBC Waghäusel 3,2442,240239,Ivan Mikulic,team,
2023/2024,PBC Waghäusel 3,2442,103580,Peter Puff,team,
2023/2024,PBC Waghäusel 3,2442,103876,Peter Rupprecht,team,
2023/2024,PBC Waghäusel 3,2442,240244,Michael Wanjek,team,
2023/2024,PP Karlsbad 1,2468,245692,Harun Ahmadi,team,
2023/2024,PP Karlsbad 1,2468,101114,Gordon Fenske,team,
2023/2024,PP Karlsbad 1,2468,368261,Preetam Bissessur,team,
2023/2024,PP Karlsbad 1,2468,103209,Dirk Müller,team,
2023/2024,PP Karlsbad 1,2468,102870,Willi Ludwig,team,
2023/2024,PP Karlsbad 1,2468,102759,Harald Leder,team,
2023/2024,PP Karlsbad 1,2468,101994,Gerd Hörrmann,team,
2023/2024,PP Karlsbad 1,2468,368434,Abdullah Yesil,team,
2023/2024,PP Karlsbad 1,2468,104820,Tom Wacker,team,
2023/2024,BBC Plochingen 2,2506,350077,Christoph Tropschuh,team,
2023/2024,BBC Plochingen 2,2506,100123,Franjo Antunovic,team,
2023/2024,BBC Plochingen 2,2506,353791,Andreas Geigle,team,
2023/2024,BBC Plochingen 2,2506,105232,Robert Zivanovic,team,
2023/2024,BBC Plochingen 2,2506,101573,Volker Gutzeit,team,
2023/2024,BBC Plochingen 2,2506,248651,Michele Campagna,team,
2023/2024,BBC Plochingen 2,2506,368341,Dieter Krause,team,
2023/2024,BBC Plochingen 2,2506,251300,Alexander Hemmer,team,
2023/2024,BBC Plochingen 2,2506,102340,Marcel Kilgus,team,
2023/2024,BBC Plochingen 2,2506,164408,Frank Weiß,team,
2023/2024,BSC Göppingen 1,2499,100904,Martin Doster,team,
2023/2024,BSC Göppingen 1,2499,104379,Silvestar Smokovic,team,
2023/2024,BSC Göppingen 1,2499,104257,Jörg Schwager,team,
2023/2024,BSC Göppingen 1,2499,103616,Sebastiano Ratto,team,
2023/2024,BSC Göppingen 1,2499,368376,Alexandros Satrazanis,team,
2023/2024,BSC Göppingen 1,2499,368438,Andreas Rapp,team,
2023/2024,BSC Göppingen 1,2499,368628,Wilfried Schön,team,
2023/2024,BSC Göppingen 1,2499,242798,Jürgen Wilke,team,
2023/2024,BSC Göppingen 2,2499,242787,Rainer Hermann,team,
2023/2024,BSC Göppingen 2,2499,368389,Stefan Avrancsev,team,
2023/2024,BSC Göppingen 2,2499,251258,Gerold Konnerth,team,
2023/2024,BSC Göppingen 2,2499,368182,Besirat Fekadu,team,
2023/2024,BSC Göppingen 2,2499,368022,Antonio Nuzziello,team,
2023/2024,BSC Göppingen 2,2499,368183,Tobias Banzhaf,team,
2023/2024,BSC Göppingen 2,2499,368628,Wilfried Schön,team,
2023/2024,BSC Göppingen 2,2499,242798,Jürgen Wilke,team,
2023/2024,Tübinger BC 1,2431,349790,Wadea Al Mahamid,team,
2023/2024,Tübinger BC 1,2431,240143,Konrad Bau,team,
2023/2024,Tübinger BC 1,2431,249083,Simon Theodoropoulos,team,
2023/2024,Tübinger BC 1,2431,368061,Bruno Steinbach,team,
2023/2024,Tübinger BC 1,2431,349809,Dietmar Karoli,team,
2023/2024,Tübinger BC 1,2431,368509,Minh Tien Vo,team,
2023/2024,Tübinger BC 1,2431,102721,Johannes Mai,team,
2023/2024,Tübinger BC 1,2431,353895,Thorgen Brett,team,
2023/2024,Tübinger BC 1,2431,104183,Thomas Schöpfer,team,
2023/2024,Tübinger BC 1,2431,367912,Nikolaos Seristatidis,team,
2023/2024,Tübinger BC 1,2431,104597,Rüdiger Theis,team,
2023/2024,BSV Pfullingen 3,2424,349925,Michael Grad,team,
2023/2024,BSV Pfullingen 3,2424,102186,Daniel Kalnak,team,
2023/2024,BSV Pfullingen 3,2424,103433,Sebastian Oswald,team,
2023/2024,BSV Pfullingen 3,2424,250221,Marco Bunke,team,
2023/2024,BSV Pfullingen 3,2424,251771,Martin Wistuba,team,
2023/2024,BSV Pfullingen 3,2424,355894,Henrique Barbosa,team,
2023/2024,BSV Pfullingen 3,2424,251775,Joao Rodrigues,team,
2023/2024,BSV Pfullingen 3,2424,353139,Tamara Grad,team,
2023/2024,BSV Pfullingen 4,2424,251775,Joao Rodrigues,team,
2023/2024,BSV Pfullingen 4,2424,157028,Peter Restle,team,
2023/2024,BSV Pfullingen 4,2424,104286,Andre Schwenzfeier,team,
2023/2024,BSV Pfullingen 4,2424,100889,Bernd Dorenburg,team,
2023/2024,BSV Pfullingen 4,2424,356163,Bruno Schuon,team,
2023/2024,BSV Pfullingen 4,2424,245247,Fabian Rapp,team,
2023/2024,BSV Pfullingen 4,2424,367953,Mark Mende,team,
2023/2024,BSV Pfullingen 4,2424,368514,Mario Kraus,team,
2023/2024,BSV Filderstadt 4,2422,103925,Sascha Sauer,team,
2023/2024,BSV Filderstadt 4,2422,102963,Thomas Mänz,team,
2023/2024,BSV Filderstadt 4,2422,104499,Jens Stintz,team,
2023/2024,BSV Filderstadt 4,2422,368124,Sebastian Mayer,team,
2023/2024,BSV Filderstadt 4,2422,244987,Robin Kümmerle,team,
2023/2024,BSV Filderstadt 4,2422,368404,Yannik Weber,team,
2023/2024,BSV Filderstadt 4,2422,100370,Frederik Binder,team,
2023/2024,Tübinger BC 2,2431,356369,Alexander Fischer,team,
2023/2024,Tübinger BC 2,2431,104646,Hakan Toprak,team,
2023/2024,Tübinger BC 2,2431,367912,Nikolaos Seristatidis,team,
2023/2024,Tübinger BC 2,2431,102864,Matthias Ludersdorfer,team,
2023/2024,Tübinger BC 2,2431,242992,Mark Hast,team,
2023/2024,Tübinger BC 2,2431,353895,Thorgen Brett,team,
2023/2024,Tübinger BC 2,2431,368517,Hannes Reißner,team,
2023/2024,Tübinger BC 2,2431,368249,Ali Deyhimi,team,
2023/2024,Tübinger BC 2,2431,368510,Jens Joachim,team,
2023/2024,Tübinger BC 2,2431,249350,Dominik Kant,team,
2023/2024,Tübinger BC 2,2431,349809,Dietmar Karoli,team,
2023/2024,Tübinger BC 2,2431,102721,Johannes Mai,team,
2023/2024,Tübinger BC 2,2431,104183,Thomas Schöpfer,team,
2023/2024,Tübinger BC 2,2431,249083,Simon Theodoropoulos,team,
2023/2024,Tübinger BC 2,2431,368509,Minh Tien Vo,team,
2023/2024,BC Weingarten 1,2403,104910,Marc Wegenast,team,
2023/2024,BC Weingarten 1,2403,368431,Norman Wagner,team,
2023/2024,BC Weingarten 1,2403,100447,Patrick Bolduan,team,
2023/2024,BC Weingarten 1,2403,102115,Lutz Jeschke,team,
2023/2024,BC Weingarten 1,2403,104617,Fabian Thoma-Schuck,team,
2023/2024,BC Weingarten 1,2403,368027,Alfred Hellrigl,team,
2023/2024,BC Weingarten 1,2403,368430,Roland Kirchmaier,team,
2023/2024,BC Weingarten 1,2403,240013,Michael Leupolz,team,
2023/2024,BC Weingarten 1,2403,367991,Jennifer Bianca Metz,team,
2023/2024,BC Unterteuringen 1,2404,100732,Roberto D`Elia,team,
2023/2024,BC Unterteuringen 1,2404,100075,Benno Amann,team,
2023/2024,BC Unterteuringen 1,2404,101474,Andreas Greitmann,team,
2023/2024,BC Unterteuringen 1,2404,101103,Ingo Fehr,team,
2023/2024,BV Markdorf 2,2410,228681,Andreas Kiefer,team,
2023/2024,BV Markdorf 2,2410,100486,Martin Brandt,team,
2023/2024,BV Markdorf 2,2410,240040,Klaus Dietrich,team,
2023/2024,BV Markdorf 2,2410,100903,Krischan Dostal,team,
2023/2024,BV Markdorf 2,2410,104852,Manfred Waldvogel,team,
2023/2024,BV Markdorf 2,2410,101010,Hardi Engel,team,
2023/2024,BV Markdorf 2,2410,103113,Lutz Metzner,team,
2023/2024,BV Markdorf 2,2410,355184,Ahad Suleimanjar,team,
2023/2024,BV Markdorf 2,2410,103167,Daniel Moll,team,
2023/2024,PBC Bad Saulgau 2,2411,246408,Jan Weber,team,
2023/2024,PBC Bad Saulgau 2,2411,245485,Rudi Fölker,team,
2023/2024,PBC Bad Saulgau 2,2411,351258,Donald Oreskovic,team,
2023/2024,PBC Bad Saulgau 2,2411,368140,Mathias Hehle,team,
2023/2024,PBC Bad Saulgau 2,2411,354666,Andrew Steinhauer,team,
2023/2024,PBC Bad Saulgau 2,2411,368550,Ahmet Bumin,team,
2023/2024,PBC Bad Saulgau 2,2411,353736,Dario Dakovic,team,
2023/2024,PBC Bad Saulgau 2,2411,368512,Sebastian Dettling,team,
2023/2024,PBC Bad Saulgau 2,2411,102746,Michelangelo Laurano,team,
2023/2024,PBC Bad Saulgau 2,2411,351228,Max Löhle,team,
2023/2024,PBC Langenargen 3,2414,368299,Christian Schaber,team,
2023/2024,PBC Langenargen 3,2414,100632,Jens Butenschön,team,
2023/2024,PBC Langenargen 3,2414,350620,Günther Bastian,team,
2023/2024,PBC Langenargen 3,2414,368300,Fabian Schaber,team,
2023/2024,PBC Langenargen 3,2414,367910,Andreas Looser,team,
2023/2024,PBC Langenargen 3,2414,350538,Annette Köster,team,
2023/2024,PBC Langenargen 3,2414,367929,Rainer Beck,team,
2023/2024,PBC Langenargen 3,2414,368006,Hans-Henning Schmid,team,
2023/2024,PBC Langenargen 2,2414,105085,Andreas Witzigmann,team,
2023/2024,PBC Langenargen 2,2414,367928,Tom Mischner,team,
2023/2024,PBC Langenargen 2,2414,100982,Andreas Einsiedler,team,
2023/2024,PBC Langenargen 2,2414,228632,Sascha Nyffeler,team,
2023/2024,PBC Langenargen 2,2414,368299,Christian Schaber,team,
2023/2024,PBC Langenargen 2,2414,143960,Markus Graml,team,
2023/2024,PBC Langenargen 2,2414,368006,Hans-Henning Schmid,team,
2023/2024,PBC Langenargen 2,2414,100189,Sebastian Bartsch,team,
2023/2024,PBC Langenargen 2,2414,367929,Rainer Beck,team,
2023/2024,PBC Langenargen 2,2414,368580,Oliver Eisele,team,
2023/2024,BSG Albstadt 1,2421,100716,Simon Conrad,team,
2023/2024,BSG Albstadt 1,2421,248184,Benjamin Heck,team,
2023/2024,BSG Albstadt 1,2421,248185,Peter Baur,team,
2023/2024,BSG Albstadt 1,2421,228902,Carlo Hartmann,team,
2023/2024,BSG Albstadt 1,2421,101988,Andreas Horn,team,
2023/2024,BV Villingen-Schwenningen 2,2426,101737,Svenja Schwarzkopf,team,
2023/2024,BV Villingen-Schwenningen 2,2426,368274,Mark Pfaffenrodt,team,
2023/2024,BV Villingen-Schwenningen 2,2426,245559,Marko Stapel,team,
2023/2024,BV Villingen-Schwenningen 2,2426,250788,Lucas Ruschke,team,
2023/2024,BV Villingen-Schwenningen 2,2426,101451,Steffen Graf,team,
2023/2024,BV Villingen-Schwenningen 2,2426,101571,Andreas Gut,team,
2023/2024,BV Villingen-Schwenningen 2,2426,224549,Stefan Weiner,team,
2023/2024,BV Villingen-Schwenningen 2,2426,368273,Jan Simon,team,
2023/2024,BV Villingen-Schwenningen 2,2426,368616,Mark Szinger,team,
2023/2024,BV Villingen-Schwenningen 2,2426,103842,Dennis Rothaug,team,
2023/2024,BSC St. Georgen 1,2420,101441,Günther Götz,team,
2023/2024,BSC St. Georgen 1,2420,102175,Mario Kaiser,team,
2023/2024,BSC St. Georgen 1,2420,100873,Andreas Dittrich,team,
2023/2024,BSC St. Georgen 1,2420,353157,Daniel Naumann,team,
2023/2024,BSC St. Georgen 1,2420,350473,Gabriele Winzer-Moser,team,
2023/2024,BSV Tiengen 3,2425,101745,Rainer Heilmann,team,
2023/2024,BSV Tiengen 3,2425,368493,Jürgen Porzelt,team,
2023/2024,BSV Tiengen 3,2425,368506,Seong-Jin Kim,team,
2023/2024,BSV Tiengen 3,2425,100501,Rainer Braun,team,
2023/2024,BSV Tiengen 3,2425,351926,Lucia Birsner,team,
2023/2024,BSV Tiengen 3,2425,103997,Norbert Scheinpflug,team,
2023/2024,BSV Tiengen 3,2425,100106,Stefanie Arndt,team,
2023/2024,BSV Tiengen 3,2425,242818,Bianca Duttlinger,team,
2023/2024,BSV Tiengen 3,2425,103998,Roland Scheinpflug,team,
2023/2024,BSV Tiengen 3,2425,368429,Robert Tiffert,team,
2023/2024,P&S Denzlingen 2,2476,100996,Marcus Elfenthal,team,
2023/2024,P&S Denzlingen 2,2476,368590,Stephan Rau,team,
2023/2024,P&S Denzlingen 2,2476,253021,Yavuz Güleryüz,team,
2023/2024,P&S Denzlingen 2,2476,368275,Ryan Grabowski,team,
2023/2024,P&S Denzlingen 2,2476,367587,Andrej Stark,team,
2023/2024,P&S Denzlingen 2,2476,244908,Alexander Gohlke,team,
2023/2024,P&S Denzlingen 2,2476,101221,Klaus Friedrich,team,
2023/2024,P&S Denzlingen 2,2476,368382,Bernd Feierabend,team,
2023/2024,P&S Denzlingen 2,2476,367907,Phi Dang,team,
2023/2024,P&S Denzlingen 2,2476,242776,Nikolaus Gündel,team,
2023/2024,P&S Denzlingen 2,2476,368284,Marco Paletta,team,
2023/2024,P&S Denzlingen 2,2476,349970,Jacco van de Streek,team,
2023/2024,PBC Offenburg 5,2481,368563,Joachim Koepke,team,
2023/2024,PBC Offenburg 5,2481,368561,Mike Siege,team,
2023/2024,PBC Offenburg 5,2481,368562,Jeremy Eckert,team,
2023/2024,PBC Offenburg 5,2481,368558,Alen Mulaosmanovic,team,
2023/2024,PBC Offenburg 5,2481,368318,Joey Isenmann,team,
2023/2024,PBC Offenburg 5,2481,368296,Axel Isenmann,team,
2023/2024,BC Feuersee 3,2496,368364,Oliver Marx,team,
2023/2024,BC Feuersee 3,2496,245238,Bernd Umann,team,
2023/2024,BC Feuersee 3,2496,350315,Ralf Hohlfeld,team,
2023/2024,BC Feuersee 3,2496,356269,Michael Metzger,team,
2023/2024,BC Feuersee 3,2496,250188,Thorsten Kupske,team,
2023/2024,BC Feuersee 3,2496,368396,Elias Marx,team,
2023/2024,BC Feuersee 3,2496,350489,Michael Pogodda,team,
2023/2024,PBC Aalen 2,2502,249001,Oliver Krieger,team,
2023/2024,PBC Aalen 2,2502,104284,Markus Schwenke,team,
2023/2024,PBC Aalen 2,2502,368450,Jürgen Reisner,team,
2023/2024,PBC Aalen 2,2502,368236,Joshua Bartsch,team,
2023/2024,PBC Aalen 2,2502,368237,Pia Albersmeier,team,
2023/2024,PBC Aalen 2,2502,368312,Christin Jentsch,team,
2023/2024,PBC Aalen 2,2502,368211,Gerd Friedl,team,
2023/2024,PBC Aalen 2,2502,353084,Tobias Krieger,team,
2023/2024,BV Backnang/Welzheim 1,2454,245005,Yasar Mak,team,
2023/2024,BV Backnang/Welzheim 1,2454,100117,Tobias Auer,team,
2023/2024,BV Backnang/Welzheim 1,2454,104795,Tankred Volkmer,team,
2023/2024,BV Backnang/Welzheim 1,2454,164805,Thomas Wilczek,team,
2023/2024,BV Backnang/Welzheim 1,2454,368443,Wolfgang Laun,team,
2023/2024,BV Backnang/Welzheim 1,2454,368620,Paul Halton,team,
2023/2024,BV Backnang/Welzheim 1,2454,238915,Oktay Aydinoglu,team,
2023/2024,BV Backnang/Welzheim 1,2454,350789,Azad Mak,team,
2023/2024,PBC Schwäbisch Gmünd 2,2504,100089,Ralf Annamaier,team,
2023/2024,PBC Schwäbisch Gmünd 2,2504,102111,Zvonimir Jembrih,team,
2023/2024,PBC Schwäbisch Gmünd 2,2504,367996,Nurcan Ezdi,team,
2023/2024,PBC Schwäbisch Gmünd 2,2504,242924,Barbaros Tokbas,team,
2023/2024,PBC Schwäbisch Gmünd 2,2504,101854,Stefan Herzer,team,
2023/2024,PBC Schwäbisch Gmünd 2,2504,368518,Jannik Buchstab,team,
2023/2024,PBC Schwäbisch Gmünd 2,2504,245800,Thomas Buchstab,team,
2023/2024,PBC Schwäbisch Gmünd 2,2504,368645,Joel Louis Egon Strohmayer,team,
2023/2024,TV Cannstatt 2,2507,366769,Michael Schwarzjirg,team,
2023/2024,TV Cannstatt 2,2507,368208,Josip Ceko,team,
2023/2024,TV Cannstatt 2,2507,100421,Robert Bogdan,team,
2023/2024,TV Cannstatt 2,2507,368505,Markus Löscher,team,
2023/2024,TV Cannstatt 2,2507,368253,Sascha Hiller,team,
2023/2024,TV Cannstatt 2,2507,102928,Stephan Maier,team,
2023/2024,TV Cannstatt 2,2507,368504,Finn Schmitz,team,
2023/2024,BC Feuersee 5,2496,242926,Nils Dannhauer,team,
2023/2024,BC Feuersee 5,2496,368108,Chuhan Jiao,team,
2023/2024,BC Feuersee 5,2496,368109,Yao Wang,team,
2023/2024,BC Feuersee 5,2496,366248,Matthias Stolz,team,
2023/2024,BC Feuersee 5,2496,367253,Rolf Göllner,team,
2023/2024,BC Feuersee 5,2496,351040,Marcel Twardon,team,
2023/2024,BC Feuersee 5,2496,368137,Semsettin Özkan,team,
2023/2024,BC Feuersee 5,2496,368585,Richard Diopa,team,
2023/2024,BC Feuersee 5,2496,368281,Michael Czeringer,team,
2023/2024,BC Feuersee 5,2496,368662,Genta Gunawan,team,
2023/2024,BC Dätzingen 2,2459,100667,Pascal Cecotti,team,
2023/2024,BC Dätzingen 2,2459,248740,Arash Dayyani,team,
2023/2024,BC Dätzingen 2,2459,353913,Saman Hadi,team,
2023/2024,BC Dätzingen 2,2459,368132,Ralf Krebs,team,
2023/2024,BC Dätzingen 2,2459,368348,Alexander Egger,team,
2023/2024,BC Dätzingen 2,2459,352331,Sebastian Schöffer,team,
2023/2024,BC Sindelfingen 7,2462,368224,Hakan Söyler,team,
2023/2024,BC Sindelfingen 7,2462,367959,Kurt Saller,team,
2023/2024,BC Sindelfingen 7,2462,102379,Daniel Klapper,team,
2023/2024,BC Sindelfingen 7,2462,368147,Andre Kroschwald,team,
2023/2024,BC Sindelfingen 7,2462,368402,Cuong Dao-Ngoc,team,
2023/2024,BC Sindelfingen 7,2462,368495,Enis Eminovic,team,
2023/2024,BC Sindelfingen 7,2462,368496,Edis Eminovic,team,
2023/2024,BSC Lions Bietigheim 1,2438,105209,Marvin Zimmer,team,
2023/2024,BSC Lions Bietigheim 1,2438,111155,Önder Coskun,team,
2023/2024,BSC Lions Bietigheim 1,2438,368446,Sebastian Buccheri,team,
2023/2024,BSC Lions Bietigheim 1,2438,105077,Marcus Wittner,team,
2023/2024,BSC Lions Bietigheim 1,2438,100709,Marcus Colmelet,team,
2023/2024,TV Cannstatt 4,2507,104742,Luis Varon Marques,team,
2023/2024,TV Cannstatt 4,2507,101587,Rainer Habelt,team,
2023/2024,TV Cannstatt 4,2507,100510,Peter Brehm,team,
2023/2024,TV Cannstatt 4,2507,242727,Matthias Raible,team,
2023/2024,TV Cannstatt 4,2507,246933,Daniel Nieter,team,
2023/2024,TV Cannstatt 4,2507,102460,Gerhard Koch,team,
2023/2024,PBC Rastatt 1,2482,242837,Martin Weber,team,
2023/2024,PBC Rastatt 1,2482,240215,Jürgen Müller,team,
2023/2024,PBC Rastatt 1,2482,102954,Uwe Mann,team,
2023/2024,PBC Rastatt 1,2482,353760,Yannick Redl,team,
2023/2024,PBC Rastatt 1,2482,368522,Jens Schrader,team,
2023/2024,PBC Rastatt 1,2482,368523,Dominic Spar,team,
2023/2024,CC Karlsruhe 4,2437,101995,Dietmar Horst,team,
2023/2024,CC Karlsruhe 4,2437,103436,Rainer Ott,team,
2023/2024,CC Karlsruhe 4,2437,368379,Thomas Sander,team,
2023/2024,CC Karlsruhe 4,2437,102519,Udo Koppenhöfer,team,
2023/2024,CC Karlsruhe 4,2437,355164,Saskia Schirmer,team,
2023/2024,CC Karlsruhe 4,2437,355165,Katrin Quaschinsky,team,
2023/2024,CC Karlsruhe 4,2437,368499,Peter Koch,team,
2023/2024,CC Karlsruhe 4,2437,367924,Andreas Hollesen,team,
2023/2024,BF Bruchsal 2,2435,353633,Jürgen Götting,team,
2023/2024,BF Bruchsal 2,2435,104991,Tobias Werner,team,
2023/2024,BF Bruchsal 2,2435,240171,Steffen Hoffmann,team,
2023/2024,BF Bruchsal 2,2435,367967,Xenia Völker,team,
2023/2024,BF Bruchsal 2,2435,100585,Arnd Bülow,team,
2023/2024,BF Bruchsal 2,2435,240167,Cem Sarigül,team,
2023/2024,BF Bruchsal 2,2435,101171,Jochen Föhner,team,
2023/2024,BF Bruchsal 2,2435,355290,Roland Huber,team,
2023/2024,BF Bruchsal 2,2435,368542,Patrick Regan,team,
2023/2024,PBC Bruchsal 3,2440,368193,Marius Witt,team,
2023/2024,PBC Bruchsal 3,2440,368194,Maxime Tereba,team,
2023/2024,PBC Bruchsal 3,2440,368197,Sebastian Hilgarth,team,
2023/2024,PBC Bruchsal 3,2440,368198,Markus Hanagarth,team,
2023/2024,PBC Bruchsal 3,2440,368192,Pascal Witt,team,
2023/2024,PBC Bruchsal 3,2440,368196,Filipe Coelho,team,
2023/2024,PBC Bruchsal 3,2440,104025,Priska Leven,team,
2023/2024,Poolsharks Bruchsal 1,2443,104986,Josef Wermes,team,
2023/2024,Poolsharks Bruchsal 1,2443,103617,Detlef Ratz,team,
2023/2024,Poolsharks Bruchsal 1,2443,101744,Wolfgang Heiler,team,
2023/2024,Poolsharks Bruchsal 1,2443,252865,Axel Eberle,team,
2023/2024,Poolsharks Bruchsal 1,2443,368571,Simon Stoß,team,
2023/2024,PP Karlsbad 2,2468,102759,Harald Leder,team,
2023/2024,PP Karlsbad 2,2468,252901,Evi Leder,team,
2023/2024,PP Karlsbad 2,2468,368434,Abdullah Yesil,team,
2023/2024,PP Karlsbad 2,2468,368610,Lukas Masson,team,
2023/2024,PP Karlsbad 2,2468,103593,Ralf Rabold,team,
2023/2024,PP Karlsbad 2,2468,104820,Tom Wacker,team,
2023/2024,PP Karlsbad 2,2468,368492,Kyra Ernst,team,
2023/2024,PP Karlsbad 2,2468,353732,Adriana Siddi,team,
2023/2024,PP Karlsbad 2,2468,101994,Gerd Hörrmann,team,
2023/2024,PP Karlsbad 2,2468,102870,Willi Ludwig,team,
2023/2024,BF Weinheim-Viernheim 4,2487,102069,Lutz Iserhardt,team,
2023/2024,BF Weinheim-Viernheim 4,2487,353643,Ernst Fabian,team,
2023/2024,BF Weinheim-Viernheim 4,2487,368432,Dimitris Patsirogiannis,team,
2023/2024,BF Weinheim-Viernheim 4,2487,100229,Simone Ganß,team,
2023/2024,BF Weinheim-Viernheim 4,2487,368603,Matthias Schweickert,team,
2023/2024,BF Weinheim-Viernheim 4,2487,368551,Luca Wolk,team,
2023/2024,BF Weinheim-Viernheim 4,2487,105103,Dieter Wolk,team,
2023/2024,BF Weinheim-Viernheim 4,2487,368228,Frank Vögele,team,
2023/2024,BBV Mannheim 3,2486,239638,Michael Killian,team,
2023/2024,BBV Mannheim 3,2486,239646,Susanne Schweter,team,
2023/2024,BBV Mannheim 3,2486,251824,Senol Sengün,team,
2023/2024,BBV Mannheim 3,2486,239637,Irina Killian,team,
2023/2024,BBV Mannheim 3,2486,368456,Janis Lenz,team,
2023/2024,BBV Mannheim 3,2486,368457,Niklas Materia,team,
2023/2024,BBV Mannheim 3,2486,368730,Alex Vuong,team,
2023/2024,BBV Mannheim 3,2486,246202,Ralf Nimtz,team,
2023/2024,BSC Göppingen 3,2499,102424,Andreas Knauf,team,
2023/2024,BSC Göppingen 3,2499,251970,Yves Jordan,team,
2023/2024,BSC Göppingen 3,2499,242789,Kevin Künstler,team,
2023/2024,BSC Göppingen 3,2499,368340,Idris Abanuzoglu,team,
2023/2024,BSC Göppingen 3,2499,102935,Daniela Majer,team,
2023/2024,BSC Göppingen 3,2499,367921,Alexander Rommel,team,
2023/2024,BSC Göppingen 3,2499,368148,Angelika Müller,team,
2023/2024,BSC Göppingen 3,2499,245567,Tanja Falk,team,
2023/2024,BSV Filderstadt 5,2422,244987,Robin Kümmerle,team,
2023/2024,BSV Filderstadt 5,2422,368133,Simon Kaincz,team,
2023/2024,BSV Filderstadt 5,2422,245471,Achim Stoll,team,
2023/2024,BSV Filderstadt 5,2422,100647,Serkan Candir,team,
2023/2024,BSV Filderstadt 5,2422,100370,Frederik Binder,team,
2023/2024,BSV Filderstadt 5,2422,368003,Nikolaos Michailidis,team,
2023/2024,BSV Filderstadt 5,2422,368377,Emin Kajkus,team,
2023/2024,BSV Filderstadt 5,2422,368404,Yannik Weber,team,
2023/2024,PBC Reutlingen 3,2428,242994,Gero Fähnle,team,
2023/2024,PBC Reutlingen 3,2428,367897,Mohammed Alhila,team,
2023/2024,PBC Reutlingen 3,2428,367871,Sebastian Müller,team,
2023/2024,PBC Reutlingen 3,2428,368511,Ismail Hileh,team,
2023/2024,PBC Reutlingen 3,2428,101786,Norbert Hell,team,
2023/2024,PBC Reutlingen 3,2428,103083,Adrian Mernik,team,
2023/2024,PBC Reutlingen 2,2428,104819,Roland Wacker,team,
2023/2024,PBC Reutlingen 2,2428,229104,Cornelius Ryan,team,
2023/2024,PBC Reutlingen 2,2428,251187,Kathrin Karwath,team,
2023/2024,PBC Reutlingen 2,2428,251206,Dietmar Lübke,team,
2023/2024,PBC Reutlingen 2,2428,101412,Bernhard Gneiting,team,
2023/2024,PBC Reutlingen 2,2428,248769,Marius-Daniel Grigore-Martini,team,
2023/2024,PBC Reutlingen 2,2428,350160,Guido Ulmer,team,
2023/2024,PBC Reutlingen 2,2428,101786,Norbert Hell,team,
2023/2024,BSV Pfullingen 5,2424,100889,Bernd Dorenburg,team,
2023/2024,BSV Pfullingen 5,2424,245247,Fabian Rapp,team,
2023/2024,BSV Pfullingen 5,2424,368515,Ruben Lorch,team,
2023/2024,BSV Pfullingen 5,2424,368581,Marcin Rossa,team,
2023/2024,BSV Pfullingen 5,2424,368513,Lisa Maria Kunz,team,
2023/2024,BSV Pfullingen 5,2424,368514,Mario Kraus,team,
2023/2024,BC Dallau 3,2433,351842,René Wieczorek,team,
2023/2024,BC Dallau 3,2433,368187,Markus Geppert,team,
2023/2024,BC Dallau 3,2433,100112,Steven Ascione,team,
2023/2024,BC Dallau 3,2433,368525,Fabian Gruber,team,
2023/2024,BC Dallau 3,2433,366412,Sascha Link,team,
2023/2024,BC Dallau 3,2433,368578,Marian Lacatus,team,
2023/2024,BC Dallau 3,2433,368188,Bastian Valinski,team,
2023/2024,BC Dallau 3,2433,353066,Wolfgang Stollberger,team,
2023/2024,BC Dallau 3,2433,100042,Köksal Albayrak,team,
2023/2024,BF Weinheim-Viernheim 3,2487,242771,Armin Reidel,team,
2023/2024,BF Weinheim-Viernheim 3,2487,368658,Christoph Schadek,team,
2023/2024,BF Weinheim-Viernheim 3,2487,368227,Jürgen Benninger,team,
2023/2024,BF Weinheim-Viernheim 3,2487,226973,Bernhard Flamm,team,
2023/2024,BF Weinheim-Viernheim 3,2487,105103,Dieter Wolk,team,
2023/2024,BF Weinheim-Viernheim 3,2487,170496,Sven Götz,team,
2023/2024,BF Weinheim-Viernheim 3,2487,102069,Lutz Iserhardt,team,
2023/2024,BF Weinheim-Viernheim 3,2487,353826,Sebastian Calinescu,team,
2023/2024,Pool Knights Bensheim 3,3113,368468,Dennis Dreissigacker,team,
2023/2024,Pool Knights Bensheim 3,3113,368461,Thomas Ehrenfried,team,
2023/2024,Pool Knights Bensheim 3,3113,368471,Eugenio Sousa Blanco,team,
2023/2024,Pool Knights Bensheim 3,3113,368466,Michael Sigloch,team,
2023/2024,Pool Knights Bensheim 3,3113,368483,Armin Mühlich,team,
2023/2024,Pool Knights Bensheim 3,3113,368481,Norbert Arnt,team,
2023/2024,Pool Knights Bensheim 3,3113,368489,Jonny Silasko,team,
2023/2024,CC Karlsruhe 3,2437,356030,Johannes Seith,team,
2023/2024,CC Karlsruhe 3,2437,368519,Eric Braun,team,
2023/2024,CC Karlsruhe 3,2437,104756,Andreas Vetter,team,
2023/2024,CC Karlsruhe 3,2437,102327,Ute Kiefer,team,
2023/2024,CC Karlsruhe 3,2437,240263,Harry Kowalczyk,team,
2023/2024,CC Karlsruhe 3,2437,245620,Gottlob Mrugala,team,
2023/2024,CC Karlsruhe 3,2437,253049,Christina Hirschfeld,team,
2023/2024,CC Karlsruhe 3,2437,102518,Ralf Koppenhöfer,team,
2023/2024,CC Karlsruhe 3,2437,367532,Lorenzo Ammazzini,team,
2023/2024,Mannheimer BF 4,2517,104090,Bernd Schmidt,team,
2023/2024,Mannheimer BF 4,2517,368050,Giuseppe Cortese,team,
2023/2024,Mannheimer BF 4,2517,354558,Angelika Kaune,team,
2023/2024,Mannheimer BF 4,2517,368399,Peter Mielke,team,
2023/2024,Mannheimer BF 4,2517,101363,Oliver Geuder,team,
2023/2024,Mannheimer BF 4,2517,368411,Jürgen Wolf,team,
2023/2024,Mannheimer BF 4,2517,368618,Oliver Alunni,team,
2023/2024,Mannheimer BF 4,2517,230448,Marco Schmitt,team,
2023/2024,Mannheimer BF 4,2517,221366,Henning Wilkner,team,
2023/2024,PBV Schwetzingen 8,2494,242950,Rudolf Schulz,team,
2023/2024,PBV Schwetzingen 8,2494,368385,Heidwin Sommer,team,
2023/2024,PBV Schwetzingen 8,2494,104532,Michael Straub,team,
2023/2024,PBV Schwetzingen 8,2494,245269,Nuno Brenner Miguel,team,
2023/2024,PBV Schwetzingen 8,2494,245275,Richard Cornely,team,
2023/2024,PBV Schwetzingen 8,2494,101888,Heike Salch,team,
2023/2024,PBV Schwetzingen 8,2494,247503,Claudia Heinen,team,
2023/2024,PBV Schwetzingen 8,2494,368303,Markus Schwarz,team,
2023/2024,PBV Schwetzingen 8,2494,353635,Lennart Wedel,team,
2023/2024,PBV Schwetzingen 6,2494,103272,Ümit Muslu,team,
2023/2024,PBV Schwetzingen 6,2494,103105,Michael Metzger,team,
2023/2024,PBV Schwetzingen 6,2494,355299,Bernd Mahnke,team,
2023/2024,PBV Schwetzingen 6,2494,355715,Ronald Rogge,team,
2023/2024,PBV Schwetzingen 6,2494,104884,Lepoleon Weatherspoon,team,
2023/2024,PBV Schwetzingen 6,2494,368080,Christian Münch,team,
2023/2024,PBV Schwetzingen 6,2494,101758,Martin Heinrich,team,
2023/2024,PBV Schwetzingen 6,2494,100463,Stephan Boschert,team,
2023/2024,BV Markdorf 3,2410,100008,Luciano Abruzzese,team,
2023/2024,BV Markdorf 3,2410,101984,Rainer Hops,team,
2023/2024,BV Markdorf 3,2410,100641,Pietro Calo,team,
2023/2024,BV Markdorf 3,2410,368251,Sylvia Gurnig,team,
2023/2024,BV Markdorf 3,2410,354395,Wilfried Scheibel,team,
2023/2024,BV Markdorf 3,2410,100600,Celal Bulut,team,
2023/2024,BV Markdorf 3,2410,355184,Ahad Suleimanjar,team,
2023/2024,BV Markdorf 3,2410,368252,Katrin Vogtmann,team,
2023/2024,BC Bad Schussenried 2,2401,368142,Philip Kammnick,team,
2023/2024,BC Bad Schussenried 2,2401,368545,Patrick Wilczek,team,
2023/2024,BC Bad Schussenried 2,2401,368297,Karsten Mieskes,team,
2023/2024,BC Bad Schussenried 2,2401,355824,Tobias Abt,team,
2023/2024,BC Bad Schussenried 2,2401,367937,Daniel Schmid,team,
2023/2024,BC Bad Schussenried 2,2401,367938,Samir Javor,team,
2023/2024,BC Bad Schussenried 2,2401,367940,Siegfried Brockmann,team,
2023/2024,BC Bad Schussenried 2,2401,367939,Tommaso Parisi,team,
2023/2024,PBC Bad Saulgau 3,2411,101588,Dieter Haberkorn,team,
2023/2024,PBC Bad Saulgau 3,2411,353736,Dario Dakovic,team,
2023/2024,PBC Bad Saulgau 3,2411,228690,Andreas Dirlewanger,team,
2023/2024,PBC Bad Saulgau 3,2411,368140,Mathias Hehle,team,
2023/2024,PBC Bad Saulgau 3,2411,367964,Dominik Weitzmann,team,
2023/2024,PBC Bad Saulgau 3,2411,368550,Ahmet Bumin,team,
2023/2024,PBC Bad Saulgau 3,2411,368512,Sebastian Dettling,team,
2023/2024,PBC Langenargen 4,2414,368313,Ingo Maier,team,
2023/2024,PBC Langenargen 4,2414,368295,Cesare Caccavelli,team,
2023/2024,PBC Langenargen 4,2414,104667,Martin Trippel,team,
2023/2024,PBC Langenargen 4,2414,368314,Kay Maier,team,
2023/2024,PBC Langenargen 4,2414,350620,Günther Bastian,team,
2023/2024,PBC Langenargen 4,2414,368305,Jürgen Duile,team,
2023/2024,PBC Langenargen 4,2414,350538,Annette Köster,team,
2023/2024,PBC Ochsenhausen 2,2416,368516,Uwe Barth,team,
2023/2024,PBC Ochsenhausen 2,2416,368524,Kurt Ljokaj,team,
2023/2024,PBC Ochsenhausen 2,2416,353435,Jochen Geiß,team,
2023/2024,PBC Ochsenhausen 2,2416,368597,Alper Körpe,team,
2023/2024,PBC Ochsenhausen 2,2416,367989,Martin Reinhardt,team,
2023/2024,PBC Ochsenhausen 2,2416,368507,Zeeshan Khan,team,
2023/2024,PBC Ochsenhausen 2,2416,228713,Erich Wohllaib,team,
2023/2024,PBC Ochsenhausen 2,2416,355161,Klaus Hirthe,team,
2023/2024,PBC Ochsenhausen 2,2416,104888,Florian Weber,team,
2023/2024,PBC Ochsenhausen 2,2416,352444,Glen Corcoran,team,
2023/2024,PBC Ochsenhausen 3,2416,100918,Thomas Drey,team,
2023/2024,PBC Ochsenhausen 3,2416,100413,Nikolaus Blum,team,
2023/2024,PBC Ochsenhausen 3,2416,104206,Anton Schubert,team,
2023/2024,PBC Ochsenhausen 3,2416,104085,Werner Schmidberger,team,
2023/2024,PBC Ochsenhausen 3,2416,104354,Manfred Sieweke,team,
2023/2024,PBC Ochsenhausen 3,2416,368597,Alper Körpe,team,
2023/2024,PBC Ochsenhausen 3,2416,368524,Kurt Ljokaj,team,
2023/2024,PBC Ochsenhausen 3,2416,104888,Florian Weber,team,
2023/2024,BC Bad Schussenried 3,2401,367990,Raimund Wanner,team,
2023/2024,BC Bad Schussenried 3,2401,367932,Jürgen Kieble,team,
2023/2024,BC Bad Schussenried 3,2401,367933,Siegbert Müller,team,
2023/2024,BC Bad Schussenried 3,2401,367935,Kadir Özturgut,team,
2023/2024,BC Bad Schussenried 3,2401,367939,Tommaso Parisi,team,
2023/2024,BC Bad Schussenried 3,2401,367972,Massimo Gabriele,team,
2023/2024,BC Bad Schussenried 3,2401,367927,Andreas Wagner,team,
2023/2024,BC Bad Schussenried 3,2401,367940,Siegfried Brockmann,team,
2023/2024,BC Bad Schussenried 3,2401,367938,Samir Javor,team,
2023/2024,BC Bad Schussenried 3,2401,367941,Roland Lotter,team,
2023/2024,PBC Bad Saulgau 4,2411,103112,Thomas Metzler,team,
2023/2024,PBC Bad Saulgau 4,2411,103094,Franz Meschenmoser,team,
2023/2024,PBC Bad Saulgau 4,2411,100243,Alexander Baur,team,
2023/2024,PBC Bad Saulgau 4,2411,240041,Rudolf Weiß,team,
2023/2024,PBC Bad Saulgau 4,2411,368134,Benedikt Meschenmoser,team,
2023/2024,PBC Bad Saulgau 4,2411,351227,Joachim Bruggesser,team,
2023/2024,BC Feuersee 4,2496,354814,Benjamin Ropertz,team,
2023/2024,BC Feuersee 4,2496,352494,Jürgen Klatt,team,
2023/2024,BC Feuersee 4,2496,355292,Christian Casagrande,team,
2023/2024,BC Feuersee 4,2496,368289,Kevin Schieber,team,
2023/2024,BC Feuersee 4,2496,368109,Yao Wang,team,
2023/2024,BC Feuersee 4,2496,242926,Nils Dannhauer,team,
2023/2024,BC Feuersee 4,2496,367253,Rolf Göllner,team,
2023/2024,BC Feuersee 4,2496,240316,Louise Wong,team,
2023/2024,BC Feuersee 4,2496,368585,Richard Diopa,team,
2023/2024,BC Feuersee 4,2496,368108,Chuhan Jiao,team,
2023/2024,BC Dätzingen 3,2459,100700,Jörg Claassen,team,
2023/2024,BC Dätzingen 3,2459,368343,Marcel Haab,team,
2023/2024,BC Dätzingen 3,2459,368348,Alexander Egger,team,
2023/2024,BC Dätzingen 3,2459,352331,Sebastian Schöffer,team,
2023/2024,BC Dätzingen 3,2459,350699,Alexander Schröder,team,
2023/2024,BC Dätzingen 3,2459,240517,Sebastian Roßberg,team,
2023/2024,BC Dätzingen 3,2459,101091,Stephan Faude,team,
2023/2024,BC Dätzingen 3,2459,368346,Jan Fischer,team,
2023/2024,BC Dätzingen 3,2459,100665,Marcel Cecotti,team,
2023/2024,BC Dätzingen 3,2459,354740,Michael Raith,team,
2023/2024,BC Dätzingen 3,2459,350700,Helmut Schröder,team,
2023/2024,BC Dätzingen 3,2459,368344,Ruben Waligora,team,
2023/2024,BC Dätzingen 3,2459,368345,Rene Wollmann,team,
2023/2024,PBC Bietigheim-Bissingen 4,2455,240287,Dietmar Lauer,team,
2023/2024,PBC Bietigheim-Bissingen 4,2455,100156,Hans-Jürgen Bailer,team,
2023/2024,PBC Bietigheim-Bissingen 4,2455,368267,Jochen Schütz,team,
2023/2024,PBC Bietigheim-Bissingen 4,2455,368412,David Agonafer,team,
2023/2024,PBC Bietigheim-Bissingen 4,2455,354685,Joachim Luft,team,
2023/2024,PBC Bietigheim-Bissingen 4,2455,240199,Andreas Schoknecht,team,
2023/2024,PBC Bietigheim-Bissingen 4,2455,368409,Lothar Hirsch,team,
2023/2024,PBC Bietigheim-Bissingen 4,2455,368408,Yilmaz Bulut,team,
2023/2024,BC Sindelfingen 8,2462,368107,Benjamin Hirschberger,team,
2023/2024,BC Sindelfingen 8,2462,368498,Roberto Savcic,team,
2023/2024,BC Sindelfingen 8,2462,355875,Mohammed Ali Bemah,team,
2023/2024,BC Sindelfingen 8,2462,368178,Thomas Hirschberger,team,
2023/2024,BC Sindelfingen 8,2462,103200,Andreas Müller,team,
2023/2024,BC Sindelfingen 8,2462,242957,Ingo Mann,team,
2023/2024,BC Sindelfingen 8,2462,368386,Henry Spang,team,
2023/2024,BC Sindelfingen 8,2462,103910,Petra Sannwald,team,
2023/2024,BC Sindelfingen 8,2462,368358,Cüneyt Öner,team,
2023/2024,BC Sindelfingen 8,2462,368390,Sebastian König,team,
2023/2024,BC Sindelfingen 8,2462,368402,Cuong Dao-Ngoc,team,
2023/2024,TV Cannstatt 3,2507,368253,Sascha Hiller,team,
2023/2024,TV Cannstatt 3,2507,105162,Axel Zeh,team,
2023/2024,TV Cannstatt 3,2507,247196,Marc-Andre Barisch,team,
2023/2024,TV Cannstatt 3,2507,101945,Thomas Höger,team,
2023/2024,TV Cannstatt 3,2507,368504,Finn Schmitz,team,
2023/2024,TV Cannstatt 3,2507,104742,Luis Varon Marques,team,
2023/2024,PP Böblingen 3,2472,368093,Andreas Zillmann,team,
2023/2024,PP Böblingen 3,2472,245527,Artur Kantz,team,
2023/2024,PP Böblingen 3,2472,368319,Luka Fuchs,team,
2023/2024,PP Böblingen 3,2472,251014,Michael Gärttner,team,
2023/2024,PP Böblingen 3,2472,242969,Carlo Frasch,team,
2023/2024,PP Böblingen 3,2472,242978,Wasilios Kagelidis,team,
2023/2024,PBC Rastatt 2,2482,252363,Moritz Rutkowski,team,
2023/2024,PBC Rastatt 2,2482,368150,Thomas Etowski,team,
2023/2024,PBC Rastatt 2,2482,367976,Antonio Pejic,team,
2023/2024,PBC Rastatt 2,2482,103882,Alfred Rutkowski,team,
2023/2024,PBC Rastatt 2,2482,103289,Ingo Nassall,team,
2023/2024,PBC Rastatt 2,2482,102381,Manuel Klappstein,team,
2023/2024,PBC Rastatt 2,2482,249433,Hans Rothas,team,
2023/2024,PBC Rastatt 2,2482,104984,Sascha Werle,team,
2023/2024,PBC Rastatt 2,2482,242907,Patrick Lauinger,team,
2023/2024,PBC Rastatt 2,2482,353760,Yannick Redl,team,
2023/2024,BF Bruchsal 3,2435,101171,Jochen Föhner,team,
2023/2024,BF Bruchsal 3,2435,100585,Arnd Bülow,team,
2023/2024,BF Bruchsal 3,2435,101190,Jürgen Frank,team,
2023/2024,BF Bruchsal 3,2435,355290,Roland Huber,team,
2023/2024,BF Bruchsal 3,2435,101830,Jutta Ute Kreimes,team,
2023/2024,BF Bruchsal 3,2435,240166,Markus Pfaff,team,
2023/2024,BF Bruchsal 3,2435,102426,Roland Knecht,team,
2023/2024,Pool Knights Bensheim 2,3113,368474,Dieter Neumann,team,
2023/2024,Pool Knights Bensheim 2,3113,368485,Nick Neubacher,team,
2023/2024,Pool Knights Bensheim 2,3113,368469,Gerhard Ehrenfried,team,
2023/2024,Pool Knights Bensheim 2,3113,368444,Michael Hetjens,team,
2023/2024,Pool Knights Bensheim 2,3113,368482,Maximilian Arnt,team,
2023/2024,Pool Knights Bensheim 2,3113,368447,Svetlana Hetjens,team,
2023/2024,Pool Knights Bensheim 2,3113,368734,Maximilian Hetjens,team,
2023/2024,Mannheimer BF 5,2517,101823,Andreas Guenier,team,
2023/2024,Mannheimer BF 5,2517,100388,Uwe Bitsch,team,
2023/2024,Mannheimer BF 5,2517,353038,Brigitte Uhrig,team,
2023/2024,Mannheimer BF 5,2517,368618,Oliver Alunni,team,
2023/2024,Mannheimer BF 5,2517,367831,Hugo Uhrig,team,
2023/2024,Mannheimer BF 5,2517,353918,Rene Hammann,team,
2023/2024,Mannheimer BF 5,2517,353387,Daniela Behrend,team,
2023/2024,Mannheimer BF 5,2517,368399,Peter Mielke,team,
2023/2024,BSF Kurpfalz 3,2436,368118,Stefan Süß,team,
2023/2024,BSF Kurpfalz 3,2436,101961,Frank Holly,team,
2023/2024,BSF Kurpfalz 3,2436,104775,Volker Vögele,team,
2023/2024,BSF Kurpfalz 3,2436,102280,Zoltan Kelemen,team,
2023/2024,BSF Kurpfalz 3,2436,368557,Christian Süß,team,
2023/2024,BSF Kurpfalz 3,2436,101424,Heinz Gold,team,
2023/2024,CC Karlsruhe 5,2437,101304,Ralf Ganz,team,
2023/2024,CC Karlsruhe 5,2437,101341,Peter Gemeinhardt,team,
2023/2024,CC Karlsruhe 5,2437,368202,Angelo Truisi,team,
2023/2024,CC Karlsruhe 5,2437,368499,Peter Koch,team,
2023/2024,CC Karlsruhe 5,2437,355908,Stefan Scherer,team,
2023/2024,PBV Schwetzingen 7,2494,368235,Jens Sommer,team,
2023/2024,PBV Schwetzingen 7,2494,356203,Ali Tinoush,team,
2023/2024,PBV Schwetzingen 7,2494,101758,Martin Heinrich,team,
2023/2024,PBV Schwetzingen 7,2494,368080,Christian Münch,team,
2023/2024,PBV Schwetzingen 7,2494,100463,Stephan Boschert,team,
2023/2024,PBV Schwetzingen 7,2494,368546,Matthias Sommer,team,
2023/2024,PBV Schwetzingen 7,2494,104884,Lepoleon Weatherspoon,team,
2023/2024,BC Feuersee 6,2496,240286,Thomas Hörauf,team,
2023/2024,BC Feuersee 6,2496,368283,Andreas Höhn,team,
2023/2024,BC Feuersee 6,2496,245236,Dominic Seeger,team,
2023/2024,BC Feuersee 6,2496,368281,Michael Czeringer,team,
2023/2024,BC Feuersee 6,2496,240283,Wilhelm Engelbrecht,team,
2023/2024,BC Feuersee 6,2496,368137,Semsettin Özkan,team,
2023/2024,BULL Leonberg-Höfingen 2,2463,102626,Thomas Krüger,team,
2023/2024,BULL Leonberg-Höfingen 2,2463,100092,Charalampos Antonogiorgakis,team,
2023/2024,BULL Leonberg-Höfingen 2,2463,368575,Daniel Doulgeris,team,
2023/2024,BULL Leonberg-Höfingen 2,2463,102896,Harry Luxenhofer,team,
2023/2024,BULL Leonberg-Höfingen 2,2463,368577,Otto Stefan Witt,team,
2023/2024,BULL Leonberg-Höfingen 2,2463,100325,Susi Harbrecht-Berndt,team,
2023/2024,BULL Leonberg-Höfingen 2,2463,353295,Rainer Kenzler,team,
2023/2024,BULL Leonberg-Höfingen 2,2463,368576,Robert Glen-Novak,team,
2023/2024,BULL Leonberg-Höfingen 2,2463,104209,Anthea Schühle,team,
2023/2024,BV Pforzheim 3,2464,368353,Jens Murat,team,
2023/2024,BV Pforzheim 3,2464,350651,Marvin Szymiczek,team,
2023/2024,BV Pforzheim 3,2464,102549,Sergej Kovalev,team,
2023/2024,BV Pforzheim 3,2464,251288,Tobias Wähler,team,
2023/2024,BV Pforzheim 3,2464,368321,Daniel Christoph,team,
2023/2024,BV Pforzheim 3,2464,368324,Angelo Lázaro Colucci,team,
2023/2024,BV Pforzheim 3,2464,366961,Peter Stadelmaier,team,
2023/2024,BV Pforzheim 3,2464,104595,Manuel Thamm,team,
2023/2024,PBC Nagoldtal 3,2466,368423,Stefanie Brakopp,team,
2023/2024,PBC Nagoldtal 3,2466,101574,Michael Haag,team,
2023/2024,PBC Nagoldtal 3,2466,368425,Björn Finkbeiner,team,
2023/2024,PBC Nagoldtal 3,2466,368367,Bernd Sehner,team,
2023/2024,PBC Nagoldtal 3,2466,368427,Jozsef Mark,team,
2023/2024,PBC Nagoldtal 3,2466,100618,Stefan Burmeister,team,
2023/2024,PBC Nagoldtal 3,2466,368426,Carlos Sanchez Alfonso,team,
2023/2024,BSC Lions Bietigheim 2,2438,103517,Jens Pfaff,team,
2023/2024,BSC Lions Bietigheim 2,2438,103612,Gerald Rastetter,team,
2023/2024,BSC Lions Bietigheim 2,2438,251024,Sascha Jungwirth,team,
2023/2024,BSC Lions Bietigheim 2,2438,368231,Lars Quitsch,team,
2023/2024,BSC Lions Bietigheim 2,2438,103516,Alfred Pfaff,team,
2023/2024,PBC Rastatt 3,2482,242907,Patrick Lauinger,team,
2023/2024,PBC Rastatt 3,2482,102381,Manuel Klappstein,team,
2023/2024,PBC Rastatt 3,2482,103289,Ingo Nassall,team,
2023/2024,PBC Rastatt 3,2482,104984,Sascha Werle,team,
2023/2024,PBC Rastatt 3,2482,253091,Sven Kaupp,team,
2023/2024,PBC Rastatt 3,2482,101730,Helmut Heck,team,
2023/2024,BC Aalen 1,2495,145388,Bernd Hauenstein,team,
2023/2024,BC Aalen 1,2495,100122,Andreas Augustin,team,
2023/2024,BC Aalen 1,2495,368098,Robert Karaica,team,
2023/2024,BC Aalen 1,2495,102551,Zlatko Rosin,team,
2023/2024,Tübinger BC 1,2431,104646,Hakan Toprak,team,
2023/2024,Tübinger BC 1,2431,368517,Hannes Reißner,team,
2023/2024,Tübinger BC 1,2431,356369,Alexander Fischer,team,
2023/2024,PBC Rastatt 1,2482,102381,Manuel Klappstein,team,
2023/2024,PBC Rastatt 1,2482,242907,Patrick Lauinger,team,
2023/2024,PBC Rastatt 1,2482,103289,Ingo Nassall,team,
2023/2024,PBC Rastatt 1,2482,253091,Sven Kaupp,team,
2023/2024,PBC Rastatt 1,2482,104984,Sascha Werle,team,
2023/2024,BV Pforzheim 2,2464,240155,Andreas Wittmeier,team,
2023/2024,BV Pforzheim 2,2464,100972,Benjamin Eiberger,team,
2023/2024,BV Pforzheim 2,2464,102013,Marco Huber,team,
2023/2024,PBC Freudenstadt 1,2465,100060,Marc Allinger,team,
2023/2024,BV Pforzheim 1,2464,104109,Uwe Schmidt,team,
2023/2024,BV Pforzheim 1,2464,101528,Gerhard Gryschka,team,
2023/2024,BV Pforzheim 1,2464,104642,Dominik Tonn,team,
2023/2024,PBC Freudenstadt 2,2465,102153,Benjamin Jung,team,
2023/2024,PBC Freudenstadt 2,2465,249124,Joshua Armbruster,team,
2023/2024,PBC Freudenstadt 2,2465,252214,Pascal Sanna,team,
2023/2024,Pool Knights Bensheim 1,3113,368734,Maximilian Hetjens,team,
2023/2024,Pool Knights Bensheim 1,3113,368447,Svetlana Hetjens,team,
2023/2024,Pool Knights Bensheim 1,3113,368444,Michael Hetjens,team,
2023/2024,PF Calw 1,2471,248741,Oliver Hauke,team,
2023/2024,PF Calw 1,2471,249359,Florian Pasch,team,
2024/2025,Mannheimer BF 1,2517,100651,Mehmet Cankurt,team,
2024/2025,Mannheimer BF 1,2517,244727,Fabian Snijder,team,
2024/2025,Mannheimer BF 1,2517,368032,Alexander Casper,team,
2024/2025,Mannheimer BF 1,2517,176381,Marcus Strey,team,
2024/2025,Mannheimer BF 1,2517,368688,Fersun Ünsel,team,
2024/2025,Mannheimer BF 1,2517,239654,Thomas Kühn,team,
2024/2025,Mannheimer BF 1,2517,252363,Moritz Rutkowski,team,
2024/2025,Mannheimer BF 1,2517,239648,Serdar Tunbek,team,
2024/2025,Mannheimer BF 1,2517,103064,Carsten Mellmann,team,
2024/2025,Mannheimer BF 1,2517,104129,Axel Schmucker,team,
2024/2025,PBC Offenburg 1,2481,104254,Martin Schwab,team,
2024/2025,PBC Offenburg 1,2481,104825,Frank Wagenmann,team,
2024/2025,PBC Offenburg 1,2481,101723,Vladislav Hebel,team,
2024/2025,PBC Offenburg 1,2481,242902,Daniel Kimmig,team,
2024/2025,PBC Offenburg 1,2481,368559,Maurizio Reith,team,
2024/2025,PBC Offenburg 1,2481,242876,Frank Tatarkowski,team,
2024/2025,PBC Waghäusel 1,2442,103924,Steffen Säubert,team,
2024/2025,PBC Waghäusel 1,2442,102352,Udo Kirchgeßner,team,
2024/2025,PBC Waghäusel 1,2442,102663,Andreas Kullmann,team,
2024/2025,PBC Waghäusel 1,2442,102305,Felix Kern,team,
2024/2025,PBC Waghäusel 1,2442,103354,Pascal Nissel,team,
2024/2025,PBC Waghäusel 1,2442,154211,Thomas Neumann,team,
2024/2025,PBV Schwetzingen 2,2494,104092,Christian Schmidt,team,
2024/2025,PBV Schwetzingen 2,2494,101749,Jens Heim,team,
2024/2025,PBV Schwetzingen 2,2494,103635,Hendrik Reckers,team,
2024/2025,PBV Schwetzingen 2,2494,103072,Florian Menzel,team,
2024/2025,PBV Schwetzingen 2,2494,104752,Zehrudin Vereget,team,
2024/2025,BC Stuttgart 1891 1,2497,104208,Thomas Schubert,team,
2024/2025,BC Stuttgart 1891 1,2497,104273,Robert Schwarz,team,
2024/2025,BC Stuttgart 1891 1,2497,102918,Holger Maier,team,
2024/2025,BC Stuttgart 1891 1,2497,103075,Daniel Merbitz,team,
2024/2025,BC Stuttgart 1891 1,2497,104357,Timo Sillner,team,
2024/2025,BC Stuttgart 1891 1,2497,103479,Andreas Pauling,team,
2024/2025,PF Calw 1,2471,242963,Marco Warlies,team,
2024/2025,PF Calw 1,2471,104541,Alexander Striker,team,
2024/2025,PF Calw 1,2471,101289,Thomas Gäckle,team,
2024/2025,PF Calw 1,2471,104761,Goncalo Vieira Manies,team,
2024/2025,PBV Schwetzingen 3,2494,100014,Marek Adam,team,
2024/2025,PBV Schwetzingen 3,2494,248413,Manuel Letzel,team,
2024/2025,PBV Schwetzingen 3,2494,368024,Mehmet Kapli,team,
2024/2025,PBV Schwetzingen 3,2494,101926,Heiko Hoffmann,team,
2024/2025,PBV Schwetzingen 3,2494,104752,Zehrudin Vereget,team,
2024/2025,PBC Bad Saulgau 1,2411,103306,Fabian Neglein,team,
2024/2025,PBC Bad Saulgau 1,2411,100039,Erdal Akinci,team,
2024/2025,PBC Bad Saulgau 1,2411,368299,Christian Schaber,team,
2024/2025,PBC Bad Saulgau 1,2411,102746,Michelangelo Laurano,team,
2024/2025,PBC Bad Saulgau 1,2411,103889,Luigi Sabia,team,
2024/2025,PBC Bad Saulgau 1,2411,252672,Hartmut Jäggle,team,
2024/2025,PBC Bad Saulgau 1,2411,368134,Benedikt Meschenmoser,team,
2024/2025,PBC Bad Saulgau 1,2411,368973,Sandra Ortner,team,
2024/2025,BC Aalen 2,2495,100122,Andreas Augustin,team,
2024/2025,BC Aalen 2,2495,368098,Robert Karaica,team,
2024/2025,BC Aalen 2,2495,367913,Jürgen Baumgärtner,team,
2024/2025,BC Aalen 2,2495,102551,Zlatko Rosin,team,
2024/2025,BC Aalen 2,2495,230995,Mustafa Özyürük,team,
2024/2025,BC Sindelfingen 3,2462,368884,Armin Mahmoudi,team,
2024/2025,BC Sindelfingen 3,2462,102278,Andreas Keilmann,team,
2024/2025,BC Sindelfingen 3,2462,350393,Oliver Kielwein,team,
2024/2025,BC Sindelfingen 3,2462,104685,Machmut Turan,team,
2024/2025,BC Sindelfingen 3,2462,105133,Ahmet Yazici,team,
2024/2025,BC Sindelfingen 3,2462,103598,Andreas Rago,team,
2024/2025,BC Sindelfingen 3,2462,368146,Saeid Heydarpour,team,
2024/2025,BC Sindelfingen 3,2462,368179,Thorsten Möhle,team,
2024/2025,BC Sindelfingen 3,2462,160734,Farhad Shahverdi,team,
2024/2025,BC Sindelfingen 2,2462,102645,Stefan Künzl,team,
2024/2025,BC Sindelfingen 2,2462,100983,Frank Eisele,team,
2024/2025,BC Sindelfingen 2,2462,101724,Robin Heber,team,
2024/2025,BC Sindelfingen 2,2462,368302,Simone Künzl,team,
2024/2025,BC Sindelfingen 2,2462,103085,Florian Merz,team,
2024/2025,BC Sindelfingen 2,2462,104656,Alexander Eck,team,
2024/2025,BC Sindelfingen 2,2462,246024,Denis Mnich,team,
2024/2025,BC Sindelfingen 2,2462,367986,Vanja Nikolic,team,
2024/2025,BC Sindelfingen 2,2462,367918,Arman Rasoli,team,
2024/2025,BC Sindelfingen 2,2462,159294,Christina Schneider-Radunovic,team,
2024/2025,BULL Leonberg-Höfingen 1,2463,123648,Christian Endres,team,
2024/2025,BULL Leonberg-Höfingen 1,2463,103790,Fabio Romano,team,
2024/2025,BULL Leonberg-Höfingen 1,2463,104655,Anh Tran,team,
2024/2025,BULL Leonberg-Höfingen 1,2463,250878,Patrick Mungiuri,team,
2024/2025,BULL Leonberg-Höfingen 1,2463,102317,Tobias Kessler,team,
2024/2025,BULL Leonberg-Höfingen 1,2463,368396,Elias Marx,team,
2024/2025,BULL Leonberg-Höfingen 1,2463,240293,Niklas Vogel,team,
2024/2025,PBC Reutlingen 1,2428,102114,Andreas Jeschka,team,
2024/2025,PBC Reutlingen 1,2428,102859,Peter Lotterer,team,
2024/2025,PBC Reutlingen 1,2428,368381,Pavlos Dadakos,team,
2024/2025,PBC Reutlingen 1,2428,248769,Marius-Daniel Grigore-Martini,team,
2024/2025,PBC Reutlingen 1,2428,104179,Rainer Schönfeld,team,
2024/2025,BV Markdorf 1,2410,103113,Lutz Metzner,team,
2024/2025,BV Markdorf 1,2410,103167,Daniel Moll,team,
2024/2025,BV Markdorf 1,2410,367944,Thomas Rehmann,team,
2024/2025,BV Markdorf 1,2410,101076,Silvio Fadda,team,
2024/2025,BV Markdorf 1,2410,104852,Manfred Waldvogel,team,
2024/2025,BV Markdorf 1,2410,228681,Andreas Kiefer,team,
2024/2025,PBC Schwäbisch Hall 1,2456,100616,Zeljko Burmazovic,team,
2024/2025,PBC Schwäbisch Hall 1,2456,102680,Thomas Kupfer,team,
2024/2025,PBC Schwäbisch Hall 1,2456,100719,Arno Corigliano,team,
2024/2025,PBC Schwäbisch Hall 1,2456,157455,Norbert Rollbühler,team,
2024/2025,PBC Schwäbisch Hall 1,2456,105049,Ruben Winkler,team,
2024/2025,PBC Schwäbisch Hall 1,2456,355901,Alexandar Stankovic,team,
2024/2025,PBC Schwäbisch Hall 1,2456,252972,Mergim Zekaj,team,
2024/2025,TV Cannstatt 1,2507,242722,Giuseppe Curcio,team,
2024/2025,TV Cannstatt 1,2507,368811,Philipp Kibele,team,
2024/2025,TV Cannstatt 1,2507,101390,Marco Giusa,team,
2024/2025,TV Cannstatt 1,2507,100638,Adrian Cabanillas Lora,team,
2024/2025,TV Cannstatt 1,2507,368096,Jozsef Zvorinji,team,
2024/2025,TV Cannstatt 1,2507,100421,Robert Bogdan,team,
2024/2025,TV Cannstatt 1,2507,368253,Sascha Hiller,team,
2024/2025,TV Cannstatt 1,2507,366769,Michael Schwarzjirg,team,
2024/2025,TV Cannstatt 1,2507,368817,Peter Andris,team,
2024/2025,TV Cannstatt 1,2507,368816,Emilio Caracciolo,team,
2024/2025,TV Cannstatt 1,2507,368812,Benedikt Schwertel,team,
2024/2025,Mannheimer BF 2,2517,239648,Serdar Tunbek,team,
2024/2025,Mannheimer BF 2,2517,103064,Carsten Mellmann,team,
2024/2025,Mannheimer BF 2,2517,252363,Moritz Rutkowski,team,
2024/2025,Mannheimer BF 2,2517,104129,Axel Schmucker,team,
2024/2025,Mannheimer BF 2,2517,100670,Efendi Cekerek,team,
2024/2025,Mannheimer BF 2,2517,239654,Thomas Kühn,team,
2024/2025,Mannheimer BF 2,2517,247575,Andreas Stüber,team,
2024/2025,Mannheimer BF 2,2517,351635,Robert Klinec,team,
2024/2025,Mannheimer BF 2,2517,368118,Stefan Süß,team,
2024/2025,Mannheimer BF 2,2517,104382,Hendrik Snijder,team,
2024/2025,Mannheimer BF 2,2517,368688,Fersun Ünsel,team,
2024/2025,BC Neckarsulm 1,2450,248593,Sebastian Albrecht,team,
2024/2025,BC Neckarsulm 1,2450,103558,Benjamin Pran,team,
2024/2025,BC Neckarsulm 1,2450,221926,Valentin Marten,team,
2024/2025,BC Neckarsulm 1,2450,250899,Rouven Elischer,team,
2024/2025,BC Neckarsulm 1,2450,104021,Jörg Schick-Bringer,team,
2024/2025,BC Neckarsulm 1,2450,102568,Thomas Kramhöller,team,
2024/2025,BC Neckarsulm 1,2450,103559,Damir Pran,team,
2024/2025,BC Neckarsulm 1,2450,368818,Leon Schick,team,
2024/2025,JS Mingolsheim 1,2439,103581,Matthias Pujic,team,
2024/2025,JS Mingolsheim 1,2439,250306,Luigi Sarullo,team,
2024/2025,JS Mingolsheim 1,2439,368526,Ralf Bühler,team,
2024/2025,JS Mingolsheim 1,2439,104726,Christian Utz,team,
2024/2025,JS Mingolsheim 1,2439,105099,Matthias Wolf,team,
2024/2025,JS Mingolsheim 1,2439,159092,Sascha Schmidt,team,
2024/2025,JS Mingolsheim 1,2439,368981,Peter Polzer,team,
2024/2025,JS Mingolsheim 1,2439,367995,Besnik Shkemza,team,
2024/2025,PBC Freudenstadt 1,2465,102153,Benjamin Jung,team,
2024/2025,PBC Freudenstadt 1,2465,252214,Pascal Sanna,team,
2024/2025,PBC Freudenstadt 1,2465,368579,Sebastian Scherbinin,team,
2024/2025,PBC Freudenstadt 1,2465,249124,Joshua Armbruster,team,
2024/2025,PBC Freudenstadt 1,2465,103314,Jonathan Nestler,team,
2024/2025,PBC Freudenstadt 1,2465,247955,David Galwas,team,
2024/2025,PBC Freudenstadt 2,2465,247955,David Galwas,team,
2024/2025,PBC Freudenstadt 2,2465,104434,Armin Stauß,team,
2024/2025,PBC Freudenstadt 2,2465,103654,Michael Reichert,team,
2024/2025,PBC Freudenstadt 2,2465,368574,Murat Dervisi,team,
2024/2025,PBC Freudenstadt 2,2465,250710,Steffen Feuerbacher,team,
2024/2025,PBC Freudenstadt 2,2465,103314,Jonathan Nestler,team,
2024/2025,PBC Freudenstadt 2,2465,100319,Rolf Berkowitz,team,
2024/2025,PBC Freudenstadt 2,2465,103930,Eberhard Sauter,team,
2024/2025,PBC Sand 1,2483,249145,Drazen Smolcic,team,
2024/2025,PBC Sand 1,2483,100825,Michael Diedrich,team,
2024/2025,PBC Sand 1,2483,101476,Christian Gremmelspacher,team,
2024/2025,PBC Sand 1,2483,101689,Richy Hartmann,team,
2024/2025,PBC Sand 1,2483,100286,Mike Belke,team,
2024/2025,PBC Sand 1,2483,248622,Frank Diedrich,team,
2024/2025,PBC Offenburg 2,2481,101200,Martin Frei,team,
2024/2025,PBC Offenburg 2,2481,102719,Uwe Lang,team,
2024/2025,PBC Offenburg 2,2481,242876,Frank Tatarkowski,team,
2024/2025,PBC Offenburg 2,2481,104560,Bernhard Sutor,team,
2024/2025,PBC Offenburg 2,2481,102298,Kurt Kempf,team,
2024/2025,PBC Offenburg 2,2481,104564,Marius Sutor,team,
2024/2025,PBC Offenburg 2,2481,368783,Thomas Stöckel,team,
2024/2025,PBC Waghäusel 2,2442,240243,Andree Säubert,team,
2024/2025,PBC Waghäusel 2,2442,103354,Pascal Nissel,team,
2024/2025,PBC Waghäusel 2,2442,111963,Bernd Woitanowski,team,
2024/2025,PBC Waghäusel 2,2442,240242,Mirsad Sabic,team,
2024/2025,PBC Waghäusel 2,2442,154211,Thomas Neumann,team,
2024/2025,BC Bad Schussenried 1,2401,367934,Andreas Loderer,team,
2024/2025,BC Bad Schussenried 1,2401,367968,Károly Kis,team,
2024/2025,BC Bad Schussenried 1,2401,368015,Stefan Sock,team,
2024/2025,BC Bad Schussenried 1,2401,367948,Flaviano Gabriele,team,
2024/2025,BC Bad Schussenried 1,2401,368111,Ali Cetin,team,
2024/2025,BC Bad Schussenried 1,2401,367937,Daniel Schmid,team,
2024/2025,BC Bad Schussenried 1,2401,367990,Raimund Wanner,team,
2024/2025,BC Blaustein 1,2402,368058,Holger Domdey,team,
2024/2025,BC Blaustein 1,2402,101658,Torsten Hanisch,team,
2024/2025,BC Blaustein 1,2402,104633,Thomas Tischmann,team,
2024/2025,BC Blaustein 1,2402,163715,Marc Wagner,team,
2024/2025,BC Blaustein 1,2402,101401,Udo Gleich,team,
2024/2025,BC Blaustein 1,2402,103273,Klaus Mutenzer,team,
2024/2025,BC Blaustein 1,2402,103714,Harald Reutter,team,
2024/2025,BSV Pfullingen 1,2424,102186,Daniel Kalnak,team,
2024/2025,BSV Pfullingen 1,2424,102219,Thorsten Kappus,team,
2024/2025,BSV Pfullingen 1,2424,104671,Marcus Trumpp,team,
2024/2025,BSV Pfullingen 1,2424,100679,Orhan Cetin,team,
2024/2025,BSV Pfullingen 1,2424,355803,Randee Ramzi Yalda,team,
2024/2025,BSV Pfullingen 1,2424,229045,Ulrich Schäfer,team,
2024/2025,BSV Pfullingen 1,2424,250221,Marco Bunke,team,
2024/2025,PBC Langenargen 1,2414,100189,Sebastian Bartsch,team,
2024/2025,PBC Langenargen 1,2414,105085,Andreas Witzigmann,team,
2024/2025,PBC Langenargen 1,2414,100982,Andreas Einsiedler,team,
2024/2025,PBC Langenargen 1,2414,368580,Oliver Eisele,team,
2024/2025,PBC Langenargen 1,2414,228632,Sascha Nyffeler,team,
2024/2025,PBC Langenargen 1,2414,368006,Hans-Henning Schmid,team,
2024/2025,BSC Göppingen 1,2499,104379,Silvestar Smokovic,team,
2024/2025,BSC Göppingen 1,2499,100904,Martin Doster,team,
2024/2025,BSC Göppingen 1,2499,104257,Jörg Schwager,team,
2024/2025,BSC Göppingen 1,2499,242796,Frank Schwenk,team,
2024/2025,BSC Göppingen 1,2499,242787,Rainer Hermann,team,
2024/2025,BSC Göppingen 1,2499,368819,Sait Pelit,team,
2024/2025,BSC Göppingen 1,2499,103616,Sebastiano Ratto,team,
2024/2025,PBC Ochsenhausen 1,2416,367989,Martin Reinhardt,team,
2024/2025,PBC Ochsenhausen 1,2416,101426,Boris Golic,team,
2024/2025,PBC Ochsenhausen 1,2416,104407,Eugen Spähn,team,
2024/2025,PBC Ochsenhausen 1,2416,100124,Ottmar Auzinger,team,
2024/2025,PBC Ochsenhausen 1,2416,104354,Manfred Sieweke,team,
2024/2025,BSV Tiengen 2,2425,101192,Ronny Frank,team,
2024/2025,BSV Tiengen 2,2425,102370,Kai Kiss,team,
2024/2025,BSV Tiengen 2,2425,244785,Brian Biercher,team,
2024/2025,BSV Tiengen 2,2425,104546,Michael Strohmaier,team,
2024/2025,BSV Tiengen 2,2425,244866,Dominik Netzhammer,team,
2024/2025,BSC St. Georgen 1,2420,102175,Mario Kaiser,team,
2024/2025,BSC St. Georgen 1,2420,101441,Günther Götz,team,
2024/2025,BSC St. Georgen 1,2420,100873,Andreas Dittrich,team,
2024/2025,BSC St. Georgen 1,2420,350473,Gabriele Winzer-Moser,team,
2024/2025,BSC St. Georgen 1,2420,353157,Daniel Naumann,team,
2024/2025,P&S Denzlingen 1,2476,231558,Philipp Lisenko,team,
2024/2025,P&S Denzlingen 1,2476,104577,Fikret Tasdemir,team,
2024/2025,P&S Denzlingen 1,2476,242773,Yilmaz Aygün,team,
2024/2025,P&S Denzlingen 1,2476,355791,Fabian Durst,team,
2024/2025,P&S Denzlingen 1,2476,100292,Horst Bendig,team,
2024/2025,P&S Denzlingen 1,2476,242776,Nikolaus Gündel,team,
2024/2025,P&S Denzlingen 2,2476,368590,Stephan Rau,team,
2024/2025,P&S Denzlingen 2,2476,242776,Nikolaus Gündel,team,
2024/2025,P&S Denzlingen 2,2476,368810,Jamil Dib,team,
2024/2025,P&S Denzlingen 2,2476,102164,Norbert Kabas,team,
2024/2025,P&S Denzlingen 2,2476,367907,Phi Dang,team,
2024/2025,P&S Denzlingen 2,2476,368382,Bernd Feierabend,team,
2024/2025,P&S Denzlingen 2,2476,100292,Horst Bendig,team,
2024/2025,P&S Denzlingen 2,2476,100996,Marcus Elfenthal,team,
2024/2025,P&S Denzlingen 2,2476,101221,Klaus Friedrich,team,
2024/2025,P&S Denzlingen 2,2476,101989,Mathias Hornbach,team,
2024/2025,PBC Freudenstadt 3,2465,103930,Eberhard Sauter,team,
2024/2025,PBC Freudenstadt 3,2465,104258,Florian Schwägler,team,
2024/2025,PBC Freudenstadt 3,2465,249080,Uwe Machalett,team,
2024/2025,PBC Freudenstadt 3,2465,100060,Marc Allinger,team,
2024/2025,PBC Freudenstadt 3,2465,247957,Stefan Vater,team,
2024/2025,PBC Freudenstadt 3,2465,100319,Rolf Berkowitz,team,
2024/2025,PBC Freudenstadt 3,2465,368502,Daniel Fahrner,team,
2024/2025,PBC Bräunlingen 1,2427,103183,Berthold Moser,team,
2024/2025,PBC Bräunlingen 1,2427,104971,Björn Welte,team,
2024/2025,PBC Bräunlingen 1,2427,103932,Roland Sauter,team,
2024/2025,PBC Bräunlingen 1,2427,102406,Axel Klimmer,team,
2024/2025,PBC Bräunlingen 1,2427,104760,Damir Vidovic,team,
2024/2025,PBC Bräunlingen 1,2427,105130,Hakan Yaratici,team,
2024/2025,PBC Bräunlingen 1,2427,102926,Matthias Maier,team,
2024/2025,PBC Bräunlingen 1,2427,253265,Simon Kemmerling,team,
2024/2025,PBC Bräunlingen 1,2427,103814,Phillip Rosenkranz,team,
2024/2025,PBC Offenburg 3,2481,368560,Manuel Wissen,team,
2024/2025,PBC Offenburg 3,2481,368784,Phillip Woods,team,
2024/2025,PBC Offenburg 3,2481,368563,Joachim Koepke,team,
2024/2025,PBC Offenburg 3,2481,368558,Alen Mulaosmanovic,team,
2024/2025,PBC Offenburg 3,2481,368562,Jeremy Eckert,team,
2024/2025,PBC Offenburg 3,2481,368266,Luka Antic,team,
2024/2025,PBC Offenburg 3,2481,368296,Axel Isenmann,team,
2024/2025,BC Dätzingen 1,2459,245948,Aryan Dayyani,team,
2024/2025,BC Dätzingen 1,2459,101979,Savas Hopff,team,
2024/2025,BC Dätzingen 1,2459,101755,Dominik Heinkele,team,
2024/2025,BC Dätzingen 1,2459,100662,Fabian Cecotti,team,
2024/2025,BC Dätzingen 1,2459,353913,Saman Hadi,team,
2024/2025,BC Feuersee 1,2496,368051,Edin Porcic,team,
2024/2025,BC Feuersee 1,2496,368012,Birger Tesnau,team,
2024/2025,BC Feuersee 1,2496,350350,Michal Radwan,team,
2024/2025,BC Feuersee 1,2496,368269,Asim Ramakic,team,
2024/2025,BC Feuersee 1,2496,368041,Alexander Srp,team,
2024/2025,BC Feuersee 1,2496,101654,Thomas Handler,team,
2024/2025,BC Feuersee 1,2496,368769,Kristijan Skokic,team,
2024/2025,BC Feuersee 1,2496,241619,Björn Spiegel,team,
2024/2025,BC Feuersee 1,2496,104615,Heiko Thomas,team,
2024/2025,BC Sindelfingen 4,2462,353408,Christopher Hopp,team,
2024/2025,BC Sindelfingen 4,2462,368107,Benjamin Hirschberger,team,
2024/2025,BC Sindelfingen 4,2462,228904,Tobias Hirt,team,
2024/2025,BC Sindelfingen 4,2462,368774,Marco Sforza,team,
2024/2025,BC Sindelfingen 4,2462,103127,Massimo Miccoli,team,
2024/2025,BC Sindelfingen 4,2462,103910,Petra Sannwald,team,
2024/2025,BC Sindelfingen 4,2462,100500,Petra Braun,team,
2024/2025,BV Pforzheim 1,2464,102603,Stanislaw Kretz,team,
2024/2025,BV Pforzheim 1,2464,368352,Aleksander Diachkov,team,
2024/2025,BV Pforzheim 1,2464,240155,Andreas Wittmeier,team,
2024/2025,BV Pforzheim 1,2464,101528,Gerhard Gryschka,team,
2024/2025,BV Pforzheim 1,2464,100972,Benjamin Eiberger,team,
2024/2025,BV Pforzheim 1,2464,104642,Dominik Tonn,team,
2024/2025,BV Pforzheim 1,2464,366961,Peter Stadelmaier,team,
2024/2025,BV Pforzheim 1,2464,100773,Fiorenzo De Nuzzo,team,
2024/2025,BV Pforzheim 1,2464,101952,Thorsten Holatka,team,
2024/2025,BV Pforzheim 1,2464,252010,Long Werner,team,
2024/2025,PBC Aalen 1,2502,104746,Alexandros Vassiliadis,team,
2024/2025,PBC Aalen 1,2502,104396,Eric Sorg,team,
2024/2025,PBC Aalen 1,2502,242922,Maximilian Jentsch,team,
2024/2025,PBC Aalen 1,2502,368236,Joshua Bartsch,team,
2024/2025,PBC Aalen 1,2502,249001,Oliver Krieger,team,
2024/2025,PBC Aalen 1,2502,368220,Sezer Soydinc,team,
2024/2025,PP Böblingen 1,2472,245260,Necmi Kolbasar,team,
2024/2025,PP Böblingen 1,2472,103444,Sercan Özdemir,team,
2024/2025,PP Böblingen 1,2472,351326,Philip Smaczny,team,
2024/2025,PP Böblingen 1,2472,242971,Selim Güzel,team,
2024/2025,PP Böblingen 1,2472,101912,Ivan Hodzic,team,
2024/2025,BC Stuttgart 1891 2,2497,368372,Kalin-Felix Stefanov,team,
2024/2025,BC Stuttgart 1891 2,2497,104287,Oliver Schwertschlager,team,
2024/2025,BC Stuttgart 1891 2,2497,103479,Andreas Pauling,team,
2024/2025,BC Stuttgart 1891 2,2497,368809,Phat Truong,team,
2024/2025,BC Stuttgart 1891 2,2497,100941,Thomas Durst,team,
2024/2025,BC Stuttgart 1891 2,2497,102758,Joachim Lechenbauer,team,
2024/2025,BC Stuttgart 1891 2,2497,104508,Jonny Stojanovic,team,
2024/2025,PBC Bietigheim-Bissingen 1,2455,368413,Felix Böck,team,
2024/2025,PBC Bietigheim-Bissingen 1,2455,105234,Daniel Zmalec,team,
2024/2025,PBC Bietigheim-Bissingen 1,2455,354684,Markus Geßinger,team,
2024/2025,PBC Bietigheim-Bissingen 1,2455,240510,Sven Wezstein,team,
2024/2025,PBC Bietigheim-Bissingen 1,2455,103275,Marcus Mutschler,team,
2024/2025,PBC Bietigheim-Bissingen 1,2455,240287,Dietmar Lauer,team,
2024/2025,PBC Bietigheim-Bissingen 1,2455,367416,Stefan Weber,team,
2024/2025,CC Karlsruhe 1,2437,367977,Michael Breiner,team,
2024/2025,CC Karlsruhe 1,2437,248469,Fabian Metz,team,
2024/2025,CC Karlsruhe 1,2437,103209,Dirk Müller,team,
2024/2025,CC Karlsruhe 1,2437,103769,Marcel Roden,team,
2024/2025,CC Karlsruhe 1,2437,103357,Frank Nitsche,team,
2024/2025,CC Karlsruhe 1,2437,103837,Michael Roth,team,
2024/2025,CC Karlsruhe 1,2437,101640,Yves Hamacher,team,
2024/2025,CC Karlsruhe 1,2437,368833,Kevin Feichtinger,team,
2024/2025,CC Karlsruhe 1,2437,101959,Joachim Höllwarth,team,
2024/2025,PBC Bruchsal 1,2440,101803,Michael Heneka,team,
2024/2025,PBC Bruchsal 1,2440,101550,Christoph Günthner,team,
2024/2025,PBC Bruchsal 1,2440,104309,Carmen Leiser,team,
2024/2025,PBC Bruchsal 1,2440,104844,Rolf Waible,team,
2024/2025,PBC Bruchsal 1,2440,100009,Bülent Acar,team,
2024/2025,PBC Bruchsal 1,2440,367852,Damir Kucis,team,
2024/2025,PBV Schwetzingen 5,2494,105217,Karl-Heinz Zimmermann,team,
2024/2025,PBV Schwetzingen 5,2494,368503,Marcus Dienst,team,
2024/2025,PBV Schwetzingen 5,2494,368079,Christian Würthwein,team,
2024/2025,PBV Schwetzingen 5,2494,247504,Riccardo Heinen,team,
2024/2025,PBV Schwetzingen 5,2494,249765,Keven König,team,
2024/2025,PBV Schwetzingen 4,2494,104507,Florian Stojanoski,team,
2024/2025,PBV Schwetzingen 4,2494,104767,Celina Visconti,team,
2024/2025,PBV Schwetzingen 4,2494,368490,Alexander Kocher,team,
2024/2025,PBV Schwetzingen 4,2494,102294,Ralf Kempermann,team,
2024/2025,PBV Schwetzingen 4,2494,247505,Thomas Sommer,team,
2024/2025,BC Dallau 1,2433,101313,Stefan Gaschler,team,
2024/2025,BC Dallau 1,2433,350683,Kevin Wetzel,team,
2024/2025,BC Dallau 1,2433,100531,Lutz Brian,team,
2024/2025,BC Dallau 1,2433,105122,Michael Würz,team,
2024/2025,BC Dallau 1,2433,351663,Tobias Wetzel,team,
2024/2025,BBV Mannheim 1,2486,104902,Sonny Weber,team,
2024/2025,BBV Mannheim 1,2486,101538,Bülent Güler,team,
2024/2025,BBV Mannheim 1,2486,239641,Sascha Pick,team,
2024/2025,BBV Mannheim 1,2486,105043,Dirk Windecker,team,
2024/2025,BBV Mannheim 1,2486,368839,Viet Anh Nguyen,team,
2024/2025,Pool Knights Bensheim 1,3113,368474,Dieter Neumann,team,
2024/2025,Pool Knights Bensheim 1,3113,368475,Michael Schneider,team,
2024/2025,Pool Knights Bensheim 1,3113,103573,Marc Proissl,team,
2024/2025,Pool Knights Bensheim 1,3113,368485,Nick Neubacher,team,
2024/2025,Pool Knights Bensheim 1,3113,368484,Jasim Ammar Jasim Al-Khazraji,team,
2024/2025,Pool Knights Bensheim 1,3113,368734,Maximilian Hetjens,team,
2024/2025,PP Karlsbad 1,2468,101994,Gerd Hörrmann,team,
2024/2025,PP Karlsbad 1,2468,102759,Harald Leder,team,
2024/2025,PP Karlsbad 1,2468,101114,Gordon Fenske,team,
2024/2025,PP Karlsbad 1,2468,368261,Preetam Bissessur,team,
2024/2025,PP Karlsbad 1,2468,368434,Abdullah Yesil,team,
2024/2025,PP Karlsbad 1,2468,102870,Willi Ludwig,team,
2024/2025,PP Karlsbad 1,2468,100645,Thomas Vincenzo Campo,team,
2024/2025,PP Karlsbad 1,2468,252901,Evi Leder,team,
2024/2025,PP Karlsbad 1,2468,368853,Joachim Preiß,team,
2024/2025,BC Dätzingen 2,2459,353913,Saman Hadi,team,
2024/2025,BC Dätzingen 2,2459,248740,Arash Dayyani,team,
2024/2025,BC Dätzingen 2,2459,100667,Pascal Cecotti,team,
2024/2025,BC Dätzingen 2,2459,368132,Ralf Krebs,team,
2024/2025,BC Dätzingen 2,2459,368348,Alexander Egger,team,
2024/2025,BC Dätzingen 2,2459,100665,Marcel Cecotti,team,
2024/2025,BC Dätzingen 2,2459,354741,Eckart Schmidt,team,
2024/2025,BC Dätzingen 2,2459,368343,Marcel Haab,team,
2024/2025,BC Sindelfingen 5,2462,101264,Bernd Füess,team,
2024/2025,BC Sindelfingen 5,2462,355443,Michael Reich,team,
2024/2025,BC Sindelfingen 5,2462,102694,Daniel La Cognata,team,
2024/2025,BC Sindelfingen 5,2462,103634,Stephan Rech-Linker,team,
2024/2025,BC Sindelfingen 5,2462,353143,Martin Repp,team,
2024/2025,BC Sindelfingen 5,2462,368200,Jürgen Trost,team,
2024/2025,BC Sindelfingen 5,2462,123384,Tolga Yasmut,team,
2024/2025,BC Sindelfingen 5,2462,104512,Thomas Stoll,team,
2024/2025,BV Pforzheim 2,2464,100972,Benjamin Eiberger,team,
2024/2025,BV Pforzheim 2,2464,104642,Dominik Tonn,team,
2024/2025,BV Pforzheim 2,2464,102013,Marco Huber,team,
2024/2025,BV Pforzheim 2,2464,252010,Long Werner,team,
2024/2025,BV Pforzheim 2,2464,100773,Fiorenzo De Nuzzo,team,
2024/2025,BV Pforzheim 2,2464,101952,Thorsten Holatka,team,
2024/2025,BV Pforzheim 2,2464,366961,Peter Stadelmaier,team,
2024/2025,BSC Lions Bietigheim 1,2438,253091,Sven Kaupp,team,
2024/2025,BSC Lions Bietigheim 1,2438,103517,Jens Pfaff,team,
2024/2025,BSC Lions Bietigheim 1,2438,103882,Alfred Rutkowski,team,
2024/2025,BSC Lions Bietigheim 1,2438,368547,Eduard Hartter,team,
2024/2025,BSC Lions Bietigheim 1,2438,103612,Gerald Rastetter,team,
2024/2025,BSC Lions Bietigheim 1,2438,251024,Sascha Jungwirth,team,
2024/2025,BSC Lions Bietigheim 1,2438,103516,Alfred Pfaff,team,
2024/2025,PBC Nagoldtal 1,2466,245634,Florian Staud,team,
2024/2025,PBC Nagoldtal 1,2466,249310,Nic Woywodt,team,
2024/2025,PBC Nagoldtal 1,2466,104803,Frank Vorauer,team,
2024/2025,PBC Nagoldtal 1,2466,103603,Thorsten Rammer,team,
2024/2025,PBC Nagoldtal 1,2466,368222,Sven Schulz,team,
2024/2025,PBC Nagoldtal 1,2466,101574,Michael Haag,team,
2024/2025,PBC Nagoldtal 1,2466,100618,Stefan Burmeister,team,
2024/2025,PBC Nagoldtal 1,2466,242888,Andreas Schmid,team,
2024/2025,PBC Nagoldtal 1,2466,368423,Stefanie Brakopp,team,
2024/2025,PBC Bietigheim-Bissingen 2,2455,100791,Giuseppe Dellaquercia,team,
2024/2025,PBC Bietigheim-Bissingen 2,2455,104339,Marco Seybold,team,
2024/2025,PBC Bietigheim-Bissingen 2,2455,104607,Steven Thieltges,team,
2024/2025,PBC Bietigheim-Bissingen 2,2455,248690,Ralf Bachert,team,
2024/2025,PBC Bietigheim-Bissingen 2,2455,240287,Dietmar Lauer,team,
2024/2025,PBC Bietigheim-Bissingen 2,2455,367416,Stefan Weber,team,
2024/2025,PBC Rastatt 1,2482,242907,Patrick Lauinger,team,
2024/2025,PBC Rastatt 1,2482,103289,Ingo Nassall,team,
2024/2025,PBC Rastatt 1,2482,102381,Manuel Klappstein,team,
2024/2025,PBC Rastatt 1,2482,368207,Calvin Waldecker,team,
2024/2025,PBC Rastatt 1,2482,104984,Sascha Werle,team,
2024/2025,PF Calw 2,2471,248741,Oliver Hauke,team,
2024/2025,PF Calw 2,2471,245346,Michael Minnerop,team,
2024/2025,PF Calw 2,2471,103686,Michael Reiser,team,
2024/2025,PF Calw 2,2471,252092,Felix Häntschel,team,
2024/2025,PF Calw 2,2471,240515,Bernd Hafner,team,
2024/2025,PF Calw 2,2471,242739,Faton Dzini,team,
2024/2025,PF Calw 2,2471,248742,Mark Epple,team,
2024/2025,PF Calw 2,2471,242955,Manfred Kalliehs,team,
2024/2025,PF Calw 2,2471,368860,Wolfgang Krüger,team,
2024/2025,PP Böblingen 2,2472,242976,Anastasios Kagelidis,team,
2024/2025,PP Böblingen 2,2472,353895,Thorgen Brett,team,
2024/2025,PP Böblingen 2,2472,246406,Dominik Krenzer,team,
2024/2025,PP Böblingen 2,2472,242967,Hayrettin Bozkurt,team,
2024/2025,PP Böblingen 2,2472,242747,Thomas Mooshammer,team,
2024/2025,PP Böblingen 2,2472,367912,Nikolaos Seristatidis,team,
2024/2025,PP Böblingen 2,2472,242951,Yunus Ayvaz,team,
2024/2025,PP Böblingen 2,2472,102379,Daniel Klapper,team,
2024/2025,PP Böblingen 2,2472,102864,Matthias Ludersdorfer,team,
2024/2025,BC Feuersee 2,2496,241619,Björn Spiegel,team,
2024/2025,BC Feuersee 2,2496,101654,Thomas Handler,team,
2024/2025,BC Feuersee 2,2496,121877,Peter Link,team,
2024/2025,BC Feuersee 2,2496,100025,Erol Ag,team,
2024/2025,BC Feuersee 2,2496,104615,Heiko Thomas,team,
2024/2025,BC Feuersee 2,2496,368119,Michael Röhrle,team,
2024/2025,BC Feuersee 2,2496,368035,Gürhan Ag,team,
2024/2025,BC Feuersee 2,2496,368269,Asim Ramakic,team,
2024/2025,BC Aalen 3,2495,230995,Mustafa Özyürük,team,
2024/2025,BC Aalen 3,2495,368042,Haci Eymir,team,
2024/2025,BC Aalen 3,2495,101670,Horst Hardtke,team,
2024/2025,BC Aalen 3,2495,253141,Timur Susuz,team,
2024/2025,BC Aalen 3,2495,251815,Kevin Adamczyk,team,
2024/2025,BC Aalen 3,2495,102685,Hayrettin Kurtoglu,team,
2024/2025,BSC Lions Bietigheim 2,2438,105209,Marvin Zimmer,team,
2024/2025,BSC Lions Bietigheim 2,2438,111155,Önder Coskun,team,
2024/2025,BSC Lions Bietigheim 2,2438,105077,Marcus Wittner,team,
2024/2025,BSC Lions Bietigheim 2,2438,100709,Marcus Colmelet,team,
2024/2025,BSC Lions Bietigheim 2,2438,368446,Sebastian Buccheri,team,
2024/2025,BC Sindelfingen 6,2462,104512,Thomas Stoll,team,
2024/2025,BC Sindelfingen 6,2462,353143,Martin Repp,team,
2024/2025,BC Sindelfingen 6,2462,368292,Matthias Grgic,team,
2024/2025,BC Sindelfingen 6,2462,144449,Ciro Guerra,team,
2024/2025,BC Sindelfingen 6,2462,244943,Peggy Eisele,team,
2024/2025,BC Sindelfingen 6,2462,351327,Denis Maric,team,
2024/2025,BC Sindelfingen 6,2462,104613,Marius Thomanek,team,
2024/2025,BC Sindelfingen 6,2462,368200,Jürgen Trost,team,
2024/2025,BV Backnang/Welzheim 1,2454,368620,Paul Halton,team,
2024/2025,BV Backnang/Welzheim 1,2454,100117,Tobias Auer,team,
2024/2025,BV Backnang/Welzheim 1,2454,245005,Yasar Mak,team,
2024/2025,BV Backnang/Welzheim 1,2454,368443,Wolfgang Laun,team,
2024/2025,BV Backnang/Welzheim 1,2454,104795,Tankred Volkmer,team,
2024/2025,BV Backnang/Welzheim 1,2454,164805,Thomas Wilczek,team,
2024/2025,BV Backnang/Welzheim 1,2454,238915,Oktay Aydinoglu,team,
2024/2025,BV Backnang/Welzheim 1,2454,350789,Azad Mak,team,
2024/2025,PP Böblingen 3,2472,368093,Andreas Zillmann,team,
2024/2025,PP Böblingen 3,2472,242951,Yunus Ayvaz,team,
2024/2025,PP Böblingen 3,2472,245527,Artur Kantz,team,
2024/2025,PP Böblingen 3,2472,368319,Luka Fuchs,team,
2024/2025,PP Böblingen 3,2472,242969,Carlo Frasch,team,
2024/2025,PP Böblingen 3,2472,251014,Michael Gärttner,team,
2024/2025,PP Böblingen 3,2472,102379,Daniel Klapper,team,
2024/2025,PP Böblingen 3,2472,368775,Jose Nicolas Mayan-Garcia,team,
2024/2025,PP Böblingen 3,2472,367912,Nikolaos Seristatidis,team,
2024/2025,PBC Schwäbisch Gmünd 1,2504,105109,Gary Wong,team,
2024/2025,PBC Schwäbisch Gmünd 1,2504,102361,Mehmet Kirli,team,
2024/2025,PBC Schwäbisch Gmünd 1,2504,368518,Jannik Buchstab,team,
2024/2025,PBC Schwäbisch Gmünd 1,2504,351923,Maxim Buchstab,team,
2024/2025,PBC Schwäbisch Gmünd 1,2504,368868,Matthias Weigl,team,
2024/2025,PBC Schwäbisch Gmünd 1,2504,368869,Saif Azzawi,team,
2024/2025,PBC Schwäbisch Gmünd 1,2504,368645,Joel Louis Egon Strohmayer,team,
2024/2025,PBC Schwäbisch Gmünd 1,2504,367996,Nurcan Ezdi,team,
2024/2025,PBC Schwäbisch Gmünd 1,2504,245800,Thomas Buchstab,team,
2024/2025,TV Cannstatt 2,2507,366769,Michael Schwarzjirg,team,
2024/2025,TV Cannstatt 2,2507,368253,Sascha Hiller,team,
2024/2025,TV Cannstatt 2,2507,100638,Adrian Cabanillas Lora,team,
2024/2025,TV Cannstatt 2,2507,368208,Josip Ceko,team,
2024/2025,TV Cannstatt 2,2507,368096,Jozsef Zvorinji,team,
2024/2025,TV Cannstatt 2,2507,100421,Robert Bogdan,team,
2024/2025,TV Cannstatt 2,2507,252039,Dany Baron,team,
2024/2025,TV Cannstatt 2,2507,102928,Stephan Maier,team,
2024/2025,TV Cannstatt 2,2507,105162,Axel Zeh,team,
2024/2025,TV Cannstatt 2,2507,368505,Markus Löscher,team,
2024/2025,TV Cannstatt 2,2507,366248,Matthias Stolz,team,
2024/2025,TV Cannstatt 2,2507,368761,Frank Vollath,team,
2024/2025,TV Cannstatt 2,2507,100296,Mustafa Benk,team,
2024/2025,TV Cannstatt 2,2507,101390,Marco Giusa,team,
2024/2025,TV Cannstatt 2,2507,368811,Philipp Kibele,team,
2024/2025,CC Karlsruhe 2,2437,101959,Joachim Höllwarth,team,
2024/2025,CC Karlsruhe 2,2437,368833,Kevin Feichtinger,team,
2024/2025,CC Karlsruhe 2,2437,368519,Eric Braun,team,
2024/2025,CC Karlsruhe 2,2437,103357,Frank Nitsche,team,
2024/2025,CC Karlsruhe 2,2437,368957,Colin Ketterlin,team,
2024/2025,CC Karlsruhe 2,2437,103837,Michael Roth,team,
2024/2025,CC Karlsruhe 2,2437,103769,Marcel Roden,team,
2024/2025,CC Karlsruhe 2,2437,103436,Rainer Ott,team,
2024/2025,CC Karlsruhe 2,2437,368499,Peter Koch,team,
2024/2025,CC Karlsruhe 2,2437,368832,Timm Ganske,team,
2024/2025,Pool Knights Bensheim 2,3113,368469,Gerhard Ehrenfried,team,
2024/2025,Pool Knights Bensheim 2,3113,368476,Markus Lüft,team,
2024/2025,Pool Knights Bensheim 2,3113,368482,Maximilian Arnt,team,
2024/2025,Pool Knights Bensheim 2,3113,368447,Svetlana Hetjens,team,
2024/2025,Pool Knights Bensheim 2,3113,368444,Michael Hetjens,team,
2024/2025,Pool Knights Bensheim 2,3113,368479,Hartmut Wegner,team,
2024/2025,Pool Knights Bensheim 2,3113,368484,Jasim Ammar Jasim Al-Khazraji,team,
2024/2025,Mannheimer BF 3,2517,354510,Michael Schmitt,team,
2024/2025,Mannheimer BF 3,2517,351633,Jochen Fiedler,team,
2024/2025,Mannheimer BF 3,2517,351635,Robert Klinec,team,
2024/2025,Mannheimer BF 3,2517,368118,Stefan Süß,team,
2024/2025,Mannheimer BF 3,2517,104382,Hendrik Snijder,team,
2024/2025,Mannheimer BF 3,2517,101823,Andreas Guenier,team,
2024/2025,Mannheimer BF 3,2517,368618,Oliver Alunni,team,
2024/2025,Mannheimer BF 3,2517,247575,Andreas Stüber,team,
2024/2025,BBV Mannheim 2,2486,368540,Haydar Chehade,team,
2024/2025,BBV Mannheim 2,2486,101556,Bülent Gürkan,team,
2024/2025,BBV Mannheim 2,2486,239643,Fikret Salic,team,
2024/2025,BBV Mannheim 2,2486,100069,Claus Altendorf,team,
2024/2025,BBV Mannheim 2,2486,368839,Viet Anh Nguyen,team,
2024/2025,BBV Mannheim 2,2486,239638,Michael Killian,team,
2024/2025,BF Weinheim-Viernheim 1,2487,103786,Marco Roll,team,
2024/2025,BF Weinheim-Viernheim 1,2487,102320,Michael Keuker,team,
2024/2025,BF Weinheim-Viernheim 1,2487,171256,Timo Reinert,team,
2024/2025,BF Weinheim-Viernheim 1,2487,368258,Jürgen Steinmann,team,
2024/2025,BF Weinheim-Viernheim 1,2487,102328,Thomas Kielmann,team,
2024/2025,BF Weinheim-Viernheim 1,2487,104766,Carmelo Visconti,team,
2024/2025,BF Weinheim-Viernheim 1,2487,247868,Sven Gehrisch,team,
2024/2025,BF Weinheim-Viernheim 1,2487,368229,Curd Safranek,team,
2024/2025,BF Bruchsal 2,2435,353633,Jürgen Götting,team,
2024/2025,BF Bruchsal 2,2435,104991,Tobias Werner,team,
2024/2025,BF Bruchsal 2,2435,102204,Markus Kamuf,team,
2024/2025,BF Bruchsal 2,2435,368961,Tobias Sven Stockenberger,team,
2024/2025,BF Bruchsal 2,2435,240171,Steffen Hoffmann,team,
2024/2025,BF Bruchsal 2,2435,367967,Xenia Völker,team,
2024/2025,BF Bruchsal 2,2435,101171,Jochen Föhner,team,
2024/2025,BF Bruchsal 2,2435,100585,Arnd Bülow,team,
2024/2025,BF Bruchsal 2,2435,101190,Jürgen Frank,team,
2024/2025,BF Bruchsal 2,2435,352016,Reimar Sauter,team,
2024/2025,BC Dallau 2,2433,350684,Markus Wetzel,team,
2024/2025,BC Dallau 2,2433,354451,Timo Lipski,team,
2024/2025,BC Dallau 2,2433,368525,Fabian Gruber,team,
2024/2025,BC Dallau 2,2433,242731,Dirk Schäfauer,team,
2024/2025,BC Dallau 2,2433,368187,Markus Geppert,team,
2024/2025,BC Dallau 2,2433,100074,Süleyman Altinyaldiz,team,
2024/2025,BC Dallau 2,2433,100112,Steven Ascione,team,
2024/2025,BC Dallau 2,2433,366412,Sascha Link,team,
2024/2025,BC Dallau 2,2433,100042,Köksal Albayrak,team,
2024/2025,BC Dallau 2,2433,100798,Murat Deniz,team,
2024/2025,BC Dallau 2,2433,250898,Alexander Friederich,team,
2024/2025,BC Dallau 2,2433,248594,Diana Schäfauer,team,
2024/2025,BC Dallau 2,2433,368188,Bastian Valinski,team,
2024/2025,BC Dallau 2,2433,351842,René Wieczorek,team,
2024/2025,BF Weinheim-Viernheim 2,2487,368658,Christoph Schadek,team,
2024/2025,BF Weinheim-Viernheim 2,2487,104766,Carmelo Visconti,team,
2024/2025,BF Weinheim-Viernheim 2,2487,102627,Nikolai Kruhm,team,
2024/2025,BF Weinheim-Viernheim 2,2487,102502,Viktor König,team,
2024/2025,BF Weinheim-Viernheim 2,2487,247868,Sven Gehrisch,team,
2024/2025,BF Weinheim-Viernheim 2,2487,171256,Timo Reinert,team,
2024/2025,BF Weinheim-Viernheim 2,2487,242771,Armin Reidel,team,
2024/2025,BF Weinheim-Viernheim 2,2487,368831,Leonhard Klecker,team,
2024/2025,BF Weinheim-Viernheim 2,2487,105103,Dieter Wolk,team,
2024/2025,BF Weinheim-Viernheim 2,2487,368258,Jürgen Steinmann,team,
2024/2025,CC Karlsruhe 3,2437,368202,Angelo Truisi,team,
2024/2025,CC Karlsruhe 3,2437,101304,Ralf Ganz,team,
2024/2025,CC Karlsruhe 3,2437,368499,Peter Koch,team,
2024/2025,CC Karlsruhe 3,2437,368813,Michael Müns,team,
2024/2025,CC Karlsruhe 3,2437,101341,Peter Gemeinhardt,team,
2024/2025,CC Karlsruhe 3,2437,368957,Colin Ketterlin,team,
2024/2025,CC Karlsruhe 3,2437,355165,Katrin Quaschinsky,team,
2024/2025,CC Karlsruhe 3,2437,355908,Stefan Scherer,team,
2024/2025,Mannheimer BF 4,2517,368689,Ibrahim Erdogan,team,
2024/2025,Mannheimer BF 4,2517,221366,Henning Wilkner,team,
2024/2025,Mannheimer BF 4,2517,368050,Giuseppe Cortese,team,
2024/2025,Mannheimer BF 4,2517,104090,Bernd Schmidt,team,
2024/2025,Mannheimer BF 4,2517,101363,Oliver Geuder,team,
2024/2025,Mannheimer BF 4,2517,354558,Angelika Kaune,team,
2024/2025,Mannheimer BF 4,2517,368618,Oliver Alunni,team,
2024/2025,Mannheimer BF 4,2517,100388,Uwe Bitsch,team,
2024/2025,Mannheimer BF 4,2517,368411,Jürgen Wolf,team,
2024/2025,JS Mingolsheim 2,2439,103396,Dirk Odenwälder,team,
2024/2025,JS Mingolsheim 2,2439,367995,Besnik Shkemza,team,
2024/2025,JS Mingolsheim 2,2439,367988,Markus Wörner,team,
2024/2025,JS Mingolsheim 2,2439,367987,Mike Walter,team,
2024/2025,JS Mingolsheim 2,2439,368533,Michael Triffo,team,
2024/2025,JS Mingolsheim 2,2439,368981,Peter Polzer,team,
2024/2025,JS Mingolsheim 2,2439,104726,Christian Utz,team,
2024/2025,PBC Waghäusel 3,2442,240239,Ivan Mikulic,team,
2024/2025,PBC Waghäusel 3,2442,105193,Marco Zieger,team,
2024/2025,PBC Waghäusel 3,2442,240240,Hassan Najjar,team,
2024/2025,PBC Waghäusel 3,2442,103618,Frank Rätz,team,
2024/2025,PBC Waghäusel 3,2442,100434,Andreas Böhme,team,
2024/2025,PBC Waghäusel 3,2442,102987,Klaus Martin,team,
2024/2025,PBC Waghäusel 3,2442,103580,Peter Puff,team,
2024/2025,PBC Waghäusel 3,2442,103876,Peter Rupprecht,team,
2024/2025,PBC Bruchsal 2,2440,367853,Jörg Leiser,team,
2024/2025,PBC Bruchsal 2,2440,101856,Bianca Heneka,team,
2024/2025,PBC Bruchsal 2,2440,104625,Peter Thurm,team,
2024/2025,PBC Bruchsal 2,2440,240228,Florian Walther,team,
2024/2025,PBC Bruchsal 2,2440,368739,Jürgen Häffner,team,
2024/2025,PBC Bruchsal 2,2440,244836,Michael Strenski,team,
2024/2025,PBC Bruchsal 2,2440,367852,Damir Kucis,team,
2024/2025,PBC Bruchsal 2,2440,101803,Michael Heneka,team,
2024/2025,Poolsharks Bruchsal 1,2443,104986,Josef Wermes,team,
2024/2025,Poolsharks Bruchsal 1,2443,103617,Detlef Ratz,team,
2024/2025,Poolsharks Bruchsal 1,2443,101744,Wolfgang Heiler,team,
2024/2025,Poolsharks Bruchsal 1,2443,252865,Axel Eberle,team,
2024/2025,Poolsharks Bruchsal 1,2443,368571,Simon Stoß,team,
2024/2025,Poolsharks Bruchsal 1,2443,102600,Nikola Kremer,team,
2024/2025,PBV Schwetzingen 6,2494,368751,Giovanni Genovese,team,
2024/2025,PBV Schwetzingen 6,2494,104532,Michael Straub,team,
2024/2025,PBV Schwetzingen 6,2494,368683,Jürgen Berninger,team,
2024/2025,PBV Schwetzingen 6,2494,103272,Ümit Muslu,team,
2024/2025,PBV Schwetzingen 6,2494,368908,Simon Bernecker,team,
2024/2025,PBV Schwetzingen 6,2494,101758,Martin Heinrich,team,
2024/2025,PBV Schwetzingen 6,2494,355715,Ronald Rogge,team,
2024/2025,BF Bruchsal 1,2435,104376,Darius Skowronek,team,
2024/2025,BF Bruchsal 1,2435,103143,Benny-Michel Mildenberger,team,
2024/2025,BF Bruchsal 1,2435,103076,Ralf Mergel,team,
2024/2025,BF Bruchsal 1,2435,102180,Christian Kälbli,team,
2024/2025,BF Bruchsal 1,2435,102204,Markus Kamuf,team,
2024/2025,BSC Göppingen 2,2499,368022,Antonio Nuzziello,team,
2024/2025,BSC Göppingen 2,2499,368389,Stefan Avrancsev,team,
2024/2025,BSC Göppingen 2,2499,368182,Besirat Fekadu,team,
2024/2025,BSC Göppingen 2,2499,368628,Wilfried Schön,team,
2024/2025,BSC Göppingen 2,2499,242787,Rainer Hermann,team,
2024/2025,BSC Göppingen 2,2499,251258,Gerold Konnerth,team,
2024/2025,BSC Göppingen 3,2499,368651,Adhurim Tafa,team,
2024/2025,BSC Göppingen 3,2499,242789,Kevin Künstler,team,
2024/2025,BSC Göppingen 3,2499,368438,Andreas Rapp,team,
2024/2025,BSC Göppingen 3,2499,102935,Daniela Majer,team,
2024/2025,BSC Göppingen 3,2499,368702,Tajana Dürr-Smokovic,team,
2024/2025,BSC Göppingen 3,2499,367921,Alexander Rommel,team,
2024/2025,BSC Göppingen 3,2499,368340,Idris Abanuzoglu,team,
2024/2025,BSC Göppingen 3,2499,242795,Max Schmidtke,team,
2024/2025,PBC Reutlingen 2,2428,366767,Miodrag Adrian Caravila,team,
2024/2025,PBC Reutlingen 2,2428,229104,Cornelius Ryan,team,
2024/2025,PBC Reutlingen 2,2428,242994,Gero Fähnle,team,
2024/2025,PBC Reutlingen 2,2428,104819,Roland Wacker,team,
2024/2025,PBC Reutlingen 2,2428,251187,Kathrin Karwath,team,
2024/2025,PBC Reutlingen 2,2428,350160,Guido Ulmer,team,
2024/2025,PBC Reutlingen 2,2428,368802,Okan Ceken,team,
2024/2025,BSV Pfullingen 2,2424,251775,Joao Rodrigues,team,
2024/2025,BSV Pfullingen 2,2424,157028,Peter Restle,team,
2024/2025,BSV Pfullingen 2,2424,104286,Andre Schwenzfeier,team,
2024/2025,BSV Pfullingen 2,2424,100889,Bernd Dorenburg,team,
2024/2025,BSV Pfullingen 2,2424,102186,Daniel Kalnak,team,
2024/2025,BSV Pfullingen 2,2424,245247,Fabian Rapp,team,
2024/2025,BSV Pfullingen 2,2424,367953,Mark Mende,team,
2024/2025,BSV Pfullingen 2,2424,356163,Bruno Schuon,team,
2024/2025,BSV Pfullingen 2,2424,368156,Kevin Patrick Fischer,team,
2024/2025,BSV Pfullingen 2,2424,251771,Martin Wistuba,team,
2024/2025,BSV Pfullingen 2,2424,355803,Randee Ramzi Yalda,team,
2024/2025,BSV Filderstadt 2,2422,103925,Sascha Sauer,team,
2024/2025,BSV Filderstadt 2,2422,100100,Markus Appenowitz,team,
2024/2025,BSV Filderstadt 2,2422,228532,Osman Büyük,team,
2024/2025,BSV Filderstadt 2,2422,102973,Arno Marotz,team,
2024/2025,BSV Filderstadt 2,2422,252917,Florian Stubert,team,
2024/2025,BSV Filderstadt 2,2422,104635,Raphael Titzmann,team,
2024/2025,BSV Filderstadt 3,2422,354136,Ulrich Oswald,team,
2024/2025,BSV Filderstadt 3,2422,102963,Thomas Mänz,team,
2024/2025,BSV Filderstadt 3,2422,104499,Jens Stintz,team,
2024/2025,BSV Filderstadt 3,2422,103128,Aristidis Michailidis,team,
2024/2025,BSV Filderstadt 3,2422,100370,Frederik Binder,team,
2024/2025,BSV Filderstadt 3,2422,104635,Raphael Titzmann,team,
2024/2025,BSV Filderstadt 3,2422,100647,Serkan Candir,team,
2024/2025,BSV Filderstadt 3,2422,240058,Goran Švab,team,
2024/2025,Tübinger BC 1,2431,349790,Wadea Al Mahamid,team,
2024/2025,Tübinger BC 1,2431,240143,Konrad Bau,team,
2024/2025,Tübinger BC 1,2431,249083,Simon Theodoropoulos,team,
2024/2025,Tübinger BC 1,2431,356369,Alexander Fischer,team,
2024/2025,Tübinger BC 1,2431,242992,Mark Hast,team,
2024/2025,Tübinger BC 1,2431,102721,Johannes Mai,team,
2024/2025,Tübinger BC 1,2431,349809,Dietmar Karoli,team,
2024/2025,Tübinger BC 1,2431,368517,Hannes Reißner,team,
2024/2025,Tübinger BC 1,2431,368821,Partha Ghosh,team,
2024/2025,Tübinger BC 1,2431,104597,Rüdiger Theis,team,
2024/2025,Tübinger BC 1,2431,104646,Hakan Toprak,team,
2024/2025,PBC Langenargen 2,2414,350617,Christian Späthe,team,
2024/2025,PBC Langenargen 2,2414,228692,Ewald Bausch,team,
2024/2025,PBC Langenargen 2,2414,368837,Frederik Nyberg,team,
2024/2025,PBC Langenargen 2,2414,228696,Gerald Ströbele,team,
2024/2025,PBC Langenargen 2,2414,104667,Martin Trippel,team,
2024/2025,PBC Langenargen 2,2414,367910,Andreas Looser,team,
2024/2025,PBC Langenargen 2,2414,368881,Raphael Auer,team,
2024/2025,PBC Langenargen 2,2414,100189,Sebastian Bartsch,team,
2024/2025,PBC Langenargen 2,2414,143960,Markus Graml,team,
2024/2025,PBC Langenargen 2,2414,368882,Amarin Karge,team,
2024/2025,PBC Langenargen 2,2414,228632,Sascha Nyffeler,team,
2024/2025,BC Unterteuringen 1,2404,100075,Benno Amann,team,
2024/2025,BC Unterteuringen 1,2404,100732,Roberto D`Elia,team,
2024/2025,BC Unterteuringen 1,2404,101474,Andreas Greitmann,team,
2024/2025,BC Unterteuringen 1,2404,101103,Ingo Fehr,team,
2024/2025,BV Markdorf 3,2410,101984,Rainer Hops,team,
2024/2025,BV Markdorf 3,2410,100008,Luciano Abruzzese,team,
2024/2025,BV Markdorf 3,2410,100641,Pietro Calo,team,
2024/2025,BV Markdorf 3,2410,354395,Wilfried Scheibel,team,
2024/2025,BV Markdorf 3,2410,368251,Sylvia Gurnig,team,
2024/2025,BV Markdorf 3,2410,355184,Ahad Suleimanjar,team,
2024/2025,BC Weingarten 1,2403,368762,Tien Dat Ngo,team,
2024/2025,BC Weingarten 1,2403,100447,Patrick Bolduan,team,
2024/2025,BC Weingarten 1,2403,367945,Simon Schaal,team,
2024/2025,BC Weingarten 1,2403,102115,Lutz Jeschke,team,
2024/2025,BC Weingarten 1,2403,104617,Fabian Thoma-Schuck,team,
2024/2025,BC Weingarten 1,2403,104910,Marc Wegenast,team,
2024/2025,BC Weingarten 1,2403,368431,Norman Wagner,team,
2024/2025,PBC Bad Saulgau 2,2411,103112,Thomas Metzler,team,
2024/2025,PBC Bad Saulgau 2,2411,103094,Franz Meschenmoser,team,
2024/2025,PBC Bad Saulgau 2,2411,100243,Alexander Baur,team,
2024/2025,PBC Bad Saulgau 2,2411,240041,Rudolf Weiß,team,
2024/2025,PBC Bad Saulgau 2,2411,368134,Benedikt Meschenmoser,team,
2024/2025,PBC Bad Saulgau 2,2411,354666,Andrew Steinhauer,team,
2024/2025,PBC Bad Saulgau 2,2411,367964,Dominik Weitzmann,team,
2024/2025,BV Markdorf 2,2410,100486,Martin Brandt,team,
2024/2025,BV Markdorf 2,2410,101010,Hardi Engel,team,
2024/2025,BV Markdorf 2,2410,228681,Andreas Kiefer,team,
2024/2025,BV Markdorf 2,2410,240040,Klaus Dietrich,team,
2024/2025,BV Markdorf 2,2410,100903,Krischan Dostal,team,
2024/2025,BV Markdorf 2,2410,104852,Manfred Waldvogel,team,
2024/2025,BV Markdorf 2,2410,105051,Georg Winter,team,
2024/2025,BC Bad Schussenried 2,2401,367936,Dieter Seitz,team,
2024/2025,BC Bad Schussenried 2,2401,368111,Ali Cetin,team,
2024/2025,BC Bad Schussenried 2,2401,367933,Siegbert Müller,team,
2024/2025,BC Bad Schussenried 2,2401,367935,Kadir Özturgut,team,
2024/2025,BC Bad Schussenried 2,2401,367990,Raimund Wanner,team,
2024/2025,BC Bad Schussenried 2,2401,367937,Daniel Schmid,team,
2024/2025,BC Bad Schussenried 2,2401,367932,Jürgen Kieble,team,
2024/2025,BV Villingen-Schwenningen 2,2426,101451,Steffen Graf,team,
2024/2025,BV Villingen-Schwenningen 2,2426,368274,Mark Pfaffenrodt,team,
2024/2025,BV Villingen-Schwenningen 2,2426,224549,Stefan Weiner,team,
2024/2025,BV Villingen-Schwenningen 2,2426,101737,Svenja Schwarzkopf,team,
2024/2025,BV Villingen-Schwenningen 2,2426,245559,Marko Stapel,team,
2024/2025,BV Villingen-Schwenningen 2,2426,250788,Lucas Ruschke,team,
2024/2025,BV Villingen-Schwenningen 2,2426,101571,Andreas Gut,team,
2024/2025,BV Villingen-Schwenningen 2,2426,368616,Mark Szinger,team,
2024/2025,BV Villingen-Schwenningen 2,2426,103185,Stephan Moser,team,
2024/2025,BV Villingen-Schwenningen 2,2426,105001,Hannes Westphal,team,
2024/2025,BSV Tiengen 3,2425,368506,Seong-Jin Kim,team,
2024/2025,BSV Tiengen 3,2425,368781,Kevin Albert,team,
2024/2025,BSV Tiengen 3,2425,104101,Peter Schmidt,team,
2024/2025,BSV Tiengen 3,2425,244866,Dominik Netzhammer,team,
2024/2025,BSV Tiengen 3,2425,368780,Thomas Weniger,team,
2024/2025,BSV Tiengen 3,2425,368429,Robert Tiffert,team,
2024/2025,BSV Tiengen 3,2425,253498,Johanna Indlekofer,team,
2024/2025,BSV Tiengen 3,2425,368782,Marius Schlegel,team,
2024/2025,PBC Bräunlingen 2,2427,253265,Simon Kemmerling,team,
2024/2025,PBC Bräunlingen 2,2427,105130,Hakan Yaratici,team,
2024/2025,PBC Bräunlingen 2,2427,104199,Bernd Schröder,team,
2024/2025,PBC Bräunlingen 2,2427,368721,Dominik Mogel,team,
2024/2025,PBC Bräunlingen 2,2427,103813,Mario Rosenkranz,team,
2024/2025,PBC Bräunlingen 2,2427,368650,Zeki-Kaan Koyun,team,
2024/2025,PBC Bräunlingen 2,2427,105097,Marcus Wolf,team,
2024/2025,PBC Bräunlingen 2,2427,368649,Mohammad Jiroudi,team,
2024/2025,PBC Bräunlingen 2,2427,368720,Domenik Dreibach,team,
2024/2025,PBC Bräunlingen 2,2427,100553,Florian Brugger,team,
2024/2025,PBC Bräunlingen 2,2427,101553,Mehmet Gürbüz,team,
2024/2025,PBC Bräunlingen 2,2427,101838,Stefan Herms,team,
2024/2025,PBC Bräunlingen 2,2427,102406,Axel Klimmer,team,
2024/2025,PBC Bräunlingen 2,2427,102767,Daniel Lehmann,team,
2024/2025,PBC Bräunlingen 2,2427,102926,Matthias Maier,team,
2024/2025,PBC Bräunlingen 2,2427,104760,Damir Vidovic,team,
2024/2025,PBC Offenburg 4,2481,103469,David Party,team,
2024/2025,PBC Offenburg 4,2481,101612,Dirk Hafner,team,
2024/2025,PBC Offenburg 4,2481,101750,Timo Heim,team,
2024/2025,PBC Offenburg 4,2481,105127,Manfred Wußler,team,
2024/2025,PBC Offenburg 4,2481,368296,Axel Isenmann,team,
2024/2025,PBC Offenburg 4,2481,368318,Joey Isenmann,team,
2024/2025,P&S Denzlingen 3,2476,100996,Marcus Elfenthal,team,
2024/2025,P&S Denzlingen 3,2476,368785,Mirsad Coric,team,
2024/2025,P&S Denzlingen 3,2476,368414,Lulzim Ramliku,team,
2024/2025,P&S Denzlingen 3,2476,368310,Dirk Dufner,team,
2024/2025,P&S Denzlingen 3,2476,367907,Phi Dang,team,
2024/2025,P&S Denzlingen 3,2476,102164,Norbert Kabas,team,
2024/2025,P&S Denzlingen 3,2476,368589,Reshawn Spann,team,
2024/2025,P&S Denzlingen 3,2476,368275,Ryan Grabowski,team,
2024/2025,P&S Denzlingen 3,2476,101221,Klaus Friedrich,team,
2024/2025,P&S Denzlingen 3,2476,367587,Andrej Stark,team,
2024/2025,PBC Freudenstadt 4,2465,104365,Asmir Sinanovic,team,
2024/2025,PBC Freudenstadt 4,2465,103651,Frank Reichert,team,
2024/2025,PBC Freudenstadt 4,2465,252216,Danny Golling,team,
2024/2025,PBC Freudenstadt 4,2465,102170,Patricia Kaffesi,team,
2024/2025,PBC Freudenstadt 4,2465,105093,Andreas Wolf,team,
2024/2025,PBC Freudenstadt 4,2465,368826,Michael Möller,team,
2024/2025,BSV Tiengen 4,2425,368493,Jürgen Porzelt,team,
2024/2025,BSV Tiengen 4,2425,101745,Rainer Heilmann,team,
2024/2025,BSV Tiengen 4,2425,103997,Norbert Scheinpflug,team,
2024/2025,BSV Tiengen 4,2425,100501,Rainer Braun,team,
2024/2025,BSV Tiengen 4,2425,351926,Lucia Birsner,team,
2024/2025,BSV Tiengen 4,2425,100106,Stefanie Arndt,team,
2024/2025,BSV Tiengen 4,2425,368429,Robert Tiffert,team,
2024/2025,BSV Tiengen 4,2425,368780,Thomas Weniger,team,
2024/2025,BC Aalen 4,2495,251815,Kevin Adamczyk,team,
2024/2025,BC Aalen 4,2495,368047,Marvin Schiele,team,
2024/2025,BC Aalen 4,2495,368138,Philip Gamerdinger,team,
2024/2025,BC Aalen 4,2495,367983,Taner Susuz,team,
2024/2025,BC Aalen 4,2495,368886,Hayk Hovhannisyan,team,
2024/2025,BC Aalen 4,2495,350897,Harry Augustin,team,
2024/2025,BC Aalen 4,2495,368726,Akin Gülten,team,
2024/2025,BC Aalen 4,2495,368690,Dario Karaica,team,
2024/2025,BC Aalen 4,2495,368046,Pascal Pascolo,team,
2024/2025,BC Aalen 4,2495,103509,Tobias Petter,team,
2024/2025,BC Aalen 4,2495,368135,Tobias Zeller,team,
2024/2025,BC Feuersee 5,2496,368109,Yao Wang,team,
2024/2025,BC Feuersee 5,2496,368662,Genta Gunawan,team,
2024/2025,BC Feuersee 5,2496,368671,Quynh Ngo,team,
2024/2025,BC Feuersee 5,2496,242926,Nils Dannhauer,team,
2024/2025,BC Feuersee 5,2496,368108,Chuhan Jiao,team,
2024/2025,BC Feuersee 5,2496,351040,Marcel Twardon,team,
2024/2025,BC Feuersee 5,2496,368585,Richard Diopa,team,
2024/2025,PBC Aalen 2,2502,368827,Tobias Reisner,team,
2024/2025,PBC Aalen 2,2502,368450,Jürgen Reisner,team,
2024/2025,PBC Aalen 2,2502,368312,Christin Jentsch,team,
2024/2025,PBC Aalen 2,2502,368458,Timo Buske,team,
2024/2025,PBC Aalen 2,2502,368237,Pia Albersmeier,team,
2024/2025,PBC Aalen 2,2502,104284,Markus Schwenke,team,
2024/2025,PBC Schwäbisch Gmünd 2,2504,242923,Stephan Nimführ,team,
2024/2025,PBC Schwäbisch Gmünd 2,2504,368645,Joel Louis Egon Strohmayer,team,
2024/2025,PBC Schwäbisch Gmünd 2,2504,368869,Saif Azzawi,team,
2024/2025,PBC Schwäbisch Gmünd 2,2504,367996,Nurcan Ezdi,team,
2024/2025,PBC Schwäbisch Gmünd 2,2504,102111,Zvonimir Jembrih,team,
2024/2025,PBC Schwäbisch Gmünd 2,2504,100089,Ralf Annamaier,team,
2024/2025,PBC Schwäbisch Gmünd 2,2504,368868,Matthias Weigl,team,
2024/2025,PBC Schwäbisch Gmünd 2,2504,101854,Stefan Herzer,team,
2024/2025,PBC Schwäbisch Gmünd 2,2504,242924,Barbaros Tokbas,team,
2024/2025,TV Cannstatt 3,2507,368505,Markus Löscher,team,
2024/2025,TV Cannstatt 3,2507,366248,Matthias Stolz,team,
2024/2025,TV Cannstatt 3,2507,105162,Axel Zeh,team,
2024/2025,TV Cannstatt 3,2507,355292,Christian Casagrande,team,
2024/2025,TV Cannstatt 3,2507,103552,Claudio Pontuti,team,
2024/2025,TV Cannstatt 3,2507,368504,Finn Schmitz,team,
2024/2025,TV Cannstatt 3,2507,368208,Josip Ceko,team,
2024/2025,TV Cannstatt 3,2507,368761,Frank Vollath,team,
2024/2025,TV Cannstatt 3,2507,104337,Nuhid Serifovic,team,
2024/2025,TV Cannstatt 3,2507,368835,Pit Kleyersburg,team,
2024/2025,TV Cannstatt 4,2507,101945,Thomas Höger,team,
2024/2025,TV Cannstatt 4,2507,104742,Luis Varon Marques,team,
2024/2025,TV Cannstatt 4,2507,102424,Andreas Knauf,team,
2024/2025,TV Cannstatt 4,2507,247196,Marc-Andre Barisch,team,
2024/2025,TV Cannstatt 4,2507,101587,Rainer Habelt,team,
2024/2025,TV Cannstatt 4,2507,104337,Nuhid Serifovic,team,
2024/2025,TV Cannstatt 4,2507,246933,Daniel Nieter,team,
2024/2025,TV Cannstatt 4,2507,368834,Alexander Haas,team,
2024/2025,TV Cannstatt 4,2507,100510,Peter Brehm,team,
2024/2025,TV Cannstatt 4,2507,368760,Noah Jahnke,team,
2024/2025,BSF Kurpfalz 2,2436,103087,Markus Merz,team,
2024/2025,BSF Kurpfalz 2,2436,101284,Alexander Gabat,team,
2024/2025,BSF Kurpfalz 2,2436,101155,Michael Flaig,team,
2024/2025,BSF Kurpfalz 2,2436,103858,Dieter Ruck,team,
2024/2025,BSF Kurpfalz 2,2436,101424,Heinz Gold,team,
2024/2025,BC Neckarsulm 2,2450,356371,Jonny Knapp,team,
2024/2025,BC Neckarsulm 2,2450,366458,Besim Rama,team,
2024/2025,BC Neckarsulm 2,2450,104021,Jörg Schick-Bringer,team,
2024/2025,BC Neckarsulm 2,2450,366459,Alexandru Szabo,team,
2024/2025,BC Neckarsulm 2,2450,368865,Ahmad Nassar,team,
2024/2025,BC Neckarsulm 2,2450,368818,Leon Schick,team,
2024/2025,BC Neckarsulm 2,2450,367820,Michael Funk,team,
2024/2025,BC Neckarsulm 2,2450,102568,Thomas Kramhöller,team,
2024/2025,BC Neckarsulm 2,2450,368553,Christian Oetken,team,
2024/2025,BC Neckarsulm 2,2450,354161,Jens Birner,team,
2024/2025,BC Neckarsulm 2,2450,100445,Ulf Bojus,team,
2024/2025,BC Neckarsulm 2,2450,251376,Ferhat Cayli,team,
2024/2025,BC Neckarsulm 2,2450,240446,Antonio De Gois,team,
2024/2025,BC Neckarsulm 2,2450,101831,Ralf Herdtfelder,team,
2024/2025,BC Neckarsulm 2,2450,103559,Damir Pran,team,
2024/2025,BF Bruchsal 3,2435,100585,Arnd Bülow,team,
2024/2025,BF Bruchsal 3,2435,355290,Roland Huber,team,
2024/2025,BF Bruchsal 3,2435,101830,Jutta Ute Kreimes,team,
2024/2025,BF Bruchsal 3,2435,101190,Jürgen Frank,team,
2024/2025,BF Bruchsal 3,2435,101171,Jochen Föhner,team,
2024/2025,BF Bruchsal 3,2435,368779,Fabian Klausmann,team,
2024/2025,BF Bruchsal 3,2435,102426,Roland Knecht,team,
2024/2025,BF Bruchsal 3,2435,368800,Stefanie Rölfs,team,
2024/2025,PP Karlsbad 2,2468,245692,Harun Ahmadi,team,
2024/2025,PP Karlsbad 2,2468,368610,Lukas Masson,team,
2024/2025,PP Karlsbad 2,2468,252901,Evi Leder,team,
2024/2025,PP Karlsbad 2,2468,103593,Ralf Rabold,team,
2024/2025,PP Karlsbad 2,2468,104820,Tom Wacker,team,
2024/2025,PP Karlsbad 2,2468,368854,Hülya Kaya-Yesil,team,
2024/2025,PP Karlsbad 2,2468,100645,Thomas Vincenzo Campo,team,
2024/2025,PP Karlsbad 2,2468,368492,Kyra Ernst,team,
2024/2025,PP Karlsbad 2,2468,101994,Gerd Hörrmann,team,
2024/2025,PP Karlsbad 2,2468,102759,Harald Leder,team,
2024/2025,PP Karlsbad 2,2468,102870,Willi Ludwig,team,
2024/2025,PP Karlsbad 2,2468,353732,Adriana Siddi,team,
2024/2025,CC Karlsruhe 5,2437,104756,Andreas Vetter,team,
2024/2025,CC Karlsruhe 5,2437,367532,Lorenzo Ammazzini,team,
2024/2025,CC Karlsruhe 5,2437,368814,Eduard Ewert,team,
2024/2025,CC Karlsruhe 5,2437,102327,Ute Kiefer,team,
2024/2025,CC Karlsruhe 5,2437,253049,Christina Hirschfeld,team,
2024/2025,CC Karlsruhe 5,2437,102518,Ralf Koppenhöfer,team,
2024/2025,CC Karlsruhe 5,2437,240263,Harry Kowalczyk,team,
2024/2025,PBC Bruchsal 4,2440,368231,Lars Quitsch,team,
2024/2025,PBC Bruchsal 4,2440,368354,Georg Wiesehügel,team,
2024/2025,PBC Bruchsal 4,2440,368738,Justus Quitsch,team,
2024/2025,PBC Bruchsal 4,2440,368737,Lasse Quitsch,team,
2024/2025,PBC Bruchsal 4,2440,368355,Vincent Wiesehügel,team,
2024/2025,PBC Bruchsal 4,2440,368740,Jürgen Pallmer,team,
2024/2025,PBC Bruchsal 4,2440,368194,Maxime Tereba,team,
2024/2025,PBC Bruchsal 4,2440,368196,Filipe Coelho,team,
2024/2025,PBC Bruchsal 4,2440,104025,Priska Leven,team,
2024/2025,BC Dätzingen 3,2459,100700,Jörg Claassen,team,
2024/2025,BC Dätzingen 3,2459,368348,Alexander Egger,team,
2024/2025,BC Dätzingen 3,2459,368343,Marcel Haab,team,
2024/2025,BC Dätzingen 3,2459,350699,Alexander Schröder,team,
2024/2025,BC Dätzingen 3,2459,101091,Stephan Faude,team,
2024/2025,BC Dätzingen 3,2459,352331,Sebastian Schöffer,team,
2024/2025,BC Dätzingen 3,2459,354741,Eckart Schmidt,team,
2024/2025,BC Dätzingen 3,2459,100665,Marcel Cecotti,team,
2024/2025,BC Dätzingen 3,2459,368346,Jan Fischer,team,
2024/2025,BC Dätzingen 3,2459,240517,Sebastian Roßberg,team,
2024/2025,BC Feuersee 3,2496,250188,Thorsten Kupske,team,
2024/2025,BC Feuersee 3,2496,356269,Michael Metzger,team,
2024/2025,BC Feuersee 3,2496,350315,Ralf Hohlfeld,team,
2024/2025,BC Feuersee 3,2496,368419,Catalin Damian,team,
2024/2025,BC Feuersee 3,2496,368364,Oliver Marx,team,
2024/2025,BC Feuersee 3,2496,101299,Karim Gampper,team,
2024/2025,BC Feuersee 3,2496,368396,Elias Marx,team,
2024/2025,BC Feuersee 3,2496,368664,Petar Popov,team,
2024/2025,BC Feuersee 3,2496,368856,Thomas Graner,team,
2024/2025,BC Feuersee 3,2496,240320,Michael Häfele,team,
2024/2025,BC Feuersee 3,2496,245238,Bernd Umann,team,
2024/2025,BC Sindelfingen 8,2462,355875,Mohammed Ali Bemah,team,
2024/2025,BC Sindelfingen 8,2462,368823,Adeeb Bitar,team,
2024/2025,BC Sindelfingen 8,2462,242957,Ingo Mann,team,
2024/2025,BC Sindelfingen 8,2462,368390,Sebastian König,team,
2024/2025,BC Sindelfingen 8,2462,368386,Henry Spang,team,
2024/2025,BC Sindelfingen 8,2462,368824,Mohammed Saleh Haji Goyan,team,
2024/2025,BC Sindelfingen 8,2462,368772,Dani Omar El-Rajab,team,
2024/2025,BC Sindelfingen 8,2462,350685,Frank-Bernd Wieczorek,team,
2024/2025,BC Sindelfingen 8,2462,368178,Thomas Hirschberger,team,
2024/2025,BC Sindelfingen 8,2462,368905,Irina Wörle,team,
2024/2025,BC Sindelfingen 8,2462,368582,Corinna Weigelt,team,
2024/2025,BC Sindelfingen 8,2462,103200,Andreas Müller,team,
2024/2025,BC Sindelfingen 8,2462,368358,Cüneyt Öner,team,
2024/2025,BULL Leonberg-Höfingen 2,2463,368866,Patric Riedel,team,
2024/2025,BULL Leonberg-Höfingen 2,2463,102626,Thomas Krüger,team,
2024/2025,BULL Leonberg-Höfingen 2,2463,100325,Susi Harbrecht-Berndt,team,
2024/2025,BULL Leonberg-Höfingen 2,2463,100092,Charalampos Antonogiorgakis,team,
2024/2025,BULL Leonberg-Höfingen 2,2463,102896,Harry Luxenhofer,team,
2024/2025,BULL Leonberg-Höfingen 2,2463,368396,Elias Marx,team,
2024/2025,BULL Leonberg-Höfingen 2,2463,368364,Oliver Marx,team,
2024/2025,BULL Leonberg-Höfingen 2,2463,368575,Daniel Doulgeris,team,
2024/2025,BULL Leonberg-Höfingen 2,2463,353295,Rainer Kenzler,team,
2024/2025,BV Pforzheim 3,2464,349928,Pascal Habiger,team,
2024/2025,BV Pforzheim 3,2464,101383,Berthold Gillich,team,
2024/2025,BV Pforzheim 3,2464,366201,Patrik Graf,team,
2024/2025,BV Pforzheim 3,2464,368321,Daniel Christoph,team,
2024/2025,BV Pforzheim 3,2464,368896,Tamino Lázaro Colucci,team,
2024/2025,BV Pforzheim 3,2464,368643,Viktor Tschin,team,
2024/2025,BV Pforzheim 3,2464,102549,Sergej Kovalev,team,
2024/2025,BV Pforzheim 3,2464,368324,Angelo Lázaro Colucci,team,
2024/2025,BV Pforzheim 3,2464,368330,Kalea Hemminger,team,
2024/2025,BV Pforzheim 3,2464,368329,Thomas Hemminger,team,
2024/2025,PBC Rastatt 2,2482,240215,Jürgen Müller,team,
2024/2025,PBC Rastatt 2,2482,242837,Martin Weber,team,
2024/2025,PBC Rastatt 2,2482,368850,Alicia Baum,team,
2024/2025,PBC Rastatt 2,2482,368522,Jens Schrader,team,
2024/2025,PBC Rastatt 2,2482,368523,Dominic Spar,team,
2024/2025,PBC Rastatt 2,2482,102954,Uwe Mann,team,
2024/2025,PBC Rastatt 2,2482,368561,Mike Siege,team,
2024/2025,VFL Herrenberg 1,3183,368777,Kian Sohns,team,
2024/2025,VFL Herrenberg 1,3183,104353,Wolfgang Siethoff,team,
2024/2025,VFL Herrenberg 1,3183,249451,Andrei Deliman,team,
2024/2025,VFL Herrenberg 1,3183,368778,Dimitrios Stotoglou,team,
2024/2025,VFL Herrenberg 1,3183,101958,Sandra Höll,team,
2024/2025,VFL Herrenberg 1,3183,368776,Marcus Wurster,team,
2024/2025,PBC Nagoldtal 2,2466,368423,Stefanie Brakopp,team,
2024/2025,PBC Nagoldtal 2,2466,104870,Tobias Walz,team,
2024/2025,PBC Nagoldtal 2,2466,103756,Norbert Ritschel,team,
2024/2025,PBC Nagoldtal 2,2466,368425,Björn Finkbeiner,team,
2024/2025,PBC Nagoldtal 2,2466,101574,Michael Haag,team,
2024/2025,PBC Nagoldtal 2,2466,368367,Bernd Sehner,team,
2024/2025,PBC Nagoldtal 2,2466,100618,Stefan Burmeister,team,
2024/2025,PBC Nagoldtal 2,2466,103603,Thorsten Rammer,team,
2024/2025,PBC Nagoldtal 2,2466,242888,Andreas Schmid,team,
2024/2025,BC Feuersee 4,2496,352494,Jürgen Klatt,team,
2024/2025,BC Feuersee 4,2496,354814,Benjamin Ropertz,team,
2024/2025,BC Feuersee 4,2496,240316,Louise Wong,team,
2024/2025,BC Feuersee 4,2496,368289,Kevin Schieber,team,
2024/2025,BC Feuersee 4,2496,368856,Thomas Graner,team,
2024/2025,BC Feuersee 4,2496,242926,Nils Dannhauer,team,
2024/2025,BC Feuersee 4,2496,101299,Karim Gampper,team,
2024/2025,BC Feuersee 4,2496,368662,Genta Gunawan,team,
2024/2025,BC Feuersee 4,2496,368393,Thomas Frommer,team,
2024/2025,BC Feuersee 4,2496,368394,Christian Thanner,team,
2024/2025,BC Feuersee 4,2496,368419,Catalin Damian,team,
2024/2025,BC Feuersee 4,2496,368664,Petar Popov,team,
2024/2025,BC Feuersee 6,2496,240286,Thomas Hörauf,team,
2024/2025,BC Feuersee 6,2496,368283,Andreas Höhn,team,
2024/2025,BC Feuersee 6,2496,245236,Dominic Seeger,team,
2024/2025,BC Feuersee 6,2496,240283,Wilhelm Engelbrecht,team,
2024/2025,BC Feuersee 6,2496,368281,Michael Czeringer,team,
2024/2025,BC Feuersee 6,2496,350489,Michael Pogodda,team,
2024/2025,BC Feuersee 6,2496,368137,Semsettin Özkan,team,
2024/2025,BV Pforzheim 4,2464,104109,Uwe Schmidt,team,
2024/2025,BV Pforzheim 4,2464,352635,Draoui El Mokhtar,team,
2024/2025,BV Pforzheim 4,2464,350651,Marvin Szymiczek,team,
2024/2025,BV Pforzheim 4,2464,368353,Jens Murat,team,
2024/2025,BV Pforzheim 4,2464,349928,Pascal Habiger,team,
2024/2025,BV Pforzheim 4,2464,366201,Patrik Graf,team,
2024/2025,BV Pforzheim 4,2464,368643,Viktor Tschin,team,
2024/2025,BV Pforzheim 4,2464,251288,Tobias Wähler,team,
2024/2025,PBC Bietigheim-Bissingen 3,2455,368412,David Agonafer,team,
2024/2025,PBC Bietigheim-Bissingen 3,2455,354685,Joachim Luft,team,
2024/2025,PBC Bietigheim-Bissingen 3,2455,368409,Lothar Hirsch,team,
2024/2025,PBC Bietigheim-Bissingen 3,2455,368267,Jochen Schütz,team,
2024/2025,PBC Bietigheim-Bissingen 3,2455,100156,Hans-Jürgen Bailer,team,
2024/2025,PBC Bietigheim-Bissingen 3,2455,368408,Yilmaz Bulut,team,
2024/2025,PBC Bietigheim-Bissingen 3,2455,368855,Stefan Behr,team,
2024/2025,PBC Bietigheim-Bissingen 3,2455,240199,Andreas Schoknecht,team,
2024/2025,PBC Bietigheim-Bissingen 3,2455,104607,Steven Thieltges,team,
2024/2025,BC Sindelfingen 7,2462,366176,Stefan Lorenz,team,
2024/2025,BC Sindelfingen 7,2462,368224,Hakan Söyler,team,
2024/2025,BC Sindelfingen 7,2462,367959,Kurt Saller,team,
2024/2025,BC Sindelfingen 7,2462,368771,Florian Krieg,team,
2024/2025,BC Sindelfingen 7,2462,103200,Andreas Müller,team,
2024/2025,BC Sindelfingen 7,2462,368402,Cuong Dao-Ngoc,team,
2024/2025,BC Sindelfingen 7,2462,368773,Dragan Pajovic,team,
2024/2025,BC Sindelfingen 7,2462,368870,Rachel Silva,team,
2024/2025,BC Stuttgart 1891 3,2497,103864,Peter Rueff,team,
2024/2025,BC Stuttgart 1891 3,2497,368879,Brian Wright,team,
2024/2025,BC Stuttgart 1891 3,2497,368622,Vy Le Tuong,team,
2024/2025,BC Stuttgart 1891 3,2497,368807,Bayartsetseg Tsogoo,team,
2024/2025,BC Stuttgart 1891 3,2497,368842,Michael Seil,team,
2024/2025,BC Stuttgart 1891 3,2497,368893,Sukhbat Batjargal,team,
2024/2025,BC Stuttgart 1891 3,2497,100481,Silke Brand,team,
2024/2025,BC Stuttgart 1891 3,2497,102758,Joachim Lechenbauer,team,
2024/2025,BC Stuttgart 1891 3,2497,104508,Jonny Stojanovic,team,
2024/2025,BC Stuttgart 1891 3,2497,368960,Tien Dat Le,team,
2024/2025,BC Stuttgart 1891 3,2497,368806,Mendbayar Renchin,team,
2024/2025,BC Stuttgart 1891 3,2497,368698,Alexander Seil,team,
2024/2025,BC Stuttgart 1891 3,2497,368804,Mohammad Al Hariri,team,
2024/2025,BC Stuttgart 1891 3,2497,368803,Tawfeeq Alhamad Alchikho,team,
2024/2025,BC Stuttgart 1891 3,2497,103487,Michael Brüll,team,
2024/2025,BC Stuttgart 1891 3,2497,368805,Lisa Traub,team,
2024/2025,BC Stuttgart 1891 3,2497,368809,Phat Truong,team,
2024/2025,BULL Leonberg-Höfingen 3,2463,368598,Marc Witt,team,
2024/2025,BULL Leonberg-Höfingen 3,2463,368577,Otto Stefan Witt,team,
2024/2025,BULL Leonberg-Höfingen 3,2463,368733,Matthis Meier,team,
2024/2025,BULL Leonberg-Höfingen 3,2463,251068,Helmut Motsch,team,
2024/2025,BULL Leonberg-Höfingen 3,2463,368715,Finn Großmann,team,
2024/2025,BULL Leonberg-Höfingen 3,2463,368841,Diego Meier,team,
2024/2025,BULL Leonberg-Höfingen 3,2463,104209,Anthea Schühle,team,
2024/2025,PF Calw 3,2471,249359,Florian Pasch,team,
2024/2025,PF Calw 3,2471,242955,Manfred Kalliehs,team,
2024/2025,PF Calw 3,2471,368860,Wolfgang Krüger,team,
2024/2025,PF Calw 3,2471,248742,Mark Epple,team,
2024/2025,PF Calw 3,2471,242739,Faton Dzini,team,
2024/2025,PF Calw 3,2471,368935,Laith Tabakha,team,
2024/2025,PF Calw 3,2471,368871,Sebastian Engel,team,
2024/2025,PF Calw 3,2471,240515,Bernd Hafner,team,
2024/2025,PF Calw 3,2471,368984,Michael Müller,team,
2024/2025,Mannheimer BF 5,2517,100388,Uwe Bitsch,team,
2024/2025,Mannheimer BF 5,2517,368724,Thorsten Späth,team,
2024/2025,Mannheimer BF 5,2517,353387,Daniela Behrend,team,
2024/2025,Mannheimer BF 5,2517,368712,Stefanie Rudolf,team,
2024/2025,Mannheimer BF 5,2517,367831,Hugo Uhrig,team,
2024/2025,Mannheimer BF 5,2517,104892,Jürgen Weber,team,
2024/2025,Mannheimer BF 5,2517,353038,Brigitte Uhrig,team,
2024/2025,Pool Knights Bensheim 3,3113,368468,Dennis Dreissigacker,team,
2024/2025,Pool Knights Bensheim 3,3113,368489,Jonny Silasko,team,
2024/2025,Pool Knights Bensheim 3,3113,368461,Thomas Ehrenfried,team,
2024/2025,Pool Knights Bensheim 3,3113,368471,Eugenio Sousa Blanco,team,
2024/2025,Pool Knights Bensheim 3,3113,368483,Armin Mühlich,team,
2024/2025,Pool Knights Bensheim 3,3113,368625,Ilona Proissl,team,
2024/2025,PBV Schwetzingen 8,2494,103105,Michael Metzger,team,
2024/2025,PBV Schwetzingen 8,2494,355986,Josip Guja,team,
2024/2025,PBV Schwetzingen 8,2494,104884,Lepoleon Weatherspoon,team,
2024/2025,PBV Schwetzingen 8,2494,368546,Matthias Sommer,team,
2024/2025,PBV Schwetzingen 8,2494,368743,Dieter Ripp,team,
2024/2025,PBV Schwetzingen 8,2494,103839,Thorsten Roth,team,
2024/2025,PBV Schwetzingen 8,2494,356203,Ali Tinoush,team,
2024/2025,JS Mingolsheim 4,2439,368538,Niklas Weiß,team,
2024/2025,JS Mingolsheim 4,2439,368938,Daniel Hirsch,team,
2024/2025,JS Mingolsheim 4,2439,368937,Mauro Di Gennaro,team,
2024/2025,JS Mingolsheim 4,2439,368703,Adrian Sam,team,
2024/2025,JS Mingolsheim 4,2439,368537,Henrik Böker,team,
2024/2025,JS Mingolsheim 4,2439,368840,Hasanian Altamermi,team,
2024/2025,JS Mingolsheim 4,2439,368536,Jan-Phillip Heilmann,team,
2024/2025,JS Mingolsheim 4,2439,368836,Selina Jakob,team,
2024/2025,JS Mingolsheim 4,2439,368584,Lukas Böser,team,
2024/2025,BBV Mannheim 3,2486,239638,Michael Killian,team,
2024/2025,BBV Mannheim 3,2486,251824,Senol Sengün,team,
2024/2025,BBV Mannheim 3,2486,239646,Susanne Schweter,team,
2024/2025,BBV Mannheim 3,2486,368456,Janis Lenz,team,
2024/2025,BBV Mannheim 3,2486,368730,Alex Vuong,team,
2024/2025,BBV Mannheim 3,2486,239637,Irina Killian,team,
2024/2025,BBV Mannheim 3,2486,368457,Niklas Materia,team,
2024/2025,BBV Mannheim 3,2486,100813,Marco Di Martino,team,
2024/2025,BBV Mannheim 3,2486,368846,Sina Di Martino-Fumo,team,
2024/2025,BF Weinheim-Viernheim 4,2487,368603,Matthias Schweickert,team,
2024/2025,BF Weinheim-Viernheim 4,2487,353643,Ernst Fabian,team,
2024/2025,BF Weinheim-Viernheim 4,2487,102069,Lutz Iserhardt,team,
2024/2025,BF Weinheim-Viernheim 4,2487,368551,Luca Wolk,team,
2024/2025,BF Weinheim-Viernheim 4,2487,100229,Simone Ganß,team,
2024/2025,BF Weinheim-Viernheim 4,2487,368830,Martin Schröder,team,
2024/2025,PBC Reutlingen 3,2428,368802,Okan Ceken,team,
2024/2025,PBC Reutlingen 3,2428,101366,Rasul Ghanavat,team,
2024/2025,PBC Reutlingen 3,2428,101009,Thomas Enge,team,
2024/2025,PBC Reutlingen 3,2428,104819,Roland Wacker,team,
2024/2025,PBC Reutlingen 3,2428,367871,Sebastian Müller,team,
2024/2025,BBC Plochingen 2,2506,100123,Franjo Antunovic,team,
2024/2025,BBC Plochingen 2,2506,350077,Christoph Tropschuh,team,
2024/2025,BBC Plochingen 2,2506,105232,Robert Zivanovic,team,
2024/2025,BBC Plochingen 2,2506,368341,Dieter Krause,team,
2024/2025,BBC Plochingen 2,2506,248651,Michele Campagna,team,
2024/2025,BBC Plochingen 2,2506,353791,Andreas Geigle,team,
2024/2025,BBC Plochingen 2,2506,102340,Marcel Kilgus,team,
2024/2025,BBC Plochingen 2,2506,164408,Frank Weiß,team,
2024/2025,Tübinger BC 2,2431,349809,Dietmar Karoli,team,
2024/2025,Tübinger BC 2,2431,368821,Partha Ghosh,team,
2024/2025,Tübinger BC 2,2431,104597,Rüdiger Theis,team,
2024/2025,Tübinger BC 2,2431,101988,Andreas Horn,team,
2024/2025,Tübinger BC 2,2431,368822,Michael Maihöfer,team,
2024/2025,Tübinger BC 2,2431,102721,Johannes Mai,team,
2024/2025,Tübinger BC 2,2431,249083,Simon Theodoropoulos,team,
2024/2025,Tübinger BC 2,2431,368820,Patrick Coklica,team,
2024/2025,Tübinger BC 2,2431,242992,Mark Hast,team,
2024/2025,Tübinger BC 2,2431,102972,Ulrich Märkle,team,
2024/2025,Tübinger BC 2,2431,368517,Hannes Reißner,team,
2024/2025,BSV Filderstadt 4,2422,101447,Eckart Grabe,team,
2024/2025,BSV Filderstadt 4,2422,103128,Aristidis Michailidis,team,
2024/2025,BSV Filderstadt 4,2422,368404,Yannik Weber,team,
2024/2025,BSV Filderstadt 4,2422,100647,Serkan Candir,team,
2024/2025,BSV Filderstadt 4,2422,368124,Sebastian Mayer,team,
2024/2025,BSV Filderstadt 4,2422,368133,Simon Kaincz,team,
2024/2025,BSV Filderstadt 4,2422,368003,Nikolaos Michailidis,team,
2024/2025,BSV Filderstadt 4,2422,244987,Robin Kümmerle,team,
2024/2025,BSF Kurpfalz 3,2436,102280,Zoltan Kelemen,team,
2024/2025,BSF Kurpfalz 3,2436,101961,Frank Holly,team,
2024/2025,BSF Kurpfalz 3,2436,104775,Volker Vögele,team,
2024/2025,BSF Kurpfalz 3,2436,368557,Christian Süß,team,
2024/2025,BSF Kurpfalz 3,2436,101424,Heinz Gold,team,
2024/2025,JS Mingolsheim 3,2439,368537,Henrik Böker,team,
2024/2025,JS Mingolsheim 3,2439,103069,Roland Menrath,team,
2024/2025,JS Mingolsheim 3,2439,368584,Lukas Böser,team,
2024/2025,JS Mingolsheim 3,2439,368538,Niklas Weiß,team,
2024/2025,JS Mingolsheim 3,2439,368938,Daniel Hirsch,team,
2024/2025,JS Mingolsheim 3,2439,368705,Pascal Ueltzhoffer,team,
2024/2025,JS Mingolsheim 3,2439,368937,Mauro Di Gennaro,team,
2024/2025,JS Mingolsheim 3,2439,368533,Michael Triffo,team,
2024/2025,JS Mingolsheim 3,2439,368840,Hasanian Altamermi,team,
2024/2025,JS Mingolsheim 3,2439,368704,Michael Zimmermann,team,
2024/2025,PBC Bruchsal 3,2440,368193,Marius Witt,team,
2024/2025,PBC Bruchsal 3,2440,104025,Priska Leven,team,
2024/2025,PBC Bruchsal 3,2440,368194,Maxime Tereba,team,
2024/2025,PBC Bruchsal 3,2440,368192,Pascal Witt,team,
2024/2025,PBC Bruchsal 3,2440,368196,Filipe Coelho,team,
2024/2025,PBC Bruchsal 3,2440,368198,Markus Hanagarth,team,
2024/2025,PBC Bruchsal 3,2440,104625,Peter Thurm,team,
2024/2025,PBC Bruchsal 3,2440,240228,Florian Walther,team,
2024/2025,BF Weinheim-Viernheim 3,2487,242771,Armin Reidel,team,
2024/2025,BF Weinheim-Viernheim 3,2487,102502,Viktor König,team,
2024/2025,BF Weinheim-Viernheim 3,2487,368831,Leonhard Klecker,team,
2024/2025,BF Weinheim-Viernheim 3,2487,105103,Dieter Wolk,team,
2024/2025,BF Weinheim-Viernheim 3,2487,226973,Bernhard Flamm,team,
2024/2025,BF Weinheim-Viernheim 3,2487,368432,Dimitris Patsirogiannis,team,
2024/2025,BF Weinheim-Viernheim 3,2487,353643,Ernst Fabian,team,
2024/2025,BF Weinheim-Viernheim 3,2487,102069,Lutz Iserhardt,team,
2024/2025,PBV Schwetzingen 7,2494,103272,Ümit Muslu,team,
2024/2025,PBV Schwetzingen 7,2494,100463,Stephan Boschert,team,
2024/2025,PBV Schwetzingen 7,2494,368235,Jens Sommer,team,
2024/2025,PBV Schwetzingen 7,2494,368080,Christian Münch,team,
2024/2025,PBV Schwetzingen 7,2494,356203,Ali Tinoush,team,
2024/2025,PBV Schwetzingen 9,2494,368385,Heidwin Sommer,team,
2024/2025,PBV Schwetzingen 9,2494,242950,Rudolf Schulz,team,
2024/2025,PBV Schwetzingen 9,2494,101020,Wolfgang Engelhardt,team,
2024/2025,PBV Schwetzingen 9,2494,247503,Claudia Heinen,team,
2024/2025,PBV Schwetzingen 9,2494,245269,Nuno Brenner Miguel,team,
2024/2025,PBV Schwetzingen 9,2494,101888,Heike Salch,team,
2024/2025,PBV Schwetzingen 9,2494,245275,Richard Cornely,team,
2024/2025,PBV Schwetzingen 9,2494,368743,Dieter Ripp,team,
2024/2025,CC Karlsruhe 4,2437,101995,Dietmar Horst,team,
2024/2025,CC Karlsruhe 4,2437,102519,Udo Koppenhöfer,team,
2024/2025,CC Karlsruhe 4,2437,368379,Thomas Sander,team,
2024/2025,CC Karlsruhe 4,2437,355164,Saskia Schirmer,team,
2024/2025,CC Karlsruhe 4,2437,367924,Andreas Hollesen,team,
2024/2025,CC Karlsruhe 4,2437,355165,Katrin Quaschinsky,team,
2024/2025,PBC Langenargen 3,2414,228696,Gerald Ströbele,team,
2024/2025,PBC Langenargen 3,2414,100632,Jens Butenschön,team,
2024/2025,PBC Langenargen 3,2414,368295,Cesare Caccavelli,team,
2024/2025,PBC Langenargen 3,2414,367929,Rainer Beck,team,
2024/2025,PBC Langenargen 3,2414,104667,Martin Trippel,team,
2024/2025,PBC Langenargen 3,2414,350538,Annette Köster,team,
2024/2025,BC Bad Schussenried 4,2401,104610,Erwin Thoma,team,
2024/2025,BC Bad Schussenried 4,2401,100413,Nikolaus Blum,team,
2024/2025,BC Bad Schussenried 4,2401,355824,Tobias Abt,team,
2024/2025,BC Bad Schussenried 4,2401,367940,Siegfried Brockmann,team,
2024/2025,BC Bad Schussenried 4,2401,367939,Tommaso Parisi,team,
2024/2025,BC Bad Schussenried 4,2401,367927,Andreas Wagner,team,
2024/2025,BC Bad Schussenried 4,2401,368904,Dietmar Helfrich,team,
2024/2025,BC Bad Schussenried 4,2401,368849,Cosimo Di Muro,team,
2024/2025,BC Bad Schussenried 4,2401,367972,Massimo Gabriele,team,
2024/2025,BC Bad Schussenried 4,2401,367938,Samir Javor,team,
2024/2025,BC Bad Schussenried 4,2401,367941,Roland Lotter,team,
2024/2025,BC Bad Schussenried 3,2401,368848,Franz Miehle,team,
2024/2025,BC Bad Schussenried 3,2401,368142,Philip Kammnick,team,
2024/2025,BC Bad Schussenried 3,2401,368297,Karsten Mieskes,team,
2024/2025,BC Bad Schussenried 3,2401,368904,Dietmar Helfrich,team,
2024/2025,BC Bad Schussenried 3,2401,368545,Patrick Wilczek,team,
2024/2025,BC Bad Schussenried 3,2401,355824,Tobias Abt,team,
2024/2025,BC Bad Schussenried 3,2401,367940,Siegfried Brockmann,team,
2024/2025,BC Bad Schussenried 3,2401,367938,Samir Javor,team,
2024/2025,BC Bad Schussenried 3,2401,104610,Erwin Thoma,team,
2024/2025,BC Weingarten 2,2403,368763,Peter Arndt Marroquin,team,
2024/2025,BC Weingarten 2,2403,368765,Dejvid Skender,team,
2024/2025,BC Weingarten 2,2403,368430,Roland Kirchmaier,team,
2024/2025,BC Weingarten 2,2403,368766,Levend Bas,team,
2024/2025,BC Weingarten 2,2403,368027,Alfred Hellrigl,team,
2024/2025,BC Weingarten 2,2403,368764,Franz Hochenegg,team,
2024/2025,BC Weingarten 2,2403,368767,Jagaganmohan Reddy,team,
2024/2025,BC Weingarten 2,2403,367991,Jennifer Bianca Metz,team,
2024/2025,PBC Bad Saulgau 3,2411,353736,Dario Dakovic,team,
2024/2025,PBC Bad Saulgau 3,2411,246408,Jan Weber,team,
2024/2025,PBC Bad Saulgau 3,2411,368140,Mathias Hehle,team,
2024/2025,PBC Bad Saulgau 3,2411,354666,Andrew Steinhauer,team,
2024/2025,PBC Bad Saulgau 3,2411,368550,Ahmet Bumin,team,
2024/2025,PBC Bad Saulgau 3,2411,228690,Andreas Dirlewanger,team,
2024/2025,PBC Bad Saulgau 3,2411,367964,Dominik Weitzmann,team,
2024/2025,PBC Bad Saulgau 3,2411,368512,Sebastian Dettling,team,
2024/2025,PBC Bad Saulgau 3,2411,368686,Ilyas Fölker,team,
2024/2025,PBC Bad Saulgau 3,2411,245485,Rudi Fölker,team,
2024/2025,PBC Ochsenhausen 2,2416,368597,Alper Körpe,team,
2024/2025,PBC Ochsenhausen 2,2416,368516,Uwe Barth,team,
2024/2025,PBC Ochsenhausen 2,2416,104206,Anton Schubert,team,
2024/2025,PBC Ochsenhausen 2,2416,368524,Kurt Ljokaj,team,
2024/2025,PBC Ochsenhausen 2,2416,368878,Theo Georgoudious,team,
2024/2025,PBC Ochsenhausen 2,2416,104354,Manfred Sieweke,team,
2024/2025,PBC Ochsenhausen 2,2416,228713,Erich Wohllaib,team,
2024/2025,PBC Ochsenhausen 2,2416,104807,Philipp Vosseler,team,
2024/2025,PBC Ochsenhausen 3,2416,100918,Thomas Drey,team,
2024/2025,PBC Ochsenhausen 3,2416,368878,Theo Georgoudious,team,
2024/2025,PBC Ochsenhausen 3,2416,228713,Erich Wohllaib,team,
2024/2025,PBC Ochsenhausen 3,2416,102831,Jörg Lingl,team,
2024/2025,PBC Ochsenhausen 3,2416,353435,Jochen Geiß,team,
2024/2025,PBC Ochsenhausen 3,2416,368978,Julian Schank,team,
2024/2025,PBC Ochsenhausen 3,2416,104085,Werner Schmidberger,team,
2024/2025,PBC Ochsenhausen 3,2416,368843,Michael Vollmer,team,
2024/2025,PBC Ochsenhausen 3,2416,104888,Florian Weber,team,
2025/2026,PBV Schwetzingen 1,2494,102204,Markus Kamuf,team,
2025/2026,PBV Schwetzingen 1,2494,104092,Christian Schmidt,team,
2025/2026,PBV Schwetzingen 1,2494,100014,Marek Adam,team,
2025/2026,PBV Schwetzingen 1,2494,101749,Jens Heim,team,
2025/2026,PBV Schwetzingen 1,2494,103072,Florian Menzel,team,
2025/2026,PBV Schwetzingen 1,2494,368024,Mehmet Kapli,team,
2025/2026,PBV Schwetzingen 3,2494,104507,Florian Stojanoski,team,
2025/2026,PBV Schwetzingen 3,2494,247505,Thomas Sommer,team,
2025/2026,PBV Schwetzingen 3,2494,102294,Ralf Kempermann,team,
2025/2026,PBV Schwetzingen 3,2494,104767,Celina Visconti,team,
2025/2026,PBV Schwetzingen 3,2494,368490,Alexander Kocher,team,
2025/2026,PBV Schwetzingen 3,2494,102155,Jens Jung,team,
2025/2026,PBV Schwetzingen 2,2494,103072,Florian Menzel,team,
2025/2026,PBV Schwetzingen 2,2494,368024,Mehmet Kapli,team,
2025/2026,PBV Schwetzingen 2,2494,104752,Zehrudin Vereget,team,
2025/2026,PBV Schwetzingen 2,2494,101926,Heiko Hoffmann,team,
2025/2026,PBV Schwetzingen 2,2494,102155,Jens Jung,team,
2025/2026,PBV Schwetzingen 2,2494,368490,Alexander Kocher,team,
2025/2026,BSV Tiengen 1,2425,102948,Rolf Mangelsdorf,team,
2025/2026,BSV Tiengen 1,2425,244785,Brian Biercher,team,
2025/2026,BSV Tiengen 1,2425,102370,Kai Kiss,team,
2025/2026,BSV Tiengen 1,2425,100985,Robin Eisele,team,
2025/2026,PBC Offenburg 1,2481,101723,Vladislav Hebel,team,
2025/2026,PBC Offenburg 1,2481,104254,Martin Schwab,team,
2025/2026,PBC Offenburg 1,2481,104825,Frank Wagenmann,team,
2025/2026,PBC Offenburg 1,2481,242902,Daniel Kimmig,team,
2025/2026,PBC Offenburg 1,2481,368559,Maurizio Reith,team,
2025/2026,PBC Offenburg 1,2481,242876,Frank Tatarkowski,team,
2025/2026,BC Sindelfingen 2,2462,102645,Stefan Künzl,team,
2025/2026,BC Sindelfingen 2,2462,100638,Adrian Cabanillas Lora,team,
2025/2026,BC Sindelfingen 2,2462,104848,Dennis Waldecker,team,
2025/2026,BC Sindelfingen 2,2462,242963,Marco Warlies,team,
2025/2026,BC Sindelfingen 2,2462,101724,Robin Heber,team,
2025/2026,BC Sindelfingen 2,2462,100983,Frank Eisele,team,
2025/2026,BC Sindelfingen 2,2462,104761,Goncalo Vieira Manies,team,
2025/2026,BC Sindelfingen 2,2462,104541,Alexander Striker,team,
2025/2026,BC Stuttgart 1891 1,2497,103075,Daniel Merbitz,team,
2025/2026,BC Stuttgart 1891 1,2497,102918,Holger Maier,team,
2025/2026,BC Stuttgart 1891 1,2497,104208,Thomas Schubert,team,
2025/2026,BC Stuttgart 1891 1,2497,104357,Timo Sillner,team,
2025/2026,BC Stuttgart 1891 1,2497,368107,Benjamin Hirschberger,team,
2025/2026,BC Stuttgart 1891 1,2497,104273,Robert Schwarz,team,
2025/2026,TV Cannstatt 1,2507,102003,Hermann Hoyh,team,
2025/2026,TV Cannstatt 1,2507,368811,Philipp Kibele,team,
2025/2026,TV Cannstatt 1,2507,242722,Giuseppe Curcio,team,
2025/2026,TV Cannstatt 1,2507,100616,Zeljko Burmazovic,team,
2025/2026,TV Cannstatt 1,2507,252039,Dany Baron,team,
2025/2026,TV Cannstatt 1,2507,368096,Jozsef Zvorinji,team,
2025/2026,TV Cannstatt 1,2507,101390,Marco Giusa,team,
2025/2026,TV Cannstatt 1,2507,100296,Mustafa Benk,team,
2025/2026,BC Neckarsulm 1,2450,103558,Benjamin Pran,team,
2025/2026,BC Neckarsulm 1,2450,250899,Rouven Elischer,team,
2025/2026,BC Neckarsulm 1,2450,102568,Thomas Kramhöller,team,
2025/2026,BC Neckarsulm 1,2450,240446,Antonio De Gois,team,
2025/2026,BC Neckarsulm 1,2450,248593,Sebastian Albrecht,team,
2025/2026,BC Neckarsulm 1,2450,104021,Jörg Schick-Bringer,team,
2025/2026,BC Neckarsulm 1,2450,221926,Valentin Marten,team,
2025/2026,BC Bad Schussenried 1,2401,367934,Andreas Loderer,team,
2025/2026,BC Bad Schussenried 1,2401,367968,Károly Kis,team,
2025/2026,BC Bad Schussenried 1,2401,101500,Steffen Gross,team,
2025/2026,BC Bad Schussenried 1,2401,368015,Stefan Sock,team,
2025/2026,BC Bad Schussenried 1,2401,367960,Thomas Doussos,team,
2025/2026,BC Bad Schussenried 1,2401,367948,Flaviano Gabriele,team,
2025/2026,PBC Bad Saulgau 1,2411,103306,Fabian Neglein,team,
2025/2026,PBC Bad Saulgau 1,2411,368299,Christian Schaber,team,
2025/2026,PBC Bad Saulgau 1,2411,100039,Erdal Akinci,team,
2025/2026,PBC Bad Saulgau 1,2411,103889,Luigi Sabia,team,
2025/2026,PBC Bad Saulgau 1,2411,102746,Michelangelo Laurano,team,
2025/2026,BSV Pfullingen 1,2424,355803,Randee Ramzi Yalda,team,
2025/2026,BSV Pfullingen 1,2424,100679,Orhan Cetin,team,
2025/2026,BSV Pfullingen 1,2424,104671,Marcus Trumpp,team,
2025/2026,BSV Pfullingen 1,2424,102186,Daniel Kalnak,team,
2025/2026,BSV Pfullingen 1,2424,369171,Hamza Benslimane,team,
2025/2026,BSV Pfullingen 1,2424,229045,Ulrich Schäfer,team,
2025/2026,BSV Pfullingen 1,2424,102219,Thorsten Kappus,team,
2025/2026,BSV Pfullingen 1,2424,245247,Fabian Rapp,team,
2025/2026,BSV Pfullingen 1,2424,250221,Marco Bunke,team,
2025/2026,PBC Reutlingen 1,2428,102114,Andreas Jeschka,team,
2025/2026,PBC Reutlingen 1,2428,368381,Pavlos Dadakos,team,
2025/2026,PBC Reutlingen 1,2428,102859,Peter Lotterer,team,
2025/2026,PBC Reutlingen 1,2428,104179,Rainer Schönfeld,team,
2025/2026,PBC Reutlingen 1,2428,248769,Marius-Daniel Grigore-Martini,team,
2025/2026,PBC Reutlingen 1,2428,366767,Miodrag Adrian Caravila,team,
2025/2026,BC Sindelfingen 3,2462,102278,Andreas Keilmann,team,
2025/2026,BC Sindelfingen 3,2462,350393,Oliver Kielwein,team,
2025/2026,BC Sindelfingen 3,2462,104541,Alexander Striker,team,
2025/2026,BC Sindelfingen 3,2462,368964,Petar Krolo,team,
2025/2026,BC Sindelfingen 3,2462,103200,Andreas Müller,team,
2025/2026,BC Sindelfingen 3,2462,368179,Thorsten Möhle,team,
2025/2026,BC Sindelfingen 3,2462,368200,Jürgen Trost,team,
2025/2026,BC Sindelfingen 3,2462,368146,Saeid Heydarpour,team,
2025/2026,BC Aalen 2,2495,145388,Bernd Hauenstein,team,
2025/2026,BC Aalen 2,2495,367913,Jürgen Baumgärtner,team,
2025/2026,BC Aalen 2,2495,157455,Norbert Rollbühler,team,
2025/2026,BC Aalen 2,2495,101670,Horst Hardtke,team,
2025/2026,BC Aalen 2,2495,368972,Bessim Bessim Oglou,team,
2025/2026,PP Böblingen 1,2472,368093,Andreas Zillmann,team,
2025/2026,PP Böblingen 1,2472,245260,Necmi Kolbasar,team,
2025/2026,PP Böblingen 1,2472,103444,Sercan Özdemir,team,
2025/2026,PP Böblingen 1,2472,351326,Philip Smaczny,team,
2025/2026,PP Böblingen 1,2472,242971,Selim Güzel,team,
2025/2026,PP Böblingen 1,2472,101912,Ivan Hodzic,team,
2025/2026,BV Pforzheim 1,2464,102603,Stanislaw Kretz,team,
2025/2026,BV Pforzheim 1,2464,368352,Aleksander Diachkov,team,
2025/2026,BV Pforzheim 1,2464,100599,Oezer Bulunmaz,team,
2025/2026,BV Pforzheim 1,2464,104642,Dominik Tonn,team,
2025/2026,BV Pforzheim 1,2464,104109,Uwe Schmidt,team,
2025/2026,BV Pforzheim 1,2464,250878,Patrick Mungiuri,team,
2025/2026,BV Pforzheim 1,2464,100972,Benjamin Eiberger,team,
2025/2026,BV Pforzheim 1,2464,100773,Fiorenzo De Nuzzo,team,
2025/2026,BV Pforzheim 1,2464,240155,Andreas Wittmeier,team,
2025/2026,Pool Knights Bensheim 1,3113,368474,Dieter Neumann,team,
2025/2026,Pool Knights Bensheim 1,3113,368475,Michael Schneider,team,
2025/2026,Pool Knights Bensheim 1,3113,103573,Marc Proissl,team,
2025/2026,Pool Knights Bensheim 1,3113,368482,Maximilian Arnt,team,
2025/2026,Pool Knights Bensheim 1,3113,368734,Maximilian Hetjens,team,
2025/2026,Pool Knights Bensheim 1,3113,368485,Nick Neubacher,team,
2025/2026,JS Mingolsheim 1,2439,103635,Hendrik Reckers,team,
2025/2026,JS Mingolsheim 1,2439,175895,Steffen Mämecke,team,
2025/2026,JS Mingolsheim 1,2439,250306,Luigi Sarullo,team,
2025/2026,JS Mingolsheim 1,2439,111963,Bernd Woitanowski,team,
2025/2026,JS Mingolsheim 1,2439,103581,Matthias Pujic,team,
2025/2026,JS Mingolsheim 1,2439,369181,Florian Trifan,team,
2025/2026,Mannheimer BF 2,2517,368540,Haydar Chehade,team,
2025/2026,Mannheimer BF 2,2517,368688,Fersun Ünsel,team,
2025/2026,Mannheimer BF 2,2517,103064,Carsten Mellmann,team,
2025/2026,Mannheimer BF 2,2517,252363,Moritz Rutkowski,team,
2025/2026,Mannheimer BF 2,2517,368689,Ibrahim Erdogan,team,
2025/2026,Mannheimer BF 2,2517,104129,Axel Schmucker,team,
2025/2026,Mannheimer BF 2,2517,239648,Serdar Tunbek,team,
2025/2026,Mannheimer BF 2,2517,104382,Hendrik Snijder,team,
2025/2026,Mannheimer BF 2,2517,239654,Thomas Kühn,team,
2025/2026,Mannheimer BF 2,2517,100670,Efendi Cekerek,team,
2025/2026,PBC Waghäusel 1,2442,102352,Udo Kirchgeßner,team,
2025/2026,PBC Waghäusel 1,2442,103924,Steffen Säubert,team,
2025/2026,PBC Waghäusel 1,2442,102663,Andreas Kullmann,team,
2025/2026,PBC Waghäusel 1,2442,240243,Andree Säubert,team,
2025/2026,PBC Waghäusel 1,2442,103354,Pascal Nissel,team,
2025/2026,PBC Sand 1,2483,249145,Drazen Smolcic,team,
2025/2026,PBC Sand 1,2483,100825,Michael Diedrich,team,
2025/2026,PBC Sand 1,2483,101476,Christian Gremmelspacher,team,
2025/2026,PBC Sand 1,2483,248622,Frank Diedrich,team,
2025/2026,PBC Sand 1,2483,101689,Richy Hartmann,team,
2025/2026,PBC Sand 1,2483,100286,Mike Belke,team,
2025/2026,PBC Freudenstadt 1,2465,102153,Benjamin Jung,team,
2025/2026,PBC Freudenstadt 1,2465,368579,Sebastian Scherbinin,team,
2025/2026,PBC Freudenstadt 1,2465,247955,David Galwas,team,
2025/2026,PBC Freudenstadt 1,2465,252214,Pascal Sanna,team,
2025/2026,PBC Freudenstadt 1,2465,103314,Jonathan Nestler,team,
2025/2026,PBC Freudenstadt 1,2465,369113,Christoph Brandt,team,
2025/2026,BSV Tiengen 2,2425,104546,Michael Strohmaier,team,
2025/2026,BSV Tiengen 2,2425,253498,Johanna Indlekofer,team,
2025/2026,BSV Tiengen 2,2425,101192,Ronny Frank,team,
2025/2026,BSV Tiengen 2,2425,100945,Stefan Duttlinger,team,
2025/2026,BSV Tiengen 2,2425,368781,Kevin Albert,team,
2025/2026,BSV Tiengen 2,2425,100106,Stefanie Arndt,team,
2025/2026,P&S Denzlingen 1,2476,104577,Fikret Tasdemir,team,
2025/2026,P&S Denzlingen 1,2476,242773,Yilmaz Aygün,team,
2025/2026,P&S Denzlingen 1,2476,355791,Fabian Durst,team,
2025/2026,P&S Denzlingen 1,2476,231558,Philipp Lisenko,team,
2025/2026,P&S Denzlingen 1,2476,242776,Nikolaus Gündel,team,
2025/2026,P&S Denzlingen 1,2476,369096,Samuel Schleitzer,team,
2025/2026,P&S Denzlingen 1,2476,102164,Norbert Kabas,team,
2025/2026,BC Blaustein 1,2402,101658,Torsten Hanisch,team,
2025/2026,BC Blaustein 1,2402,368058,Holger Domdey,team,
2025/2026,BC Blaustein 1,2402,101317,Frank Gebert,team,
2025/2026,BC Blaustein 1,2402,103714,Harald Reutter,team,
2025/2026,BC Blaustein 1,2402,104633,Thomas Tischmann,team,
2025/2026,BC Blaustein 1,2402,163715,Marc Wagner,team,
2025/2026,BC Blaustein 1,2402,103273,Klaus Mutenzer,team,
2025/2026,BC Bad Schussenried 2,2401,367936,Dieter Seitz,team,
2025/2026,BC Bad Schussenried 2,2401,369105,Lothar Enzenhöfer,team,
2025/2026,BC Bad Schussenried 2,2401,367935,Kadir Özturgut,team,
2025/2026,BC Bad Schussenried 2,2401,367933,Siegbert Müller,team,
2025/2026,BC Bad Schussenried 2,2401,367948,Flaviano Gabriele,team,
2025/2026,BC Bad Schussenried 2,2401,367990,Raimund Wanner,team,
2025/2026,BC Weingarten 1,2403,104910,Marc Wegenast,team,
2025/2026,BC Weingarten 1,2403,367945,Simon Schaal,team,
2025/2026,BC Weingarten 1,2403,100447,Patrick Bolduan,team,
2025/2026,BC Weingarten 1,2403,102115,Lutz Jeschke,team,
2025/2026,BC Weingarten 1,2403,228632,Sascha Nyffeler,team,
2025/2026,BC Weingarten 1,2403,368764,Franz Hochenegg,team,
2025/2026,BC Weingarten 1,2403,368766,Levend Bas,team,
2025/2026,BSC Göppingen 1,2499,100904,Martin Doster,team,
2025/2026,BSC Göppingen 1,2499,104379,Silvestar Smokovic,team,
2025/2026,BSC Göppingen 1,2499,103616,Sebastiano Ratto,team,
2025/2026,BSC Göppingen 1,2499,104257,Jörg Schwager,team,
2025/2026,BSC Göppingen 1,2499,242796,Frank Schwenk,team,
2025/2026,BV Markdorf 1,2410,103167,Daniel Moll,team,
2025/2026,BV Markdorf 1,2410,101076,Silvio Fadda,team,
2025/2026,BV Markdorf 1,2410,367944,Thomas Rehmann,team,
2025/2026,BV Markdorf 1,2410,104852,Manfred Waldvogel,team,
2025/2026,BV Markdorf 1,2410,105051,Georg Winter,team,
2025/2026,BV Markdorf 1,2410,228681,Andreas Kiefer,team,
2025/2026,BV Markdorf 1,2410,103113,Lutz Metzner,team,
2025/2026,BSC Göppingen 2,2499,100570,Markus Buck,team,
2025/2026,BSC Göppingen 2,2499,252858,Orhan Parama,team,
2025/2026,BSC Göppingen 2,2499,242787,Rainer Hermann,team,
2025/2026,BSC Göppingen 2,2499,368628,Wilfried Schön,team,
2025/2026,BSC Göppingen 2,2499,368022,Antonio Nuzziello,team,
2025/2026,BSC Göppingen 2,2499,368182,Besirat Fekadu,team,
2025/2026,BSC Göppingen 2,2499,251258,Gerold Konnerth,team,
2025/2026,PBC Ochsenhausen 1,2416,104407,Eugen Spähn,team,
2025/2026,PBC Ochsenhausen 1,2416,100124,Ottmar Auzinger,team,
2025/2026,PBC Ochsenhausen 1,2416,367989,Martin Reinhardt,team,
2025/2026,PBC Ochsenhausen 1,2416,101426,Boris Golic,team,
2025/2026,PBC Ochsenhausen 1,2416,368878,Theo Georgoudious,team,
2025/2026,PBC Ochsenhausen 1,2416,104610,Erwin Thoma,team,
2025/2026,BSV Tiengen 3,2425,244866,Dominik Netzhammer,team,
2025/2026,BSV Tiengen 3,2425,368781,Kevin Albert,team,
2025/2026,BSV Tiengen 3,2425,368506,Seong-Jin Kim,team,
2025/2026,BSV Tiengen 3,2425,368429,Robert Tiffert,team,
2025/2026,BSV Tiengen 3,2425,368780,Thomas Weniger,team,
2025/2026,P&S Denzlingen 2,2476,231558,Philipp Lisenko,team,
2025/2026,P&S Denzlingen 2,2476,102164,Norbert Kabas,team,
2025/2026,P&S Denzlingen 2,2476,368810,Jamil Dib,team,
2025/2026,P&S Denzlingen 2,2476,369096,Samuel Schleitzer,team,
2025/2026,P&S Denzlingen 2,2476,105087,Thomas Wochner,team,
2025/2026,P&S Denzlingen 2,2476,369055,Yahya Bouchikhi,team,
2025/2026,P&S Denzlingen 2,2476,100292,Horst Bendig,team,
2025/2026,P&S Denzlingen 2,2476,368382,Bernd Feierabend,team,
2025/2026,P&S Denzlingen 2,2476,369139,Daniel Montfort,team,
2025/2026,P&S Denzlingen 2,2476,368590,Stephan Rau,team,
2025/2026,P&S Denzlingen 2,2476,368284,Marco Paletta,team,
2025/2026,P&S Denzlingen 2,2476,368785,Mirsad Coric,team,
2025/2026,P&S Denzlingen 2,2476,100996,Marcus Elfenthal,team,
2025/2026,P&S Denzlingen 2,2476,366236,Abdulhussain Nad Ali,team,
2025/2026,P&S Denzlingen 3,2476,100996,Marcus Elfenthal,team,
2025/2026,P&S Denzlingen 3,2476,368382,Bernd Feierabend,team,
2025/2026,P&S Denzlingen 3,2476,368785,Mirsad Coric,team,
2025/2026,P&S Denzlingen 3,2476,369139,Daniel Montfort,team,
2025/2026,P&S Denzlingen 3,2476,368275,Ryan Grabowski,team,
2025/2026,P&S Denzlingen 3,2476,368310,Dirk Dufner,team,
2025/2026,P&S Denzlingen 3,2476,244905,Johannes Müller,team,
2025/2026,P&S Denzlingen 3,2476,368284,Marco Paletta,team,
2025/2026,P&S Denzlingen 3,2476,105087,Thomas Wochner,team,
2025/2026,PBC Bräunlingen 1,2427,103183,Berthold Moser,team,
2025/2026,PBC Bräunlingen 1,2427,104971,Björn Welte,team,
2025/2026,PBC Bräunlingen 1,2427,103932,Roland Sauter,team,
2025/2026,PBC Bräunlingen 1,2427,102406,Axel Klimmer,team,
2025/2026,PBC Bräunlingen 1,2427,253265,Simon Kemmerling,team,
2025/2026,PBC Bräunlingen 1,2427,100553,Florian Brugger,team,
2025/2026,PBC Bräunlingen 1,2427,103814,Phillip Rosenkranz,team,
2025/2026,PBC Freudenstadt 2,2465,103930,Eberhard Sauter,team,
2025/2026,PBC Freudenstadt 2,2465,249124,Joshua Armbruster,team,
2025/2026,PBC Freudenstadt 2,2465,104434,Armin Stauß,team,
2025/2026,PBC Freudenstadt 2,2465,250710,Steffen Feuerbacher,team,
2025/2026,PBC Freudenstadt 2,2465,103314,Jonathan Nestler,team,
2025/2026,PBC Freudenstadt 2,2465,103654,Michael Reichert,team,
2025/2026,PBC Freudenstadt 2,2465,368692,Mirjan Hidri,team,
2025/2026,PBC Freudenstadt 2,2465,249080,Uwe Machalett,team,
2025/2026,PBC Freudenstadt 2,2465,247957,Stefan Vater,team,
2025/2026,PBC Offenburg 2,2481,104560,Bernhard Sutor,team,
2025/2026,PBC Offenburg 2,2481,101200,Martin Frei,team,
2025/2026,PBC Offenburg 2,2481,104564,Marius Sutor,team,
2025/2026,PBC Offenburg 2,2481,102633,Oliver Kruse,team,
2025/2026,PBC Offenburg 2,2481,368783,Thomas Stöckel,team,
2025/2026,PBC Offenburg 2,2481,102719,Uwe Lang,team,
2025/2026,PBC Offenburg 2,2481,104825,Frank Wagenmann,team,
2025/2026,PBC Offenburg 2,2481,101238,Jochen Fritz,team,
2025/2026,PBC Offenburg 4,2481,368560,Manuel Wissen,team,
2025/2026,PBC Offenburg 4,2481,368562,Jeremy Eckert,team,
2025/2026,PBC Offenburg 4,2481,368563,Joachim Koepke,team,
2025/2026,PBC Offenburg 4,2481,369028,Matthias Adler,team,
2025/2026,PBC Offenburg 4,2481,368266,Luka Antic,team,
2025/2026,PBC Offenburg 4,2481,100137,Bernhard Back,team,
2025/2026,PBC Offenburg 4,2481,368558,Alen Mulaosmanovic,team,
2025/2026,PBC Offenburg 3,2481,103469,David Party,team,
2025/2026,PBC Offenburg 3,2481,353768,Tobias Küderle,team,
2025/2026,PBC Offenburg 3,2481,101750,Timo Heim,team,
2025/2026,PBC Offenburg 3,2481,105127,Manfred Wußler,team,
2025/2026,PBC Offenburg 3,2481,101612,Dirk Hafner,team,
2025/2026,PBC Offenburg 3,2481,100137,Bernhard Back,team,
2025/2026,PBC Offenburg 3,2481,104560,Bernhard Sutor,team,
2025/2026,BC Aalen 3,2495,251815,Kevin Adamczyk,team,
2025/2026,BC Aalen 3,2495,368042,Haci Eymir,team,
2025/2026,BC Aalen 3,2495,253141,Timur Susuz,team,
2025/2026,BC Aalen 3,2495,230995,Mustafa Özyürük,team,
2025/2026,BC Aalen 3,2495,368972,Bessim Bessim Oglou,team,
2025/2026,BC Aalen 3,2495,102551,Zlatko Rosin,team,
2025/2026,BC Aalen 3,2495,368047,Marvin Schiele,team,
2025/2026,BC Feuersee 1,2496,241619,Björn Spiegel,team,
2025/2026,BC Feuersee 1,2496,121877,Peter Link,team,
2025/2026,BC Feuersee 1,2496,101654,Thomas Handler,team,
2025/2026,BC Feuersee 1,2496,103907,Daniel Sanchez Goncalves,team,
2025/2026,BC Feuersee 1,2496,101299,Karim Gampper,team,
2025/2026,BC Feuersee 1,2496,368108,Chuhan Jiao,team,
2025/2026,BC Feuersee 1,2496,368041,Alexander Srp,team,
2025/2026,BC Feuersee 1,2496,100025,Erol Ag,team,
2025/2026,BC Feuersee 1,2496,104337,Nuhid Serifovic,team,
2025/2026,BC Dätzingen 1,2459,245948,Aryan Dayyani,team,
2025/2026,BC Dätzingen 1,2459,101755,Dominik Heinkele,team,
2025/2026,BC Dätzingen 1,2459,101979,Savas Hopff,team,
2025/2026,BC Dätzingen 1,2459,248740,Arash Dayyani,team,
2025/2026,BC Dätzingen 1,2459,100662,Fabian Cecotti,team,
2025/2026,BC Dätzingen 1,2459,353913,Saman Hadi,team,
2025/2026,BC Dätzingen 1,2459,100667,Pascal Cecotti,team,
2025/2026,BC Dätzingen 1,2459,368348,Alexander Egger,team,
2025/2026,BC Dätzingen 1,2459,368343,Marcel Haab,team,
2025/2026,BC Dätzingen 1,2459,100665,Marcel Cecotti,team,
2025/2026,BC Dätzingen 1,2459,350699,Alexander Schröder,team,
2025/2026,BULL Leonberg-Höfingen 1,2463,368051,Edin Porcic,team,
2025/2026,BULL Leonberg-Höfingen 1,2463,123648,Christian Endres,team,
2025/2026,BULL Leonberg-Höfingen 1,2463,103790,Fabio Romano,team,
2025/2026,BULL Leonberg-Höfingen 1,2463,350350,Michal Radwan,team,
2025/2026,BULL Leonberg-Höfingen 1,2463,368269,Asim Ramakic,team,
2025/2026,BULL Leonberg-Höfingen 1,2463,104655,Anh Tran,team,
2025/2026,BULL Leonberg-Höfingen 1,2463,102317,Tobias Kessler,team,
2025/2026,BV Pforzheim 2,2464,250878,Patrick Mungiuri,team,
2025/2026,BV Pforzheim 2,2464,100972,Benjamin Eiberger,team,
2025/2026,BV Pforzheim 2,2464,100773,Fiorenzo De Nuzzo,team,
2025/2026,BV Pforzheim 2,2464,240155,Andreas Wittmeier,team,
2025/2026,BV Pforzheim 2,2464,102013,Marco Huber,team,
2025/2026,BV Pforzheim 2,2464,101528,Gerhard Gryschka,team,
2025/2026,PBC Aalen 1,2502,104746,Alexandros Vassiliadis,team,
2025/2026,PBC Aalen 1,2502,104396,Eric Sorg,team,
2025/2026,PBC Aalen 1,2502,242922,Maximilian Jentsch,team,
2025/2026,PBC Aalen 1,2502,368220,Sezer Soydinc,team,
2025/2026,PBC Aalen 1,2502,368827,Tobias Reisner,team,
2025/2026,PBC Aalen 1,2502,368236,Joshua Bartsch,team,
2025/2026,PBC Aalen 1,2502,368707,Peter Gerlach,team,
2025/2026,PBC Aalen 1,2502,368450,Jürgen Reisner,team,
2025/2026,PBC Aalen 1,2502,249001,Oliver Krieger,team,
2025/2026,PBC Rastatt 1,2482,101994,Gerd Hörrmann,team,
2025/2026,PBC Rastatt 1,2482,242907,Patrick Lauinger,team,
2025/2026,PBC Rastatt 1,2482,103289,Ingo Nassall,team,
2025/2026,PBC Rastatt 1,2482,102381,Manuel Klappstein,team,
2025/2026,PBC Rastatt 1,2482,104984,Sascha Werle,team,
2025/2026,TV Cannstatt 2,2507,366769,Michael Schwarzjirg,team,
2025/2026,TV Cannstatt 2,2507,101390,Marco Giusa,team,
2025/2026,TV Cannstatt 2,2507,368253,Sascha Hiller,team,
2025/2026,TV Cannstatt 2,2507,355901,Alexandar Stankovic,team,
2025/2026,TV Cannstatt 2,2507,368096,Jozsef Zvorinji,team,
2025/2026,TV Cannstatt 2,2507,252039,Dany Baron,team,
2025/2026,TV Cannstatt 2,2507,100296,Mustafa Benk,team,
2025/2026,TV Cannstatt 2,2507,102928,Stephan Maier,team,
2025/2026,CC Karlsruhe 1,2437,368207,Calvin Waldecker,team,
2025/2026,CC Karlsruhe 1,2437,103209,Dirk Müller,team,
2025/2026,CC Karlsruhe 1,2437,368202,Angelo Truisi,team,
2025/2026,CC Karlsruhe 1,2437,367977,Michael Breiner,team,
2025/2026,CC Karlsruhe 1,2437,103837,Michael Roth,team,
2025/2026,CC Karlsruhe 1,2437,248469,Fabian Metz,team,
2025/2026,CC Karlsruhe 1,2437,103769,Marcel Roden,team,
2025/2026,PBC Bruchsal 1,2440,101803,Michael Heneka,team,
2025/2026,PBC Bruchsal 1,2440,101550,Christoph Günthner,team,
2025/2026,PBC Bruchsal 1,2440,104844,Rolf Waible,team,
2025/2026,PBC Bruchsal 1,2440,100009,Bülent Acar,team,
2025/2026,PBC Bruchsal 1,2440,104309,Carmen Leiser,team,
2025/2026,PBC Bruchsal 2,2440,368739,Jürgen Häffner,team,
2025/2026,PBC Bruchsal 2,2440,104625,Peter Thurm,team,
2025/2026,PBC Bruchsal 2,2440,367853,Jörg Leiser,team,
2025/2026,PBC Bruchsal 2,2440,240228,Florian Walther,team,
2025/2026,PBC Bruchsal 2,2440,101856,Bianca Heneka,team,
2025/2026,PBC Bruchsal 2,2440,367852,Damir Kucis,team,
2025/2026,PBC Bruchsal 2,2440,100009,Bülent Acar,team,
2025/2026,PBC Waghäusel 2,2442,103354,Pascal Nissel,team,
2025/2026,PBC Waghäusel 2,2442,102305,Felix Kern,team,
2025/2026,PBC Waghäusel 2,2442,103618,Frank Rätz,team,
2025/2026,PBC Waghäusel 2,2442,240242,Mirsad Sabic,team,
2025/2026,PBC Waghäusel 2,2442,154211,Thomas Neumann,team,
2025/2026,PBC Waghäusel 2,2442,103580,Peter Puff,team,
2025/2026,PBV Schwetzingen 4,2494,368079,Christian Würthwein,team,
2025/2026,PBV Schwetzingen 4,2494,105217,Karl-Heinz Zimmermann,team,
2025/2026,PBV Schwetzingen 4,2494,368751,Giovanni Genovese,team,
2025/2026,PBV Schwetzingen 4,2494,368503,Marcus Dienst,team,
2025/2026,PBV Schwetzingen 4,2494,249765,Keven König,team,
2025/2026,PBV Schwetzingen 4,2494,100463,Stephan Boschert,team,
2025/2026,BC Dallau 1,2433,101313,Stefan Gaschler,team,
2025/2026,BC Dallau 1,2433,100531,Lutz Brian,team,
2025/2026,BC Dallau 1,2433,350683,Kevin Wetzel,team,
2025/2026,BC Dallau 1,2433,105122,Michael Würz,team,
2025/2026,BF Bruchsal 1,2435,103143,Benny-Michel Mildenberger,team,
2025/2026,BF Bruchsal 1,2435,104376,Darius Skowronek,team,
2025/2026,BF Bruchsal 1,2435,352016,Reimar Sauter,team,
2025/2026,BF Bruchsal 1,2435,252010,Long Werner,team,
2025/2026,BF Bruchsal 1,2435,102607,Hermann Krieger,team,
2025/2026,BF Bruchsal 1,2435,353633,Jürgen Götting,team,
2025/2026,BF Weinheim-Viernheim 1,2487,170496,Sven Götz,team,
2025/2026,BF Weinheim-Viernheim 1,2487,102328,Thomas Kielmann,team,
2025/2026,BF Weinheim-Viernheim 1,2487,102320,Michael Keuker,team,
2025/2026,BF Weinheim-Viernheim 1,2487,103786,Marco Roll,team,
2025/2026,BF Weinheim-Viernheim 1,2487,171256,Timo Reinert,team,
2025/2026,BF Weinheim-Viernheim 1,2487,247868,Sven Gehrisch,team,
2025/2026,BF Weinheim-Viernheim 1,2487,102627,Nikolai Kruhm,team,
2025/2026,BF Weinheim-Viernheim 1,2487,104766,Carmelo Visconti,team,
2025/2026,BC Dätzingen 2,2459,368348,Alexander Egger,team,
2025/2026,BC Dätzingen 2,2459,368343,Marcel Haab,team,
2025/2026,BC Dätzingen 2,2459,100662,Fabian Cecotti,team,
2025/2026,BC Dätzingen 2,2459,100700,Jörg Claassen,team,
2025/2026,BC Dätzingen 2,2459,353913,Saman Hadi,team,
2025/2026,BC Dätzingen 2,2459,100667,Pascal Cecotti,team,
2025/2026,BC Dätzingen 2,2459,350699,Alexander Schröder,team,
2025/2026,BC Sindelfingen 5,2462,246024,Denis Mnich,team,
2025/2026,BC Sindelfingen 5,2462,228904,Tobias Hirt,team,
2025/2026,BC Sindelfingen 5,2462,103127,Massimo Miccoli,team,
2025/2026,BC Sindelfingen 5,2462,353408,Christopher Hopp,team,
2025/2026,BC Sindelfingen 5,2462,367986,Vanja Nikolic,team,
2025/2026,BC Sindelfingen 5,2462,100500,Petra Braun,team,
2025/2026,BC Sindelfingen 5,2462,103910,Petra Sannwald,team,
2025/2026,BSC Lions Bietigheim 1,2438,103517,Jens Pfaff,team,
2025/2026,BSC Lions Bietigheim 1,2438,368547,Eduard Hartter,team,
2025/2026,BSC Lions Bietigheim 1,2438,253091,Sven Kaupp,team,
2025/2026,BSC Lions Bietigheim 1,2438,103612,Gerald Rastetter,team,
2025/2026,BSC Lions Bietigheim 1,2438,251024,Sascha Jungwirth,team,
2025/2026,BSC Lions Bietigheim 1,2438,103516,Alfred Pfaff,team,
2025/2026,BV Pforzheim 3,2464,101528,Gerhard Gryschka,team,
2025/2026,BV Pforzheim 3,2464,349928,Pascal Habiger,team,
2025/2026,BV Pforzheim 3,2464,352635,Draoui El Mokhtar,team,
2025/2026,BV Pforzheim 3,2464,102225,Habib Karadal,team,
2025/2026,BV Pforzheim 3,2464,368353,Jens Murat,team,
2025/2026,BV Pforzheim 3,2464,366961,Peter Stadelmaier,team,
2025/2026,BV Pforzheim 3,2464,350651,Marvin Szymiczek,team,
2025/2026,BV Pforzheim 3,2464,100778,Andreas Decker,team,
2025/2026,BV Pforzheim 3,2464,101383,Berthold Gillich,team,
2025/2026,BV Pforzheim 3,2464,368643,Viktor Tschin,team,
2025/2026,PBC Bietigheim-Bissingen 2,2455,240287,Dietmar Lauer,team,
2025/2026,PBC Bietigheim-Bissingen 2,2455,367416,Stefan Weber,team,
2025/2026,PBC Bietigheim-Bissingen 2,2455,104339,Marco Seybold,team,
2025/2026,PBC Bietigheim-Bissingen 2,2455,100791,Giuseppe Dellaquercia,team,
2025/2026,PBC Bietigheim-Bissingen 2,2455,248690,Ralf Bachert,team,
2025/2026,PBC Bietigheim-Bissingen 2,2455,369089,Sven Dastig,team,
2025/2026,PBC Bietigheim-Bissingen 2,2455,368412,David Agonafer,team,
2025/2026,PBC Bietigheim-Bissingen 2,2455,354685,Joachim Luft,team,
2025/2026,PBC Bietigheim-Bissingen 2,2455,100156,Hans-Jürgen Bailer,team,
2025/2026,PBC Bietigheim-Bissingen 2,2455,103275,Marcus Mutschler,team,
2025/2026,VFL Herrenberg 1,3183,368777,Kian Sohns,team,
2025/2026,VFL Herrenberg 1,3183,368778,Dimitrios Stotoglou,team,
2025/2026,VFL Herrenberg 1,3183,249451,Andrei Deliman,team,
2025/2026,VFL Herrenberg 1,3183,101958,Sandra Höll,team,
2025/2026,VFL Herrenberg 1,3183,104353,Wolfgang Siethoff,team,
2025/2026,PBC Nagoldtal 1,2466,249310,Nic Woywodt,team,
2025/2026,PBC Nagoldtal 1,2466,104803,Frank Vorauer,team,
2025/2026,PBC Nagoldtal 1,2466,245634,Florian Staud,team,
2025/2026,PBC Nagoldtal 1,2466,103598,Andreas Rago,team,
2025/2026,PBC Nagoldtal 1,2466,103603,Thorsten Rammer,team,
2025/2026,PBC Nagoldtal 1,2466,368224,Hakan Söyler,team,
2025/2026,PBC Nagoldtal 1,2466,105133,Ahmet Yazici,team,
2025/2026,BC Aalen 4,2495,368138,Philip Gamerdinger,team,
2025/2026,BC Aalen 4,2495,350897,Harry Augustin,team,
2025/2026,BC Aalen 4,2495,367983,Taner Susuz,team,
2025/2026,BC Aalen 4,2495,102551,Zlatko Rosin,team,
2025/2026,BC Aalen 4,2495,368886,Hayk Hovhannisyan,team,
2025/2026,BC Aalen 4,2495,242702,Muzaffer Günay,team,
2025/2026,BC Aalen 4,2495,242920,Christian Iliadis,team,
2025/2026,BC Aalen 4,2495,103509,Tobias Petter,team,
2025/2026,BC Sindelfingen 4,2462,103634,Stephan Rech-Linker,team,
2025/2026,BC Sindelfingen 4,2462,101264,Bernd Füess,team,
2025/2026,BC Sindelfingen 4,2462,355443,Michael Reich,team,
2025/2026,BC Sindelfingen 4,2462,102694,Daniel La Cognata,team,
2025/2026,BC Sindelfingen 4,2462,367918,Arman Rasoli,team,
2025/2026,BC Sindelfingen 4,2462,103127,Massimo Miccoli,team,
2025/2026,BC Sindelfingen 4,2462,368200,Jürgen Trost,team,
2025/2026,BC Sindelfingen 4,2462,123384,Tolga Yasmut,team,
2025/2026,BC Sindelfingen 6,2462,353143,Martin Repp,team,
2025/2026,BC Sindelfingen 6,2462,104512,Thomas Stoll,team,
2025/2026,BC Sindelfingen 6,2462,368292,Matthias Grgic,team,
2025/2026,BC Sindelfingen 6,2462,244943,Peggy Eisele,team,
2025/2026,BC Sindelfingen 6,2462,351327,Denis Maric,team,
2025/2026,BC Sindelfingen 6,2462,351950,Olaf Schwarz,team,
2025/2026,BC Sindelfingen 6,2462,144449,Ciro Guerra,team,
2025/2026,BC Stuttgart 1891 2,2497,103479,Andreas Pauling,team,
2025/2026,BC Stuttgart 1891 2,2497,104273,Robert Schwarz,team,
2025/2026,BC Stuttgart 1891 2,2497,104287,Oliver Schwertschlager,team,
2025/2026,BC Stuttgart 1891 2,2497,100941,Thomas Durst,team,
2025/2026,BC Stuttgart 1891 2,2497,368107,Benjamin Hirschberger,team,
2025/2026,BC Stuttgart 1891 2,2497,103552,Claudio Pontuti,team,
2025/2026,BC Stuttgart 1891 2,2497,103864,Peter Rueff,team,
2025/2026,BC Stuttgart 1891 2,2497,368012,Birger Tesnau,team,
2025/2026,BC Stuttgart 1891 2,2497,368809,Phat Truong,team,
2025/2026,BC Stuttgart 1891 2,2497,368372,Kalin-Felix Stefanov,team,
2025/2026,BC Stuttgart 1891 2,2497,104508,Jonny Stojanovic,team,
2025/2026,PBC Schwäbisch Gmünd 1,2504,368868,Matthias Weigl,team,
2025/2026,PBC Schwäbisch Gmünd 1,2504,368869,Saif Azzawi,team,
2025/2026,PBC Schwäbisch Gmünd 1,2504,102111,Zvonimir Jembrih,team,
2025/2026,PBC Schwäbisch Gmünd 1,2504,100089,Ralf Annamaier,team,
2025/2026,PBC Schwäbisch Gmünd 1,2504,367996,Nurcan Ezdi,team,
2025/2026,PBC Schwäbisch Gmünd 1,2504,368645,Joel Louis Egon Strohmayer,team,
2025/2026,PBC Schwäbisch Gmünd 1,2504,242923,Stephan Nimführ,team,
2025/2026,PBC Bietigheim-Bissingen 1,2455,104607,Steven Thieltges,team,
2025/2026,PBC Bietigheim-Bissingen 1,2455,105234,Daniel Zmalec,team,
2025/2026,PBC Bietigheim-Bissingen 1,2455,368413,Felix Böck,team,
2025/2026,PBC Bietigheim-Bissingen 1,2455,240510,Sven Wezstein,team,
2025/2026,PBC Bietigheim-Bissingen 1,2455,103275,Marcus Mutschler,team,
2025/2026,PBC Bietigheim-Bissingen 1,2455,354684,Markus Geßinger,team,
2025/2026,PBC Bietigheim-Bissingen 1,2455,369089,Sven Dastig,team,
2025/2026,PBC Bietigheim-Bissingen 1,2455,367416,Stefan Weber,team,
2025/2026,PBC Bietigheim-Bissingen 1,2455,100791,Giuseppe Dellaquercia,team,
2025/2026,CC Karlsruhe 2,2437,368957,Colin Ketterlin,team,
2025/2026,CC Karlsruhe 2,2437,101640,Yves Hamacher,team,
2025/2026,CC Karlsruhe 2,2437,368833,Kevin Feichtinger,team,
2025/2026,CC Karlsruhe 2,2437,368813,Michael Müns,team,
2025/2026,CC Karlsruhe 2,2437,103837,Michael Roth,team,
2025/2026,CC Karlsruhe 2,2437,248469,Fabian Metz,team,
2025/2026,CC Karlsruhe 2,2437,368499,Peter Koch,team,
2025/2026,CC Karlsruhe 2,2437,101959,Joachim Höllwarth,team,
2025/2026,CC Karlsruhe 2,2437,369119,Martin Seyfer,team,
2025/2026,CC Karlsruhe 2,2437,368519,Eric Braun,team,
2025/2026,BSC Lions Bietigheim 2,2438,105209,Marvin Zimmer,team,
2025/2026,BSC Lions Bietigheim 2,2438,368446,Sebastian Buccheri,team,
2025/2026,BSC Lions Bietigheim 2,2438,111155,Önder Coskun,team,
2025/2026,BSC Lions Bietigheim 2,2438,100709,Marcus Colmelet,team,
2025/2026,BSC Lions Bietigheim 2,2438,105077,Marcus Wittner,team,
2025/2026,JS Mingolsheim 2,2439,103396,Dirk Odenwälder,team,
2025/2026,JS Mingolsheim 2,2439,367988,Markus Wörner,team,
2025/2026,JS Mingolsheim 2,2439,367995,Besnik Shkemza,team,
2025/2026,JS Mingolsheim 2,2439,367987,Mike Walter,team,
2025/2026,JS Mingolsheim 2,2439,103581,Matthias Pujic,team,
2025/2026,JS Mingolsheim 2,2439,369116,Dieter Woitanowski,team,
2025/2026,JS Mingolsheim 2,2439,368533,Michael Triffo,team,
2025/2026,JS Mingolsheim 2,2439,369181,Florian Trifan,team,
2025/2026,PBC Waghäusel 3,2442,105193,Marco Zieger,team,
2025/2026,PBC Waghäusel 3,2442,100434,Andreas Böhme,team,
2025/2026,PBC Waghäusel 3,2442,240240,Hassan Najjar,team,
2025/2026,PBC Waghäusel 3,2442,240239,Ivan Mikulic,team,
2025/2026,PBC Waghäusel 3,2442,103580,Peter Puff,team,
2025/2026,PBC Waghäusel 3,2442,102987,Klaus Martin,team,
2025/2026,PBC Waghäusel 3,2442,103876,Peter Rupprecht,team,
2025/2026,PBC Waghäusel 3,2442,103618,Frank Rätz,team,
2025/2026,Mannheimer BF 3,2517,368118,Stefan Süß,team,
2025/2026,Mannheimer BF 3,2517,351635,Robert Klinec,team,
2025/2026,Mannheimer BF 3,2517,239648,Serdar Tunbek,team,
2025/2026,Mannheimer BF 3,2517,369144,David Birau,team,
2025/2026,Mannheimer BF 3,2517,104382,Hendrik Snijder,team,
2025/2026,Mannheimer BF 3,2517,367374,Vuk Izidor Zelunka,team,
2025/2026,Mannheimer BF 3,2517,247575,Andreas Stüber,team,
2025/2026,Mannheimer BF 3,2517,368689,Ibrahim Erdogan,team,
2025/2026,Mannheimer BF 3,2517,351633,Jochen Fiedler,team,
2025/2026,Mannheimer BF 3,2517,221366,Henning Wilkner,team,
2025/2026,Mannheimer BF 3,2517,368688,Fersun Ünsel,team,
2025/2026,Mannheimer BF 3,2517,368618,Oliver Alunni,team,
2025/2026,Mannheimer BF 3,2517,368050,Giuseppe Cortese,team,
2025/2026,PBV Schwetzingen 5,2494,103272,Ümit Muslu,team,
2025/2026,PBV Schwetzingen 5,2494,100463,Stephan Boschert,team,
2025/2026,PBV Schwetzingen 5,2494,368235,Jens Sommer,team,
2025/2026,PBV Schwetzingen 5,2494,356203,Ali Tinoush,team,
2025/2026,PBV Schwetzingen 5,2494,103069,Roland Menrath,team,
2025/2026,PBV Schwetzingen 5,2494,368080,Christian Münch,team,
2025/2026,PBV Schwetzingen 5,2494,355986,Josip Guja,team,
2025/2026,Pool Knights Bensheim 2,3113,368484,Jasim Ammar Jasim Al-Khazraji,team,
2025/2026,Pool Knights Bensheim 2,3113,368476,Markus Lüft,team,
2025/2026,Pool Knights Bensheim 2,3113,368469,Gerhard Ehrenfried,team,
2025/2026,Pool Knights Bensheim 2,3113,368447,Svetlana Hetjens,team,
2025/2026,Pool Knights Bensheim 2,3113,368485,Nick Neubacher,team,
2025/2026,Pool Knights Bensheim 2,3113,368479,Hartmut Wegner,team,
2025/2026,Pool Knights Bensheim 2,3113,368444,Michael Hetjens,team,
2025/2026,PBV Schwetzingen 6,2494,104532,Michael Straub,team,
2025/2026,PBV Schwetzingen 6,2494,368908,Simon Bernecker,team,
2025/2026,PBV Schwetzingen 6,2494,368971,Andreas Penckwitt,team,
2025/2026,PBV Schwetzingen 6,2494,103069,Roland Menrath,team,
2025/2026,PBV Schwetzingen 6,2494,355986,Josip Guja,team,
2025/2026,PBV Schwetzingen 6,2494,368683,Jürgen Berninger,team,
2025/2026,BBV Mannheim 1,2486,239641,Sascha Pick,team,
2025/2026,BBV Mannheim 1,2486,101538,Bülent Güler,team,
2025/2026,BBV Mannheim 1,2486,105043,Dirk Windecker,team,
2025/2026,BBV Mannheim 1,2486,368998,Mahmoud Alkamil,team,
2025/2026,BBV Mannheim 1,2486,239646,Susanne Schweter,team,
2025/2026,BF Weinheim-Viernheim 2,2487,102627,Nikolai Kruhm,team,
2025/2026,BF Weinheim-Viernheim 2,2487,171256,Timo Reinert,team,
2025/2026,BF Weinheim-Viernheim 2,2487,247868,Sven Gehrisch,team,
2025/2026,BF Weinheim-Viernheim 2,2487,102502,Viktor König,team,
2025/2026,BF Weinheim-Viernheim 2,2487,368258,Jürgen Steinmann,team,
2025/2026,BF Weinheim-Viernheim 2,2487,104766,Carmelo Visconti,team,
2025/2026,BF Weinheim-Viernheim 2,2487,368831,Leonhard Klecker,team,
2025/2026,Poolsharks Bruchsal 1,2443,104986,Josef Wermes,team,
2025/2026,Poolsharks Bruchsal 1,2443,103617,Detlef Ratz,team,
2025/2026,Poolsharks Bruchsal 1,2443,101744,Wolfgang Heiler,team,
2025/2026,Poolsharks Bruchsal 1,2443,252865,Axel Eberle,team,
2025/2026,Poolsharks Bruchsal 1,2443,368571,Simon Stoß,team,
2025/2026,Poolsharks Bruchsal 1,2443,240252,Ralf Markanycz,team,
2025/2026,Poolsharks Bruchsal 1,2443,102600,Nikola Kremer,team,
2025/2026,PP Karlsbad 1,2468,368261,Preetam Bissessur,team,
2025/2026,PP Karlsbad 1,2468,245692,Harun Ahmadi,team,
2025/2026,PP Karlsbad 1,2468,368610,Lukas Masson,team,
2025/2026,PP Karlsbad 1,2468,101114,Gordon Fenske,team,
2025/2026,PP Karlsbad 1,2468,369093,Stefan Jost,team,
2025/2026,PP Karlsbad 1,2468,104820,Tom Wacker,team,
2025/2026,PP Karlsbad 1,2468,103593,Ralf Rabold,team,
2025/2026,PP Karlsbad 1,2468,352079,Benjamin Busse,team,
2025/2026,PP Karlsbad 1,2468,100645,Thomas Vincenzo Campo,team,
2025/2026,PP Karlsbad 1,2468,102870,Willi Ludwig,team,
2025/2026,PP Karlsbad 1,2468,368434,Abdullah Yesil,team,
2025/2026,BBV Mannheim 2,2486,100069,Claus Altendorf,team,
2025/2026,BBV Mannheim 2,2486,239638,Michael Killian,team,
2025/2026,BBV Mannheim 2,2486,101556,Bülent Gürkan,team,
2025/2026,BBV Mannheim 2,2486,369004,Zan Bong Yuen,team,
2025/2026,BBV Mannheim 2,2486,251824,Senol Sengün,team,
2025/2026,BBV Mannheim 2,2486,369114,Cuma Seker,team,
2025/2026,BBV Mannheim 2,2486,368999,Christian Oest,team,
2025/2026,BBV Mannheim 2,2486,239637,Irina Killian,team,
2025/2026,BBV Mannheim 2,2486,368456,Janis Lenz,team,
2025/2026,BF Bruchsal 2,2435,244836,Michael Strenski,team,
2025/2026,BF Bruchsal 2,2435,102180,Christian Kälbli,team,
2025/2026,BF Bruchsal 2,2435,103076,Ralf Mergel,team,
2025/2026,BF Bruchsal 2,2435,353633,Jürgen Götting,team,
2025/2026,BF Bruchsal 2,2435,368961,Tobias Sven Stockenberger,team,
2025/2026,BF Bruchsal 2,2435,240171,Steffen Hoffmann,team,
2025/2026,BF Bruchsal 2,2435,369168,Dennis Kamuf,team,
2025/2026,BF Bruchsal 2,2435,369039,Carsten Kalitz,team,
2025/2026,BC Neckarsulm 2,2450,104021,Jörg Schick-Bringer,team,
2025/2026,BC Neckarsulm 2,2450,366458,Besim Rama,team,
2025/2026,BC Neckarsulm 2,2450,356371,Jonny Knapp,team,
2025/2026,BC Neckarsulm 2,2450,366459,Alexandru Szabo,team,
2025/2026,BC Neckarsulm 2,2450,368818,Leon Schick,team,
2025/2026,BC Neckarsulm 2,2450,240446,Antonio De Gois,team,
2025/2026,BC Neckarsulm 2,2450,368865,Ahmad Nassar,team,
2025/2026,BC Neckarsulm 2,2450,103559,Damir Pran,team,
2025/2026,BC Neckarsulm 2,2450,100445,Ulf Bojus,team,
2025/2026,BC Neckarsulm 2,2450,251376,Ferhat Cayli,team,
2025/2026,BC Neckarsulm 2,2450,367820,Michael Funk,team,
2025/2026,BC Neckarsulm 2,2450,101831,Ralf Herdtfelder,team,
2025/2026,BC Neckarsulm 2,2450,102568,Thomas Kramhöller,team,
2025/2026,BC Neckarsulm 2,2450,368553,Christian Oetken,team,
2025/2026,BF Weinheim-Viernheim 3,2487,242771,Armin Reidel,team,
2025/2026,BF Weinheim-Viernheim 3,2487,102502,Viktor König,team,
2025/2026,BF Weinheim-Viernheim 3,2487,226973,Bernhard Flamm,team,
2025/2026,BF Weinheim-Viernheim 3,2487,368831,Leonhard Klecker,team,
2025/2026,BF Weinheim-Viernheim 3,2487,105103,Dieter Wolk,team,
2025/2026,BF Weinheim-Viernheim 3,2487,353643,Ernst Fabian,team,
2025/2026,BF Weinheim-Viernheim 3,2487,368551,Luca Wolk,team,
2025/2026,BF Weinheim-Viernheim 3,2487,368603,Matthias Schweickert,team,
2025/2026,BF Weinheim-Viernheim 3,2487,102069,Lutz Iserhardt,team,
2025/2026,BSF Kurpfalz 2,2436,103087,Markus Merz,team,
2025/2026,BSF Kurpfalz 2,2436,101155,Michael Flaig,team,
2025/2026,BSF Kurpfalz 2,2436,103858,Dieter Ruck,team,
2025/2026,BSF Kurpfalz 2,2436,101284,Alexander Gabat,team,
2025/2026,BSF Kurpfalz 2,2436,101424,Heinz Gold,team,
2025/2026,BBC Plochingen 1,2506,353792,Marius Schrimpf,team,
2025/2026,BBC Plochingen 1,2506,101573,Volker Gutzeit,team,
2025/2026,BBC Plochingen 1,2506,251300,Alexander Hemmer,team,
2025/2026,BBC Plochingen 1,2506,102525,Pavlos Korezelidis,team,
2025/2026,BBC Plochingen 1,2506,368034,Andreas Tschinkel,team,
2025/2026,BBC Plochingen 2,2506,350077,Christoph Tropschuh,team,
2025/2026,BBC Plochingen 2,2506,353791,Andreas Geigle,team,
2025/2026,BBC Plochingen 2,2506,368341,Dieter Krause,team,
2025/2026,BBC Plochingen 2,2506,100123,Franjo Antunovic,team,
2025/2026,BBC Plochingen 2,2506,105232,Robert Zivanovic,team,
2025/2026,BBC Plochingen 2,2506,248651,Michele Campagna,team,
2025/2026,BBC Plochingen 2,2506,102340,Marcel Kilgus,team,
2025/2026,BBC Plochingen 2,2506,102525,Pavlos Korezelidis,team,
2025/2026,BBC Plochingen 2,2506,164408,Frank Weiß,team,
2025/2026,BSC Göppingen 3,2499,369025,Eyvinh Polvito,team,
2025/2026,BSC Göppingen 3,2499,368922,Yusa Tutucu,team,
2025/2026,BSC Göppingen 3,2499,242789,Kevin Künstler,team,
2025/2026,BSC Göppingen 3,2499,368211,Gerd Friedl,team,
2025/2026,BSC Göppingen 3,2499,369023,Luciano Galman,team,
2025/2026,BSC Göppingen 3,2499,369024,Nikolai Lupena,team,
2025/2026,BSC Göppingen 3,2499,102935,Daniela Majer,team,
2025/2026,BSC Göppingen 3,2499,367921,Alexander Rommel,team,
2025/2026,BSV Filderstadt 2,2422,103128,Aristidis Michailidis,team,
2025/2026,BSV Filderstadt 2,2422,102497,Markus König,team,
2025/2026,BSV Filderstadt 2,2422,252917,Florian Stubert,team,
2025/2026,BSV Filderstadt 2,2422,102973,Arno Marotz,team,
2025/2026,BSV Filderstadt 2,2422,354136,Ulrich Oswald,team,
2025/2026,BSV Filderstadt 2,2422,228532,Osman Büyük,team,
2025/2026,BSV Filderstadt 3,2422,103925,Sascha Sauer,team,
2025/2026,BSV Filderstadt 3,2422,100100,Markus Appenowitz,team,
2025/2026,BSV Filderstadt 3,2422,368404,Yannik Weber,team,
2025/2026,BSV Filderstadt 3,2422,228532,Osman Büyük,team,
2025/2026,BSV Filderstadt 3,2422,368954,Dirk Bastian,team,
2025/2026,BSV Filderstadt 3,2422,104635,Raphael Titzmann,team,
2025/2026,BSV Filderstadt 3,2422,368124,Sebastian Mayer,team,
2025/2026,PBC Reutlingen 2,2428,368802,Okan Ceken,team,
2025/2026,PBC Reutlingen 2,2428,366767,Miodrag Adrian Caravila,team,
2025/2026,PBC Reutlingen 2,2428,101366,Rasul Ghanavat,team,
2025/2026,PBC Reutlingen 2,2428,101009,Thomas Enge,team,
2025/2026,PBC Reutlingen 2,2428,242994,Gero Fähnle,team,
2025/2026,PBC Reutlingen 2,2428,350160,Guido Ulmer,team,
2025/2026,PBC Reutlingen 2,2428,251187,Kathrin Karwath,team,
2025/2026,PBC Reutlingen 2,2428,248769,Marius-Daniel Grigore-Martini,team,
2025/2026,PBC Reutlingen 3,2428,242994,Gero Fähnle,team,
2025/2026,PBC Reutlingen 3,2428,251187,Kathrin Karwath,team,
2025/2026,PBC Reutlingen 3,2428,367871,Sebastian Müller,team,
2025/2026,PBC Reutlingen 3,2428,101412,Bernhard Gneiting,team,
2025/2026,PBC Reutlingen 3,2428,369130,Moritz Fritsche,team,
2025/2026,PBC Reutlingen 3,2428,369129,Max Piepke,team,
2025/2026,PBC Reutlingen 3,2428,369064,Ingo Speidel,team,
2025/2026,PBC Reutlingen 3,2428,350160,Guido Ulmer,team,
2025/2026,Tübinger BC 1,2431,349790,Wadea Al Mahamid,team,
2025/2026,Tübinger BC 1,2431,104819,Roland Wacker,team,
2025/2026,Tübinger BC 1,2431,240143,Konrad Bau,team,
2025/2026,Tübinger BC 1,2431,102864,Matthias Ludersdorfer,team,
2025/2026,Tübinger BC 1,2431,369124,Adham Mohamed,team,
2025/2026,Tübinger BC 1,2431,102721,Johannes Mai,team,
2025/2026,Tübinger BC 1,2431,249083,Simon Theodoropoulos,team,
2025/2026,BC Unterteuringen 1,2404,100075,Benno Amann,team,
2025/2026,BC Unterteuringen 1,2404,101474,Andreas Greitmann,team,
2025/2026,BC Unterteuringen 1,2404,100732,Roberto D`Elia,team,
2025/2026,BC Unterteuringen 1,2404,101103,Ingo Fehr,team,
2025/2026,BC Bad Schussenried 3,2401,367937,Daniel Schmid,team,
2025/2026,BC Bad Schussenried 3,2401,368142,Philip Kammnick,team,
2025/2026,BC Bad Schussenried 3,2401,368848,Franz Miehle,team,
2025/2026,BC Bad Schussenried 3,2401,368111,Ali Cetin,team,
2025/2026,BC Bad Schussenried 3,2401,368904,Dietmar Helfrich,team,
2025/2026,BC Bad Schussenried 3,2401,368297,Karsten Mieskes,team,
2025/2026,BC Bad Schussenried 3,2401,367938,Samir Javor,team,
2025/2026,BV Markdorf 3,2410,101984,Rainer Hops,team,
2025/2026,BV Markdorf 3,2410,100008,Luciano Abruzzese,team,
2025/2026,BV Markdorf 3,2410,100641,Pietro Calo,team,
2025/2026,BV Markdorf 3,2410,354395,Wilfried Scheibel,team,
2025/2026,BV Markdorf 3,2410,368251,Sylvia Gurnig,team,
2025/2026,BV Markdorf 2,2410,100486,Martin Brandt,team,
2025/2026,BV Markdorf 2,2410,101010,Hardi Engel,team,
2025/2026,BV Markdorf 2,2410,228681,Andreas Kiefer,team,
2025/2026,BV Markdorf 2,2410,105051,Georg Winter,team,
2025/2026,BV Markdorf 2,2410,240040,Klaus Dietrich,team,
2025/2026,BV Markdorf 2,2410,100903,Krischan Dostal,team,
2025/2026,PBC Langenargen 1,2414,350617,Christian Späthe,team,
2025/2026,PBC Langenargen 1,2414,105085,Andreas Witzigmann,team,
2025/2026,PBC Langenargen 1,2414,100982,Andreas Einsiedler,team,
2025/2026,PBC Langenargen 1,2414,368006,Hans-Henning Schmid,team,
2025/2026,PBC Langenargen 1,2414,100189,Sebastian Bartsch,team,
2025/2026,PBC Langenargen 1,2414,368580,Oliver Eisele,team,
2025/2026,PBC Langenargen 1,2414,228692,Ewald Bausch,team,
2025/2026,PBC Langenargen 1,2414,367910,Andreas Looser,team,
2025/2026,PBC Langenargen 2,2414,103011,Markus Mauch,team,
2025/2026,PBC Langenargen 2,2414,228696,Gerald Ströbele,team,
2025/2026,PBC Langenargen 2,2414,368295,Cesare Caccavelli,team,
2025/2026,PBC Langenargen 2,2414,100632,Jens Butenschön,team,
2025/2026,PBC Langenargen 2,2414,368580,Oliver Eisele,team,
2025/2026,PBC Langenargen 2,2414,367929,Rainer Beck,team,
2025/2026,PBC Langenargen 2,2414,100982,Andreas Einsiedler,team,
2025/2026,BC Dreiländereck 1,2473,353889,Bruno Miletic,team,
2025/2026,BC Dreiländereck 1,2473,368670,Florian Rasser,team,
2025/2026,BC Dreiländereck 1,2473,242717,Michael Psarras,team,
2025/2026,BC Dreiländereck 1,2473,123146,Markus Rütten,team,
2025/2026,BC Dreiländereck 1,2473,103081,Andreas Merkle,team,
2025/2026,BC Dreiländereck 1,2473,369060,Ronny Gabriel,team,
2025/2026,BC Dreiländereck 1,2473,369061,Thorsten Löffler,team,
2025/2026,BC Dreiländereck 1,2473,242716,Matthias Orth,team,
2025/2026,BSC St. Georgen 1,2420,102175,Mario Kaiser,team,
2025/2026,BSC St. Georgen 1,2420,101441,Günther Götz,team,
2025/2026,BSC St. Georgen 1,2420,100873,Andreas Dittrich,team,
2025/2026,BSC St. Georgen 1,2420,350473,Gabriele Winzer-Moser,team,
2025/2026,BSC St. Georgen 1,2420,353157,Daniel Naumann,team,
2025/2026,BSC St. Georgen 1,2420,102804,Tobias Lesniak,team,
2025/2026,BSV Tiengen 4,2425,104101,Peter Schmidt,team,
2025/2026,BSV Tiengen 4,2425,101745,Rainer Heilmann,team,
2025/2026,BSV Tiengen 4,2425,351926,Lucia Birsner,team,
2025/2026,BSV Tiengen 4,2425,368493,Jürgen Porzelt,team,
2025/2026,BSV Tiengen 4,2425,100501,Rainer Braun,team,
2025/2026,BV Villingen-Schwenningen 2,2426,101451,Steffen Graf,team,
2025/2026,BV Villingen-Schwenningen 2,2426,224549,Stefan Weiner,team,
2025/2026,BV Villingen-Schwenningen 2,2426,368616,Mark Szinger,team,
2025/2026,BV Villingen-Schwenningen 2,2426,103842,Dennis Rothaug,team,
2025/2026,BV Villingen-Schwenningen 2,2426,368274,Mark Pfaffenrodt,team,
2025/2026,BV Villingen-Schwenningen 2,2426,101571,Andreas Gut,team,
2025/2026,BV Villingen-Schwenningen 2,2426,245559,Marko Stapel,team,
2025/2026,BV Villingen-Schwenningen 2,2426,103185,Stephan Moser,team,
2025/2026,BV Villingen-Schwenningen 2,2426,250788,Lucas Ruschke,team,
2025/2026,BV Villingen-Schwenningen 2,2426,101737,Svenja Schwarzkopf,team,
2025/2026,BV Villingen-Schwenningen 2,2426,105001,Hannes Westphal,team,
2025/2026,PBC Bräunlingen 2,2427,105130,Hakan Yaratici,team,
2025/2026,PBC Bräunlingen 2,2427,253265,Simon Kemmerling,team,
2025/2026,PBC Bräunlingen 2,2427,104199,Bernd Schröder,team,
2025/2026,PBC Bräunlingen 2,2427,102926,Matthias Maier,team,
2025/2026,PBC Bräunlingen 2,2427,368720,Domenik Dreibach,team,
2025/2026,PBC Bräunlingen 2,2427,104760,Damir Vidovic,team,
2025/2026,PBC Bräunlingen 2,2427,101838,Stefan Herms,team,
2025/2026,PBC Bräunlingen 2,2427,103813,Mario Rosenkranz,team,
2025/2026,PBC Bräunlingen 2,2427,368721,Dominik Mogel,team,
2025/2026,PBC Bräunlingen 2,2427,102767,Daniel Lehmann,team,
2025/2026,PBC Bräunlingen 2,2427,102406,Axel Klimmer,team,
2025/2026,PBC Bräunlingen 2,2427,103932,Roland Sauter,team,
2025/2026,PBC Offenburg 5,2481,368266,Luka Antic,team,
2025/2026,PBC Offenburg 5,2481,368318,Joey Isenmann,team,
2025/2026,PBC Offenburg 5,2481,368296,Axel Isenmann,team,
2025/2026,PBC Offenburg 5,2481,369029,Hoai Tu Anh Nguyen,team,
2025/2026,PBC Offenburg 5,2481,369030,Daniel Cavalleri,team,
2025/2026,PBC Offenburg 5,2481,369120,Jonas Müller,team,
2025/2026,PBC Freudenstadt 3,2465,104258,Florian Schwägler,team,
2025/2026,PBC Freudenstadt 3,2465,100060,Marc Allinger,team,
2025/2026,PBC Freudenstadt 3,2465,104365,Asmir Sinanovic,team,
2025/2026,PBC Freudenstadt 3,2465,247957,Stefan Vater,team,
2025/2026,PBC Freudenstadt 3,2465,368692,Mirjan Hidri,team,
2025/2026,PBC Freudenstadt 3,2465,249080,Uwe Machalett,team,
2025/2026,PBC Freudenstadt 3,2465,100319,Rolf Berkowitz,team,
2025/2026,PBC Freudenstadt 3,2465,252216,Danny Golling,team,
2025/2026,PBC Freudenstadt 3,2465,102170,Patricia Kaffesi,team,
2025/2026,PBC Freudenstadt 3,2465,103651,Frank Reichert,team,
2025/2026,P&S Denzlingen 4,2476,369054,Dennis Knoblauch,team,
2025/2026,P&S Denzlingen 4,2476,369045,Lars Jäger,team,
2025/2026,P&S Denzlingen 4,2476,369046,David Hackenberg,team,
2025/2026,P&S Denzlingen 4,2476,369052,Fabian Hergesell,team,
2025/2026,P&S Denzlingen 4,2476,368414,Lulzim Ramliku,team,
2025/2026,P&S Denzlingen 4,2476,368275,Ryan Grabowski,team,
2025/2026,P&S Denzlingen 4,2476,368589,Reshawn Spann,team,
2025/2026,PBC Offenburg 6,2481,102298,Kurt Kempf,team,
2025/2026,PBC Offenburg 6,2481,368044,Jörg Wolf,team,
2025/2026,PBC Offenburg 6,2481,101818,Melanie Henschel,team,
2025/2026,PBC Offenburg 6,2481,102862,Melanie Kiefer,team,
2025/2026,PBC Offenburg 6,2481,369170,Martin Gießler,team,
2025/2026,PBC Offenburg 6,2481,369092,Daniela Heide,team,
2025/2026,BC Feuersee 4,2496,368419,Catalin Damian,team,
2025/2026,BC Feuersee 4,2496,350315,Ralf Hohlfeld,team,
2025/2026,BC Feuersee 4,2496,250188,Thorsten Kupske,team,
2025/2026,BC Feuersee 4,2496,356269,Michael Metzger,team,
2025/2026,BC Feuersee 4,2496,368283,Andreas Höhn,team,
2025/2026,BC Feuersee 4,2496,245236,Dominic Seeger,team,
2025/2026,BC Feuersee 4,2496,240283,Wilhelm Engelbrecht,team,
2025/2026,BC Feuersee 4,2496,367253,Rolf Göllner,team,
2025/2026,BC Feuersee 4,2496,368936,Steffen Runge,team,
2025/2026,BC Feuersee 4,2496,351040,Marcel Twardon,team,
2025/2026,BC Sindelfingen 8,2462,355875,Mohammed Ali Bemah,team,
2025/2026,BC Sindelfingen 8,2462,369102,Ferdinand Widjaja,team,
2025/2026,BC Sindelfingen 8,2462,251014,Michael Gärttner,team,
2025/2026,BC Sindelfingen 8,2462,368402,Cuong Dao-Ngoc,team,
2025/2026,BC Sindelfingen 8,2462,368823,Adeeb Bitar,team,
2025/2026,BC Sindelfingen 8,2462,242957,Ingo Mann,team,
2025/2026,BC Sindelfingen 8,2462,368178,Thomas Hirschberger,team,
2025/2026,BC Sindelfingen 8,2462,368905,Irina Wörle,team,
2025/2026,BC Sindelfingen 8,2462,368358,Cüneyt Öner,team,
2025/2026,BC Stuttgart 1891 4,2497,369147,Kristan Bailey,team,
2025/2026,BC Stuttgart 1891 4,2497,368716,Esad Selim Gündüz,team,
2025/2026,BC Stuttgart 1891 4,2497,369016,Catalin-Florin Petrescu,team,
2025/2026,BC Stuttgart 1891 4,2497,368842,Michael Seil,team,
2025/2026,BC Stuttgart 1891 4,2497,369015,Marouen Marzouki,team,
2025/2026,BC Stuttgart 1891 4,2497,369013,Marius-Ionut Baniceru,team,
2025/2026,BC Stuttgart 1891 4,2497,368879,Brian Wright,team,
2025/2026,BC Stuttgart 1891 4,2497,369014,Alexandru-Nicolae Baniceru,team,
2025/2026,BC Stuttgart 1891 4,2497,100481,Silke Brand,team,
2025/2026,BC Stuttgart 1891 4,2497,368698,Alexander Seil,team,
2025/2026,BC Stuttgart 1891 4,2497,369012,Florian-Madalin Baniceru,team,
2025/2026,BC Stuttgart 1891 4,2497,369017,Oliver Hasenfuß,team,
2025/2026,BC Stuttgart 1891 3,2497,368893,Sukhbat Batjargal,team,
2025/2026,BC Stuttgart 1891 3,2497,102758,Joachim Lechenbauer,team,
2025/2026,BC Stuttgart 1891 3,2497,369027,Tien Tan Nguyen,team,
2025/2026,BC Stuttgart 1891 3,2497,368960,Tien Dat Le,team,
2025/2026,BC Stuttgart 1891 3,2497,368622,Vy Le Tuong,team,
2025/2026,BC Stuttgart 1891 3,2497,103864,Peter Rueff,team,
2025/2026,BC Stuttgart 1891 3,2497,368809,Phat Truong,team,
2025/2026,BC Stuttgart 1891 3,2497,368807,Bayartsetseg Tsogoo,team,
2025/2026,BC Stuttgart 1891 3,2497,368894,Christian Di Lella,team,
2025/2026,BC Stuttgart 1891 3,2497,103552,Claudio Pontuti,team,
2025/2026,BC Stuttgart 1891 3,2497,368879,Brian Wright,team,
2025/2026,BV Backnang/Welzheim 1,2454,245005,Yasar Mak,team,
2025/2026,BV Backnang/Welzheim 1,2454,104795,Tankred Volkmer,team,
2025/2026,BV Backnang/Welzheim 1,2454,368443,Wolfgang Laun,team,
2025/2026,BV Backnang/Welzheim 1,2454,100117,Tobias Auer,team,
2025/2026,BV Backnang/Welzheim 1,2454,368620,Paul Halton,team,
2025/2026,BV Backnang/Welzheim 1,2454,164805,Thomas Wilczek,team,
2025/2026,BV Backnang/Welzheim 1,2454,369174,Kevin Hähnel,team,
2025/2026,BV Backnang/Welzheim 1,2454,238915,Oktay Aydinoglu,team,
2025/2026,PBC Aalen 2,2502,368827,Tobias Reisner,team,
2025/2026,PBC Aalen 2,2502,368450,Jürgen Reisner,team,
2025/2026,PBC Aalen 2,2502,368458,Timo Buske,team,
2025/2026,PBC Aalen 2,2502,368707,Peter Gerlach,team,
2025/2026,PBC Aalen 2,2502,104284,Markus Schwenke,team,
2025/2026,PBC Aalen 2,2502,368237,Pia Albersmeier,team,
2025/2026,PBC Aalen 2,2502,368312,Christin Jentsch,team,
2025/2026,TV Cannstatt 5,2507,101945,Thomas Höger,team,
2025/2026,TV Cannstatt 5,2507,105162,Axel Zeh,team,
2025/2026,TV Cannstatt 5,2507,368208,Josip Ceko,team,
2025/2026,TV Cannstatt 5,2507,100421,Robert Bogdan,team,
2025/2026,TV Cannstatt 5,2507,368505,Markus Löscher,team,
2025/2026,TV Cannstatt 5,2507,366248,Matthias Stolz,team,
2025/2026,TV Cannstatt 5,2507,368993,Athanasios Sarafoudis,team,
2025/2026,PBC Bietigheim-Bissingen 3,2455,354685,Joachim Luft,team,
2025/2026,PBC Bietigheim-Bissingen 3,2455,368412,David Agonafer,team,
2025/2026,PBC Bietigheim-Bissingen 3,2455,100156,Hans-Jürgen Bailer,team,
2025/2026,PBC Bietigheim-Bissingen 3,2455,368409,Lothar Hirsch,team,
2025/2026,PBC Bietigheim-Bissingen 3,2455,368909,Thilo Ertmann,team,
2025/2026,PBC Bietigheim-Bissingen 3,2455,368267,Jochen Schütz,team,
2025/2026,PBC Bietigheim-Bissingen 3,2455,369097,Aris Kuhlmann,team,
2025/2026,BULL Leonberg-Höfingen 3,2463,368119,Michael Röhrle,team,
2025/2026,BULL Leonberg-Höfingen 3,2463,102626,Thomas Krüger,team,
2025/2026,BULL Leonberg-Höfingen 3,2463,100092,Charalampos Antonogiorgakis,team,
2025/2026,BULL Leonberg-Höfingen 3,2463,368577,Otto Stefan Witt,team,
2025/2026,BULL Leonberg-Höfingen 3,2463,100325,Susi Harbrecht-Berndt,team,
2025/2026,BULL Leonberg-Höfingen 3,2463,102896,Harry Luxenhofer,team,
2025/2026,BULL Leonberg-Höfingen 3,2463,368715,Finn Großmann,team,
2025/2026,BULL Leonberg-Höfingen 3,2463,368841,Diego Meier,team,
2025/2026,BULL Leonberg-Höfingen 3,2463,368733,Matthis Meier,team,
2025/2026,BULL Leonberg-Höfingen 3,2463,369083,Jürgen Wöhr,team,
2025/2026,PBC Nagoldtal 3,2466,103756,Norbert Ritschel,team,
2025/2026,PBC Nagoldtal 3,2466,104870,Tobias Walz,team,
2025/2026,PBC Nagoldtal 3,2466,368423,Stefanie Brakopp,team,
2025/2026,PBC Nagoldtal 3,2466,369123,Mete Mutlu,team,
2025/2026,PBC Nagoldtal 3,2466,101574,Michael Haag,team,
2025/2026,PBC Nagoldtal 3,2466,368222,Sven Schulz,team,
2025/2026,PBC Nagoldtal 3,2466,102047,Xhemajil Ibrahimi,team,
2025/2026,PBC Nagoldtal 3,2466,242888,Andreas Schmid,team,
2025/2026,PBC Nagoldtal 3,2466,100618,Stefan Burmeister,team,
2025/2026,PBC Nagoldtal 3,2466,368425,Björn Finkbeiner,team,
2025/2026,BC Feuersee 3,2496,368664,Petar Popov,team,
2025/2026,BC Feuersee 3,2496,368662,Genta Gunawan,team,
2025/2026,BC Feuersee 3,2496,368109,Yao Wang,team,
2025/2026,BC Feuersee 3,2496,368671,Quynh Ngo,team,
2025/2026,BC Feuersee 3,2496,368585,Richard Diopa,team,
2025/2026,BC Feuersee 3,2496,368936,Steffen Runge,team,
2025/2026,BC Feuersee 3,2496,104615,Heiko Thomas,team,
2025/2026,BC Feuersee 3,2496,368035,Gürhan Ag,team,
2025/2026,PBC Rastatt 3,2482,103882,Alfred Rutkowski,team,
2025/2026,PBC Rastatt 3,2482,369008,Dario Borkovic,team,
2025/2026,PBC Rastatt 3,2482,367976,Antonio Pejic,team,
2025/2026,PBC Rastatt 3,2482,369007,Christian Herre,team,
2025/2026,PBC Rastatt 3,2482,369006,Michael Rozmann,team,
2025/2026,PBC Rastatt 3,2482,368561,Mike Siege,team,
2025/2026,PBC Rastatt 3,2482,368910,Jannik Albath,team,
2025/2026,PF Calw 1,2471,101289,Thomas Gäckle,team,
2025/2026,PF Calw 1,2471,248741,Oliver Hauke,team,
2025/2026,PF Calw 1,2471,249359,Florian Pasch,team,
2025/2026,PF Calw 1,2471,245346,Michael Minnerop,team,
2025/2026,PF Calw 1,2471,242955,Manfred Kalliehs,team,
2025/2026,PF Calw 1,2471,103686,Michael Reiser,team,
2025/2026,PF Calw 1,2471,248742,Mark Epple,team,
2025/2026,PF Calw 1,2471,252092,Felix Häntschel,team,
2025/2026,PF Calw 1,2471,368860,Wolfgang Krüger,team,
2025/2026,PF Calw 1,2471,368984,Michael Müller,team,
2025/2026,PF Calw 1,2471,368871,Sebastian Engel,team,
2025/2026,PF Calw 1,2471,351324,Hubert Keller,team,
2025/2026,PF Calw 1,2471,368110,Herbert Vogel,team,
2025/2026,PF Calw 1,2471,105197,Pascal Ziegler,team,
2025/2026,TV Cannstatt 4,2507,247196,Marc-Andre Barisch,team,
2025/2026,TV Cannstatt 4,2507,369173,Fatjon Balloshi,team,
2025/2026,TV Cannstatt 4,2507,246933,Daniel Nieter,team,
2025/2026,TV Cannstatt 4,2507,104742,Luis Varon Marques,team,
2025/2026,TV Cannstatt 4,2507,368761,Frank Vollath,team,
2025/2026,TV Cannstatt 4,2507,101587,Rainer Habelt,team,
2025/2026,TV Cannstatt 4,2507,101945,Thomas Höger,team,
2025/2026,TV Cannstatt 4,2507,368505,Markus Löscher,team,
2025/2026,TV Cannstatt 4,2507,369070,Robert Pinczker,team,
2025/2026,PP Böblingen 2,2472,246406,Dominik Krenzer,team,
2025/2026,PP Böblingen 2,2472,367912,Nikolaos Seristatidis,team,
2025/2026,PP Böblingen 2,2472,242747,Thomas Mooshammer,team,
2025/2026,PP Böblingen 2,2472,242976,Anastasios Kagelidis,team,
2025/2026,PP Böblingen 2,2472,353895,Thorgen Brett,team,
2025/2026,PP Böblingen 2,2472,102379,Daniel Klapper,team,
2025/2026,CC Karlsruhe 4,2437,369085,Sascha Baltschukat,team,
2025/2026,CC Karlsruhe 4,2437,101995,Dietmar Horst,team,
2025/2026,CC Karlsruhe 4,2437,102519,Udo Koppenhöfer,team,
2025/2026,CC Karlsruhe 4,2437,367924,Andreas Hollesen,team,
2025/2026,CC Karlsruhe 4,2437,368379,Thomas Sander,team,
2025/2026,CC Karlsruhe 4,2437,355165,Katrin Quaschinsky,team,
2025/2026,CC Karlsruhe 4,2437,355164,Saskia Schirmer,team,
2025/2026,PBV Schwetzingen 7,2494,351842,René Wieczorek,team,
2025/2026,PBV Schwetzingen 7,2494,368683,Jürgen Berninger,team,
2025/2026,PBV Schwetzingen 7,2494,368682,Tilman Rivinius,team,
2025/2026,PBV Schwetzingen 7,2494,368546,Matthias Sommer,team,
2025/2026,PBV Schwetzingen 7,2494,369018,Niklas Schilling,team,
2025/2026,PBV Schwetzingen 7,2494,247503,Claudia Heinen,team,
2025/2026,PBV Schwetzingen 7,2494,368969,Klaus Mülbert,team,
2025/2026,PBV Schwetzingen 7,2494,368743,Dieter Ripp,team,
2025/2026,PBV Schwetzingen 7,2494,354553,Carsten Lendwei,team,
2025/2026,PBV Schwetzingen 7,2494,368982,Markus Schneider,team,
2025/2026,PBV Schwetzingen 7,2494,369020,Markus Schneider,team,
2025/2026,PBC Bruchsal 4,2440,368231,Lars Quitsch,team,
2025/2026,PBC Bruchsal 4,2440,368738,Justus Quitsch,team,
2025/2026,PBC Bruchsal 4,2440,368740,Jürgen Pallmer,team,
2025/2026,PBC Bruchsal 4,2440,368354,Georg Wiesehügel,team,
2025/2026,PBC Bruchsal 4,2440,368737,Lasse Quitsch,team,
2025/2026,PBC Bruchsal 4,2440,368198,Markus Hanagarth,team,
2025/2026,PBC Bruchsal 4,2440,368355,Vincent Wiesehügel,team,
2025/2026,PBC Bruchsal 4,2440,104025,Priska Leven,team,
2025/2026,JS Mingolsheim 4,2439,368526,Ralf Bühler,team,
2025/2026,JS Mingolsheim 4,2439,368538,Niklas Weiß,team,
2025/2026,JS Mingolsheim 4,2439,368938,Daniel Hirsch,team,
2025/2026,JS Mingolsheim 4,2439,368537,Henrik Böker,team,
2025/2026,JS Mingolsheim 4,2439,369131,Lukas Heinz,team,
2025/2026,JS Mingolsheim 4,2439,369115,Stefan Ramp,team,
2025/2026,BC Dallau 2,2433,354451,Timo Lipski,team,
2025/2026,BC Dallau 2,2433,369112,Dennis Rhein,team,
2025/2026,BC Dallau 2,2433,242731,Dirk Schäfauer,team,
2025/2026,BC Dallau 2,2433,353066,Wolfgang Stollberger,team,
2025/2026,BC Dallau 2,2433,368187,Markus Geppert,team,
2025/2026,BC Dallau 2,2433,366412,Sascha Link,team,
2025/2026,BC Dallau 2,2433,368188,Bastian Valinski,team,
2025/2026,BC Dallau 2,2433,100042,Köksal Albayrak,team,
2025/2026,BC Dallau 2,2433,100074,Süleyman Altinyaldiz,team,
2025/2026,BC Dallau 2,2433,100112,Steven Ascione,team,
2025/2026,BC Dallau 2,2433,100798,Murat Deniz,team,
2025/2026,BC Dallau 2,2433,250898,Alexander Friederich,team,
2025/2026,BC Dallau 2,2433,248594,Diana Schäfauer,team,
2025/2026,BC Dallau 2,2433,350684,Markus Wetzel,team,
2025/2026,BC Dallau 2,2433,351663,Tobias Wetzel,team,
2025/2026,BSV Filderstadt 4,2422,369106,Erdem Dikici,team,
2025/2026,BSV Filderstadt 4,2422,101447,Eckart Grabe,team,
2025/2026,BSV Filderstadt 4,2422,245471,Achim Stoll,team,
2025/2026,BSV Filderstadt 4,2422,104635,Raphael Titzmann,team,
2025/2026,BSV Filderstadt 4,2422,244751,Michael Sdrzallek,team,
2025/2026,BSV Filderstadt 4,2422,100370,Frederik Binder,team,
2025/2026,BSV Filderstadt 4,2422,369176,David Hermann,team,
2025/2026,BSV Filderstadt 4,2422,100647,Serkan Candir,team,
2025/2026,BSV Filderstadt 4,2422,368955,Yilmaz Cinar,team,
2025/2026,BSV Filderstadt 4,2422,368913,Agim Mussolaj,team,
2025/2026,BF Bruchsal 4,2435,100585,Arnd Bülow,team,
2025/2026,BF Bruchsal 4,2435,101171,Jochen Föhner,team,
2025/2026,BF Bruchsal 4,2435,355290,Roland Huber,team,
2025/2026,BF Bruchsal 4,2435,101830,Jutta Ute Kreimes,team,
2025/2026,BF Bruchsal 4,2435,101190,Jürgen Frank,team,
2025/2026,BF Bruchsal 4,2435,102426,Roland Knecht,team,
2025/2026,BSV Pfullingen 2,2424,251775,Joao Rodrigues,team,
2025/2026,BSV Pfullingen 2,2424,157028,Peter Restle,team,
2025/2026,BSV Pfullingen 2,2424,104286,Andre Schwenzfeier,team,
2025/2026,BSV Pfullingen 2,2424,100889,Bernd Dorenburg,team,
2025/2026,BSV Pfullingen 2,2424,368156,Kevin Patrick Fischer,team,
2025/2026,BSV Pfullingen 2,2424,229045,Ulrich Schäfer,team,
2025/2026,BSV Pfullingen 2,2424,356163,Bruno Schuon,team,
2025/2026,BSV Pfullingen 2,2424,367953,Mark Mende,team,
2025/2026,BSV Pfullingen 2,2424,245247,Fabian Rapp,team,
2025/2026,BSV Pfullingen 2,2424,369171,Hamza Benslimane,team,
2025/2026,BSV Pfullingen 2,2424,250221,Marco Bunke,team,
2025/2026,BSV Pfullingen 2,2424,102186,Daniel Kalnak,team,
2025/2026,Tübinger BC 2,2431,356369,Alexander Fischer,team,
2025/2026,Tübinger BC 2,2431,242992,Mark Hast,team,
2025/2026,Tübinger BC 2,2431,368820,Patrick Coklica,team,
2025/2026,Tübinger BC 2,2431,368821,Partha Ghosh,team,
2025/2026,Tübinger BC 2,2431,368517,Hannes Reißner,team,
2025/2026,Tübinger BC 2,2431,368249,Ali Deyhimi,team,
2025/2026,Tübinger BC 2,2431,104597,Rüdiger Theis,team,
2025/2026,Tübinger BC 2,2431,369124,Adham Mohamed,team,
2025/2026,Tübinger BC 2,2431,349809,Dietmar Karoli,team,
2025/2026,Tübinger BC 2,2431,102721,Johannes Mai,team,
2025/2026,Tübinger BC 2,2431,249083,Simon Theodoropoulos,team,
2025/2026,Tübinger BC 3,2431,369057,Francesco Dragotta,team,
2025/2026,Tübinger BC 3,2431,248185,Peter Baur,team,
2025/2026,Tübinger BC 3,2431,369056,Kevin Minardi,team,
2025/2026,Tübinger BC 3,2431,101988,Andreas Horn,team,
2025/2026,Tübinger BC 3,2431,368822,Michael Maihöfer,team,
2025/2026,Tübinger BC 3,2431,229104,Cornelius Ryan,team,
2025/2026,Tübinger BC 3,2431,354369,Uwe Jansen,team,
2025/2026,Tübinger BC 3,2431,368820,Patrick Coklica,team,
2025/2026,Tübinger BC 3,2431,368249,Ali Deyhimi,team,
2025/2026,Tübinger BC 3,2431,356369,Alexander Fischer,team,
2025/2026,Tübinger BC 3,2431,242992,Mark Hast,team,
2025/2026,Tübinger BC 3,2431,104597,Rüdiger Theis,team,
2025/2026,CC Karlsruhe 3,2437,368832,Timm Ganske,team,
2025/2026,CC Karlsruhe 3,2437,103436,Rainer Ott,team,
2025/2026,CC Karlsruhe 3,2437,102327,Ute Kiefer,team,
2025/2026,CC Karlsruhe 3,2437,367532,Lorenzo Ammazzini,team,
2025/2026,CC Karlsruhe 3,2437,102518,Ralf Koppenhöfer,team,
2025/2026,CC Karlsruhe 3,2437,240263,Harry Kowalczyk,team,
2025/2026,CC Karlsruhe 3,2437,369084,Dejan Hajdukovic,team,
2025/2026,Mannheimer BF 5,2517,354510,Michael Schmitt,team,
2025/2026,Mannheimer BF 5,2517,100388,Uwe Bitsch,team,
2025/2026,Mannheimer BF 5,2517,367831,Hugo Uhrig,team,
2025/2026,Mannheimer BF 5,2517,353038,Brigitte Uhrig,team,
2025/2026,Mannheimer BF 5,2517,104892,Jürgen Weber,team,
2025/2026,Mannheimer BF 5,2517,353387,Daniela Behrend,team,
2025/2026,Mannheimer BF 5,2517,353918,Rene Hammann,team,
2025/2026,PBC Bruchsal 3,2440,102759,Harald Leder,team,
2025/2026,PBC Bruchsal 3,2440,368193,Marius Witt,team,
2025/2026,PBC Bruchsal 3,2440,252901,Evi Leder,team,
2025/2026,PBC Bruchsal 3,2440,368194,Maxime Tereba,team,
2025/2026,PBC Bruchsal 3,2440,368198,Markus Hanagarth,team,
2025/2026,PBC Bruchsal 3,2440,104025,Priska Leven,team,
2025/2026,PBC Bruchsal 3,2440,368192,Pascal Witt,team,
2025/2026,PBC Bruchsal 3,2440,240228,Florian Walther,team,
2025/2026,JS Mingolsheim 3,2439,368530,Oliver Macco,team,
2025/2026,JS Mingolsheim 3,2439,369032,Waldemar Müller,team,
2025/2026,JS Mingolsheim 3,2439,368584,Lukas Böser,team,
2025/2026,JS Mingolsheim 3,2439,368840,Hasanian Altamermi,team,
2025/2026,JS Mingolsheim 3,2439,368526,Ralf Bühler,team,
2025/2026,JS Mingolsheim 3,2439,369031,Rudolf Rolsin,team,
2025/2026,Pool Knights Bensheim 3,3113,368468,Dennis Dreissigacker,team,
2025/2026,Pool Knights Bensheim 3,3113,368483,Armin Mühlich,team,
2025/2026,Pool Knights Bensheim 3,3113,368874,Marcus Winter,team,
2025/2026,Pool Knights Bensheim 3,3113,368911,Tobias Simmon,team,
2025/2026,Pool Knights Bensheim 3,3113,368471,Eugenio Sousa Blanco,team,
2025/2026,Pool Knights Bensheim 3,3113,368625,Ilona Proissl,team,
2025/2026,Pool Knights Bensheim 3,3113,368758,Bernd Wasserrab,team,
2025/2026,PBV Schwetzingen 9,2494,368385,Heidwin Sommer,team,
2025/2026,PBV Schwetzingen 9,2494,245275,Richard Cornely,team,
2025/2026,PBV Schwetzingen 9,2494,101020,Wolfgang Engelhardt,team,
2025/2026,PBV Schwetzingen 9,2494,242950,Rudolf Schulz,team,
2025/2026,PBV Schwetzingen 9,2494,245269,Nuno Brenner Miguel,team,
2025/2026,PBV Schwetzingen 9,2494,369019,Stefan Schilling,team,
2025/2026,BC Bad Schussenried 4,2401,368111,Ali Cetin,team,
2025/2026,BC Bad Schussenried 4,2401,368904,Dietmar Helfrich,team,
2025/2026,BC Bad Schussenried 4,2401,367932,Jürgen Kieble,team,
2025/2026,BC Bad Schussenried 4,2401,367939,Tommaso Parisi,team,
2025/2026,BC Bad Schussenried 4,2401,367940,Siegfried Brockmann,team,
2025/2026,BC Bad Schussenried 4,2401,367972,Massimo Gabriele,team,
2025/2026,BC Bad Schussenried 4,2401,367938,Samir Javor,team,
2025/2026,BC Bad Schussenried 5,2401,353844,Manuel Aschenbrenner,team,
2025/2026,BC Bad Schussenried 5,2401,368545,Patrick Wilczek,team,
2025/2026,BC Bad Schussenried 5,2401,355824,Tobias Abt,team,
2025/2026,BC Bad Schussenried 5,2401,100413,Nikolaus Blum,team,
2025/2026,BC Bad Schussenried 5,2401,367927,Andreas Wagner,team,
2025/2026,BC Bad Schussenried 5,2401,368241,Victor Rodriguez,team,
2025/2026,BC Weingarten 2,2403,368765,Dejvid Skender,team,
2025/2026,BC Weingarten 2,2403,104617,Fabian Thoma-Schuck,team,
2025/2026,BC Weingarten 2,2403,368027,Alfred Hellrigl,team,
2025/2026,BC Weingarten 2,2403,368764,Franz Hochenegg,team,
2025/2026,BC Weingarten 2,2403,368430,Roland Kirchmaier,team,
2025/2026,BC Weingarten 2,2403,368762,Tien Dat Ngo,team,
2025/2026,BC Weingarten 2,2403,368766,Levend Bas,team,
2025/2026,BC Weingarten 2,2403,368767,Jagaganmohan Reddy,team,
2025/2026,BC Weingarten 2,2403,228632,Sascha Nyffeler,team,
2025/2026,PBC Bad Saulgau 2,2411,367964,Dominik Weitzmann,team,
2025/2026,PBC Bad Saulgau 2,2411,248184,Benjamin Heck,team,
2025/2026,PBC Bad Saulgau 2,2411,246408,Jan Weber,team,
2025/2026,PBC Bad Saulgau 2,2411,368550,Ahmet Bumin,team,
2025/2026,PBC Bad Saulgau 2,2411,354666,Andrew Steinhauer,team,
2025/2026,PBC Bad Saulgau 2,2411,368512,Sebastian Dettling,team,
2025/2026,PBC Bad Saulgau 2,2411,369132,Jürgen Großkopf,team,
2025/2026,PBC Bad Saulgau 2,2411,353736,Dario Dakovic,team,
2025/2026,PBC Bad Saulgau 2,2411,368140,Mathias Hehle,team,
2025/2026,BF Bronnen 1,2405,368597,Alper Körpe,team,
2025/2026,BF Bronnen 1,2405,100918,Thomas Drey,team,
2025/2026,BF Bronnen 1,2405,240028,Holger Aydin,team,
2025/2026,BF Bronnen 1,2405,369068,Artur Maximow,team,
2025/2026,BF Bronnen 1,2405,369067,Sasa Kikic,team,
2025/2026,BF Bronnen 1,2405,369066,Izet Nokic,team,
2025/2026,BF Bronnen 1,2405,369065,Mustafa Ilkaya,team,
2025/2026,BF Bronnen 1,2405,352583,Harald Feuerlein,team,
2025/2026,BF Bronnen 1,2405,104152,Tobias Schneider,team,
2025/2026,BF Bronnen 1,2405,242770,Manuela Schmid,team,
2025/2026,PBC Ochsenhausen 2,2416,104610,Erwin Thoma,team,
2025/2026,PBC Ochsenhausen 2,2416,368878,Theo Georgoudious,team,
2025/2026,PBC Ochsenhausen 2,2416,368978,Julian Schank,team,
2025/2026,PBC Ochsenhausen 2,2416,368524,Kurt Ljokaj,team,
2025/2026,PBC Ochsenhausen 2,2416,104354,Manfred Sieweke,team,
2025/2026,PBC Ochsenhausen 2,2416,228708,Hans Heuschmid,team,
2025/2026,PBC Ochsenhausen 3,2416,368516,Uwe Barth,team,
2025/2026,PBC Ochsenhausen 3,2416,104206,Anton Schubert,team,
2025/2026,PBC Ochsenhausen 3,2416,228708,Hans Heuschmid,team,
2025/2026,PBC Ochsenhausen 3,2416,104085,Werner Schmidberger,team,
2025/2026,PBC Ochsenhausen 3,2416,228713,Erich Wohllaib,team,
2025/2026,PBC Ochsenhausen 3,2416,104354,Manfred Sieweke,team,
2025/2026,PBC Ochsenhausen 3,2416,369167,Dusan Livaja,team,
2025/2026,PBC Ochsenhausen 3,2416,104888,Florian Weber,team,
2025/2026,PBC Ochsenhausen 3,2416,353435,Jochen Geiß,team,
2025/2026,BV Pforzheim 4,2464,368643,Viktor Tschin,team,
2025/2026,BV Pforzheim 4,2464,369117,Markus Wiedermann,team,
2025/2026,BV Pforzheim 4,2464,101383,Berthold Gillich,team,
2025/2026,BV Pforzheim 4,2464,102225,Habib Karadal,team,
2025/2026,BV Pforzheim 4,2464,366201,Patrik Graf,team,
2025/2026,BV Pforzheim 4,2464,100778,Andreas Decker,team,
2025/2026,BV Pforzheim 4,2464,369118,Lutz Steinbach,team,
2025/2026,BV Pforzheim 4,2464,368329,Thomas Hemminger,team,
2025/2026,BV Pforzheim 4,2464,368324,Angelo Lázaro Colucci,team,
2025/2026,BV Pforzheim 4,2464,368330,Kalea Hemminger,team,
2025/2026,BC Sindelfingen 7,2462,368394,Christian Thanner,team,
2025/2026,BC Sindelfingen 7,2462,368393,Thomas Frommer,team,
2025/2026,BC Sindelfingen 7,2462,369104,Vladimir Poplakov,team,
2025/2026,BC Sindelfingen 7,2462,368386,Henry Spang,team,
2025/2026,BC Sindelfingen 7,2462,368773,Dragan Pajovic,team,
2025/2026,BC Sindelfingen 7,2462,368582,Corinna Weigelt,team,
2025/2026,BC Sindelfingen 7,2462,350685,Frank-Bernd Wieczorek,team,
2025/2026,BC Sindelfingen 7,2462,369103,Yvonne Boos,team,
2025/2026,BC Sindelfingen 7,2462,368771,Florian Krieg,team,
2025/2026,BC Sindelfingen 7,2462,159294,Christina Schneider-Radunovic,team,
2025/2026,BC Sindelfingen 7,2462,351950,Olaf Schwarz,team,
2025/2026,BULL Leonberg-Höfingen 2,2463,368364,Oliver Marx,team,
2025/2026,BULL Leonberg-Höfingen 2,2463,368659,Lukas Marx,team,
2025/2026,BULL Leonberg-Höfingen 2,2463,368396,Elias Marx,team,
2025/2026,BULL Leonberg-Höfingen 2,2463,368866,Patric Riedel,team,
2025/2026,BULL Leonberg-Höfingen 2,2463,368769,Kristijan Skokic,team,
2025/2026,BULL Leonberg-Höfingen 2,2463,368856,Thomas Graner,team,
2025/2026,TV Cannstatt 3,2507,368835,Pit Kleyersburg,team,
2025/2026,TV Cannstatt 3,2507,369072,Matthias Bader,team,
2025/2026,TV Cannstatt 3,2507,368816,Emilio Caracciolo,team,
2025/2026,TV Cannstatt 3,2507,104742,Luis Varon Marques,team,
2025/2026,TV Cannstatt 3,2507,368504,Finn Schmitz,team,
2025/2026,TV Cannstatt 3,2507,355293,Aurel Casagrande,team,
2025/2026,TV Cannstatt 3,2507,369205,Alexander Gaffal,team,
2025/2026,TV Cannstatt 3,2507,355292,Christian Casagrande,team,
2025/2026,PBC Nagoldtal 2,2466,104685,Machmut Turan,team,
2025/2026,PBC Nagoldtal 2,2466,368224,Hakan Söyler,team,
2025/2026,PBC Nagoldtal 2,2466,105133,Ahmet Yazici,team,
2025/2026,PBC Nagoldtal 2,2466,366176,Stefan Lorenz,team,
2025/2026,PBC Nagoldtal 2,2466,102047,Xhemajil Ibrahimi,team,
2025/2026,PBC Nagoldtal 2,2466,369123,Mete Mutlu,team,
2025/2026,PBC Nagoldtal 2,2466,369204,Robert Bergmann,team,
2025/2026,PBC Nagoldtal 2,2466,103603,Thorsten Rammer,team,
2025/2026,PBC Rastatt 2,2482,240215,Jürgen Müller,team,
2025/2026,PBC Rastatt 2,2482,242837,Martin Weber,team,
2025/2026,PBC Rastatt 2,2482,103800,Raoul-Robert Ronto,team,
2025/2026,PBC Rastatt 2,2482,368850,Alicia Baum,team,
2025/2026,PBC Rastatt 2,2482,368522,Jens Schrader,team,
2025/2026,PBC Rastatt 2,2482,368442,Sandra Lutz,team,
2025/2026,PF Calw 2,2471,103686,Michael Reiser,team,
2025/2026,PF Calw 2,2471,242955,Manfred Kalliehs,team,
2025/2026,PF Calw 2,2471,248742,Mark Epple,team,
2025/2026,PF Calw 2,2471,245346,Michael Minnerop,team,
2025/2026,PF Calw 2,2471,368984,Michael Müller,team,
2025/2026,PF Calw 2,2471,368860,Wolfgang Krüger,team,
2025/2026,PF Calw 2,2471,249359,Florian Pasch,team,
2025/2026,PF Calw 2,2471,252092,Felix Häntschel,team,
2025/2026,PF Calw 2,2471,248741,Oliver Hauke,team,
2025/2026,PF Calw 2,2471,368871,Sebastian Engel,team,
2025/2026,PBV Schwetzingen 8,2494,368969,Klaus Mülbert,team,
2025/2026,PBV Schwetzingen 8,2494,101758,Martin Heinrich,team,
2025/2026,PBV Schwetzingen 8,2494,368965,Peter Schwab,team,
2025/2026,PBV Schwetzingen 8,2494,368743,Dieter Ripp,team,
2025/2026,PBV Schwetzingen 8,2494,368682,Tilman Rivinius,team,
2025/2026,PBV Schwetzingen 8,2494,368385,Heidwin Sommer,team,
2025/2026,PBV Schwetzingen 8,2494,368681,Franz Rehberger,team,
2025/2026,PBV Schwetzingen 8,2494,247503,Claudia Heinen,team,
2025/2026,Mannheimer BF 4,2517,102396,Daniel Kleine,team,
2025/2026,Mannheimer BF 4,2517,101823,Andreas Guenier,team,
2025/2026,Mannheimer BF 4,2517,368618,Oliver Alunni,team,
2025/2026,Mannheimer BF 4,2517,221366,Henning Wilkner,team,
2025/2026,Mannheimer BF 4,2517,104090,Bernd Schmidt,team,
2025/2026,Mannheimer BF 4,2517,354558,Angelika Kaune,team,
2025/2026,Mannheimer BF 4,2517,101363,Oliver Geuder,team,
2025/2026,Mannheimer BF 4,2517,351633,Jochen Fiedler,team,
2025/2026,Mannheimer BF 4,2517,354510,Michael Schmitt,team,
2025/2026,Mannheimer BF 4,2517,368050,Giuseppe Cortese,team,
2025/2026,Mannheimer BF 4,2517,369144,David Birau,team,
2025/2026,Pool Knights Bensheim 4,3113,368470,Stefan Kling,team,
2025/2026,Pool Knights Bensheim 4,3113,368489,Jonny Silasko,team,
2025/2026,Pool Knights Bensheim 4,3113,368461,Thomas Ehrenfried,team,
2025/2026,Pool Knights Bensheim 4,3113,369142,Paul Ehrlich,team,
2025/2026,Pool Knights Bensheim 4,3113,369141,Marvin Schneider,team,
2025/2026,Pool Knights Bensheim 4,3113,368465,Stephan Lorenz,team,
2025/2026,Pool Knights Bensheim 4,3113,368625,Ilona Proissl,team,
2025/2026,BF Bruchsal 3,2435,104991,Tobias Werner,team,
2025/2026,BF Bruchsal 3,2435,367967,Xenia Völker,team,
2025/2026,BF Bruchsal 3,2435,240171,Steffen Hoffmann,team,
2025/2026,BF Bruchsal 3,2435,369039,Carsten Kalitz,team,
2025/2026,BF Bruchsal 3,2435,101171,Jochen Föhner,team,
2025/2026,BF Bruchsal 3,2435,368779,Fabian Klausmann,team,
2025/2026,BF Bruchsal 3,2435,369168,Dennis Kamuf,team,
2025/2026,BF Weinheim-Viernheim 4,2487,353643,Ernst Fabian,team,
2025/2026,BF Weinheim-Viernheim 4,2487,102069,Lutz Iserhardt,team,
2025/2026,BF Weinheim-Viernheim 4,2487,368603,Matthias Schweickert,team,
2025/2026,BF Weinheim-Viernheim 4,2487,368551,Luca Wolk,team,
2025/2026,BF Weinheim-Viernheim 4,2487,100229,Simone Ganß,team,
2025/2026,BF Weinheim-Viernheim 4,2487,368829,Anja Gaßmann,team,
2025/2026,BF Weinheim-Viernheim 4,2487,368830,Martin Schröder,team,
2025/2026,BC Blaustein,2402,368058,Holger Domdey,team,
2025/2026,BC Blaustein,2402,101317,Frank Gebert,team,
2025/2026,BC Blaustein,2402,104633,Thomas Tischmann,team,
2025/2026,BC Blaustein,2402,103714,Harald Reutter,team,
2025/2026,BC Stuttgart 1891 1,2497,368809,Phat Truong,team,
2025/2026,BSF Kurpfalz 3,2436,102280,Zoltan Kelemen,team,
2025/2026,BSF Kurpfalz 3,2436,101961,Frank Holly,team,
2025/2026,BSF Kurpfalz 3,2436,104775,Volker Vögele,team,
2025/2026,BSF Kurpfalz 3,2436,368557,Christian Süß,team,
2025/2026,BSF Kurpfalz 3,2436,230942,Lisa Knost,team,
2025/2026,BSF Kurpfalz 3,2436,103858,Dieter Ruck,team,
2025/2026,BC Stuttgart 1891 2,2497,368894,Christian Di Lella,team,
2025/2026,BC Stuttgart 1891 2,2497,368960,Tien Dat Le,team,
2025/2026,BC Stuttgart 1891 2,2497,369015,Marouen Marzouki,team,
2025/2026,BC Stuttgart 1891 2,2497,368842,Michael Seil,team,
2025/2026,BC Sindelfingen,2462,353408,Christopher Hopp,team,
2025/2026,BC Sindelfingen,2462,228904,Tobias Hirt,team,
2025/2026,BC Sindelfingen,2462,367959,Kurt Saller,team,
2025/2026,BC Sindelfingen,2462,102694,Daniel La Cognata,team,
2025/2026,BC Sindelfingen,2462,351950,Olaf Schwarz,team,
2025/2026,BV Pforzheim,2464,100972,Benjamin Eiberger,team,
2025/2026,BV Pforzheim,2464,101528,Gerhard Gryschka,team,
2025/2026,BV Pforzheim,2464,240155,Andreas Wittmeier,team,
2025/2026,BV Pforzheim,2464,368643,Viktor Tschin,team,
2025/2026,PBC Freudenstadt 1,2465,103930,Eberhard Sauter,team,
2025/2026,PBC Freudenstadt 1,2465,249124,Joshua Armbruster,team,
2026/2027,BC Sindelfingen 2,2462,104541,Alexander Striker,team,
2026/2027,BC Sindelfingen 2,2462,245948,Aryan Dayyani,team,
2026/2027,BC Sindelfingen 2,2462,227705,Konstantin Miric,team,
2026/2027,BC Sindelfingen 2,2462,160734,Farhad Shahverdi,team,
2026/2027,BC Sindelfingen 2,2462,101724,Robin Heber,team,
2026/2027,BC Sindelfingen 2,2462,368146,Saeid Heydarpour,team,
2026/2027,BC Sindelfingen 2,2462,350393,Oliver Kielwein,team,
2026/2027,BC Stuttgart 1891 1,2497,102918,Holger Maier,team,
2026/2027,BC Stuttgart 1891 1,2497,104208,Thomas Schubert,team,
2026/2027,BC Stuttgart 1891 1,2497,368107,Benjamin Hirschberger,team,
2026/2027,BC Stuttgart 1891 1,2497,103075,Daniel Merbitz,team,
2026/2027,BC Stuttgart 1891 1,2497,251162,Oliver Briem,team,
2026/2027,BC Stuttgart 1891 1,2497,100853,Davut Dikme,team,
2026/2027,PBC Bad Saulgau 1,2411,368299,Christian Schaber,team,
2026/2027,PBC Bad Saulgau 1,2411,100039,Erdal Akinci,team,
2026/2027,PBC Bad Saulgau 1,2411,103306,Fabian Neglein,team,
2026/2027,PBC Bad Saulgau 1,2411,103889,Luigi Sabia,team,
2026/2027,PBC Bad Saulgau 1,2411,102746,Michelangelo Laurano,team,
2026/2027,BV Villingen-Schwenningen 1,2426,101485,Ralf Grießhaber,team,
2026/2027,BV Villingen-Schwenningen 1,2426,101210,Ruben Frick,team,
2026/2027,BV Villingen-Schwenningen 1,2426,368774,Marco Sforza,team,
2026/2027,BV Villingen-Schwenningen 1,2426,368616,Mark Szinger,team,
2026/2027,BV Villingen-Schwenningen 1,2426,112875,Hanno Bröcker,team,
2026/2027,BV Villingen-Schwenningen 1,2426,367960,Thomas Doussos,team,
2026/2027,PBC Waghäusel 1,2442,102352,Udo Kirchgeßner,team,
2026/2027,PBC Waghäusel 1,2442,102663,Andreas Kullmann,team,
2026/2027,PBC Waghäusel 1,2442,103924,Steffen Säubert,team,
2026/2027,PBC Waghäusel 1,2442,102305,Felix Kern,team,
2026/2027,PBV Schwetzingen 2,2494,103072,Florian Menzel,team,
2026/2027,PBV Schwetzingen 2,2494,101926,Heiko Hoffmann,team,
2026/2027,PBV Schwetzingen 2,2494,368024,Mehmet Kapli,team,
2026/2027,PBV Schwetzingen 2,2494,104752,Zehrudin Vereget,team,
2026/2027,PBV Schwetzingen 2,2494,368490,Alexander Kocher,team,
2026/2027,PBV Schwetzingen 1,2494,100014,Marek Adam,team,
2026/2027,PBV Schwetzingen 1,2494,102204,Markus Kamuf,team,
2026/2027,PBV Schwetzingen 1,2494,368490,Alexander Kocher,team,
2026/2027,PBV Schwetzingen 1,2494,101749,Jens Heim,team,
2026/2027,PBV Schwetzingen 1,2494,104092,Christian Schmidt,team,
2026/2027,BC Bad Schussenried 1,2401,367936,Dieter Seitz,team,
2026/2027,BC Bad Schussenried 1,2401,101500,Steffen Gross,team,
2026/2027,BC Bad Schussenried 1,2401,367934,Andreas Loderer,team,
2026/2027,BC Bad Schussenried 1,2401,368015,Stefan Sock,team,
2026/2027,BC Bad Schussenried 1,2401,367968,Károly Kis,team,
2026/2027,BC Sindelfingen 3,2462,353408,Christopher Hopp,team,
2026/2027,BC Sindelfingen 3,2462,246024,Denis Mnich,team,
2026/2027,BC Sindelfingen 3,2462,367986,Vanja Nikolic,team,
2026/2027,BC Sindelfingen 3,2462,228904,Tobias Hirt,team,
2026/2027,BC Sindelfingen 3,2462,100500,Petra Braun,team,
2026/2027,BC Sindelfingen 3,2462,368396,Elias Marx,team,
2026/2027,BSC Göppingen 1,2499,242787,Rainer Hermann,team,
2026/2027,BSC Göppingen 1,2499,252858,Orhan Parama,team,
2026/2027,BSC Göppingen 1,2499,100570,Markus Buck,team,
2026/2027,BSC Göppingen 1,2499,368651,Adhurim Tafa,team,
2026/2027,BSC Göppingen 1,2499,369106,Erdem Dikici,team,
2026/2027,BSV Tiengen 1,2425,100985,Robin Eisele,team,
2026/2027,BSV Tiengen 1,2425,102948,Rolf Mangelsdorf,team,
2026/2027,BSV Tiengen 1,2425,367962,Markus Strauß,team,
2026/2027,BSV Tiengen 1,2425,102370,Kai Kiss,team,
2026/2027,BC Aalen 2,2495,145388,Bernd Hauenstein,team,
2026/2027,BC Aalen 2,2495,251815,Kevin Adamczyk,team,
2026/2027,BC Aalen 2,2495,367913,Jürgen Baumgärtner,team,
2026/2027,BC Aalen 2,2495,157455,Norbert Rollbühler,team,
2026/2027,BV Markdorf 1,2410,369233,Sami Kadriolli,team,
2026/2027,BV Markdorf 1,2410,103167,Daniel Moll,team,
2026/2027,BV Markdorf 1,2410,367944,Thomas Rehmann,team,
2026/2027,BV Markdorf 1,2410,101076,Silvio Fadda,team,
2026/2027,BV Markdorf 1,2410,104852,Manfred Waldvogel,team,
2026/2027,PBC Freudenstadt 1,2465,247955,David Galwas,team,
2026/2027,PBC Freudenstadt 1,2465,102153,Benjamin Jung,team,
2026/2027,PBC Freudenstadt 1,2465,252214,Pascal Sanna,team,
2026/2027,PBC Freudenstadt 1,2465,368579,Sebastian Scherbinin,team,
2026/2027,BSV Tiengen 2,2425,368257,Ihor Lialin,team,
2026/2027,BSV Tiengen 2,2425,368781,Kevin Albert,team,
2026/2027,BSV Tiengen 2,2425,244866,Dominik Netzhammer,team,
2026/2027,BSV Tiengen 2,2425,368506,Seong-Jin Kim,team,
2026/2027,BSV Tiengen 2,2425,368429,Robert Tiffert,team,
2026/2027,BSV Tiengen 2,2425,100945,Stefan Duttlinger,team,
2026/2027,BSV Tiengen 2,2425,253498,Johanna Indlekofer,team,
2026/2027,CC Karlsruhe 1,2437,368202,Angelo Truisi,team,
2026/2027,CC Karlsruhe 1,2437,103209,Dirk Müller,team,
2026/2027,CC Karlsruhe 1,2437,368207,Calvin Waldecker,team,
2026/2027,CC Karlsruhe 1,2437,367977,Michael Breiner,team,
2026/2027,BC Neckarsulm 1,2450,250899,Rouven Elischer,team,
2026/2027,BC Neckarsulm 1,2450,248593,Sebastian Albrecht,team,
2026/2027,BC Neckarsulm 1,2450,103558,Benjamin Pran,team,
2026/2027,BC Neckarsulm 1,2450,240446,Antonio De Gois,team,
2026/2027,BC Neckarsulm 1,2450,102568,Thomas Kramhöller,team,
2026/2027,JS Mingolsheim 1,2439,368526,Ralf Bühler,team,
2026/2027,JS Mingolsheim 1,2439,103581,Matthias Pujic,team,
2026/2027,JS Mingolsheim 1,2439,250306,Luigi Sarullo,team,
2026/2027,JS Mingolsheim 1,2439,103396,Dirk Odenwälder,team,
2026/2027,JS Mingolsheim 1,2439,104726,Christian Utz,team,
2026/2027,JS Mingolsheim 1,2439,111963,Bernd Woitanowski,team,
2026/2027,Mannheimer BF 2,2517,368540,Haydar Chehade,team,
2026/2027,Mannheimer BF 2,2517,368032,Alexander Casper,team,
2026/2027,Mannheimer BF 2,2517,252363,Moritz Rutkowski,team,
2026/2027,Mannheimer BF 2,2517,176381,Marcus Strey,team,
2026/2027,Mannheimer BF 2,2517,104129,Axel Schmucker,team,
2026/2027,Mannheimer BF 2,2517,368688,Fersun Ünsel,team,
2026/2027,Mannheimer BF 2,2517,103064,Carsten Mellmann,team,
2026/2027,PBV Schwetzingen 3,2494,102155,Jens Jung,team,
2026/2027,PBV Schwetzingen 3,2494,102294,Ralf Kempermann,team,
2026/2027,PBV Schwetzingen 3,2494,104507,Florian Stojanoski,team,
2026/2027,PBV Schwetzingen 3,2494,247505,Thomas Sommer,team,
2026/2027,PBV Schwetzingen 3,2494,104767,Celina Visconti,team,
2026/2027,BV Pforzheim 1,2464,250878,Patrick Mungiuri,team,
2026/2027,BV Pforzheim 1,2464,368352,Aleksander Diachkov,team,
2026/2027,BV Pforzheim 1,2464,102603,Stanislaw Kretz,team,
2026/2027,BV Pforzheim 1,2464,104642,Dominik Tonn,team,
2026/2027,PBC Rastatt 1,2482,101994,Gerd Hörrmann,team,
2026/2027,PBC Rastatt 1,2482,102381,Manuel Klappstein,team,
2026/2027,PBC Rastatt 1,2482,242907,Patrick Lauinger,team,
2026/2027,PBC Rastatt 1,2482,103289,Ingo Nassall,team,
2026/2027,Pool Knights Bensheim 1,3113,368484,Jasim Ammar Jasim Al-Khazraji,team,
2026/2027,Pool Knights Bensheim 1,3113,368474,Dieter Neumann,team,
2026/2027,Pool Knights Bensheim 1,3113,368475,Michael Schneider,team,
2026/2027,Pool Knights Bensheim 1,3113,103573,Marc Proissl,team,
2026/2027,Pool Knights Bensheim 1,3113,239196,Stephan Krätschmer,team,
2026/2027,BBC Plochingen 1,2506,353792,Marius Schrimpf,team,
2026/2027,BBC Plochingen 1,2506,101573,Volker Gutzeit,team,
2026/2027,BBC Plochingen 1,2506,251300,Alexander Hemmer,team,
2026/2027,BBC Plochingen 1,2506,368034,Andreas Tschinkel,team,
2026/2027,BC Blaustein 1,2402,368058,Holger Domdey,team,
2026/2027,BC Blaustein 1,2402,101317,Frank Gebert,team,
2026/2027,BC Blaustein 1,2402,103714,Harald Reutter,team,
2026/2027,BC Blaustein 1,2402,104633,Thomas Tischmann,team,
2026/2027,BC Blaustein 1,2402,163715,Marc Wagner,team,
2026/2027,BC Blaustein 1,2402,101658,Torsten Hanisch,team,
2026/2027,BC Blaustein 1,2402,103273,Klaus Mutenzer,team,
2026/2027,BSC Göppingen 2,2499,368922,Yusa Tutucu,team,
2026/2027,BSC Göppingen 2,2499,100904,Martin Doster,team,
2026/2027,BSC Göppingen 2,2499,242796,Frank Schwenk,team,
2026/2027,BSC Göppingen 2,2499,103616,Sebastiano Ratto,team,
2026/2027,BSC Göppingen 2,2499,104379,Silvestar Smokovic,team,
2026/2027,BSC Göppingen 2,2499,369025,Eyvinh Polvito,team,
2026/2027,BSC Göppingen 2,2499,102525,Pavlos Korezelidis,team,
2026/2027,BSC Göppingen 2,2499,104257,Jörg Schwager,team,
2026/2027,BSC Göppingen 2,2499,368651,Adhurim Tafa,team,
2026/2027,BSV Filderstadt 1,2422,252917,Florian Stubert,team,
2026/2027,BSV Filderstadt 1,2422,104635,Raphael Titzmann,team,
2026/2027,BSV Filderstadt 1,2422,100100,Markus Appenowitz,team,
2026/2027,BSV Filderstadt 1,2422,354626,Dirk Ostendorf,team,
2026/2027,BSV Filderstadt 1,2422,103925,Sascha Sauer,team,
2026/2027,BSV Filderstadt 1,2422,103128,Aristidis Michailidis,team,
2026/2027,BC Aalen 3,2495,368042,Haci Eymir,team,
2026/2027,BC Aalen 3,2495,368972,Bessim Bessim Oglou,team,
2026/2027,BC Aalen 3,2495,101670,Horst Hardtke,team,
2026/2027,BC Aalen 3,2495,253141,Timur Susuz,team,
2026/2027,BC Stuttgart 1891 2,2497,104357,Timo Sillner,team,
2026/2027,BC Stuttgart 1891 2,2497,103479,Andreas Pauling,team,
2026/2027,BC Stuttgart 1891 2,2497,104287,Oliver Schwertschlager,team,
2026/2027,BC Stuttgart 1891 2,2497,100941,Thomas Durst,team,
2026/2027,BC Stuttgart 1891 2,2497,242750,Umut Dervis Dikme,team,
2026/2027,BC Stuttgart 1891 2,2497,368107,Benjamin Hirschberger,team,
2026/2027,BC Stuttgart 1891 2,2497,102918,Holger Maier,team,
2026/2027,BC Stuttgart 1891 2,2497,104273,Robert Schwarz,team,
2026/2027,BULL Leonberg-Höfingen 1,2463,123648,Christian Endres,team,
2026/2027,BULL Leonberg-Höfingen 1,2463,368051,Edin Porcic,team,
2026/2027,BULL Leonberg-Höfingen 1,2463,368269,Asim Ramakic,team,
2026/2027,BULL Leonberg-Höfingen 1,2463,368119,Michael Röhrle,team,
2026/2027,BULL Leonberg-Höfingen 1,2463,103790,Fabio Romano,team,
2026/2027,TV Cannstatt 2,2507,100296,Mustafa Benk,team,
2026/2027,TV Cannstatt 2,2507,101390,Marco Giusa,team,
2026/2027,TV Cannstatt 2,2507,368096,Jozsef Zvorinji,team,
2026/2027,TV Cannstatt 2,2507,355901,Alexandar Stankovic,team,
2026/2027,BSC Lions Bietigheim 1,2438,105209,Marvin Zimmer,team,
2026/2027,BSC Lions Bietigheim 1,2438,111155,Önder Coskun,team,
2026/2027,BSC Lions Bietigheim 1,2438,368446,Sebastian Buccheri,team,
2026/2027,BSC Lions Bietigheim 1,2438,105077,Marcus Wittner,team,
2026/2027,BSC Lions Bietigheim 1,2438,368547,Eduard Hartter,team,
2026/2027,BC Sindelfingen 4,2462,355443,Michael Reich,team,
2026/2027,BC Sindelfingen 4,2462,351950,Olaf Schwarz,team,
2026/2027,BC Sindelfingen 4,2462,103634,Stephan Rech-Linker,team,
2026/2027,BC Sindelfingen 4,2462,101264,Bernd Füess,team,
2026/2027,BC Sindelfingen 4,2462,102694,Daniel La Cognata,team,
2026/2027,BC Sindelfingen 4,2462,103910,Petra Sannwald,team,
2026/2027,BSV Pfullingen 1,2424,355803,Randee Ramzi Yalda,team,
2026/2027,BSV Pfullingen 1,2424,100679,Orhan Cetin,team,
2026/2027,BSV Pfullingen 1,2424,102219,Thorsten Kappus,team,
2026/2027,BSV Pfullingen 1,2424,369171,Hamza Benslimane,team,
2026/2027,BSV Pfullingen 1,2424,102497,Markus König,team,
2026/2027,BSV Pfullingen 1,2424,104671,Marcus Trumpp,team,
2026/2027,PBC Nagoldtal 1,2466,249310,Nic Woywodt,team,
2026/2027,PBC Nagoldtal 1,2466,105133,Ahmet Yazici,team,
2026/2027,PBC Nagoldtal 1,2466,104685,Machmut Turan,team,
2026/2027,PBC Nagoldtal 1,2466,104803,Frank Vorauer,team,
2026/2027,PBC Nagoldtal 1,2466,368224,Hakan Söyler,team,
2026/2027,PBC Freudenstadt 2,2465,103654,Michael Reichert,team,
2026/2027,PBC Freudenstadt 2,2465,103930,Eberhard Sauter,team,
2026/2027,PBC Freudenstadt 2,2465,104365,Asmir Sinanovic,team,
2026/2027,PBC Freudenstadt 2,2465,250710,Steffen Feuerbacher,team,
2026/2027,PBC Freudenstadt 2,2465,249124,Joshua Armbruster,team,
2026/2027,PBC Freudenstadt 2,2465,104434,Armin Stauß,team,
2026/2027,PBC Freudenstadt 2,2465,369113,Christoph Brandt,team,
2026/2027,PBC Freudenstadt 2,2465,103314,Jonathan Nestler,team,
2026/2027,BV Pforzheim 2,2464,100972,Benjamin Eiberger,team,
2026/2027,BV Pforzheim 2,2464,100773,Fiorenzo De Nuzzo,team,
2026/2027,BV Pforzheim 2,2464,102225,Habib Karadal,team,
2026/2027,BV Pforzheim 2,2464,240155,Andreas Wittmeier,team,
2026/2027,BV Pforzheim 2,2464,101528,Gerhard Gryschka,team,
2026/2027,Tübinger BC 1,2431,104819,Roland Wacker,team,
2026/2027,Tübinger BC 1,2431,249083,Simon Theodoropoulos,team,
2026/2027,Tübinger BC 1,2431,240143,Konrad Bau,team,
2026/2027,Tübinger BC 1,2431,349790,Wadea Al Mahamid,team,
2026/2027,Tübinger BC 1,2431,102721,Johannes Mai,team,
2026/2027,Tübinger BC 1,2431,229104,Cornelius Ryan,team,
2026/2027,Tübinger BC 1,2431,102864,Matthias Ludersdorfer,team,
2026/2027,PBC Reutlingen 1,2428,368381,Pavlos Dadakos,team,
2026/2027,PBC Reutlingen 1,2428,102114,Andreas Jeschka,team,
2026/2027,PBC Reutlingen 1,2428,102859,Peter Lotterer,team,
2026/2027,PBC Reutlingen 1,2428,369057,Francesco Dragotta,team,
2026/2027,PBC Reutlingen 1,2428,104179,Rainer Schönfeld,team,
2026/2027,PP Böblingen 1,2472,368093,Andreas Zillmann,team,
2026/2027,PP Böblingen 1,2472,245260,Necmi Kolbasar,team,
2026/2027,PP Böblingen 1,2472,242971,Selim Güzel,team,
2026/2027,PP Böblingen 1,2472,242976,Anastasios Kagelidis,team,
2026/2027,PP Böblingen 1,2472,103444,Sercan Özdemir,team,
2026/2027,PP Böblingen 1,2472,351326,Philip Smaczny,team,
2026/2027,PBC Reutlingen 2,2428,369056,Kevin Minardi,team,
2026/2027,PBC Reutlingen 2,2428,366767,Miodrag Adrian Caravila,team,
2026/2027,PBC Reutlingen 2,2428,368802,Okan Ceken,team,
2026/2027,PBC Reutlingen 2,2428,101366,Rasul Ghanavat,team,
2026/2027,PBC Reutlingen 2,2428,369057,Francesco Dragotta,team,
2026/2027,BF Bruchsal 1,2435,103143,Benny-Michel Mildenberger,team,
2026/2027,BF Bruchsal 1,2435,103635,Hendrik Reckers,team,
2026/2027,BF Bruchsal 1,2435,104376,Darius Skowronek,team,
2026/2027,BF Bruchsal 1,2435,252010,Long Werner,team,
2026/2027,BF Weinheim-Viernheim 1,2487,171256,Timo Reinert,team,
2026/2027,BF Weinheim-Viernheim 1,2487,103786,Marco Roll,team,
2026/2027,BF Weinheim-Viernheim 1,2487,102320,Michael Keuker,team,
2026/2027,BF Weinheim-Viernheim 1,2487,102502,Viktor König,team,
2026/2027,BF Weinheim-Viernheim 1,2487,102328,Thomas Kielmann,team,
2026/2027,BC Dallau 1,2433,100531,Lutz Brian,team,
2026/2027,BC Dallau 1,2433,101313,Stefan Gaschler,team,
2026/2027,BC Dallau 1,2433,350683,Kevin Wetzel,team,
2026/2027,BC Dallau 1,2433,351663,Tobias Wetzel,team,
2026/2027,CC Karlsruhe 2,2437,101304,Ralf Ganz,team,
2026/2027,CC Karlsruhe 2,2437,368957,Colin Ketterlin,team,
2026/2027,CC Karlsruhe 2,2437,248469,Fabian Metz,team,
2026/2027,CC Karlsruhe 2,2437,368813,Michael Müns,team,
2026/2027,CC Karlsruhe 2,2437,368833,Kevin Feichtinger,team,
2026/2027,CC Karlsruhe 2,2437,101640,Yves Hamacher,team,
2026/2027,CC Karlsruhe 2,2437,103769,Marcel Roden,team,
2026/2027,CC Karlsruhe 2,2437,103837,Michael Roth,team,
2026/2027,PBC Bruchsal 1,2440,101550,Christoph Günthner,team,
2026/2027,PBC Bruchsal 1,2440,101803,Michael Heneka,team,
2026/2027,PBC Bruchsal 1,2440,104844,Rolf Waible,team,
2026/2027,PBC Bruchsal 1,2440,368739,Jürgen Häffner,team,
2026/2027,PBV Schwetzingen 4,2494,249765,Keven König,team,
2026/2027,PBV Schwetzingen 4,2494,368079,Christian Würthwein,team,
2026/2027,PBV Schwetzingen 4,2494,105217,Karl-Heinz Zimmermann,team,
2026/2027,PBV Schwetzingen 4,2494,368751,Giovanni Genovese,team,
2026/2027,PBV Schwetzingen 4,2494,368503,Marcus Dienst,team,
2026/2027,BC Neckarsulm 2,2450,356371,Jonny Knapp,team,
2026/2027,BC Neckarsulm 2,2450,366458,Besim Rama,team,
2026/2027,BC Neckarsulm 2,2450,104021,Jörg Schick-Bringer,team,
2026/2027,BC Neckarsulm 2,2450,368818,Leon Schick,team,
2026/2027,BC Neckarsulm 2,2450,240446,Antonio De Gois,team,
2026/2027,BC Neckarsulm 2,2450,221926,Valentin Marten,team,
2026/2027,Poolsharks Bruchsal 1,2443,104986,Josef Wermes,team,
2026/2027,Poolsharks Bruchsal 1,2443,252865,Axel Eberle,team,
2026/2027,Poolsharks Bruchsal 1,2443,101744,Wolfgang Heiler,team,
2026/2027,Poolsharks Bruchsal 1,2443,103617,Detlef Ratz,team,
2026/2027,Poolsharks Bruchsal 1,2443,368571,Simon Stoß,team,
2026/2027,P&S Denzlingen 1,2476,242773,Yilmaz Aygün,team,
2026/2027,P&S Denzlingen 1,2476,100996,Marcus Elfenthal,team,
2026/2027,P&S Denzlingen 1,2476,355791,Fabian Durst,team,
2026/2027,P&S Denzlingen 1,2476,368382,Bernd Feierabend,team,
2026/2027,PBC Bräunlingen 1,2427,103183,Berthold Moser,team,
2026/2027,PBC Bräunlingen 1,2427,103932,Roland Sauter,team,
2026/2027,PBC Bräunlingen 1,2427,102406,Axel Klimmer,team,
2026/2027,PBC Bräunlingen 1,2427,104971,Björn Welte,team,
2026/2027,BSV Tiengen 3,2425,101192,Ronny Frank,team,
2026/2027,BSV Tiengen 3,2425,244785,Brian Biercher,team,
2026/2027,BSV Tiengen 3,2425,368493,Jürgen Porzelt,team,
2026/2027,BSV Tiengen 3,2425,104101,Peter Schmidt,team,
2026/2027,BSV Tiengen 3,2425,104546,Michael Strohmaier,team,
2026/2027,BSV Tiengen 3,2425,100106,Stefanie Arndt,team,
2026/2027,BSV Tiengen 3,2425,351926,Lucia Birsner,team,
2026/2027,BSV Tiengen 3,2425,101745,Rainer Heilmann,team,
2026/2027,BV Villingen-Schwenningen 2,2426,101451,Steffen Graf,team,
2026/2027,BV Villingen-Schwenningen 2,2426,368274,Mark Pfaffenrodt,team,
2026/2027,BV Villingen-Schwenningen 2,2426,224549,Stefan Weiner,team,
2026/2027,BV Villingen-Schwenningen 2,2426,101737,Svenja Schwarzkopf,team,
2026/2027,BV Villingen-Schwenningen 2,2426,103842,Dennis Rothaug,team,
2026/2027,BV Villingen-Schwenningen 2,2426,368616,Mark Szinger,team,
2026/2027,BV Villingen-Schwenningen 2,2426,101571,Andreas Gut,team,
2026/2027,BV Villingen-Schwenningen 2,2426,103185,Stephan Moser,team,
2026/2027,BV Villingen-Schwenningen 2,2426,245559,Marko Stapel,team,
2026/2027,PBC Bräunlingen 2,2427,368780,Thomas Weniger,team,
2026/2027,PBC Bräunlingen 2,2427,368720,Domenik Dreibach,team,
2026/2027,PBC Bräunlingen 2,2427,253265,Simon Kemmerling,team,
2026/2027,PBC Bräunlingen 2,2427,368721,Dominik Mogel,team,
2026/2027,PBC Bräunlingen 2,2427,101838,Stefan Herms,team,
2026/2027,PBC Bräunlingen 2,2427,102926,Matthias Maier,team,
2026/2027,PBC Bräunlingen 2,2427,103813,Mario Rosenkranz,team,
2026/2027,PBC Bräunlingen 2,2427,104199,Bernd Schröder,team,
2026/2027,PBC Bräunlingen 2,2427,105130,Hakan Yaratici,team,
2026/2027,PBC Sand 1,2483,100825,Michael Diedrich,team,
2026/2027,PBC Sand 1,2483,101476,Christian Gremmelspacher,team,
2026/2027,PBC Sand 1,2483,249145,Drazen Smolcic,team,
2026/2027,PBC Sand 1,2483,101689,Richy Hartmann,team,
2026/2027,PBC Sand 1,2483,101972,Roman Holzhauser,team,
2026/2027,PBC Sand 1,2483,100286,Mike Belke,team,
2026/2027,PBC Sand 1,2483,248622,Frank Diedrich,team,
2026/2027,PBC Offenburg 2,2481,103469,David Party,team,
2026/2027,PBC Offenburg 2,2481,104560,Bernhard Sutor,team,
2026/2027,PBC Offenburg 2,2481,102719,Uwe Lang,team,
2026/2027,PBC Offenburg 2,2481,368560,Manuel Wissen,team,
2026/2027,PBC Offenburg 2,2481,102633,Oliver Kruse,team,
2026/2027,PBC Offenburg 2,2481,105127,Manfred Wußler,team,
2026/2027,PBC Offenburg 3,2481,368562,Jeremy Eckert,team,
2026/2027,PBC Offenburg 3,2481,368561,Mike Siege,team,
2026/2027,PBC Offenburg 3,2481,369028,Matthias Adler,team,
2026/2027,PBC Offenburg 3,2481,368563,Joachim Koepke,team,
2026/2027,PBC Offenburg 3,2481,353768,Tobias Küderle,team,
2026/2027,PBC Offenburg 3,2481,101750,Timo Heim,team,
2026/2027,BF Weinheim-Viernheim 3,2487,105103,Dieter Wolk,team,
2026/2027,BF Weinheim-Viernheim 3,2487,353643,Ernst Fabian,team,
2026/2027,BF Weinheim-Viernheim 3,2487,102069,Lutz Iserhardt,team,
2026/2027,BF Weinheim-Viernheim 3,2487,368829,Anja Gaßmann,team,
2026/2027,BF Weinheim-Viernheim 3,2487,368551,Luca Wolk,team,
2026/2027,BF Weinheim-Viernheim 3,2487,226973,Bernhard Flamm,team,
2026/2027,BF Weinheim-Viernheim 3,2487,242771,Armin Reidel,team,
2026/2027,BBV Mannheim 3,2486,239638,Michael Killian,team,
2026/2027,BBV Mannheim 3,2486,368999,Christian Oest,team,
2026/2027,BBV Mannheim 3,2486,251824,Senol Sengün,team,
2026/2027,BBV Mannheim 3,2486,369244,Kagan Güler,team,
2026/2027,BBV Mannheim 3,2486,239637,Irina Killian,team,
2026/2027,BBV Mannheim 3,2486,369114,Cuma Seker,team,
2026/2027,CC Karlsruhe 4,2437,368832,Timm Ganske,team,
2026/2027,CC Karlsruhe 4,2437,369169,Andreas Picl,team,
2026/2027,CC Karlsruhe 4,2437,369231,Alexander Ponherr,team,
2026/2027,CC Karlsruhe 4,2437,103436,Rainer Ott,team,
2026/2027,CC Karlsruhe 4,2437,367532,Lorenzo Ammazzini,team,
2026/2027,CC Karlsruhe 4,2437,368519,Eric Braun,team,
2026/2027,JS Mingolsheim 4,2439,369032,Waldemar Müller,team,
2026/2027,JS Mingolsheim 4,2439,368584,Lukas Böser,team,
2026/2027,JS Mingolsheim 4,2439,368530,Oliver Macco,team,
2026/2027,JS Mingolsheim 4,2439,369031,Rudolf Rolsin,team,
2026/2027,JS Mingolsheim 4,2439,369131,Lukas Heinz,team,
2026/2027,BSF Kurpfalz 3,2436,101284,Alexander Gabat,team,
2026/2027,BSF Kurpfalz 3,2436,103087,Markus Merz,team,
2026/2027,BSF Kurpfalz 3,2436,103858,Dieter Ruck,team,
2026/2027,BSF Kurpfalz 3,2436,101155,Michael Flaig,team,
2026/2027,BSF Kurpfalz 3,2436,101424,Heinz Gold,team,
2026/2027,BSF Kurpfalz 3,2436,230942,Lisa Knost,team,
2026/2027,Pool Knights Bensheim 2,3113,368469,Gerhard Ehrenfried,team,
2026/2027,Pool Knights Bensheim 2,3113,368468,Dennis Dreissigacker,team,
2026/2027,Pool Knights Bensheim 2,3113,368489,Jonny Silasko,team,
2026/2027,Pool Knights Bensheim 2,3113,368874,Marcus Winter,team,
2026/2027,Pool Knights Bensheim 2,3113,368483,Armin Mühlich,team,
2026/2027,BBC Plochingen 2,2506,353791,Andreas Geigle,team,
2026/2027,BBC Plochingen 2,2506,350077,Christoph Tropschuh,team,
2026/2027,BBC Plochingen 2,2506,248651,Michele Campagna,team,
2026/2027,BBC Plochingen 2,2506,368341,Dieter Krause,team,
2026/2027,BBC Plochingen 2,2506,100123,Franjo Antunovic,team,
2026/2027,BBC Plochingen 2,2506,102340,Marcel Kilgus,team,
2026/2027,BBC Plochingen 2,2506,105232,Robert Zivanovic,team,
2026/2027,BC Stuttgart 1891 6,2497,369015,Marouen Marzouki,team,
2026/2027,BC Stuttgart 1891 6,2497,369266,Wilmer Rivera Bruno,team,
2026/2027,BC Stuttgart 1891 6,2497,369265,Rebeca Romero Ulloa,team,
2026/2027,BC Stuttgart 1891 6,2497,369013,Marius-Ionut Baniceru,team,
2026/2027,BC Stuttgart 1891 6,2497,369014,Alexandru-Nicolae Baniceru,team,
2026/2027,BC Stuttgart 1891 6,2497,369016,Catalin-Florin Petrescu,team,
2026/2027,BSV Shooters Fellbach 2,3185,369072,Matthias Bader,team,
2026/2027,BSV Shooters Fellbach 2,3185,368505,Markus Löscher,team,
2026/2027,BSV Shooters Fellbach 2,3185,366248,Matthias Stolz,team,
2026/2027,BSV Shooters Fellbach 2,3185,121877,Peter Link,team,
2026/2027,BSV Shooters Fellbach 2,3185,369236,Peter Gerl,team,
2026/2027,BSV Shooters Fellbach 2,3185,369241,Winfried Hildebrand,team,
2026/2027,BSV Shooters Fellbach 2,3185,102928,Stephan Maier,team,
2026/2027,BSV Filderstadt 3,2422,244943,Peggy Eisele,team,
2026/2027,BSV Filderstadt 3,2422,100370,Frederik Binder,team,
2026/2027,BSV Filderstadt 3,2422,101447,Eckart Grabe,team,
2026/2027,BSV Filderstadt 3,2422,369125,Rainer Glück,team,
2026/2027,BSV Filderstadt 3,2422,369176,David Hermann,team,
2026/2027,BC Stuttgart 1891 7,2497,369261,Max Miedzianowski,team,
2026/2027,BC Stuttgart 1891 7,2497,369263,Nicholas Hoeldtke,team,
2026/2027,BC Stuttgart 1891 7,2497,369262,Sebastian Zinck,team,
2026/2027,BC Stuttgart 1891 7,2497,369264,Hoora Dabbaghian,team,
2026/2027,BC Stuttgart 1891 7,2497,368842,Michael Seil,team,
2026/2027,BC Stuttgart 1891 7,2497,369266,Wilmer Rivera Bruno,team,
2026/2027,BC Stuttgart 1891 7,2497,369265,Rebeca Romero Ulloa,team,
2026/2027,BC Stuttgart 1891 7,2497,368698,Alexander Seil,team,
2026/2027,BF Bronnen 1,2405,100918,Thomas Drey,team,
2026/2027,BF Bronnen 1,2405,369067,Sasa Kikic,team,
2026/2027,BF Bronnen 1,2405,369065,Mustafa Ilkaya,team,
2026/2027,BF Bronnen 1,2405,368597,Alper Körpe,team,
2026/2027,BF Bronnen 1,2405,369066,Izet Nokic,team,
2026/2027,BF Bronnen 1,2405,240028,Holger Aydin,team,
2026/2027,BF Bronnen 1,2405,352583,Harald Feuerlein,team,
2026/2027,BF Bronnen 1,2405,369068,Artur Maximow,team,
2026/2027,BF Bronnen 1,2405,242770,Manuela Schmid,team,
2026/2027,BF Bronnen 1,2405,104152,Tobias Schneider,team,
2026/2027,PBV Schwetzingen 7,2494,369225,Steffen Höfer-Achatz,team,
2026/2027,PBV Schwetzingen 7,2494,369018,Niklas Schilling,team,
2026/2027,PBV Schwetzingen 7,2494,368546,Matthias Sommer,team,
2026/2027,PBV Schwetzingen 7,2494,355986,Josip Guja,team,
2026/2027,PBV Schwetzingen 7,2494,368233,Enrique Gonzales Vitores,team,
2026/2027,PBV Schwetzingen 7,2494,354553,Carsten Lendwei,team,
2026/2027,BF Bruchsal 3,2435,100585,Arnd Bülow,team,
2026/2027,BF Bruchsal 3,2435,101171,Jochen Föhner,team,
2026/2027,BF Bruchsal 3,2435,240171,Steffen Hoffmann,team,
2026/2027,BF Bruchsal 3,2435,369039,Carsten Kalitz,team,
2026/2027,BF Bruchsal 3,2435,367967,Xenia Völker,team,
2026/2027,BF Bruchsal 3,2435,368779,Fabian Klausmann,team,
2026/2027,BF Bruchsal 3,2435,104991,Tobias Werner,team,
2026/2027,CC Karlsruhe 3,2437,101959,Joachim Höllwarth,team,
2026/2027,CC Karlsruhe 3,2437,102759,Harald Leder,team,
2026/2027,CC Karlsruhe 3,2437,102518,Ralf Koppenhöfer,team,
2026/2027,CC Karlsruhe 3,2437,240263,Harry Kowalczyk,team,
2026/2027,CC Karlsruhe 3,2437,252901,Evi Leder,team,
2026/2027,CC Karlsruhe 5,2437,101995,Dietmar Horst,team,
2026/2027,CC Karlsruhe 5,2437,369085,Sascha Baltschukat,team,
2026/2027,CC Karlsruhe 5,2437,351276,Stephan Kathari,team,
2026/2027,CC Karlsruhe 5,2437,102519,Udo Koppenhöfer,team,
2026/2027,CC Karlsruhe 5,2437,367924,Andreas Hollesen,team,
2026/2027,CC Karlsruhe 5,2437,368379,Thomas Sander,team,
2026/2027,CC Karlsruhe 5,2437,355164,Saskia Schirmer,team,
2026/2027,PBV Schwetzingen 9,2494,369019,Stefan Schilling,team,
2026/2027,PBV Schwetzingen 9,2494,242950,Rudolf Schulz,team,
2026/2027,PBV Schwetzingen 9,2494,368385,Heidwin Sommer,team,
2026/2027,PBV Schwetzingen 9,2494,101020,Wolfgang Engelhardt,team,
2026/2027,PBV Schwetzingen 9,2494,245269,Nuno Brenner Miguel,team,
2026/2027,PBV Schwetzingen 9,2494,245275,Richard Cornely,team,
2026/2027,PBV Schwetzingen 9,2494,369022,Robert Holzinger,team,
2026/2027,Pool Knights Bensheim 3,3113,368482,Maximilian Arnt,team,
2026/2027,Pool Knights Bensheim 3,3113,369141,Marvin Schneider,team,
2026/2027,Pool Knights Bensheim 3,3113,368481,Norbert Arnt,team,
2026/2027,Pool Knights Bensheim 3,3113,368461,Thomas Ehrenfried,team,
2026/2027,Pool Knights Bensheim 3,3113,369142,Paul Ehrlich,team,
2026/2027,BC Stuttgart 1891 5,2497,368662,Genta Gunawan,team,
2026/2027,BC Stuttgart 1891 5,2497,368716,Esad Selim Gündüz,team,
2026/2027,BC Stuttgart 1891 5,2497,368664,Petar Popov,team,
2026/2027,BC Stuttgart 1891 5,2497,368109,Yao Wang,team,
2026/2027,BC Stuttgart 1891 5,2497,368108,Chuhan Jiao,team,
2026/2027,BC Stuttgart 1891 5,2497,368960,Tien Dat Le,team,
2026/2027,BC Stuttgart 1891 5,2497,368671,Quynh Ngo,team,
2026/2027,BC Stuttgart 1891 5,2497,369027,Tien Tan Nguyen,team,
2026/2027,BC Stuttgart 1891 5,2497,368807,Bayartsetseg Tsogoo,team,
2026/2027,BV Backnang/Welzheim 1,2454,368620,Paul Halton,team,
2026/2027,BV Backnang/Welzheim 1,2454,245005,Yasar Mak,team,
2026/2027,BV Backnang/Welzheim 1,2454,369174,Kevin Hähnel,team,
2026/2027,BV Backnang/Welzheim 1,2454,104795,Tankred Volkmer,team,
2026/2027,BV Backnang/Welzheim 1,2454,100117,Tobias Auer,team,
2026/2027,BV Backnang/Welzheim 1,2454,238915,Oktay Aydinoglu,team,
2026/2027,BV Backnang/Welzheim 1,2454,368443,Wolfgang Laun,team,
2026/2027,BV Backnang/Welzheim 1,2454,164805,Thomas Wilczek,team,
2026/2027,BC Feuersee 1,2496,368419,Catalin Damian,team,
2026/2027,BC Feuersee 1,2496,242926,Nils Dannhauer,team,
2026/2027,BC Feuersee 1,2496,356269,Michael Metzger,team,
2026/2027,BC Feuersee 1,2496,350315,Ralf Hohlfeld,team,
2026/2027,BC Feuersee 1,2496,368283,Andreas Höhn,team,
2026/2027,BULL Leonberg-Höfingen 3,2463,369273,Muho Dizdarevic,team,
2026/2027,BULL Leonberg-Höfingen 3,2463,368598,Marc Witt,team,
2026/2027,BULL Leonberg-Höfingen 3,2463,100092,Charalampos Antonogiorgakis,team,
2026/2027,BULL Leonberg-Höfingen 3,2463,368577,Otto Stefan Witt,team,
2026/2027,BULL Leonberg-Höfingen 3,2463,369305,Bernd Hagemeister,team,
2026/2027,BULL Leonberg-Höfingen 3,2463,102896,Harry Luxenhofer,team,
2026/2027,BULL Leonberg-Höfingen 3,2463,368733,Matthis Meier,team,
2026/2027,BULL Leonberg-Höfingen 3,2463,368769,Kristijan Skokic,team,
2026/2027,BSV Shooters Fellbach 3,3185,368835,Pit Kleyersburg,team,
2026/2027,BSV Shooters Fellbach 3,3185,369235,Tobias Linnow,team,
2026/2027,BSV Shooters Fellbach 3,3185,368816,Emilio Caracciolo,team,
2026/2027,BSV Shooters Fellbach 3,3185,355293,Aurel Casagrande,team,
2026/2027,BSV Shooters Fellbach 3,3185,369242,Bernd Ulrich,team,
2026/2027,BSV Shooters Fellbach 3,3185,368834,Alexander Haas,team,
2026/2027,PBC Aalen 2,2502,368707,Peter Gerlach,team,
2026/2027,PBC Aalen 2,2502,242922,Maximilian Jentsch,team,
2026/2027,PBC Aalen 2,2502,368312,Christin Jentsch,team,
2026/2027,PBC Aalen 2,2502,369146,Lukas Bruchmann,team,
2026/2027,PBC Aalen 2,2502,368237,Pia Albersmeier,team,
2026/2027,PBC Aalen 2,2502,368458,Timo Buske,team,
2026/2027,PBC Aalen 2,2502,368827,Tobias Reisner,team,
2026/2027,BV Pforzheim 4,2464,368982,Markus Schneider,team,
2026/2027,BV Pforzheim 4,2464,368643,Viktor Tschin,team,
2026/2027,BV Pforzheim 4,2464,368321,Daniel Christoph,team,
2026/2027,BV Pforzheim 4,2464,101383,Berthold Gillich,team,
2026/2027,BV Pforzheim 4,2464,350651,Marvin Szymiczek,team,
2026/2027,BV Pforzheim 4,2464,369020,Markus Schneider,team,
2026/2027,BV Pforzheim 4,2464,366201,Patrik Graf,team,
2026/2027,BV Pforzheim 4,2464,250880,Mihai Mungiuri,team,
2026/2027,BV Pforzheim 4,2464,369118,Lutz Steinbach,team,
2026/2027,PBC Rastatt 4,2482,242837,Martin Weber,team,
2026/2027,PBC Rastatt 4,2482,240215,Jürgen Müller,team,
2026/2027,PBC Rastatt 4,2482,103800,Raoul-Robert Ronto,team,
2026/2027,PBC Rastatt 4,2482,368442,Sandra Lutz,team,
2026/2027,PBC Rastatt 4,2482,368850,Alicia Baum,team,
2026/2027,PBC Rastatt 3,2482,369270,David Nguyen,team,
2026/2027,PBC Rastatt 3,2482,369271,Johannes Genter,team,
2026/2027,PBC Rastatt 3,2482,369269,Alex Wei,team,
2026/2027,PBC Rastatt 3,2482,369007,Christian Herre,team,
2026/2027,PBC Rastatt 3,2482,368522,Jens Schrader,team,
2026/2027,PBC Rastatt 3,2482,253091,Sven Kaupp,team,
2026/2027,PBC Rastatt 3,2482,369006,Michael Rozmann,team,
2026/2027,BSC Lions Bietigheim 2,2438,103517,Jens Pfaff,team,
2026/2027,BSC Lions Bietigheim 2,2438,369285,Thomas Zaltenbach,team,
2026/2027,BSC Lions Bietigheim 2,2438,251024,Sascha Jungwirth,team,
2026/2027,BSC Lions Bietigheim 2,2438,369286,Fabian Wieser,team,
2026/2027,BSC Lions Bietigheim 2,2438,369287,Murat Aksu,team,
2026/2027,BSC Lions Bietigheim 2,2438,103516,Alfred Pfaff,team,
2026/2027,BSC Lions Bietigheim 2,2438,103612,Gerald Rastetter,team,
2026/2027,BC Dätzingen 2,2459,353913,Saman Hadi,team,
2026/2027,BC Dätzingen 2,2459,368348,Alexander Egger,team,
2026/2027,BC Dätzingen 2,2459,100667,Pascal Cecotti,team,
2026/2027,BC Dätzingen 2,2459,100700,Jörg Claassen,team,
2026/2027,BC Dätzingen 2,2459,101091,Stephan Faude,team,
2026/2027,BC Dätzingen 2,2459,350699,Alexander Schröder,team,
2026/2027,BC Dätzingen 2,2459,100665,Marcel Cecotti,team,
2026/2027,BC Dätzingen 2,2459,354741,Eckart Schmidt,team,
2026/2027,BC Sindelfingen 9,2462,355875,Mohammed Ali Bemah,team,
2026/2027,BC Sindelfingen 9,2462,251014,Michael Gärttner,team,
2026/2027,BC Sindelfingen 9,2462,369102,Ferdinand Widjaja,team,
2026/2027,BC Sindelfingen 9,2462,242957,Ingo Mann,team,
2026/2027,BC Sindelfingen 9,2462,368823,Adeeb Bitar,team,
2026/2027,BC Sindelfingen 9,2462,369216,Joshua Rinaldi Hermawan,team,
2026/2027,PBC Nagoldtal 4,2466,369204,Robert Bergmann,team,
2026/2027,PBC Nagoldtal 4,2466,369284,Andy Laue,team,
2026/2027,PBC Nagoldtal 4,2466,369283,Sascha Rißmann,team,
2026/2027,PBC Nagoldtal 4,2466,101574,Michael Haag,team,
2026/2027,PBC Nagoldtal 4,2466,100618,Stefan Burmeister,team,
2026/2027,PBC Nagoldtal 4,2466,242888,Andreas Schmid,team,
2026/2027,PBC Nagoldtal 4,2466,249931,Jochen Woywodt,team,
2026/2027,BC Sindelfingen 8,2462,368773,Dragan Pajovic,team,
2026/2027,BC Sindelfingen 8,2462,369104,Vladimir Poplakov,team,
2026/2027,BC Sindelfingen 8,2462,369103,Yvonne Boos,team,
2026/2027,BC Sindelfingen 8,2462,369216,Joshua Rinaldi Hermawan,team,
2026/2027,BC Sindelfingen 8,2462,368394,Christian Thanner,team,
2026/2027,BC Sindelfingen 8,2462,368393,Thomas Frommer,team,
2026/2027,BC Sindelfingen 8,2462,368582,Corinna Weigelt,team,
2026/2027,PBC Reutlingen 3,2428,248769,Marius-Daniel Grigore-Martini,team,
2026/2027,PBC Reutlingen 3,2428,251187,Kathrin Karwath,team,
2026/2027,PBC Reutlingen 3,2428,240108,Sebastian Czaja,team,
2026/2027,PBC Reutlingen 3,2428,369291,Nguyen Tien Dung,team,
2026/2027,PBC Reutlingen 3,2428,101412,Bernhard Gneiting,team,
2026/2027,PBC Reutlingen 3,2428,369203,Joachim Kowalski,team,
2026/2027,PP Böblingen 2,2472,368696,Bersan Cavildak,team,
2026/2027,PP Böblingen 2,2472,368319,Luka Fuchs,team,
2026/2027,PP Böblingen 2,2472,242976,Anastasios Kagelidis,team,
2026/2027,PP Böblingen 2,2472,246406,Dominik Krenzer,team,
2026/2027,PP Böblingen 2,2472,100325,Susi Harbrecht-Berndt,team,
2026/2027,PP Böblingen 2,2472,242747,Thomas Mooshammer,team,
2026/2027,Tübinger BC 3,2431,369124,Adham Mohamed,team,
2026/2027,Tübinger BC 3,2431,248185,Peter Baur,team,
2026/2027,Tübinger BC 3,2431,104597,Rüdiger Theis,team,
2026/2027,Tübinger BC 3,2431,369214,Claudio Severino,team,
2026/2027,Tübinger BC 3,2431,368249,Ali Deyhimi,team,
2026/2027,Tübinger BC 3,2431,101988,Andreas Horn,team,
2026/2027,Tübinger BC 3,2431,368822,Michael Maihöfer,team,
2026/2027,Tübinger BC 3,2431,368517,Hannes Reißner,team,
2026/2027,BSC St. Georgen 1,2420,100873,Andreas Dittrich,team,
2026/2027,BSC St. Georgen 1,2420,102175,Mario Kaiser,team,
2026/2027,BSC St. Georgen 1,2420,101441,Günther Götz,team,
2026/2027,BSC St. Georgen 1,2420,350473,Gabriele Winzer-Moser,team,
2026/2027,BSC St. Georgen 1,2420,102804,Tobias Lesniak,team,
2026/2027,BSC St. Georgen 1,2420,353157,Daniel Naumann,team,
2026/2027,P&S Denzlingen 2,2476,369045,Lars Jäger,team,
2026/2027,P&S Denzlingen 2,2476,368785,Mirsad Coric,team,
2026/2027,P&S Denzlingen 2,2476,369046,David Hackenberg,team,
2026/2027,P&S Denzlingen 2,2476,369054,Dennis Knoblauch,team,
2026/2027,P&S Denzlingen 2,2476,244905,Johannes Müller,team,
2026/2027,P&S Denzlingen 2,2476,100292,Horst Bendig,team,
2026/2027,P&S Denzlingen 2,2476,368810,Jamil Dib,team,
2026/2027,P&S Denzlingen 2,2476,368275,Ryan Grabowski,team,
2026/2027,P&S Denzlingen 2,2476,102164,Norbert Kabas,team,
2026/2027,P&S Denzlingen 2,2476,368284,Marco Paletta,team,
2026/2027,P&S Denzlingen 2,2476,104577,Fikret Tasdemir,team,
2026/2027,PBC Offenburg 4,2481,368783,Thomas Stöckel,team,
2026/2027,PBC Offenburg 4,2481,369256,Dirk Rehtanz,team,
2026/2027,PBC Offenburg 4,2481,101200,Martin Frei,team,
2026/2027,PBC Offenburg 4,2481,102862,Melanie Kiefer,team,
2026/2027,PBC Offenburg 4,2481,368044,Jörg Wolf,team,
2026/2027,PBC Offenburg 4,2481,101612,Dirk Hafner,team,
2026/2027,PBC Offenburg 5,2481,368266,Luka Antic,team,
2026/2027,PBC Offenburg 5,2481,100362,Sonja Bieser,team,
2026/2027,PBC Offenburg 5,2481,369030,Daniel Cavalleri,team,
2026/2027,PBC Offenburg 5,2481,369029,Hoai Tu Anh Nguyen,team,
2026/2027,PBC Offenburg 5,2481,100137,Bernhard Back,team,
2026/2027,BV Markdorf 3,2410,100008,Luciano Abruzzese,team,
2026/2027,BV Markdorf 3,2410,368251,Sylvia Gurnig,team,
2026/2027,BV Markdorf 3,2410,100641,Pietro Calo,team,
2026/2027,BV Markdorf 3,2410,101984,Rainer Hops,team,
2026/2027,BV Markdorf 3,2410,101010,Hardi Engel,team,
2026/2027,BV Markdorf 3,2410,240040,Klaus Dietrich,team,
2026/2027,BV Markdorf 3,2410,354395,Wilfried Scheibel,team,
2026/2027,BV Markdorf 3,2410,355184,Ahad Suleimanjar,team,
2026/2027,BC Unterteuringen 1,2404,100075,Benno Amann,team,
2026/2027,BC Unterteuringen 1,2404,100732,Roberto D`Elia,team,
2026/2027,BC Unterteuringen 1,2404,101103,Ingo Fehr,team,
2026/2027,BC Unterteuringen 1,2404,101474,Andreas Greitmann,team,
2026/2027,BC Weingarten 2,2403,368765,Dejvid Skender,team,
2026/2027,BC Weingarten 2,2403,368027,Alfred Hellrigl,team,
2026/2027,BC Weingarten 2,2403,368430,Roland Kirchmaier,team,
2026/2027,BC Weingarten 2,2403,369251,Arzic Omer,team,
2026/2027,BC Weingarten 2,2403,369282,Christian Rundel,team,
2026/2027,PBC Langenargen 2,2414,100982,Andreas Einsiedler,team,
2026/2027,PBC Langenargen 2,2414,368295,Cesare Caccavelli,team,
2026/2027,PBC Langenargen 2,2414,367910,Andreas Looser,team,
2026/2027,PBC Langenargen 2,2414,368006,Hans-Henning Schmid,team,
2026/2027,PBC Langenargen 2,2414,367929,Rainer Beck,team,
2026/2027,PBC Langenargen 2,2414,100189,Sebastian Bartsch,team,
2026/2027,PBC Langenargen 2,2414,368580,Oliver Eisele,team,
2026/2027,PBC Langenargen 2,2414,368837,Frederik Nyberg,team,
2026/2027,PBC Ochsenhausen 3,2416,228708,Hans Heuschmid,team,
2026/2027,PBC Ochsenhausen 3,2416,369167,Dusan Livaja,team,
2026/2027,PBC Ochsenhausen 3,2416,228713,Erich Wohllaib,team,
2026/2027,PBC Ochsenhausen 3,2416,353435,Jochen Geiß,team,
2026/2027,PBC Ochsenhausen 3,2416,104085,Werner Schmidberger,team,
2026/2027,PBC Ochsenhausen 3,2416,368516,Uwe Barth,team,
2026/2027,PBC Ochsenhausen 3,2416,104354,Manfred Sieweke,team,
2026/2027,PBC Ochsenhausen 4,2416,369255,Chayangkun Phawongram,team,
2026/2027,PBC Ochsenhausen 4,2416,369183,Kevin Horvath,team,
2026/2027,PBC Ochsenhausen 4,2416,369156,Klaus Meier,team,
2026/2027,PBC Ochsenhausen 4,2416,369182,Max Barthold,team,
2026/2027,PBC Ochsenhausen 4,2416,369304,Günter Bauer,team,
2026/2027,PBC Ochsenhausen 4,2416,104085,Werner Schmidberger,team,
2026/2027,PBC Ochsenhausen 4,2416,353435,Jochen Geiß,team,
2026/2027,PBC Bad Saulgau 2,2411,245485,Rudi Fölker,team,
2026/2027,PBC Bad Saulgau 2,2411,367964,Dominik Weitzmann,team,
2026/2027,PBC Bad Saulgau 2,2411,248184,Benjamin Heck,team,
2026/2027,PBC Bad Saulgau 2,2411,369297,Lars Deffner,team,
2026/2027,PBC Bad Saulgau 2,2411,369132,Jürgen Großkopf,team,
2026/2027,PBC Bad Saulgau 2,2411,369296,Marvin Haag,team,
2026/2027,PBC Bad Saulgau 2,2411,354666,Andrew Steinhauer,team,
2026/2027,PBC Bad Saulgau 2,2411,246408,Jan Weber,team,
2026/2027,BC Bad Schussenried 4,2401,369293,Alex Nusser,team,
2026/2027,BC Bad Schussenried 4,2401,100413,Nikolaus Blum,team,
2026/2027,BC Bad Schussenried 4,2401,367932,Jürgen Kieble,team,
2026/2027,BC Bad Schussenried 4,2401,367939,Tommaso Parisi,team,
2026/2027,BC Bad Schussenried 4,2401,368849,Cosimo Di Muro,team,
2026/2027,BC Bad Schussenried 4,2401,367972,Massimo Gabriele,team,
2026/2027,BC Bad Schussenried 4,2401,367938,Samir Javor,team,
2026/2027,BC Bad Schussenried 4,2401,367927,Andreas Wagner,team,
2026/2027,BBV Mannheim 2,2486,369004,Zan Bong Yuen,team,
2026/2027,BBV Mannheim 2,2486,368998,Mahmoud Alkamil,team,
2026/2027,BBV Mannheim 2,2486,239646,Susanne Schweter,team,
2026/2027,BBV Mannheim 2,2486,105043,Dirk Windecker,team,
2026/2027,BBV Mannheim 2,2486,100069,Claus Altendorf,team,
2026/2027,BF Weinheim-Viernheim 2,2487,102627,Nikolai Kruhm,team,
2026/2027,BF Weinheim-Viernheim 2,2487,104766,Carmelo Visconti,team,
2026/2027,BF Weinheim-Viernheim 2,2487,368258,Jürgen Steinmann,team,
2026/2027,BF Weinheim-Viernheim 2,2487,247868,Sven Gehrisch,team,
2026/2027,BF Weinheim-Viernheim 2,2487,368603,Matthias Schweickert,team,
2026/2027,BF Weinheim-Viernheim 2,2487,102502,Viktor König,team,
2026/2027,JS Mingolsheim 3,2439,368537,Henrik Böker,team,
2026/2027,JS Mingolsheim 3,2439,159092,Sascha Schmidt,team,
2026/2027,JS Mingolsheim 3,2439,368538,Niklas Weiß,team,
2026/2027,JS Mingolsheim 3,2439,369131,Lukas Heinz,team,
2026/2027,JS Mingolsheim 3,2439,368840,Hasanian Altamermi,team,
2026/2027,JS Mingolsheim 3,2439,103069,Roland Menrath,team,
2026/2027,Mannheimer BF 4,2517,368618,Oliver Alunni,team,
2026/2027,Mannheimer BF 4,2517,354558,Angelika Kaune,team,
2026/2027,Mannheimer BF 4,2517,101823,Andreas Guenier,team,
2026/2027,Mannheimer BF 4,2517,101363,Oliver Geuder,team,
2026/2027,Mannheimer BF 4,2517,100388,Uwe Bitsch,team,
2026/2027,Mannheimer BF 4,2517,368050,Giuseppe Cortese,team,
2026/2027,Mannheimer BF 4,2517,104090,Bernd Schmidt,team,
2026/2027,Mannheimer BF 4,2517,104382,Hendrik Snijder,team,
2026/2027,Mannheimer BF 4,2517,247575,Andreas Stüber,team,
2026/2027,Mannheimer BF 4,2517,353038,Brigitte Uhrig,team,
2026/2027,PBC Bruchsal 3,2440,104309,Carmen Leiser,team,
2026/2027,PBC Bruchsal 3,2440,368198,Markus Hanagarth,team,
2026/2027,PBC Bruchsal 3,2440,368194,Maxime Tereba,team,
2026/2027,PBC Bruchsal 3,2440,368847,Felix Gloge,team,
2026/2027,PBC Bruchsal 3,2440,104025,Priska Leven,team,
2026/2027,PBC Bruchsal 3,2440,368196,Filipe Coelho,team,
2026/2027,PBC Bruchsal 3,2440,368815,Mario Kühn,team,
2026/2027,PBC Bruchsal 3,2440,368192,Pascal Witt,team,
2026/2027,BSF Kurpfalz 2,2436,101961,Frank Holly,team,
2026/2027,BSF Kurpfalz 2,2436,102280,Zoltan Kelemen,team,
2026/2027,BSF Kurpfalz 2,2436,230942,Lisa Knost,team,
2026/2027,BSF Kurpfalz 2,2436,104775,Volker Vögele,team,
2026/2027,BSF Kurpfalz 2,2436,368557,Christian Süß,team,
2026/2027,PBC Waghäusel 2,2442,240243,Andree Säubert,team,
2026/2027,PBC Waghäusel 2,2442,240239,Ivan Mikulic,team,
2026/2027,PBC Waghäusel 2,2442,103618,Frank Rätz,team,
2026/2027,PBC Waghäusel 2,2442,105193,Marco Zieger,team,
2026/2027,PBC Waghäusel 2,2442,240240,Hassan Najjar,team,
2026/2027,PBV Schwetzingen 6,2494,100463,Stephan Boschert,team,
2026/2027,PBV Schwetzingen 6,2494,103272,Ümit Muslu,team,
2026/2027,PBV Schwetzingen 6,2494,368235,Jens Sommer,team,
2026/2027,PBV Schwetzingen 6,2494,356203,Ali Tinoush,team,
2026/2027,PBV Schwetzingen 6,2494,368080,Christian Münch,team,
2026/2027,JS Mingolsheim 2,2439,369303,Michael Trost,team,
2026/2027,JS Mingolsheim 2,2439,367988,Markus Wörner,team,
2026/2027,JS Mingolsheim 2,2439,367995,Besnik Shkemza,team,
2026/2027,JS Mingolsheim 2,2439,367987,Mike Walter,team,
2026/2027,JS Mingolsheim 2,2439,368526,Ralf Bühler,team,
2026/2027,JS Mingolsheim 2,2439,103396,Dirk Odenwälder,team,
2026/2027,JS Mingolsheim 2,2439,368533,Michael Triffo,team,
2026/2027,Mannheimer BF 3,2517,368689,Ibrahim Erdogan,team,
2026/2027,Mannheimer BF 3,2517,354510,Michael Schmitt,team,
2026/2027,Mannheimer BF 3,2517,239648,Serdar Tunbek,team,
2026/2027,Mannheimer BF 3,2517,369144,David Birau,team,
2026/2027,Mannheimer BF 3,2517,351635,Robert Klinec,team,
2026/2027,Mannheimer BF 3,2517,368688,Fersun Ünsel,team,
2026/2027,Mannheimer BF 3,2517,100670,Efendi Cekerek,team,
2026/2027,Mannheimer BF 3,2517,239654,Thomas Kühn,team,
2026/2027,Mannheimer BF 3,2517,104129,Axel Schmucker,team,
2026/2027,BBV Mannheim 1,2486,101538,Bülent Güler,team,
2026/2027,BBV Mannheim 1,2486,101556,Bülent Gürkan,team,
2026/2027,BBV Mannheim 1,2486,239643,Fikret Salic,team,
2026/2027,BBV Mannheim 1,2486,100069,Claus Altendorf,team,
2026/2027,BBV Mannheim 1,2486,239641,Sascha Pick,team,
2026/2027,BF Bruchsal 2,2435,103076,Ralf Mergel,team,
2026/2027,BF Bruchsal 2,2435,244836,Michael Strenski,team,
2026/2027,BF Bruchsal 2,2435,353633,Jürgen Götting,team,
2026/2027,BF Bruchsal 2,2435,102180,Christian Kälbli,team,
2026/2027,BF Bruchsal 2,2435,369168,Dennis Kamuf,team,
2026/2027,BF Bruchsal 2,2435,352016,Reimar Sauter,team,
2026/2027,PBC Waghäusel 3,2442,103354,Pascal Nissel,team,
2026/2027,PBC Waghäusel 3,2442,100434,Andreas Böhme,team,
2026/2027,PBC Waghäusel 3,2442,240242,Mirsad Sabic,team,
2026/2027,PBC Waghäusel 3,2442,154211,Thomas Neumann,team,
2026/2027,PBC Waghäusel 3,2442,103618,Frank Rätz,team,
2026/2027,PBC Waghäusel 3,2442,103580,Peter Puff,team,
2026/2027,PBC Bruchsal 2,2440,101856,Bianca Heneka,team,
2026/2027,PBC Bruchsal 2,2440,367853,Jörg Leiser,team,
2026/2027,PBC Bruchsal 2,2440,104625,Peter Thurm,team,
2026/2027,PBC Bruchsal 2,2440,368193,Marius Witt,team,
2026/2027,PBC Bruchsal 2,2440,100009,Bülent Acar,team,
2026/2027,PBC Bruchsal 2,2440,367852,Damir Kucis,team,
2026/2027,PBV Schwetzingen 5,2494,104532,Michael Straub,team,
2026/2027,PBV Schwetzingen 5,2494,351842,René Wieczorek,team,
2026/2027,PBV Schwetzingen 5,2494,368908,Simon Bernecker,team,
2026/2027,PBV Schwetzingen 5,2494,368971,Andreas Penckwitt,team,
2026/2027,PBV Schwetzingen 5,2494,368682,Tilman Rivinius,team,
2026/2027,BC Dallau 2,2433,368525,Fabian Gruber,team,
2026/2027,BC Dallau 2,2433,369112,Dennis Rhein,team,
2026/2027,BC Dallau 2,2433,353066,Wolfgang Stollberger,team,
2026/2027,BC Dallau 2,2433,354451,Timo Lipski,team,
2026/2027,BC Dallau 2,2433,100042,Köksal Albayrak,team,
2026/2027,BC Dallau 2,2433,100074,Süleyman Altinyaldiz,team,
2026/2027,BC Dallau 2,2433,100112,Steven Ascione,team,
2026/2027,BC Dallau 2,2433,100798,Murat Deniz,team,
2026/2027,BC Dallau 2,2433,250898,Alexander Friederich,team,
2026/2027,BC Dallau 2,2433,368187,Markus Geppert,team,
2026/2027,BC Dallau 2,2433,366412,Sascha Link,team,
2026/2027,BC Dallau 2,2433,248594,Diana Schäfauer,team,
2026/2027,BC Dallau 2,2433,368188,Bastian Valinski,team,
2026/2027,BC Dallau 2,2433,350684,Markus Wetzel,team,
2026/2027,BC Dallau 2,2433,105122,Michael Würz,team,
2026/2027,BSV Filderstadt 2,2422,102973,Arno Marotz,team,
2026/2027,BSV Filderstadt 2,2422,354136,Ulrich Oswald,team,
2026/2027,BSV Filderstadt 2,2422,368124,Sebastian Mayer,team,
2026/2027,BSV Filderstadt 2,2422,368404,Yannik Weber,team,
2026/2027,BSV Filderstadt 2,2422,368954,Dirk Bastian,team,
2026/2027,BSV Filderstadt 2,2422,100983,Frank Eisele,team,
2026/2027,BSV Filderstadt 2,2422,354626,Dirk Ostendorf,team,
2026/2027,PBC Bietigheim-Bissingen 1,2455,105234,Daniel Zmalec,team,
2026/2027,PBC Bietigheim-Bissingen 1,2455,369089,Sven Dastig,team,
2026/2027,PBC Bietigheim-Bissingen 1,2455,240510,Sven Wezstein,team,
2026/2027,PBC Bietigheim-Bissingen 1,2455,104607,Steven Thieltges,team,
2026/2027,PBC Bietigheim-Bissingen 1,2455,104339,Marco Seybold,team,
2026/2027,BULL Leonberg-Höfingen 2,2463,368866,Patric Riedel,team,
2026/2027,BULL Leonberg-Höfingen 2,2463,368769,Kristijan Skokic,team,
2026/2027,BULL Leonberg-Höfingen 2,2463,368856,Thomas Graner,team,
2026/2027,BULL Leonberg-Höfingen 2,2463,102626,Thomas Krüger,team,
2026/2027,BULL Leonberg-Höfingen 2,2463,102317,Tobias Kessler,team,
2026/2027,BULL Leonberg-Höfingen 2,2463,369272,Adnan Rustempasic,team,
2026/2027,BULL Leonberg-Höfingen 2,2463,368119,Michael Röhrle,team,
2026/2027,BC Stuttgart 1891 3,2497,103552,Claudio Pontuti,team,
2026/2027,BC Stuttgart 1891 3,2497,103864,Peter Rueff,team,
2026/2027,BC Stuttgart 1891 3,2497,104109,Uwe Schmidt,team,
2026/2027,BC Stuttgart 1891 3,2497,368809,Phat Truong,team,
2026/2027,BC Stuttgart 1891 3,2497,369147,Kristan Bailey,team,
2026/2027,TV Cannstatt 3,2507,368208,Josip Ceko,team,
2026/2027,TV Cannstatt 3,2507,368253,Sascha Hiller,team,
2026/2027,TV Cannstatt 3,2507,366769,Michael Schwarzjirg,team,
2026/2027,TV Cannstatt 3,2507,100421,Robert Bogdan,team,
2026/2027,TV Cannstatt 3,2507,101945,Thomas Höger,team,
2026/2027,TV Cannstatt 4,2507,368993,Athanasios Sarafoudis,team,
2026/2027,TV Cannstatt 4,2507,368761,Frank Vollath,team,
2026/2027,TV Cannstatt 4,2507,369205,Alexander Gaffal,team,
2026/2027,TV Cannstatt 4,2507,101945,Thomas Höger,team,
2026/2027,TV Cannstatt 4,2507,368504,Finn Schmitz,team,
2026/2027,TV Cannstatt 4,2507,369070,Robert Pinczker,team,
2026/2027,BV Leonberg 1,3184,354814,Benjamin Ropertz,team,
2026/2027,BV Leonberg 1,3184,368289,Kevin Schieber,team,
2026/2027,BV Leonberg 1,3184,101654,Thomas Handler,team,
2026/2027,BV Leonberg 1,3184,240316,Louise Wong,team,
2026/2027,BV Leonberg 1,3184,352494,Jürgen Klatt,team,
2026/2027,BSC Göppingen 3,2499,242789,Kevin Künstler,team,
2026/2027,BSC Göppingen 3,2499,369023,Luciano Galman,team,
2026/2027,BSC Göppingen 3,2499,368628,Wilfried Schön,team,
2026/2027,BSC Göppingen 3,2499,369024,Nikolai Lupena,team,
2026/2027,BSC Göppingen 3,2499,102935,Daniela Majer,team,
2026/2027,BSC Göppingen 3,2499,369025,Eyvinh Polvito,team,
2026/2027,BSC Göppingen 3,2499,368211,Gerd Friedl,team,
2026/2027,BSC Göppingen 3,2499,368819,Sait Pelit,team,
2026/2027,BC Aalen 4,2495,350897,Harry Augustin,team,
2026/2027,BC Aalen 4,2495,367983,Taner Susuz,team,
2026/2027,BC Aalen 4,2495,368886,Hayk Hovhannisyan,team,
2026/2027,BC Aalen 4,2495,368138,Philip Gamerdinger,team,
2026/2027,BC Aalen 4,2495,369206,Hans Müller,team,
2026/2027,BC Aalen 4,2495,369243,Seyhan Dayan,team,
2026/2027,PBC Bietigheim-Bissingen 2,2455,248690,Ralf Bachert,team,
2026/2027,PBC Bietigheim-Bissingen 2,2455,354685,Joachim Luft,team,
2026/2027,PBC Bietigheim-Bissingen 2,2455,100791,Giuseppe Dellaquercia,team,
2026/2027,PBC Bietigheim-Bissingen 2,2455,368409,Lothar Hirsch,team,
2026/2027,PBC Bietigheim-Bissingen 2,2455,240287,Dietmar Lauer,team,
2026/2027,PBC Bietigheim-Bissingen 2,2455,368909,Thilo Ertmann,team,
2026/2027,PBC Bietigheim-Bissingen 2,2455,368267,Jochen Schütz,team,
2026/2027,BC Stuttgart 1891 4,2497,368893,Sukhbat Batjargal,team,
2026/2027,BC Stuttgart 1891 4,2497,100481,Silke Brand,team,
2026/2027,BC Stuttgart 1891 4,2497,368807,Bayartsetseg Tsogoo,team,
2026/2027,BC Stuttgart 1891 4,2497,368960,Tien Dat Le,team,
2026/2027,BC Stuttgart 1891 4,2497,368716,Esad Selim Gündüz,team,
2026/2027,BC Stuttgart 1891 4,2497,368622,Vy Le Tuong,team,
2026/2027,BC Stuttgart 1891 4,2497,102758,Joachim Lechenbauer,team,
2026/2027,BC Stuttgart 1891 4,2497,368408,Yilmaz Bulut,team,
2026/2027,PBC Aalen 1,2502,368827,Tobias Reisner,team,
2026/2027,PBC Aalen 1,2502,104746,Alexandros Vassiliadis,team,
2026/2027,PBC Aalen 1,2502,368236,Joshua Bartsch,team,
2026/2027,PBC Aalen 1,2502,368450,Jürgen Reisner,team,
2026/2027,PBC Aalen 1,2502,368220,Sezer Soydinc,team,
2026/2027,PBC Schwäbisch Gmünd 1,2504,368868,Matthias Weigl,team,
2026/2027,PBC Schwäbisch Gmünd 1,2504,100089,Ralf Annamaier,team,
2026/2027,PBC Schwäbisch Gmünd 1,2504,367996,Nurcan Ezdi,team,
2026/2027,PBC Schwäbisch Gmünd 1,2504,102111,Zvonimir Jembrih,team,
2026/2027,PBC Schwäbisch Gmünd 1,2504,249001,Oliver Krieger,team,
2026/2027,PBC Schwäbisch Gmünd 1,2504,242923,Stephan Nimführ,team,
2026/2027,PBC Schwäbisch Gmünd 1,2504,368645,Joel Louis Egon Strohmayer,team,
2026/2027,BSV Shooters Fellbach 1,3185,100638,Adrian Cabanillas Lora,team,
2026/2027,BSV Shooters Fellbach 1,3185,102645,Stefan Künzl,team,
2026/2027,BSV Shooters Fellbach 1,3185,104396,Eric Sorg,team,
2026/2027,BSV Shooters Fellbach 1,3185,355292,Christian Casagrande,team,
2026/2027,PBC Freudenstadt 3,2465,368502,Daniel Fahrner,team,
2026/2027,PBC Freudenstadt 3,2465,104258,Florian Schwägler,team,
2026/2027,PBC Freudenstadt 3,2465,104365,Asmir Sinanovic,team,
2026/2027,PBC Freudenstadt 3,2465,247957,Stefan Vater,team,
2026/2027,PBC Freudenstadt 3,2465,100060,Marc Allinger,team,
2026/2027,PBC Freudenstadt 3,2465,100319,Rolf Berkowitz,team,
2026/2027,PBC Freudenstadt 3,2465,368692,Mirjan Hidri,team,
2026/2027,PBC Freudenstadt 3,2465,249080,Uwe Machalett,team,
2026/2027,PBC Nagoldtal 2,2466,102047,Xhemajil Ibrahimi,team,
2026/2027,PBC Nagoldtal 2,2466,366176,Stefan Lorenz,team,
2026/2027,PBC Nagoldtal 2,2466,103756,Norbert Ritschel,team,
2026/2027,PBC Nagoldtal 2,2466,368222,Sven Schulz,team,
2026/2027,PBC Nagoldtal 2,2466,369123,Mete Mutlu,team,
2026/2027,PBC Nagoldtal 2,2466,103598,Andreas Rago,team,
2026/2027,PBC Nagoldtal 2,2466,245634,Florian Staud,team,
2026/2027,BV Pforzheim 3,2464,352635,Draoui El Mokhtar,team,
2026/2027,BV Pforzheim 3,2464,102013,Marco Huber,team,
2026/2027,BV Pforzheim 3,2464,349928,Pascal Habiger,team,
2026/2027,BV Pforzheim 3,2464,245476,Manuel Kreuz,team,
2026/2027,BV Pforzheim 3,2464,366201,Patrik Graf,team,
2026/2027,BV Pforzheim 3,2464,101528,Gerhard Gryschka,team,
2026/2027,BV Pforzheim 3,2464,100778,Andreas Decker,team,
2026/2027,BV Pforzheim 3,2464,366961,Peter Stadelmaier,team,
2026/2027,BC Sindelfingen 5,2462,102278,Andreas Keilmann,team,
2026/2027,BC Sindelfingen 5,2462,368964,Petar Krolo,team,
2026/2027,BC Sindelfingen 5,2462,369215,Raphael Müller,team,
2026/2027,BC Sindelfingen 5,2462,367959,Kurt Saller,team,
2026/2027,BC Sindelfingen 5,2462,368179,Thorsten Möhle,team,
2026/2027,BC Sindelfingen 5,2462,103200,Andreas Müller,team,
2026/2027,BC Sindelfingen 5,2462,368200,Jürgen Trost,team,
2026/2027,PBC Rastatt 2,2482,104984,Sascha Werle,team,
2026/2027,PBC Rastatt 2,2482,367976,Antonio Pejic,team,
2026/2027,PBC Rastatt 2,2482,369008,Dario Borkovic,team,
2026/2027,PBC Rastatt 2,2482,103882,Alfred Rutkowski,team,
2026/2027,PBC Rastatt 2,2482,369268,Sven Erbrecht,team,
2026/2027,PF Calw 2,2471,101289,Thomas Gäckle,team,
2026/2027,PF Calw 2,2471,248741,Oliver Hauke,team,
2026/2027,PF Calw 2,2471,245346,Michael Minnerop,team,
2026/2027,PF Calw 2,2471,249359,Florian Pasch,team,
2026/2027,BC Bad Schussenried 2,2401,367990,Raimund Wanner,team,
2026/2027,BC Bad Schussenried 2,2401,368111,Ali Cetin,team,
2026/2027,BC Bad Schussenried 2,2401,367935,Kadir Özturgut,team,
2026/2027,BC Bad Schussenried 2,2401,369105,Lothar Enzenhöfer,team,
2026/2027,BC Bad Schussenried 2,2401,367948,Flaviano Gabriele,team,
2026/2027,BC Bad Schussenried 2,2401,367933,Siegbert Müller,team,
2026/2027,BC Bad Schussenried 2,2401,367936,Dieter Seitz,team,
2026/2027,BC Bad Schussenried 3,2401,353844,Manuel Aschenbrenner,team,
2026/2027,BC Bad Schussenried 3,2401,367937,Daniel Schmid,team,
2026/2027,BC Bad Schussenried 3,2401,368848,Franz Miehle,team,
2026/2027,BC Bad Schussenried 3,2401,368904,Dietmar Helfrich,team,
2026/2027,BC Bad Schussenried 3,2401,368142,Philip Kammnick,team,
2026/2027,PBC Langenargen 1,2414,368006,Hans-Henning Schmid,team,
2026/2027,PBC Langenargen 1,2414,350617,Christian Späthe,team,
2026/2027,PBC Langenargen 1,2414,228696,Gerald Ströbele,team,
2026/2027,PBC Langenargen 1,2414,100903,Krischan Dostal,team,
2026/2027,PBC Langenargen 1,2414,100632,Jens Butenschön,team,
2026/2027,BV Markdorf 2,2410,103113,Lutz Metzner,team,
2026/2027,BV Markdorf 2,2410,100486,Martin Brandt,team,
2026/2027,BV Markdorf 2,2410,228681,Andreas Kiefer,team,
2026/2027,BV Markdorf 2,2410,105051,Georg Winter,team,
2026/2027,BV Markdorf 2,2410,368241,Victor Rodriguez,team,
2026/2027,PBC Ochsenhausen 2,2416,104354,Manfred Sieweke,team,
2026/2027,PBC Ochsenhausen 2,2416,368978,Julian Schank,team,
2026/2027,PBC Ochsenhausen 2,2416,101426,Boris Golic,team,
2026/2027,PBC Ochsenhausen 2,2416,368524,Kurt Ljokaj,team,
2026/2027,PBC Ochsenhausen 2,2416,104206,Anton Schubert,team,
2026/2027,PBC Ochsenhausen 2,2416,104610,Erwin Thoma,team,
2026/2027,PBC Ochsenhausen 1,2416,104407,Eugen Spähn,team,
2026/2027,PBC Ochsenhausen 1,2416,100124,Ottmar Auzinger,team,
2026/2027,PBC Ochsenhausen 1,2416,101426,Boris Golic,team,
2026/2027,PBC Ochsenhausen 1,2416,367989,Martin Reinhardt,team,
2026/2027,PBC Ochsenhausen 1,2416,368878,Theo Georgoudious,team,
2026/2027,BC Sindelfingen 6,2462,175404,Hans-Peter Benzinger,team,
2026/2027,BC Sindelfingen 6,2462,368659,Lukas Marx,team,
2026/2027,BC Sindelfingen 6,2462,368008,Alfred Stöcklein,team,
2026/2027,BC Sindelfingen 6,2462,368364,Oliver Marx,team,
2026/2027,BC Sindelfingen 6,2462,102379,Daniel Klapper,team,
2026/2027,BC Sindelfingen 6,2462,100304,Janina Benzinger,team,
2026/2027,BC Sindelfingen 6,2462,368402,Cuong Dao-Ngoc,team,
2026/2027,BC Sindelfingen 6,2462,103127,Massimo Miccoli,team,
2026/2027,BC Dätzingen 1,2459,368343,Marcel Haab,team,
2026/2027,BC Dätzingen 1,2459,101755,Dominik Heinkele,team,
2026/2027,BC Dätzingen 1,2459,100662,Fabian Cecotti,team,
2026/2027,BC Dätzingen 1,2459,248740,Arash Dayyani,team,
2026/2027,BSV Pfullingen 2,2424,100889,Bernd Dorenburg,team,
2026/2027,BSV Pfullingen 2,2424,229045,Ulrich Schäfer,team,
2026/2027,BSV Pfullingen 2,2424,101958,Sandra Höll,team,
2026/2027,BSV Pfullingen 2,2424,104286,Andre Schwenzfeier,team,
2026/2027,BSV Pfullingen 2,2424,355894,Henrique Barbosa,team,
2026/2027,BSV Pfullingen 2,2424,250221,Marco Bunke,team,
2026/2027,BSV Pfullingen 2,2424,245247,Fabian Rapp,team,
2026/2027,BSV Pfullingen 2,2424,157028,Peter Restle,team,
2026/2027,BSV Pfullingen 2,2424,251775,Joao Rodrigues,team,
2026/2027,BSV Pfullingen 2,2424,356163,Bruno Schuon,team,
2026/2027,BSV Pfullingen 2,2424,355803,Randee Ramzi Yalda,team,
2026/2027,PF Calw 1,2471,103686,Michael Reiser,team,
2026/2027,PF Calw 1,2471,242955,Manfred Kalliehs,team,
2026/2027,PF Calw 1,2471,368984,Michael Müller,team,
2026/2027,PF Calw 1,2471,368860,Wolfgang Krüger,team,
2026/2027,PBC Nagoldtal 3,2466,103603,Thorsten Rammer,team,
2026/2027,PBC Nagoldtal 3,2466,242888,Andreas Schmid,team,
2026/2027,PBC Nagoldtal 3,2466,104870,Tobias Walz,team,
2026/2027,PBC Nagoldtal 3,2466,368222,Sven Schulz,team,
2026/2027,PBC Nagoldtal 3,2466,368423,Stefanie Brakopp,team,
2026/2027,PBC Nagoldtal 3,2466,103756,Norbert Ritschel,team,
2026/2027,Tübinger BC 2,2431,368820,Patrick Coklica,team,
2026/2027,Tübinger BC 2,2431,356369,Alexander Fischer,team,
2026/2027,Tübinger BC 2,2431,368821,Partha Ghosh,team,
2026/2027,Tübinger BC 2,2431,367912,Nikolaos Seristatidis,team,
2026/2027,Tübinger BC 2,2431,242992,Mark Hast,team,
2026/2027,Tübinger BC 2,2431,102721,Johannes Mai,team,
2026/2027,Tübinger BC 2,2431,229104,Cornelius Ryan,team,
2026/2027,Tübinger BC 2,2431,249083,Simon Theodoropoulos,team,
2021/2022,,,250901,Emrah Atak,einzel,29
2021/2022,,,353826,Sebastian Calinescu,einzel,29
2021/2022,,,251376,Ferhat Cayli,einzel,29
2021/2022,,,100670,Efendi Cekerek,einzel,29
2021/2022,,,240446,Antonio De Gois,einzel,29
2021/2022,,,250898,Alexander Friederich,einzel,29
2021/2022,,,101538,Bülent Güler,einzel,29
2021/2022,,,101585,Alexander Haass,einzel,29
2021/2022,,,247504,Riccardo Heinen,einzel,29
2021/2022,,,102108,Daniel Jarke,einzel,29
2021/2022,,,351635,Robert Klinec,einzel,29
2021/2022,,,102568,Thomas Kramhöller,einzel,29
2021/2022,,,103072,Florian Menzel,einzel,29
2021/2022,,,103143,Benny-Michel Mildenberger,einzel,29
2021/2022,,,352032,Stefan Neuberger,einzel,29
2021/2022,,,243479,Alen Salic,einzel,29
2021/2022,,,104299,Rainer Seemann,einzel,29
2021/2022,,,244727,Fabian Snijder,einzel,29
2021/2022,,,104507,Florian Stojanoski,einzel,29
2021/2022,,,231078,Tayfun Teber,einzel,29
2021/2022,,,104634,Viktor Tissen,einzel,29
2021/2022,,,252010,Long Werner,einzel,29
2021/2022,,,105043,Dirk Windecker,einzel,29
2021/2022,,,100296,Mustafa Benk,einzel,30
2021/2022,,,353993,Gerold Birmili,einzel,30
2021/2022,,,242926,Nils Dannhauer,einzel,30
2021/2022,,,245948,Aryan Dayyani,einzel,30
2021/2022,,,100972,Benjamin Eiberger,einzel,30
2021/2022,,,352635,Draoui El Mokhtar,einzel,30
2021/2022,,,101390,Marco Giusa,einzel,30
2021/2022,,,101289,Thomas Gäckle,einzel,30
2021/2022,,,349928,Pascal Habiger,einzel,30
2021/2022,,,353913,Saman Hadi,einzel,30
2021/2022,,,101654,Thomas Handler,einzel,30
2021/2022,,,248741,Oliver Hauke,einzel,30
2021/2022,,,353408,Christopher Hopp,einzel,30
2021/2022,,,102013,Marco Huber,einzel,30
2021/2022,,,102744,Jörg Laupitz,einzel,30
2021/2022,,,249359,Florian Pasch,einzel,30
2021/2022,,,103552,Claudio Pontuti,einzel,30
2021/2022,,,353143,Martin Repp,einzel,30
2021/2022,,,104396,Eric Sorg,einzel,30
2021/2022,,,104541,Alexander Striker,einzel,30
2021/2022,,,351040,Marcel Twardon,einzel,30
2021/2022,,,104761,Goncalo Vieira Manies,einzel,30
2021/2022,,,242881,Xanthos Vlassidis,einzel,30
2021/2022,,,240293,Niklas Vogel,einzel,30
2021/2022,,,104803,Frank Vorauer,einzel,30
2021/2022,,,242963,Marco Warlies,einzel,30
2021/2022,,,240155,Andreas Wittmeier,einzel,30
2021/2022,,,249310,Nic Woywodt,einzel,30
2021/2022,,,249124,Joshua Armbruster,einzel,31
2021/2022,,,242707,Hanno Bernauer,einzel,31
2021/2022,,,100945,Stefan Duttlinger,einzel,31
2021/2022,,,101051,Christian Erl,einzel,31
2021/2022,,,250710,Steffen Feuerbacher,einzel,31
2021/2022,,,101192,Ronny Frank,einzel,31
2021/2022,,,101210,Ruben Frick,einzel,31
2021/2022,,,247955,David Galwas,einzel,31
2021/2022,,,101485,Ralf Grießhaber,einzel,31
2021/2022,,,249770,Ahmet Gümüs,einzel,31
2021/2022,,,101745,Rainer Heilmann,einzel,31
2021/2022,,,242710,Christian Joos,einzel,31
2021/2022,,,102131,Steffen Joos,einzel,31
2021/2022,,,102278,Andreas Keilmann,einzel,31
2021/2022,,,102584,Karl-Heinz Krause,einzel,31
2021/2022,,,103081,Andreas Merkle,einzel,31
2021/2022,,,224549,Stefan Weiner,einzel,31
2021/2022,,,355793,Klaus Woehrlin,einzel,31
2021/2022,,,105147,Hikmet Yüksel,einzel,31
2021/2022,,,367960,Thomas Doussos,einzel,34
2021/2022,,,100918,Thomas Drey,einzel,34
2021/2022,,,101317,Frank Gebert,einzel,34
2021/2022,,,228708,Hans Heuschmid,einzel,34
2021/2022,,,102424,Andreas Knauf,einzel,34
2021/2022,,,103268,Vincenzo Murano,einzel,34
2021/2022,,,104635,Raphael Titzmann,einzel,34
2021/2022,,,100039,Erdal Akinci,einzel,32
2021/2022,,,351910,Qayssar Al Saedi,einzel,32
2021/2022,,,100100,Markus Appenowitz,einzel,32
2021/2022,,,353844,Manuel Aschenbrenner,einzel,32
2021/2022,,,250221,Marco Bunke,einzel,32
2021/2022,,,100632,Jens Butenschön,einzel,32
2021/2022,,,353736,Dario Dakovic,einzel,32
2021/2022,,,351689,Sander Damrau,einzel,32
2021/2022,,,100982,Andreas Einsiedler,einzel,32
2021/2022,,,350713,Jonas Entenmann,einzel,32
2021/2022,,,349925,Michael Grad,einzel,32
2021/2022,,,248769,Marius-Daniel Grigore-Martini,einzel,32
2021/2022,,,252672,Hartmut Jäggle,einzel,32
2021/2022,,,102864,Matthias Ludersdorfer,einzel,32
2021/2022,,,242808,Thorsten Mohr,einzel,32
2021/2022,,,103211,Fabian Müller,einzel,32
2021/2022,,,103433,Sebastian Oswald,einzel,32
2021/2022,,,245247,Fabian Rapp,einzel,32
2021/2022,,,103925,Sascha Sauer,einzel,32
2021/2022,,,229045,Ulrich Schäfer,einzel,32
2021/2022,,,104671,Marcus Trumpp,einzel,32
2021/2022,,,246408,Jan Weber,einzel,32
2021/2022,,,105051,Georg Winter,einzel,32
2021/2022,,,355803,Randee Ramzi Yalda,einzel,32
2021/2022,,,100092,Charalampos Antonogiorgakis,einzel,33
2021/2022,,,248690,Ralf Bachert,einzel,33
2021/2022,,,228911,Martin Brunsch,einzel,33
2021/2022,,,101265,Michael Füess,einzel,33
2021/2022,,,242971,Selim Güzel,einzel,33
2021/2022,,,101574,Michael Haag,einzel,33
2021/2022,,,101724,Robin Heber,einzel,33
2021/2022,,,242976,Anastasios Kagelidis,einzel,33
2021/2022,,,102445,Gerald Kny,einzel,33
2021/2022,,,121877,Peter Link,einzel,33
2021/2022,,,103075,Daniel Merbitz,einzel,33
2021/2022,,,103612,Gerald Rastetter,einzel,33
2021/2022,,,355443,Michael Reich,einzel,33
2021/2022,,,103882,Alfred Rutkowski,einzel,33
2021/2022,,,351950,Olaf Schwarz,einzel,33
2021/2022,,,104353,Wolfgang Siethoff,einzel,33
2021/2022,,,104607,Steven Thieltges,einzel,33
2021/2022,,,105234,Daniel Zmalec,einzel,33
2021/2022,,,100445,Ulf Bojus,einzel,35
2021/2022,,,100813,Marco Di Martino,einzel,35
2021/2022,,,101114,Gordon Fenske,einzel,35
2021/2022,,,101994,Gerd Hörrmann,einzel,35
2021/2022,,,239638,Michael Killian,einzel,35
2021/2022,,,102502,Viktor König,einzel,35
2021/2022,,,103087,Markus Merz,einzel,35
2021/2022,,,103289,Ingo Nassall,einzel,35
2021/2022,,,103357,Frank Nitsche,einzel,35
2021/2022,,,250306,Luigi Sarullo,einzel,35
2021/2022,,,103922,Andreas Sattler,einzel,35
2021/2022,,,104109,Uwe Schmidt,einzel,35
2021/2022,,,104129,Axel Schmucker,einzel,35
2021/2022,,,104328,Sven Senghaas,einzel,35
2021/2022,,,247575,Andreas Stüber,einzel,35
2021/2022,,,163386,Holger Vier,einzel,35
2021/2022,,,104766,Carmelo Visconti,einzel,35
2021/2022,,,104844,Rolf Waible,einzel,35
2021/2022,,,105103,Dieter Wolk,einzel,35
2021/2022,,,244943,Peggy Eisele,einzel,46
2021/2022,,,247503,Claudia Heinen,einzel,46
2021/2022,,,101856,Bianca Heneka,einzel,46
2021/2022,,,101818,Melanie Henschel,einzel,46
2021/2022,,,102034,Nicole Hummel,einzel,46
2021/2022,,,251187,Kathrin Karwath,einzel,46
2021/2022,,,252901,Evi Leder,einzel,46
2021/2022,,,104776,Tina Riedel,einzel,46
2021/2022,,,159294,Christina Schneider-Radunovic,einzel,46
2021/2022,,,101737,Svenja Schwarzkopf,einzel,46
2021/2022,,,104767,Celina Visconti,einzel,46
2021/2022,,,100060,Marc Allinger,einzel,36
2021/2022,,,104770,Sven Deschner,einzel,36
2021/2022,,,100966,Wolfgang Ehni,einzel,36
2021/2022,,,101476,Christian Gremmelspacher,einzel,36
2021/2022,,,101688,Richard Hartmann,einzel,36
2021/2022,,,101689,Richy Hartmann,einzel,36
2021/2022,,,102948,Rolf Mangelsdorf,einzel,36
2021/2022,,,353889,Bruno Miletic,einzel,36
2021/2022,,,103183,Berthold Moser,einzel,36
2021/2022,,,242717,Michael Psarras,einzel,36
2021/2022,,,103603,Thorsten Rammer,einzel,36
2021/2022,,,103654,Michael Reichert,einzel,36
2021/2022,,,123146,Markus Rütten,einzel,36
2021/2022,,,103930,Eberhard Sauter,einzel,36
2021/2022,,,242876,Frank Tatarkowski,einzel,36
2021/2022,,,247957,Stefan Vater,einzel,36
2021/2022,,,104825,Frank Wagenmann,einzel,36
2021/2022,,,100039,Erdal Akinci,einzel,47
2021/2022,,,100100,Markus Appenowitz,einzel,47
2021/2022,,,100945,Stefan Duttlinger,einzel,47
2021/2022,,,101390,Marco Giusa,einzel,47
2021/2022,,,101485,Ralf Grießhaber,einzel,47
2021/2022,,,101572,Ricardo Gutjahr,einzel,47
2021/2022,,,101585,Alexander Haass,einzel,47
2021/2022,,,353408,Christopher Hopp,einzel,47
2021/2022,,,102003,Hermann Hoyh,einzel,47
2021/2022,,,242710,Christian Joos,einzel,47
2021/2022,,,102278,Andreas Keilmann,einzel,47
2021/2022,,,102568,Thomas Kramhöller,einzel,47
2021/2022,,,103072,Florian Menzel,einzel,47
2021/2022,,,242808,Thorsten Mohr,einzel,47
2021/2022,,,103552,Claudio Pontuti,einzel,47
2021/2022,,,354147,Geronimo Rosa,einzel,47
2021/2022,,,229045,Ulrich Schäfer,einzel,47
2021/2022,,,242881,Xanthos Vlassidis,einzel,47
2021/2022,,,244943,Peggy Eisele,einzel,53
2021/2022,,,101856,Bianca Heneka,einzel,53
2021/2022,,,102034,Nicole Hummel,einzel,53
2021/2022,,,102170,Patricia Kaffesi,einzel,53
2021/2022,,,251187,Kathrin Karwath,einzel,53
2021/2022,,,104025,Priska Leven,einzel,53
2021/2022,,,104776,Tina Riedel,einzel,53
2021/2022,,,159294,Christina Schneider-Radunovic,einzel,53
2021/2022,,,101737,Svenja Schwarzkopf,einzel,53
2021/2022,,,104767,Celina Visconti,einzel,53
2021/2022,,,104951,Fabienne Weiß,einzel,53
2021/2022,,,353387,Daniela Behrend,einzel,48
2021/2022,,,100481,Silke Brand,einzel,48
2021/2022,,,100500,Petra Braun,einzel,48
2021/2022,,,350961,Sabine Hort,einzel,48
2021/2022,,,354558,Angelika Kaune,einzel,48
2021/2022,,,239637,Irina Killian,einzel,48
2021/2022,,,103910,Petra Sannwald,einzel,48
2021/2022,,,239646,Susanne Schweter,einzel,48
2021/2022,,,353038,Brigitte Uhrig,einzel,48
2021/2022,,,100014,Marek Adam,einzel,52
2021/2022,,,100039,Erdal Akinci,einzel,52
2021/2022,,,100945,Stefan Duttlinger,einzel,52
2021/2022,,,101210,Ruben Frick,einzel,52
2021/2022,,,101390,Marco Giusa,einzel,52
2021/2022,,,101485,Ralf Grießhaber,einzel,52
2021/2022,,,101572,Ricardo Gutjahr,einzel,52
2021/2022,,,101585,Alexander Haass,einzel,52
2021/2022,,,102003,Hermann Hoyh,einzel,52
2021/2022,,,102864,Matthias Ludersdorfer,einzel,52
2021/2022,,,246024,Denis Mnich,einzel,52
2021/2022,,,242808,Thorsten Mohr,einzel,52
2021/2022,,,103635,Hendrik Reckers,einzel,52
2021/2022,,,354147,Geronimo Rosa,einzel,52
2021/2022,,,231078,Tayfun Teber,einzel,52
2021/2022,,,242881,Xanthos Vlassidis,einzel,52
2021/2022,,,100481,Silke Brand,einzel,54
2021/2022,,,100500,Petra Braun,einzel,54
2021/2022,,,350961,Sabine Hort,einzel,54
2021/2022,,,354558,Angelika Kaune,einzel,54
2021/2022,,,239637,Irina Killian,einzel,54
2021/2022,,,103910,Petra Sannwald,einzel,54
2021/2022,,,239646,Susanne Schweter,einzel,54
2021/2022,,,244943,Peggy Eisele,einzel,56
2021/2022,,,247503,Claudia Heinen,einzel,56
2021/2022,,,101856,Bianca Heneka,einzel,56
2021/2022,,,101818,Melanie Henschel,einzel,56
2021/2022,,,102034,Nicole Hummel,einzel,56
2021/2022,,,251187,Kathrin Karwath,einzel,56
2021/2022,,,102935,Daniela Majer,einzel,56
2021/2022,,,104776,Tina Riedel,einzel,56
2021/2022,,,159294,Christina Schneider-Radunovic,einzel,56
2021/2022,,,101737,Svenja Schwarzkopf,einzel,56
2021/2022,,,104767,Celina Visconti,einzel,56
2021/2022,,,228911,Martin Brunsch,einzel,55
2021/2022,,,104770,Sven Deschner,einzel,55
2021/2022,,,100825,Michael Diedrich,einzel,55
2021/2022,,,367960,Thomas Doussos,einzel,55
2021/2022,,,101317,Frank Gebert,einzel,55
2021/2022,,,354684,Markus Geßinger,einzel,55
2021/2022,,,101500,Steffen Gross,einzel,55
2021/2022,,,101724,Robin Heber,einzel,55
2021/2022,,,101994,Gerd Hörrmann,einzel,55
2021/2022,,,102204,Markus Kamuf,einzel,55
2021/2022,,,102948,Rolf Mangelsdorf,einzel,55
2021/2022,,,103075,Daniel Merbitz,einzel,55
2021/2022,,,103289,Ingo Nassall,einzel,55
2021/2022,,,123146,Markus Rütten,einzel,55
2021/2022,,,104353,Wolfgang Siethoff,einzel,55
2021/2022,,,104844,Rolf Waible,einzel,55
2021/2022,,,111963,Bernd Woitanowski,einzel,55
2021/2022,,,100039,Erdal Akinci,einzel,58
2021/2022,,,250221,Marco Bunke,einzel,58
2021/2022,,,100945,Stefan Duttlinger,einzel,58
2021/2022,,,101390,Marco Giusa,einzel,58
2021/2022,,,101485,Ralf Grießhaber,einzel,58
2021/2022,,,101585,Alexander Haass,einzel,58
2021/2022,,,102003,Hermann Hoyh,einzel,58
2021/2022,,,102568,Thomas Kramhöller,einzel,58
2021/2022,,,248413,Manuel Letzel,einzel,58
2021/2022,,,103072,Florian Menzel,einzel,58
2021/2022,,,103275,Marcus Mutschler,einzel,58
2021/2022,,,103581,Matthias Pujic,einzel,58
2021/2022,,,354147,Geronimo Rosa,einzel,58
2021/2022,,,103925,Sascha Sauer,einzel,58
2021/2022,,,103932,Roland Sauter,einzel,58
2021/2022,,,104507,Florian Stojanoski,einzel,58
2021/2022,,,104752,Zehrudin Vereget,einzel,58
2021/2022,,,242881,Xanthos Vlassidis,einzel,58
2021/2022,,,100481,Silke Brand,einzel,57
2021/2022,,,100500,Petra Braun,einzel,57
2021/2022,,,350961,Sabine Hort,einzel,57
2021/2022,,,354558,Angelika Kaune,einzel,57
2021/2022,,,239637,Irina Killian,einzel,57
2021/2022,,,355165,Katrin Quaschinsky,einzel,57
2021/2022,,,103910,Petra Sannwald,einzel,57
2021/2022,,,239646,Susanne Schweter,einzel,57
2021/2022,,,248690,Ralf Bachert,einzel,60
2021/2022,,,100825,Michael Diedrich,einzel,60
2021/2022,,,101265,Michael Füess,einzel,60
2021/2022,,,101500,Steffen Gross,einzel,60
2021/2022,,,101689,Richy Hartmann,einzel,60
2021/2022,,,101724,Robin Heber,einzel,60
2021/2022,,,102204,Markus Kamuf,einzel,60
2021/2022,,,103075,Daniel Merbitz,einzel,60
2021/2022,,,103183,Berthold Moser,einzel,60
2021/2022,,,103289,Ingo Nassall,einzel,60
2021/2022,,,103357,Frank Nitsche,einzel,60
2021/2022,,,123146,Markus Rütten,einzel,60
2021/2022,,,104607,Steven Thieltges,einzel,60
2021/2022,,,104635,Raphael Titzmann,einzel,60
2021/2022,,,171709,Daniel Vidackovic,einzel,60
2021/2022,,,163386,Holger Vier,einzel,60
2021/2022,,,104825,Frank Wagenmann,einzel,60
2021/2022,,,104844,Rolf Waible,einzel,60
2021/2022,,,104770,Sven Deschner,einzel,59
2021/2022,,,100825,Michael Diedrich,einzel,59
2021/2022,,,367960,Thomas Doussos,einzel,59
2021/2022,,,101265,Michael Füess,einzel,59
2021/2022,,,101317,Frank Gebert,einzel,59
2021/2022,,,101500,Steffen Gross,einzel,59
2021/2022,,,101724,Robin Heber,einzel,59
2021/2022,,,101926,Heiko Hoffmann,einzel,59
2021/2022,,,101994,Gerd Hörrmann,einzel,59
2021/2022,,,102204,Markus Kamuf,einzel,59
2021/2022,,,103075,Daniel Merbitz,einzel,59
2021/2022,,,123146,Markus Rütten,einzel,59
2021/2022,,,247505,Thomas Sommer,einzel,59
2021/2022,,,104635,Raphael Titzmann,einzel,59
2021/2022,,,163386,Holger Vier,einzel,59
2021/2022,,,104825,Frank Wagenmann,einzel,59
2021/2022,,,100481,Silke Brand,einzel,63
2021/2022,,,100500,Petra Braun,einzel,63
2021/2022,,,350961,Sabine Hort,einzel,63
2021/2022,,,354558,Angelika Kaune,einzel,63
2021/2022,,,239637,Irina Killian,einzel,63
2021/2022,,,355165,Katrin Quaschinsky,einzel,63
2021/2022,,,103910,Petra Sannwald,einzel,63
2021/2022,,,239646,Susanne Schweter,einzel,63
2021/2022,,,244943,Peggy Eisele,einzel,61
2021/2022,,,101856,Bianca Heneka,einzel,61
2021/2022,,,102034,Nicole Hummel,einzel,61
2021/2022,,,102170,Patricia Kaffesi,einzel,61
2021/2022,,,251187,Kathrin Karwath,einzel,61
2021/2022,,,104025,Priska Leven,einzel,61
2021/2022,,,102935,Daniela Majer,einzel,61
2021/2022,,,104776,Tina Riedel,einzel,61
2021/2022,,,159294,Christina Schneider-Radunovic,einzel,61
2021/2022,,,101737,Svenja Schwarzkopf,einzel,61
2021/2022,,,104767,Celina Visconti,einzel,61
2021/2022,,,350473,Gabriele Winzer-Moser,einzel,61
2021/2022,,,100014,Marek Adam,einzel,62
2021/2022,,,100039,Erdal Akinci,einzel,62
2021/2022,,,249124,Joshua Armbruster,einzel,62
2021/2022,,,100945,Stefan Duttlinger,einzel,62
2021/2022,,,101210,Ruben Frick,einzel,62
2021/2022,,,101485,Ralf Grießhaber,einzel,62
2021/2022,,,101572,Ricardo Gutjahr,einzel,62
2021/2022,,,101289,Thomas Gäckle,einzel,62
2021/2022,,,101585,Alexander Haass,einzel,62
2021/2022,,,102003,Hermann Hoyh,einzel,62
2021/2022,,,102568,Thomas Kramhöller,einzel,62
2021/2022,,,354147,Geronimo Rosa,einzel,62
2021/2022,,,104396,Eric Sorg,einzel,62
2021/2022,,,104507,Florian Stojanoski,einzel,62
2021/2022,,,104541,Alexander Striker,einzel,62
2021/2022,,,228696,Gerald Ströbele,einzel,62
2021/2022,,,231078,Tayfun Teber,einzel,62
2021/2022,,,242881,Xanthos Vlassidis,einzel,62
2021/2022,,,248690,Ralf Bachert,einzel,64
2021/2022,,,367960,Thomas Doussos,einzel,64
2021/2022,,,101317,Frank Gebert,einzel,64
2021/2022,,,101500,Steffen Gross,einzel,64
2021/2022,,,101724,Robin Heber,einzel,64
2021/2022,,,101994,Gerd Hörrmann,einzel,64
2021/2022,,,102204,Markus Kamuf,einzel,64
2021/2022,,,102948,Rolf Mangelsdorf,einzel,64
2021/2022,,,103075,Daniel Merbitz,einzel,64
2021/2022,,,248469,Fabian Metz,einzel,64
2021/2022,,,103183,Berthold Moser,einzel,64
2021/2022,,,123146,Markus Rütten,einzel,64
2021/2022,,,104635,Raphael Titzmann,einzel,64
2021/2022,,,163386,Holger Vier,einzel,64
2021/2022,,,104825,Frank Wagenmann,einzel,64
2021/2022,,,105234,Daniel Zmalec,einzel,64
2022/2023,,,248593,Sebastian Albrecht,einzel,111
2022/2023,,,250901,Emrah Atak,einzel,111
2022/2023,,,100670,Efendi Cekerek,einzel,111
2022/2023,,,100719,Arno Corigliano,einzel,111
2022/2023,,,240446,Antonio De Gois,einzel,111
2022/2023,,,250899,Rouven Elischer,einzel,111
2022/2023,,,101749,Jens Heim,einzel,111
2022/2023,,,102305,Felix Kern,einzel,111
2022/2023,,,102568,Thomas Kramhöller,einzel,111
2022/2023,,,355299,Bernd Mahnke,einzel,111
2022/2023,,,221926,Valentin Marten,einzel,111
2022/2023,,,103072,Florian Menzel,einzel,111
2022/2023,,,103558,Benjamin Pran,einzel,111
2022/2023,,,103581,Matthias Pujic,einzel,111
2022/2023,,,103635,Hendrik Reckers,einzel,111
2022/2023,,,355715,Ronald Rogge,einzel,111
2022/2023,,,240242,Mirsad Sabic,einzel,111
2022/2023,,,242731,Dirk Schäfauer,einzel,111
2022/2023,,,244727,Fabian Snijder,einzel,111
2022/2023,,,355901,Alexandar Stankovic,einzel,111
2022/2023,,,240243,Andree Säubert,einzel,111
2022/2023,,,252010,Long Werner,einzel,111
2022/2023,,,350685,Frank-Bernd Wieczorek,einzel,111
2022/2023,,,355791,Fabian Durst,einzel,113
2022/2023,,,368226,Ali El Ajouz,einzel,113
2022/2023,,,101192,Ronny Frank,einzel,113
2022/2023,,,247955,David Galwas,einzel,113
2022/2023,,,101470,Michael Greiner,einzel,113
2022/2023,,,242710,Christian Joos,einzel,113
2022/2023,,,367917,Sijon Joos,einzel,113
2022/2023,,,102131,Steffen Joos,einzel,113
2022/2023,,,353768,Tobias Küderle,einzel,113
2022/2023,,,242867,Michael Matschewsky,einzel,113
2022/2023,,,103081,Andreas Merkle,einzel,113
2022/2023,,,103098,Bernd Messing,einzel,113
2022/2023,,,103814,Phillip Rosenkranz,einzel,113
2022/2023,,,368139,Michael Schreiber,einzel,113
2022/2023,,,368127,Stefan Weiß,einzel,113
2022/2023,,,104971,Björn Welte,einzel,113
2022/2023,,,368044,Jörg Wolf,einzel,113
2022/2023,,,355824,Tobias Abt,einzel,112
2022/2023,,,349790,Wadea Al Mahamid,einzel,112
2022/2023,,,353993,Gerold Birmili,einzel,112
2022/2023,,,368111,Ali Cetin,einzel,112
2022/2023,,,353736,Dario Dakovic,einzel,112
2022/2023,,,351689,Sander Damrau,einzel,112
2022/2023,,,100904,Martin Doster,einzel,112
2022/2023,,,356369,Alexander Fischer,einzel,112
2022/2023,,,101390,Marco Giusa,einzel,112
2022/2023,,,248769,Marius-Daniel Grigore-Martini,einzel,112
2022/2023,,,353913,Saman Hadi,einzel,112
2022/2023,,,242992,Mark Hast,einzel,112
2022/2023,,,252672,Hartmut Jäggle,einzel,112
2022/2023,,,368142,Philip Kammnick,einzel,112
2022/2023,,,367934,Andreas Loderer,einzel,112
2022/2023,,,367910,Andreas Looser,einzel,112
2022/2023,,,351228,Max Löhle,einzel,112
2022/2023,,,367953,Mark Mende,einzel,112
2022/2023,,,368134,Benedikt Meschenmoser,einzel,112
2022/2023,,,367928,Tom Mischner,einzel,112
2022/2023,,,242808,Thorsten Mohr,einzel,112
2022/2023,,,354136,Ulrich Oswald,einzel,112
2022/2023,,,103552,Claudio Pontuti,einzel,112
2022/2023,,,103578,Athanassios Psimenidis,einzel,112
2022/2023,,,367989,Martin Reinhardt,einzel,112
2022/2023,,,157028,Peter Restle,einzel,112
2022/2023,,,251775,Joao Rodrigues,einzel,112
2022/2023,,,103925,Sascha Sauer,einzel,112
2022/2023,,,367937,Daniel Schmid,einzel,112
2022/2023,,,242796,Frank Schwenk,einzel,112
2022/2023,,,367912,Nikolaos Seristatidis,einzel,112
2022/2023,,,368015,Stefan Sock,einzel,112
2022/2023,,,354666,Andrew Steinhauer,einzel,112
2022/2023,,,252917,Florian Stubert,einzel,112
2022/2023,,,104646,Hakan Toprak,einzel,112
2022/2023,,,367964,Dominik Weitzmann,einzel,112
2022/2023,,,105051,Georg Winter,einzel,112
2022/2023,,,355803,Randee Ramzi Yalda,einzel,112
2022/2023,,,251815,Kevin Adamczyk,einzel,110
2022/2023,,,100122,Andreas Augustin,einzel,110
2022/2023,,,252039,Dany Baron,einzel,110
2022/2023,,,367913,Jürgen Baumgärtner,einzel,110
2022/2023,,,355875,Mohammed Ali Bemah,einzel,110
2022/2023,,,100616,Zeljko Burmazovic,einzel,110
2022/2023,,,100638,Adrian Cabanillas Lora,einzel,110
2022/2023,,,355292,Christian Casagrande,einzel,110
2022/2023,,,368208,Josip Ceko,einzel,110
2022/2023,,,368042,Haci Eymir,einzel,110
2022/2023,,,367975,Alpay Gürkal,einzel,110
2022/2023,,,101671,Markus Hardtke,einzel,110
2022/2023,,,101672,Matthias Hardtke,einzel,110
2022/2023,,,145388,Bernd Hauenstein,einzel,110
2022/2023,,,353408,Christopher Hopp,einzel,110
2022/2023,,,102355,Anastasios Kiriakidis,einzel,110
2022/2023,,,102379,Daniel Klapper,einzel,110
2022/2023,,,102685,Hayrettin Kurtoglu,einzel,110
2022/2023,,,102694,Daniel La Cognata,einzel,110
2022/2023,,,246024,Denis Mnich,einzel,110
2022/2023,,,103275,Marcus Mutschler,einzel,110
2022/2023,,,249359,Florian Pasch,einzel,110
2022/2023,,,368046,Pascal Pascolo,einzel,110
2022/2023,,,367918,Arman Rasoli,einzel,110
2022/2023,,,157455,Norbert Rollbühler,einzel,110
2022/2023,,,354814,Benjamin Ropertz,einzel,110
2022/2023,,,102551,Zlatko Rosin,einzel,110
2022/2023,,,367945,Simon Schaal,einzel,110
2022/2023,,,368047,Marvin Schiele,einzel,110
2022/2023,,,245634,Florian Staud,einzel,110
2022/2023,,,253141,Timur Susuz,einzel,110
2022/2023,,,104803,Frank Vorauer,einzel,110
2022/2023,,,368135,Tobias Zeller,einzel,110
2022/2023,,,368093,Andreas Zillmann,einzel,110
2022/2023,,,367980,Furkan Özkan,einzel,110
2022/2023,,,100039,Erdal Akinci,einzel,116
2022/2023,,,100124,Ottmar Auzinger,einzel,116
2022/2023,,,100718,Uwe Cordes,einzel,116
2022/2023,,,367948,Flaviano Gabriele,einzel,116
2022/2023,,,102114,Andreas Jeschka,einzel,116
2022/2023,,,367944,Thomas Rehmann,einzel,116
2022/2023,,,104085,Werner Schmidberger,einzel,116
2022/2023,,,104206,Anton Schubert,einzel,116
2022/2023,,,104354,Manfred Sieweke,einzel,116
2022/2023,,,104610,Erwin Thoma,einzel,116
2022/2023,,,367990,Raimund Wanner,einzel,116
2022/2023,,,242798,Jürgen Wilke,einzel,116
2022/2023,,,228713,Erich Wohllaib,einzel,116
2022/2023,,,100296,Mustafa Benk,einzel,114
2022/2023,,,100791,Giuseppe Dellaquercia,einzel,114
2022/2023,,,100852,Heiko Difflipp,einzel,114
2022/2023,,,101265,Michael Füess,einzel,114
2022/2023,,,144449,Ciro Guerra,einzel,114
2022/2023,,,367253,Rolf Göllner,einzel,114
2022/2023,,,242971,Selim Güzel,einzel,114
2022/2023,,,101574,Michael Haag,einzel,114
2022/2023,,,101587,Rainer Habelt,einzel,114
2022/2023,,,368146,Saeid Heydarpour,einzel,114
2022/2023,,,101952,Thorsten Holatka,einzel,114
2022/2023,,,242976,Anastasios Kagelidis,einzel,114
2022/2023,,,121877,Peter Link,einzel,114
2022/2023,,,366412,Sascha Link,einzel,114
2022/2023,,,354451,Timo Lipski,einzel,114
2022/2023,,,366176,Stefan Lorenz,einzel,114
2022/2023,,,354685,Joachim Luft,einzel,114
2022/2023,,,368179,Thorsten Möhle,einzel,114
2022/2023,,,103289,Ingo Nassall,einzel,114
2022/2023,,,355443,Michael Reich,einzel,114
2022/2023,,,353143,Martin Repp,einzel,114
2022/2023,,,104109,Uwe Schmidt,einzel,114
2022/2023,,,351950,Olaf Schwarz,einzel,114
2022/2023,,,104353,Wolfgang Siethoff,einzel,114
2022/2023,,,367983,Taner Susuz,einzel,114
2022/2023,,,368224,Hakan Söyler,einzel,114
2022/2023,,,368012,Birger Tesnau,einzel,114
2022/2023,,,104638,Jens Todt,einzel,114
2022/2023,,,368200,Jürgen Trost,einzel,114
2022/2023,,,104685,Machmut Turan,einzel,114
2022/2023,,,104742,Luis Varon Marques,einzel,114
2022/2023,,,240510,Sven Wezstein,einzel,114
2022/2023,,,240155,Andreas Wittmeier,einzel,114
2022/2023,,,105122,Michael Würz,einzel,114
2022/2023,,,105234,Daniel Zmalec,einzel,114
2022/2023,,,368227,Jürgen Benninger,einzel,115
2022/2023,,,100463,Stephan Boschert,einzel,115
2022/2023,,,353826,Sebastian Calinescu,einzel,115
2022/2023,,,353643,Ernst Fabian,einzel,115
2022/2023,,,101114,Gordon Fenske,einzel,115
2022/2023,,,247868,Sven Gehrisch,einzel,115
2022/2023,,,353633,Jürgen Götting,einzel,115
2022/2023,,,170496,Sven Götz,einzel,115
2022/2023,,,101550,Christoph Günthner,einzel,115
2022/2023,,,101926,Heiko Hoffmann,einzel,115
2022/2023,,,102294,Ralf Kempermann,einzel,115
2022/2023,,,356371,Jonny Knapp,einzel,115
2022/2023,,,367853,Jörg Leiser,einzel,115
2022/2023,,,366412,Sascha Link,einzel,115
2022/2023,,,354451,Timo Lipski,einzel,115
2022/2023,,,103069,Roland Menrath,einzel,115
2022/2023,,,242771,Armin Reidel,einzel,115
2022/2023,,,103837,Michael Roth,einzel,115
2022/2023,,,104376,Darius Skowronek,einzel,115
2022/2023,,,104382,Hendrik Snijder,einzel,115
2022/2023,,,247575,Andreas Stüber,einzel,115
2022/2023,,,356203,Ali Tinoush,einzel,115
2022/2023,,,367987,Mike Walter,einzel,115
2022/2023,,,111963,Bernd Woitanowski,einzel,115
2022/2023,,,105103,Dieter Wolk,einzel,115
2022/2023,,,367988,Markus Wörner,einzel,115
2022/2023,,,105217,Karl-Heinz Zimmermann,einzel,115
2022/2023,,,100060,Marc Allinger,einzel,117
2022/2023,,,248622,Frank Diedrich,einzel,117
2022/2023,,,100825,Michael Diedrich,einzel,117
2022/2023,,,242709,Mathias Frey,einzel,117
2022/2023,,,101688,Richard Hartmann,einzel,117
2022/2023,,,102278,Andreas Keilmann,einzel,117
2022/2023,,,102370,Kai Kiss,einzel,117
2022/2023,,,102584,Karl-Heinz Krause,einzel,117
2022/2023,,,103629,Marcus Reber,einzel,117
2022/2023,,,103930,Eberhard Sauter,einzel,117
2022/2023,,,104254,Martin Schwab,einzel,117
2022/2023,,,249145,Drazen Smolcic,einzel,117
2022/2023,,,104546,Michael Strohmaier,einzel,117
2022/2023,,,105093,Andreas Wolf,einzel,117
2022/2023,,,252039,Dany Baron,einzel,122
2022/2023,,,355875,Mohammed Ali Bemah,einzel,122
2022/2023,,,353993,Gerold Birmili,einzel,122
2022/2023,,,100421,Robert Bogdan,einzel,122
2022/2023,,,100616,Zeljko Burmazovic,einzel,122
2022/2023,,,100638,Adrian Cabanillas Lora,einzel,122
2022/2023,,,368208,Josip Ceko,einzel,122
2022/2023,,,245948,Aryan Dayyani,einzel,122
2022/2023,,,100773,Fiorenzo De Nuzzo,einzel,122
2022/2023,,,100972,Benjamin Eiberger,einzel,122
2022/2023,,,101390,Marco Giusa,einzel,122
2022/2023,,,101289,Thomas Gäckle,einzel,122
2022/2023,,,349928,Pascal Habiger,einzel,122
2022/2023,,,353913,Saman Hadi,einzel,122
2022/2023,,,101654,Thomas Handler,einzel,122
2022/2023,,,101671,Markus Hardtke,einzel,122
2022/2023,,,101672,Matthias Hardtke,einzel,122
2022/2023,,,102013,Marco Huber,einzel,122
2022/2023,,,102379,Daniel Klapper,einzel,122
2022/2023,,,102645,Stefan Künzl,einzel,122
2022/2023,,,102694,Daniel La Cognata,einzel,122
2022/2023,,,246024,Denis Mnich,einzel,122
2022/2023,,,250878,Patrick Mungiuri,einzel,122
2022/2023,,,103275,Marcus Mutschler,einzel,122
2022/2023,,,368051,Edin Porcic,einzel,122
2022/2023,,,367918,Arman Rasoli,einzel,122
2022/2023,,,103634,Stephan Rech-Linker,einzel,122
2022/2023,,,157455,Norbert Rollbühler,einzel,122
2022/2023,,,367945,Simon Schaal,einzel,122
2022/2023,,,245634,Florian Staud,einzel,122
2022/2023,,,104541,Alexander Striker,einzel,122
2022/2023,,,104803,Frank Vorauer,einzel,122
2022/2023,,,242963,Marco Warlies,einzel,122
2022/2023,,,368093,Andreas Zillmann,einzel,122
2022/2023,,,248593,Sebastian Albrecht,einzel,123
2022/2023,,,250901,Emrah Atak,einzel,123
2022/2023,,,100670,Efendi Cekerek,einzel,123
2022/2023,,,100719,Arno Corigliano,einzel,123
2022/2023,,,240446,Antonio De Gois,einzel,123
2022/2023,,,250899,Rouven Elischer,einzel,123
2022/2023,,,353633,Jürgen Götting,einzel,123
2022/2023,,,101749,Jens Heim,einzel,123
2022/2023,,,247504,Riccardo Heinen,einzel,123
2022/2023,,,240171,Steffen Hoffmann,einzel,123
2022/2023,,,102305,Felix Kern,einzel,123
2022/2023,,,355299,Bernd Mahnke,einzel,123
2022/2023,,,103105,Michael Metzger,einzel,123
2022/2023,,,240239,Ivan Mikulic,einzel,123
2022/2023,,,103143,Benny-Michel Mildenberger,einzel,123
2022/2023,,,240240,Hassan Najjar,einzel,123
2022/2023,,,352032,Stefan Neuberger,einzel,123
2022/2023,,,103558,Benjamin Pran,einzel,123
2022/2023,,,103573,Marc Proissl,einzel,123
2022/2023,,,103581,Matthias Pujic,einzel,123
2022/2023,,,103635,Hendrik Reckers,einzel,123
2022/2023,,,355715,Ronald Rogge,einzel,123
2022/2023,,,240242,Mirsad Sabic,einzel,123
2022/2023,,,242731,Dirk Schäfauer,einzel,123
2022/2023,,,104299,Rainer Seemann,einzel,123
2022/2023,,,355901,Alexandar Stankovic,einzel,123
2022/2023,,,104507,Florian Stojanoski,einzel,123
2022/2023,,,240243,Andree Säubert,einzel,123
2022/2023,,,368194,Maxime Tereba,einzel,123
2022/2023,,,350685,Frank-Bernd Wieczorek,einzel,123
2022/2023,,,105043,Dirk Windecker,einzel,123
2022/2023,,,105193,Marco Zieger,einzel,123
2022/2023,,,355824,Tobias Abt,einzel,124
2022/2023,,,240143,Konrad Bau,einzel,124
2022/2023,,,250221,Marco Bunke,einzel,124
2022/2023,,,368111,Ali Cetin,einzel,124
2022/2023,,,353736,Dario Dakovic,einzel,124
2022/2023,,,100904,Martin Doster,einzel,124
2022/2023,,,356369,Alexander Fischer,einzel,124
2022/2023,,,248769,Marius-Daniel Grigore-Martini,einzel,124
2022/2023,,,242992,Mark Hast,einzel,124
2022/2023,,,228904,Tobias Hirt,einzel,124
2022/2023,,,368142,Philip Kammnick,einzel,124
2022/2023,,,244987,Robin Kümmerle,einzel,124
2022/2023,,,351228,Max Löhle,einzel,124
2022/2023,,,368134,Benedikt Meschenmoser,einzel,124
2022/2023,,,367928,Tom Mischner,einzel,124
2022/2023,,,354136,Ulrich Oswald,einzel,124
2022/2023,,,103578,Athanassios Psimenidis,einzel,124
2022/2023,,,367989,Martin Reinhardt,einzel,124
2022/2023,,,157028,Peter Restle,einzel,124
2022/2023,,,103925,Sascha Sauer,einzel,124
2022/2023,,,242796,Frank Schwenk,einzel,124
2022/2023,,,367912,Nikolaos Seristatidis,einzel,124
2022/2023,,,368015,Stefan Sock,einzel,124
2022/2023,,,354666,Andrew Steinhauer,einzel,124
2022/2023,,,252917,Florian Stubert,einzel,124
2022/2023,,,104646,Hakan Toprak,einzel,124
2022/2023,,,367964,Dominik Weitzmann,einzel,124
2022/2023,,,105051,Georg Winter,einzel,124
2022/2023,,,355803,Randee Ramzi Yalda,einzel,124
2022/2023,,,355791,Fabian Durst,einzel,125
2022/2023,,,368226,Ali El Ajouz,einzel,125
2022/2023,,,101745,Rainer Heilmann,einzel,125
2022/2023,,,367917,Sijon Joos,einzel,125
2022/2023,,,102131,Steffen Joos,einzel,125
2022/2023,,,253265,Simon Kemmerling,einzel,125
2022/2023,,,242867,Michael Matschewsky,einzel,125
2022/2023,,,353889,Bruno Miletic,einzel,125
2022/2023,,,103814,Phillip Rosenkranz,einzel,125
2022/2023,,,368139,Michael Schreiber,einzel,125
2022/2023,,,368127,Stefan Weiß,einzel,125
2022/2023,,,355793,Klaus Woehrlin,einzel,125
2022/2023,,,368044,Jörg Wolf,einzel,125
2022/2023,,,100092,Charalampos Antonogiorgakis,einzel,126
2022/2023,,,100791,Giuseppe Dellaquercia,einzel,126
2022/2023,,,100852,Heiko Difflipp,einzel,126
2022/2023,,,144449,Ciro Guerra,einzel,126
2022/2023,,,367253,Rolf Göllner,einzel,126
2022/2023,,,101574,Michael Haag,einzel,126
2022/2023,,,101587,Rainer Habelt,einzel,126
2022/2023,,,368146,Saeid Heydarpour,einzel,126
2022/2023,,,368178,Thomas Hirschberger,einzel,126
2022/2023,,,101952,Thorsten Holatka,einzel,126
2022/2023,,,242976,Anastasios Kagelidis,einzel,126
2022/2023,,,350393,Oliver Kielwein,einzel,126
2022/2023,,,121877,Peter Link,einzel,126
2022/2023,,,366176,Stefan Lorenz,einzel,126
2022/2023,,,354685,Joachim Luft,einzel,126
2022/2023,,,103598,Andreas Rago,einzel,126
2022/2023,,,355443,Michael Reich,einzel,126
2022/2023,,,103690,Andreas Reisinger,einzel,126
2022/2023,,,353143,Martin Repp,einzel,126
2022/2023,,,351950,Olaf Schwarz,einzel,126
2022/2023,,,367983,Taner Susuz,einzel,126
2022/2023,,,368224,Hakan Söyler,einzel,126
2022/2023,,,368012,Birger Tesnau,einzel,126
2022/2023,,,104638,Jens Todt,einzel,126
2022/2023,,,368200,Jürgen Trost,einzel,126
2022/2023,,,104685,Machmut Turan,einzel,126
2022/2023,,,104742,Luis Varon Marques,einzel,126
2022/2023,,,240510,Sven Wezstein,einzel,126
2022/2023,,,240155,Andreas Wittmeier,einzel,126
2022/2023,,,105234,Daniel Zmalec,einzel,126
2022/2023,,,368227,Jürgen Benninger,einzel,127
2022/2023,,,353826,Sebastian Calinescu,einzel,127
2022/2023,,,252865,Axel Eberle,einzel,127
2022/2023,,,353643,Ernst Fabian,einzel,127
2022/2023,,,101171,Jochen Föhner,einzel,127
2022/2023,,,101304,Ralf Ganz,einzel,127
2022/2023,,,101550,Christoph Günthner,einzel,127
2022/2023,,,101803,Michael Heneka,einzel,127
2022/2023,,,101926,Heiko Hoffmann,einzel,127
2022/2023,,,368151,Mario Jurica,einzel,127
2022/2023,,,102294,Ralf Kempermann,einzel,127
2022/2023,,,367852,Damir Kucis,einzel,127
2022/2023,,,367853,Jörg Leiser,einzel,127
2022/2023,,,103069,Roland Menrath,einzel,127
2022/2023,,,103617,Detlef Ratz,einzel,127
2022/2023,,,103837,Michael Roth,einzel,127
2022/2023,,,104376,Darius Skowronek,einzel,127
2022/2023,,,247575,Andreas Stüber,einzel,127
2022/2023,,,356203,Ali Tinoush,einzel,127
2022/2023,,,367987,Mike Walter,einzel,127
2022/2023,,,240228,Florian Walther,einzel,127
2022/2023,,,111963,Bernd Woitanowski,einzel,127
2022/2023,,,105103,Dieter Wolk,einzel,127
2022/2023,,,367988,Markus Wörner,einzel,127
2022/2023,,,105217,Karl-Heinz Zimmermann,einzel,127
2022/2023,,,368302,Simone Künzl,einzel,133
2022/2023,,,102935,Daniela Majer,einzel,133
2022/2023,,,368148,Angelika Müller,einzel,133
2022/2023,,,367986,Vanja Nikolic,einzel,133
2022/2023,,,100106,Stefanie Arndt,einzel,134
2022/2023,,,101856,Bianca Heneka,einzel,134
2022/2023,,,101818,Melanie Henschel,einzel,134
2022/2023,,,102034,Nicole Hummel,einzel,134
2022/2023,,,102170,Patricia Kaffesi,einzel,134
2022/2023,,,104025,Priska Leven,einzel,134
2022/2023,,,101737,Svenja Schwarzkopf,einzel,134
2022/2023,,,100501,Rainer Braun,einzel,129
2022/2023,,,104770,Sven Deschner,einzel,129
2022/2023,,,248622,Frank Diedrich,einzel,129
2022/2023,,,242709,Mathias Frey,einzel,129
2022/2023,,,102278,Andreas Keilmann,einzel,129
2022/2023,,,102370,Kai Kiss,einzel,129
2022/2023,,,102584,Karl-Heinz Krause,einzel,129
2022/2023,,,102948,Rolf Mangelsdorf,einzel,129
2022/2023,,,104101,Peter Schmidt,einzel,129
2022/2023,,,104254,Martin Schwab,einzel,129
2022/2023,,,249145,Drazen Smolcic,einzel,129
2022/2023,,,104546,Michael Strohmaier,einzel,129
2022/2023,,,100039,Erdal Akinci,einzel,128
2022/2023,,,100124,Ottmar Auzinger,einzel,128
2022/2023,,,100718,Uwe Cordes,einzel,128
2022/2023,,,367948,Flaviano Gabriele,einzel,128
2022/2023,,,101317,Frank Gebert,einzel,128
2022/2023,,,101426,Boris Golic,einzel,128
2022/2023,,,355161,Klaus Hirthe,einzel,128
2022/2023,,,102114,Andreas Jeschka,einzel,128
2022/2023,,,102424,Andreas Knauf,einzel,128
2022/2023,,,367944,Thomas Rehmann,einzel,128
2022/2023,,,104085,Werner Schmidberger,einzel,128
2022/2023,,,104206,Anton Schubert,einzel,128
2022/2023,,,104257,Jörg Schwager,einzel,128
2022/2023,,,355184,Ahad Suleimanjar,einzel,128
2022/2023,,,104610,Erwin Thoma,einzel,128
2022/2023,,,367990,Raimund Wanner,einzel,128
2022/2023,,,242798,Jürgen Wilke,einzel,128
2022/2023,,,228713,Erich Wohllaib,einzel,128
2022/2023,,,355791,Fabian Durst,einzel,135
2022/2023,,,100945,Stefan Duttlinger,einzel,135
2022/2023,,,368226,Ali El Ajouz,einzel,135
2022/2023,,,250710,Steffen Feuerbacher,einzel,135
2022/2023,,,101192,Ronny Frank,einzel,135
2022/2023,,,101485,Ralf Grießhaber,einzel,135
2022/2023,,,101745,Rainer Heilmann,einzel,135
2022/2023,,,242710,Christian Joos,einzel,135
2022/2023,,,367917,Sijon Joos,einzel,135
2022/2023,,,102131,Steffen Joos,einzel,135
2022/2023,,,103081,Andreas Merkle,einzel,135
2022/2023,,,353889,Bruno Miletic,einzel,135
2022/2023,,,368139,Michael Schreiber,einzel,135
2022/2023,,,368127,Stefan Weiß,einzel,135
2022/2023,,,355793,Klaus Woehrlin,einzel,135
2022/2023,,,368044,Jörg Wolf,einzel,135
2022/2023,,,100616,Zeljko Burmazovic,einzel,138
2022/2023,,,100638,Adrian Cabanillas Lora,einzel,138
2022/2023,,,100972,Benjamin Eiberger,einzel,138
2022/2023,,,101289,Thomas Gäckle,einzel,138
2022/2023,,,101671,Markus Hardtke,einzel,138
2022/2023,,,101672,Matthias Hardtke,einzel,138
2022/2023,,,353408,Christopher Hopp,einzel,138
2022/2023,,,102744,Jörg Laupitz,einzel,138
2022/2023,,,246024,Denis Mnich,einzel,138
2022/2023,,,250878,Patrick Mungiuri,einzel,138
2022/2023,,,103275,Marcus Mutschler,einzel,138
2022/2023,,,249359,Florian Pasch,einzel,138
2022/2023,,,368051,Edin Porcic,einzel,138
2022/2023,,,103634,Stephan Rech-Linker,einzel,138
2022/2023,,,157455,Norbert Rollbühler,einzel,138
2022/2023,,,245634,Florian Staud,einzel,138
2022/2023,,,104541,Alexander Striker,einzel,138
2022/2023,,,104803,Frank Vorauer,einzel,138
2022/2023,,,250901,Emrah Atak,einzel,136
2022/2023,,,251376,Ferhat Cayli,einzel,136
2022/2023,,,100670,Efendi Cekerek,einzel,136
2022/2023,,,100719,Arno Corigliano,einzel,136
2022/2023,,,240446,Antonio De Gois,einzel,136
2022/2023,,,101585,Alexander Haass,einzel,136
2022/2023,,,101749,Jens Heim,einzel,136
2022/2023,,,102305,Felix Kern,einzel,136
2022/2023,,,102568,Thomas Kramhöller,einzel,136
2022/2023,,,103072,Florian Menzel,einzel,136
2022/2023,,,240240,Hassan Najjar,einzel,136
2022/2023,,,103558,Benjamin Pran,einzel,136
2022/2023,,,103635,Hendrik Reckers,einzel,136
2022/2023,,,240242,Mirsad Sabic,einzel,136
2022/2023,,,244727,Fabian Snijder,einzel,136
2022/2023,,,355901,Alexandar Stankovic,einzel,136
2022/2023,,,104507,Florian Stojanoski,einzel,136
2022/2023,,,240243,Andree Säubert,einzel,136
2022/2023,,,252010,Long Werner,einzel,136
2022/2023,,,105193,Marco Zieger,einzel,136
2022/2023,,,355824,Tobias Abt,einzel,137
2022/2023,,,240143,Konrad Bau,einzel,137
2022/2023,,,250221,Marco Bunke,einzel,137
2022/2023,,,100904,Martin Doster,einzel,137
2022/2023,,,100982,Andreas Einsiedler,einzel,137
2022/2023,,,356369,Alexander Fischer,einzel,137
2022/2023,,,248769,Marius-Daniel Grigore-Martini,einzel,137
2022/2023,,,242992,Mark Hast,einzel,137
2022/2023,,,367928,Tom Mischner,einzel,137
2022/2023,,,242808,Thorsten Mohr,einzel,137
2022/2023,,,354136,Ulrich Oswald,einzel,137
2022/2023,,,103552,Claudio Pontuti,einzel,137
2022/2023,,,103925,Sascha Sauer,einzel,137
2022/2023,,,367912,Nikolaos Seristatidis,einzel,137
2022/2023,,,368015,Stefan Sock,einzel,137
2022/2023,,,104646,Hakan Toprak,einzel,137
2022/2023,,,104671,Marcus Trumpp,einzel,137
2022/2023,,,367964,Dominik Weitzmann,einzel,137
2022/2023,,,355803,Randee Ramzi Yalda,einzel,137
2022/2023,,,248593,Sebastian Albrecht,einzel,143
2022/2023,,,100670,Efendi Cekerek,einzel,143
2022/2023,,,240446,Antonio De Gois,einzel,143
2022/2023,,,250899,Rouven Elischer,einzel,143
2022/2023,,,101749,Jens Heim,einzel,143
2022/2023,,,102352,Udo Kirchgeßner,einzel,143
2022/2023,,,102568,Thomas Kramhöller,einzel,143
2022/2023,,,355299,Bernd Mahnke,einzel,143
2022/2023,,,103072,Florian Menzel,einzel,143
2022/2023,,,103105,Michael Metzger,einzel,143
2022/2023,,,368080,Christian Münch,einzel,143
2022/2023,,,103558,Benjamin Pran,einzel,143
2022/2023,,,103581,Matthias Pujic,einzel,143
2022/2023,,,355715,Ronald Rogge,einzel,143
2022/2023,,,103837,Michael Roth,einzel,143
2022/2023,,,240242,Mirsad Sabic,einzel,143
2022/2023,,,242731,Dirk Schäfauer,einzel,143
2022/2023,,,244727,Fabian Snijder,einzel,143
2022/2023,,,104507,Florian Stojanoski,einzel,143
2022/2023,,,240243,Andree Säubert,einzel,143
2022/2023,,,252010,Long Werner,einzel,143
2022/2023,,,350685,Frank-Bernd Wieczorek,einzel,143
2022/2023,,,105043,Dirk Windecker,einzel,143
2022/2023,,,247196,Marc-Andre Barisch,einzel,146
2022/2023,,,252039,Dany Baron,einzel,146
2022/2023,,,355875,Mohammed Ali Bemah,einzel,146
2022/2023,,,353993,Gerold Birmili,einzel,146
2022/2023,,,100638,Adrian Cabanillas Lora,einzel,146
2022/2023,,,245948,Aryan Dayyani,einzel,146
2022/2023,,,100773,Fiorenzo De Nuzzo,einzel,146
2022/2023,,,100972,Benjamin Eiberger,einzel,146
2022/2023,,,101671,Markus Hardtke,einzel,146
2022/2023,,,101672,Matthias Hardtke,einzel,146
2022/2023,,,353408,Christopher Hopp,einzel,146
2022/2023,,,102013,Marco Huber,einzel,146
2022/2023,,,102645,Stefan Künzl,einzel,146
2022/2023,,,250878,Patrick Mungiuri,einzel,146
2022/2023,,,249359,Florian Pasch,einzel,146
2022/2023,,,368051,Edin Porcic,einzel,146
2022/2023,,,367918,Arman Rasoli,einzel,146
2022/2023,,,103634,Stephan Rech-Linker,einzel,146
2022/2023,,,103790,Fabio Romano,einzel,146
2022/2023,,,354814,Benjamin Ropertz,einzel,146
2022/2023,,,367945,Simon Schaal,einzel,146
2022/2023,,,245634,Florian Staud,einzel,146
2022/2023,,,104541,Alexander Striker,einzel,146
2022/2023,,,368093,Andreas Zillmann,einzel,146
2022/2023,,,367980,Furkan Özkan,einzel,146
2022/2023,,,368227,Jürgen Benninger,einzel,147
2022/2023,,,100463,Stephan Boschert,einzel,147
2022/2023,,,101114,Gordon Fenske,einzel,147
2022/2023,,,102294,Ralf Kempermann,einzel,147
2022/2023,,,356371,Jonny Knapp,einzel,147
2022/2023,,,102759,Harald Leder,einzel,147
2022/2023,,,367853,Jörg Leiser,einzel,147
2022/2023,,,103069,Roland Menrath,einzel,147
2022/2023,,,103617,Detlef Ratz,einzel,147
2022/2023,,,103837,Michael Roth,einzel,147
2022/2023,,,104376,Darius Skowronek,einzel,147
2022/2023,,,356203,Ali Tinoush,einzel,147
2022/2023,,,104820,Tom Wacker,einzel,147
2022/2023,,,105103,Dieter Wolk,einzel,147
2022/2023,,,105217,Karl-Heinz Zimmermann,einzel,147
2022/2023,,,100092,Charalampos Antonogiorgakis,einzel,150
2022/2023,,,248690,Ralf Bachert,einzel,150
2022/2023,,,100791,Giuseppe Dellaquercia,einzel,150
2022/2023,,,100852,Heiko Difflipp,einzel,150
2022/2023,,,242971,Selim Güzel,einzel,150
2022/2023,,,101574,Michael Haag,einzel,150
2022/2023,,,368178,Thomas Hirschberger,einzel,150
2022/2023,,,101952,Thorsten Holatka,einzel,150
2022/2023,,,242976,Anastasios Kagelidis,einzel,150
2022/2023,,,368179,Thorsten Möhle,einzel,150
2022/2023,,,103598,Andreas Rago,einzel,150
2022/2023,,,355443,Michael Reich,einzel,150
2022/2023,,,103690,Andreas Reisinger,einzel,150
2022/2023,,,353143,Martin Repp,einzel,150
2022/2023,,,104109,Uwe Schmidt,einzel,150
2022/2023,,,351950,Olaf Schwarz,einzel,150
2022/2023,,,368224,Hakan Söyler,einzel,150
2022/2023,,,368012,Birger Tesnau,einzel,150
2022/2023,,,104638,Jens Todt,einzel,150
2022/2023,,,368200,Jürgen Trost,einzel,150
2022/2023,,,240510,Sven Wezstein,einzel,150
2022/2023,,,240155,Andreas Wittmeier,einzel,150
2022/2023,,,247196,Marc-Andre Barisch,einzel,155
2022/2023,,,252039,Dany Baron,einzel,155
2022/2023,,,355875,Mohammed Ali Bemah,einzel,155
2022/2023,,,353993,Gerold Birmili,einzel,155
2022/2023,,,100616,Zeljko Burmazovic,einzel,155
2022/2023,,,100638,Adrian Cabanillas Lora,einzel,155
2022/2023,,,355292,Christian Casagrande,einzel,155
2022/2023,,,368208,Josip Ceko,einzel,155
2022/2023,,,242926,Nils Dannhauer,einzel,155
2022/2023,,,248740,Arash Dayyani,einzel,155
2022/2023,,,245948,Aryan Dayyani,einzel,155
2022/2023,,,100773,Fiorenzo De Nuzzo,einzel,155
2022/2023,,,100972,Benjamin Eiberger,einzel,155
2022/2023,,,100983,Frank Eisele,einzel,155
2022/2023,,,356080,Daniel Fleischmann,einzel,155
2022/2023,,,101572,Ricardo Gutjahr,einzel,155
2022/2023,,,101289,Thomas Gäckle,einzel,155
2022/2023,,,101587,Rainer Habelt,einzel,155
2022/2023,,,101654,Thomas Handler,einzel,155
2022/2023,,,101671,Markus Hardtke,einzel,155
2022/2023,,,101672,Matthias Hardtke,einzel,155
2022/2023,,,248741,Oliver Hauke,einzel,155
2022/2023,,,353408,Christopher Hopp,einzel,155
2022/2023,,,102013,Marco Huber,einzel,155
2022/2023,,,102379,Daniel Klapper,einzel,155
2022/2023,,,102645,Stefan Künzl,einzel,155
2022/2023,,,102694,Daniel La Cognata,einzel,155
2022/2023,,,102744,Jörg Laupitz,einzel,155
2022/2023,,,351327,Denis Maric,einzel,155
2022/2023,,,246024,Denis Mnich,einzel,155
2022/2023,,,250878,Patrick Mungiuri,einzel,155
2022/2023,,,249359,Florian Pasch,einzel,155
2022/2023,,,368051,Edin Porcic,einzel,155
2022/2023,,,367918,Arman Rasoli,einzel,155
2022/2023,,,103634,Stephan Rech-Linker,einzel,155
2022/2023,,,157455,Norbert Rollbühler,einzel,155
2022/2023,,,367945,Simon Schaal,einzel,155
2022/2023,,,245634,Florian Staud,einzel,155
2022/2023,,,104541,Alexander Striker,einzel,155
2022/2023,,,368012,Birger Tesnau,einzel,155
2022/2023,,,104761,Goncalo Vieira Manies,einzel,155
2022/2023,,,104803,Frank Vorauer,einzel,155
2022/2023,,,242963,Marco Warlies,einzel,155
2022/2023,,,105049,Ruben Winkler,einzel,155
2022/2023,,,368093,Andreas Zillmann,einzel,155
2022/2023,,,249124,Joshua Armbruster,einzel,157
2022/2023,,,355791,Fabian Durst,einzel,157
2022/2023,,,368226,Ali El Ajouz,einzel,157
2022/2023,,,250710,Steffen Feuerbacher,einzel,157
2022/2023,,,101192,Ronny Frank,einzel,157
2022/2023,,,247955,David Galwas,einzel,157
2022/2023,,,101470,Michael Greiner,einzel,157
2022/2023,,,101745,Rainer Heilmann,einzel,157
2022/2023,,,242710,Christian Joos,einzel,157
2022/2023,,,367917,Sijon Joos,einzel,157
2022/2023,,,102131,Steffen Joos,einzel,157
2022/2023,,,353768,Tobias Küderle,einzel,157
2022/2023,,,242867,Michael Matschewsky,einzel,157
2022/2023,,,103469,David Party,einzel,157
2022/2023,,,368139,Michael Schreiber,einzel,157
2022/2023,,,242837,Martin Weber,einzel,157
2022/2023,,,368127,Stefan Weiß,einzel,157
2022/2023,,,368044,Jörg Wolf,einzel,157
2022/2023,,,349790,Wadea Al Mahamid,einzel,156
2022/2023,,,368111,Ali Cetin,einzel,156
2022/2023,,,353736,Dario Dakovic,einzel,156
2022/2023,,,356369,Alexander Fischer,einzel,156
2022/2023,,,248769,Marius-Daniel Grigore-Martini,einzel,156
2022/2023,,,242992,Mark Hast,einzel,156
2022/2023,,,242787,Rainer Hermann,einzel,156
2022/2023,,,102186,Daniel Kalnak,einzel,156
2022/2023,,,368142,Philip Kammnick,einzel,156
2022/2023,,,367934,Andreas Loderer,einzel,156
2022/2023,,,351228,Max Löhle,einzel,156
2022/2023,,,367953,Mark Mende,einzel,156
2022/2023,,,367928,Tom Mischner,einzel,156
2022/2023,,,103211,Fabian Müller,einzel,156
2022/2023,,,354136,Ulrich Oswald,einzel,156
2022/2023,,,103552,Claudio Pontuti,einzel,156
2022/2023,,,103578,Athanassios Psimenidis,einzel,156
2022/2023,,,367989,Martin Reinhardt,einzel,156
2022/2023,,,103820,Christian Rossa,einzel,156
2022/2023,,,103925,Sascha Sauer,einzel,156
2022/2023,,,242796,Frank Schwenk,einzel,156
2022/2023,,,367912,Nikolaos Seristatidis,einzel,156
2022/2023,,,368015,Stefan Sock,einzel,156
2022/2023,,,350617,Christian Späthe,einzel,156
2022/2023,,,354666,Andrew Steinhauer,einzel,156
2022/2023,,,104646,Hakan Toprak,einzel,156
2022/2023,,,245692,Harun Ahmadi,einzel,158
2022/2023,,,250901,Emrah Atak,einzel,158
2022/2023,,,251376,Ferhat Cayli,einzel,158
2022/2023,,,100670,Efendi Cekerek,einzel,158
2022/2023,,,240446,Antonio De Gois,einzel,158
2022/2023,,,250899,Rouven Elischer,einzel,158
2022/2023,,,101749,Jens Heim,einzel,158
2022/2023,,,247504,Riccardo Heinen,einzel,158
2022/2023,,,240171,Steffen Hoffmann,einzel,158
2022/2023,,,102069,Lutz Iserhardt,einzel,158
2022/2023,,,351635,Robert Klinec,einzel,158
2022/2023,,,102568,Thomas Kramhöller,einzel,158
2022/2023,,,355299,Bernd Mahnke,einzel,158
2022/2023,,,103105,Michael Metzger,einzel,158
2022/2023,,,103143,Benny-Michel Mildenberger,einzel,158
2022/2023,,,352032,Stefan Neuberger,einzel,158
2022/2023,,,103558,Benjamin Pran,einzel,158
2022/2023,,,103573,Marc Proissl,einzel,158
2022/2023,,,368186,Maherr Raad Sada,einzel,158
2022/2023,,,355715,Ronald Rogge,einzel,158
2022/2023,,,104123,Achim Schmittel,einzel,158
2022/2023,,,242731,Dirk Schäfauer,einzel,158
2022/2023,,,104299,Rainer Seemann,einzel,158
2022/2023,,,244727,Fabian Snijder,einzel,158
2022/2023,,,355901,Alexandar Stankovic,einzel,158
2022/2023,,,368118,Stefan Süß,einzel,158
2022/2023,,,368202,Angelo Truisi,einzel,158
2022/2023,,,252010,Long Werner,einzel,158
2022/2023,,,350685,Frank-Bernd Wieczorek,einzel,158
2022/2023,,,252972,Mergim Zekaj,einzel,158
2022/2023,,,100039,Erdal Akinci,einzel,160
2022/2023,,,100124,Ottmar Auzinger,einzel,160
2022/2023,,,240040,Klaus Dietrich,einzel,160
2022/2023,,,102114,Andreas Jeschka,einzel,160
2022/2023,,,367932,Jürgen Kieble,einzel,160
2022/2023,,,367933,Siegbert Müller,einzel,160
2022/2023,,,368022,Antonio Nuzziello,einzel,160
2022/2023,,,367944,Thomas Rehmann,einzel,160
2022/2023,,,104085,Werner Schmidberger,einzel,160
2022/2023,,,104206,Anton Schubert,einzel,160
2022/2023,,,104257,Jörg Schwager,einzel,160
2022/2023,,,104354,Manfred Sieweke,einzel,160
2022/2023,,,104407,Eugen Spähn,einzel,160
2022/2023,,,355184,Ahad Suleimanjar,einzel,160
2022/2023,,,104610,Erwin Thoma,einzel,160
2022/2023,,,367990,Raimund Wanner,einzel,160
2022/2023,,,228713,Erich Wohllaib,einzel,160
2022/2023,,,367935,Kadir Özturgut,einzel,160
2022/2023,,,241138,Mike Becker,einzel,161
2022/2023,,,100501,Rainer Braun,einzel,161
2022/2023,,,248622,Frank Diedrich,einzel,161
2022/2023,,,242709,Mathias Frey,einzel,161
2022/2023,,,101476,Christian Gremmelspacher,einzel,161
2022/2023,,,101571,Andreas Gut,einzel,161
2022/2023,,,102278,Andreas Keilmann,einzel,161
2022/2023,,,102370,Kai Kiss,einzel,161
2022/2023,,,102584,Karl-Heinz Krause,einzel,161
2022/2023,,,102948,Rolf Mangelsdorf,einzel,161
2022/2023,,,103997,Norbert Scheinpflug,einzel,161
2022/2023,,,103998,Roland Scheinpflug,einzel,161
2022/2023,,,104101,Peter Schmidt,einzel,161
2022/2023,,,104254,Martin Schwab,einzel,161
2022/2023,,,249145,Drazen Smolcic,einzel,161
2022/2023,,,104434,Armin Stauß,einzel,161
2022/2023,,,104546,Michael Strohmaier,einzel,161
2022/2023,,,247957,Stefan Vater,einzel,161
2022/2023,,,100074,Süleyman Altinyaldiz,einzel,162
2022/2023,,,368227,Jürgen Benninger,einzel,162
2022/2023,,,100463,Stephan Boschert,einzel,162
2022/2023,,,353826,Sebastian Calinescu,einzel,162
2022/2023,,,252865,Axel Eberle,einzel,162
2022/2023,,,101803,Michael Heneka,einzel,162
2022/2023,,,102294,Ralf Kempermann,einzel,162
2022/2023,,,356371,Jonny Knapp,einzel,162
2022/2023,,,367852,Damir Kucis,einzel,162
2022/2023,,,102502,Viktor König,einzel,162
2022/2023,,,367853,Jörg Leiser,einzel,162
2022/2023,,,366412,Sascha Link,einzel,162
2022/2023,,,354451,Timo Lipski,einzel,162
2022/2023,,,102870,Willi Ludwig,einzel,162
2022/2023,,,103069,Roland Menrath,einzel,162
2022/2023,,,103087,Markus Merz,einzel,162
2022/2023,,,367119,Thomas Munz,einzel,162
2022/2023,,,103617,Detlef Ratz,einzel,162
2022/2023,,,103837,Michael Roth,einzel,162
2022/2023,,,250306,Luigi Sarullo,einzel,162
2022/2023,,,104376,Darius Skowronek,einzel,162
2022/2023,,,353066,Wolfgang Stollberger,einzel,162
2022/2023,,,356203,Ali Tinoush,einzel,162
2022/2023,,,104766,Carmelo Visconti,einzel,162
2022/2023,,,104844,Rolf Waible,einzel,162
2022/2023,,,367987,Mike Walter,einzel,162
2022/2023,,,240228,Florian Walther,einzel,162
2022/2023,,,111963,Bernd Woitanowski,einzel,162
2022/2023,,,367988,Markus Wörner,einzel,162
2022/2023,,,105122,Michael Würz,einzel,162
2022/2023,,,105217,Karl-Heinz Zimmermann,einzel,162
2022/2023,,,100092,Charalampos Antonogiorgakis,einzel,159
2022/2023,,,248690,Ralf Bachert,einzel,159
2022/2023,,,228911,Martin Brunsch,einzel,159
2022/2023,,,100791,Giuseppe Dellaquercia,einzel,159
2022/2023,,,100852,Heiko Difflipp,einzel,159
2022/2023,,,144449,Ciro Guerra,einzel,159
2022/2023,,,367253,Rolf Göllner,einzel,159
2022/2023,,,242971,Selim Güzel,einzel,159
2022/2023,,,101574,Michael Haag,einzel,159
2022/2023,,,368178,Thomas Hirschberger,einzel,159
2022/2023,,,101952,Thorsten Holatka,einzel,159
2022/2023,,,242976,Anastasios Kagelidis,einzel,159
2022/2023,,,121877,Peter Link,einzel,159
2022/2023,,,354685,Joachim Luft,einzel,159
2022/2023,,,242747,Thomas Mooshammer,einzel,159
2022/2023,,,103200,Andreas Müller,einzel,159
2022/2023,,,103598,Andreas Rago,einzel,159
2022/2023,,,355443,Michael Reich,einzel,159
2022/2023,,,103690,Andreas Reisinger,einzel,159
2022/2023,,,353143,Martin Repp,einzel,159
2022/2023,,,104273,Robert Schwarz,einzel,159
2022/2023,,,368224,Hakan Söyler,einzel,159
2022/2023,,,368012,Birger Tesnau,einzel,159
2022/2023,,,104685,Machmut Turan,einzel,159
2022/2023,,,104742,Luis Varon Marques,einzel,159
2022/2023,,,240510,Sven Wezstein,einzel,159
2022/2023,,,240155,Andreas Wittmeier,einzel,159
2022/2023,,,100501,Rainer Braun,einzel,164
2022/2023,,,104770,Sven Deschner,einzel,164
2022/2023,,,248622,Frank Diedrich,einzel,164
2022/2023,,,242709,Mathias Frey,einzel,164
2022/2023,,,101476,Christian Gremmelspacher,einzel,164
2022/2023,,,101689,Richy Hartmann,einzel,164
2022/2023,,,102278,Andreas Keilmann,einzel,164
2022/2023,,,102948,Rolf Mangelsdorf,einzel,164
2022/2023,,,103183,Berthold Moser,einzel,164
2022/2023,,,123146,Markus Rütten,einzel,164
2022/2023,,,103930,Eberhard Sauter,einzel,164
2022/2023,,,104101,Peter Schmidt,einzel,164
2022/2023,,,104254,Martin Schwab,einzel,164
2022/2023,,,249145,Drazen Smolcic,einzel,164
2022/2023,,,104546,Michael Strohmaier,einzel,164
2022/2023,,,247957,Stefan Vater,einzel,164
2022/2023,,,104825,Frank Wagenmann,einzel,164
2022/2023,,,101114,Gordon Fenske,einzel,163
2022/2023,,,101304,Ralf Ganz,einzel,163
2022/2023,,,101550,Christoph Günthner,einzel,163
2022/2023,,,101926,Heiko Hoffmann,einzel,163
2022/2023,,,368151,Mario Jurica,einzel,163
2022/2023,,,102204,Markus Kamuf,einzel,163
2022/2023,,,367852,Damir Kucis,einzel,163
2022/2023,,,103837,Michael Roth,einzel,163
2022/2023,,,250306,Luigi Sarullo,einzel,163
2022/2023,,,104129,Axel Schmucker,einzel,163
2022/2023,,,104376,Darius Skowronek,einzel,163
2022/2023,,,247575,Andreas Stüber,einzel,163
2022/2023,,,356203,Ali Tinoush,einzel,163
2022/2023,,,104844,Rolf Waible,einzel,163
2022/2023,,,240228,Florian Walther,einzel,163
2022/2023,,,105103,Dieter Wolk,einzel,163
2022/2023,,,367988,Markus Wörner,einzel,163
2022/2023,,,105217,Karl-Heinz Zimmermann,einzel,163
2022/2023,,,353387,Daniela Behrend,einzel,170
2022/2023,,,354558,Angelika Kaune,einzel,170
2022/2023,,,239637,Irina Killian,einzel,170
2022/2023,,,252901,Evi Leder,einzel,170
2022/2023,,,355165,Katrin Quaschinsky,einzel,170
2022/2023,,,355164,Saskia Schirmer,einzel,170
2022/2023,,,239646,Susanne Schweter,einzel,170
2022/2023,,,353038,Brigitte Uhrig,einzel,170
2022/2023,,,100039,Erdal Akinci,einzel,165
2022/2023,,,100124,Ottmar Auzinger,einzel,165
2022/2023,,,100718,Uwe Cordes,einzel,165
2022/2023,,,100918,Thomas Drey,einzel,165
2022/2023,,,101317,Frank Gebert,einzel,165
2022/2023,,,101426,Boris Golic,einzel,165
2022/2023,,,228708,Hans Heuschmid,einzel,165
2022/2023,,,355161,Klaus Hirthe,einzel,165
2022/2023,,,102114,Andreas Jeschka,einzel,165
2022/2023,,,367944,Thomas Rehmann,einzel,165
2022/2023,,,104206,Anton Schubert,einzel,165
2022/2023,,,104257,Jörg Schwager,einzel,165
2022/2023,,,355184,Ahad Suleimanjar,einzel,165
2022/2023,,,104610,Erwin Thoma,einzel,165
2022/2023,,,367990,Raimund Wanner,einzel,165
2022/2023,,,242798,Jürgen Wilke,einzel,165
2022/2023,,,228713,Erich Wohllaib,einzel,165
2022/2023,,,244943,Peggy Eisele,einzel,172
2022/2023,,,368302,Simone Künzl,einzel,172
2022/2023,,,102935,Daniela Majer,einzel,172
2022/2023,,,368148,Angelika Müller,einzel,172
2022/2023,,,367986,Vanja Nikolic,einzel,172
2022/2023,,,100791,Giuseppe Dellaquercia,einzel,166
2022/2023,,,100852,Heiko Difflipp,einzel,166
2022/2023,,,101265,Michael Füess,einzel,166
2022/2023,,,242971,Selim Güzel,einzel,166
2022/2023,,,368146,Saeid Heydarpour,einzel,166
2022/2023,,,101952,Thorsten Holatka,einzel,166
2022/2023,,,242976,Anastasios Kagelidis,einzel,166
2022/2023,,,350393,Oliver Kielwein,einzel,166
2022/2023,,,121877,Peter Link,einzel,166
2022/2023,,,103289,Ingo Nassall,einzel,166
2022/2023,,,103690,Andreas Reisinger,einzel,166
2022/2023,,,104109,Uwe Schmidt,einzel,166
2022/2023,,,104353,Wolfgang Siethoff,einzel,166
2022/2023,,,367983,Taner Susuz,einzel,166
2022/2023,,,368224,Hakan Söyler,einzel,166
2022/2023,,,368012,Birger Tesnau,einzel,166
2022/2023,,,240510,Sven Wezstein,einzel,166
2022/2023,,,240155,Andreas Wittmeier,einzel,166
2022/2023,,,105234,Daniel Zmalec,einzel,166
2022/2023,,,101856,Bianca Heneka,einzel,174
2022/2023,,,101818,Melanie Henschel,einzel,174
2022/2023,,,102034,Nicole Hummel,einzel,174
2022/2023,,,102170,Patricia Kaffesi,einzel,174
2022/2023,,,230942,Lisa Knost,einzel,174
2022/2023,,,104025,Priska Leven,einzel,174
2022/2023,,,101737,Svenja Schwarzkopf,einzel,174
2022/2023,,,350473,Gabriele Winzer-Moser,einzel,174
2022/2023,,,251815,Kevin Adamczyk,einzel,175
2022/2023,,,100122,Andreas Augustin,einzel,175
2022/2023,,,252039,Dany Baron,einzel,175
2022/2023,,,367913,Jürgen Baumgärtner,einzel,175
2022/2023,,,100616,Zeljko Burmazovic,einzel,175
2022/2023,,,100638,Adrian Cabanillas Lora,einzel,175
2022/2023,,,101289,Thomas Gäckle,einzel,175
2022/2023,,,101654,Thomas Handler,einzel,175
2022/2023,,,101671,Markus Hardtke,einzel,175
2022/2023,,,101672,Matthias Hardtke,einzel,175
2022/2023,,,145388,Bernd Hauenstein,einzel,175
2022/2023,,,353408,Christopher Hopp,einzel,175
2022/2023,,,102685,Hayrettin Kurtoglu,einzel,175
2022/2023,,,103275,Marcus Mutschler,einzel,175
2022/2023,,,103634,Stephan Rech-Linker,einzel,175
2022/2023,,,157455,Norbert Rollbühler,einzel,175
2022/2023,,,354814,Benjamin Ropertz,einzel,175
2022/2023,,,349790,Wadea Al Mahamid,einzel,176
2022/2023,,,250221,Marco Bunke,einzel,176
2022/2023,,,351689,Sander Damrau,einzel,176
2022/2023,,,100904,Martin Doster,einzel,176
2022/2023,,,100982,Andreas Einsiedler,einzel,176
2022/2023,,,248769,Marius-Daniel Grigore-Martini,einzel,176
2022/2023,,,252672,Hartmut Jäggle,einzel,176
2022/2023,,,367934,Andreas Loderer,einzel,176
2022/2023,,,242808,Thorsten Mohr,einzel,176
2022/2023,,,103925,Sascha Sauer,einzel,176
2022/2023,,,367937,Daniel Schmid,einzel,176
2022/2023,,,242796,Frank Schwenk,einzel,176
2022/2023,,,367912,Nikolaos Seristatidis,einzel,176
2022/2023,,,368015,Stefan Sock,einzel,176
2022/2023,,,367964,Dominik Weitzmann,einzel,176
2022/2023,,,105051,Georg Winter,einzel,176
2022/2023,,,105085,Andreas Witzigmann,einzel,176
2022/2023,,,355803,Randee Ramzi Yalda,einzel,176
2022/2023,,,353387,Daniela Behrend,einzel,182
2022/2023,,,354558,Angelika Kaune,einzel,182
2022/2023,,,239637,Irina Killian,einzel,182
2022/2023,,,252901,Evi Leder,einzel,182
2022/2023,,,355165,Katrin Quaschinsky,einzel,182
2022/2023,,,239646,Susanne Schweter,einzel,182
2022/2023,,,353038,Brigitte Uhrig,einzel,182
2022/2023,,,248593,Sebastian Albrecht,einzel,178
2022/2023,,,250901,Emrah Atak,einzel,178
2022/2023,,,100670,Efendi Cekerek,einzel,178
2022/2023,,,100719,Arno Corigliano,einzel,178
2022/2023,,,250899,Rouven Elischer,einzel,178
2022/2023,,,101749,Jens Heim,einzel,178
2022/2023,,,102568,Thomas Kramhöller,einzel,178
2022/2023,,,355299,Bernd Mahnke,einzel,178
2022/2023,,,221926,Valentin Marten,einzel,178
2022/2023,,,103072,Florian Menzel,einzel,178
2022/2023,,,103143,Benny-Michel Mildenberger,einzel,178
2022/2023,,,103573,Marc Proissl,einzel,178
2022/2023,,,103635,Hendrik Reckers,einzel,178
2022/2023,,,355715,Ronald Rogge,einzel,178
2022/2023,,,242731,Dirk Schäfauer,einzel,178
2022/2023,,,244727,Fabian Snijder,einzel,178
2022/2023,,,355901,Alexandar Stankovic,einzel,178
2022/2023,,,104507,Florian Stojanoski,einzel,178
2022/2023,,,252010,Long Werner,einzel,178
2022/2023,,,249124,Joshua Armbruster,einzel,177
2022/2023,,,355791,Fabian Durst,einzel,177
2022/2023,,,100945,Stefan Duttlinger,einzel,177
2022/2023,,,368226,Ali El Ajouz,einzel,177
2022/2023,,,101192,Ronny Frank,einzel,177
2022/2023,,,101470,Michael Greiner,einzel,177
2022/2023,,,101485,Ralf Grießhaber,einzel,177
2022/2023,,,101745,Rainer Heilmann,einzel,177
2022/2023,,,242710,Christian Joos,einzel,177
2022/2023,,,367917,Sijon Joos,einzel,177
2022/2023,,,102131,Steffen Joos,einzel,177
2022/2023,,,353768,Tobias Küderle,einzel,177
2022/2023,,,242867,Michael Matschewsky,einzel,177
2022/2023,,,103081,Andreas Merkle,einzel,177
2022/2023,,,103098,Bernd Messing,einzel,177
2022/2023,,,368127,Stefan Weiß,einzel,177
2022/2023,,,104971,Björn Welte,einzel,177
2022/2023,,,355793,Klaus Woehrlin,einzel,177
2022/2023,,,368044,Jörg Wolf,einzel,177
2022/2023,,,101114,Gordon Fenske,einzel,206
2022/2023,,,247868,Sven Gehrisch,einzel,206
2022/2023,,,170496,Sven Götz,einzel,206
2022/2023,,,101803,Michael Heneka,einzel,206
2022/2023,,,101926,Heiko Hoffmann,einzel,206
2022/2023,,,101994,Gerd Hörrmann,einzel,206
2022/2023,,,102294,Ralf Kempermann,einzel,206
2022/2023,,,367853,Jörg Leiser,einzel,206
2022/2023,,,366412,Sascha Link,einzel,206
2022/2023,,,242771,Armin Reidel,einzel,206
2022/2023,,,103837,Michael Roth,einzel,206
2022/2023,,,250306,Luigi Sarullo,einzel,206
2022/2023,,,104382,Hendrik Snijder,einzel,206
2022/2023,,,247575,Andreas Stüber,einzel,206
2022/2023,,,104844,Rolf Waible,einzel,206
2022/2023,,,105103,Dieter Wolk,einzel,206
2022/2023,,,367988,Markus Wörner,einzel,206
2022/2023,,,105217,Karl-Heinz Zimmermann,einzel,206
2022/2023,,,248185,Peter Baur,einzel,207
2022/2023,,,104770,Sven Deschner,einzel,207
2022/2023,,,100825,Michael Diedrich,einzel,207
2022/2023,,,242709,Mathias Frey,einzel,207
2022/2023,,,101476,Christian Gremmelspacher,einzel,207
2022/2023,,,102278,Andreas Keilmann,einzel,207
2022/2023,,,102370,Kai Kiss,einzel,207
2022/2023,,,102584,Karl-Heinz Krause,einzel,207
2022/2023,,,102948,Rolf Mangelsdorf,einzel,207
2022/2023,,,103629,Marcus Reber,einzel,207
2022/2023,,,103654,Michael Reichert,einzel,207
2022/2023,,,123146,Markus Rütten,einzel,207
2022/2023,,,103930,Eberhard Sauter,einzel,207
2022/2023,,,104254,Martin Schwab,einzel,207
2022/2023,,,249145,Drazen Smolcic,einzel,207
2022/2023,,,104434,Armin Stauß,einzel,207
2022/2023,,,104546,Michael Strohmaier,einzel,207
2022/2023,,,104825,Frank Wagenmann,einzel,207
2022/2023,,,100092,Charalampos Antonogiorgakis,einzel,183
2022/2023,,,100296,Mustafa Benk,einzel,183
2022/2023,,,100791,Giuseppe Dellaquercia,einzel,183
2022/2023,,,101265,Michael Füess,einzel,183
2022/2023,,,144449,Ciro Guerra,einzel,183
2022/2023,,,101587,Rainer Habelt,einzel,183
2022/2023,,,368146,Saeid Heydarpour,einzel,183
2022/2023,,,101952,Thorsten Holatka,einzel,183
2022/2023,,,350393,Oliver Kielwein,einzel,183
2022/2023,,,121877,Peter Link,einzel,183
2022/2023,,,368179,Thorsten Möhle,einzel,183
2022/2023,,,104109,Uwe Schmidt,einzel,183
2022/2023,,,351950,Olaf Schwarz,einzel,183
2022/2023,,,104685,Machmut Turan,einzel,183
2022/2023,,,240510,Sven Wezstein,einzel,183
2022/2023,,,105234,Daniel Zmalec,einzel,183
2022/2023,,,244943,Peggy Eisele,einzel,212
2022/2023,,,368302,Simone Künzl,einzel,212
2022/2023,,,102935,Daniela Majer,einzel,212
2022/2023,,,368148,Angelika Müller,einzel,212
2022/2023,,,367986,Vanja Nikolic,einzel,212
2022/2023,,,240316,Louise Wong,einzel,212
2022/2023,,,230942,Lisa Knost,einzel,210
2022/2023,,,104025,Priska Leven,einzel,210
2022/2023,,,176072,Janin Oesterle,einzel,210
2022/2023,,,104767,Celina Visconti,einzel,210
2022/2023,,,100106,Stefanie Arndt,einzel,211
2022/2023,,,101818,Melanie Henschel,einzel,211
2022/2023,,,102034,Nicole Hummel,einzel,211
2022/2023,,,102170,Patricia Kaffesi,einzel,211
2022/2023,,,350473,Gabriele Winzer-Moser,einzel,211
2022/2023,,,100039,Erdal Akinci,einzel,208
2022/2023,,,100124,Ottmar Auzinger,einzel,208
2022/2023,,,100641,Pietro Calo,einzel,208
2022/2023,,,100918,Thomas Drey,einzel,208
2022/2023,,,367948,Flaviano Gabriele,einzel,208
2022/2023,,,228708,Hans Heuschmid,einzel,208
2022/2023,,,102114,Andreas Jeschka,einzel,208
2022/2023,,,102424,Andreas Knauf,einzel,208
2022/2023,,,367944,Thomas Rehmann,einzel,208
2022/2023,,,104085,Werner Schmidberger,einzel,208
2022/2023,,,104206,Anton Schubert,einzel,208
2022/2023,,,104354,Manfred Sieweke,einzel,208
2022/2023,,,104610,Erwin Thoma,einzel,208
2022/2023,,,104635,Raphael Titzmann,einzel,208
2022/2023,,,367990,Raimund Wanner,einzel,208
2022/2023,,,242798,Jürgen Wilke,einzel,208
2022/2023,,,228713,Erich Wohllaib,einzel,208
2022/2023,,,252039,Dany Baron,einzel,213
2022/2023,,,100616,Zeljko Burmazovic,einzel,213
2022/2023,,,245948,Aryan Dayyani,einzel,213
2022/2023,,,100773,Fiorenzo De Nuzzo,einzel,213
2022/2023,,,100972,Benjamin Eiberger,einzel,213
2022/2023,,,100983,Frank Eisele,einzel,213
2022/2023,,,101572,Ricardo Gutjahr,einzel,213
2022/2023,,,101289,Thomas Gäckle,einzel,213
2022/2023,,,101671,Markus Hardtke,einzel,213
2022/2023,,,101672,Matthias Hardtke,einzel,213
2022/2023,,,353408,Christopher Hopp,einzel,213
2022/2023,,,102013,Marco Huber,einzel,213
2022/2023,,,102379,Daniel Klapper,einzel,213
2022/2023,,,250878,Patrick Mungiuri,einzel,213
2022/2023,,,103275,Marcus Mutschler,einzel,213
2022/2023,,,103634,Stephan Rech-Linker,einzel,213
2022/2023,,,245634,Florian Staud,einzel,213
2022/2023,,,104761,Goncalo Vieira Manies,einzel,213
2022/2023,,,104803,Frank Vorauer,einzel,213
2022/2023,,,242963,Marco Warlies,einzel,213
2022/2023,,,105049,Ruben Winkler,einzel,213
2022/2023,,,249124,Joshua Armbruster,einzel,215
2022/2023,,,355791,Fabian Durst,einzel,215
2022/2023,,,368226,Ali El Ajouz,einzel,215
2022/2023,,,247955,David Galwas,einzel,215
2022/2023,,,101470,Michael Greiner,einzel,215
2022/2023,,,101485,Ralf Grießhaber,einzel,215
2022/2023,,,101745,Rainer Heilmann,einzel,215
2022/2023,,,367917,Sijon Joos,einzel,215
2022/2023,,,102131,Steffen Joos,einzel,215
2022/2023,,,353768,Tobias Küderle,einzel,215
2022/2023,,,103081,Andreas Merkle,einzel,215
2022/2023,,,103469,David Party,einzel,215
2022/2023,,,368139,Michael Schreiber,einzel,215
2022/2023,,,242837,Martin Weber,einzel,215
2022/2023,,,368127,Stefan Weiß,einzel,215
2022/2023,,,355793,Klaus Woehrlin,einzel,215
2022/2023,,,368044,Jörg Wolf,einzel,215
2022/2023,,,349790,Wadea Al Mahamid,einzel,217
2022/2023,,,250221,Marco Bunke,einzel,217
2022/2023,,,356369,Alexander Fischer,einzel,217
2022/2023,,,248769,Marius-Daniel Grigore-Martini,einzel,217
2022/2023,,,242787,Rainer Hermann,einzel,217
2022/2023,,,102186,Daniel Kalnak,einzel,217
2022/2023,,,368142,Philip Kammnick,einzel,217
2022/2023,,,367934,Andreas Loderer,einzel,217
2022/2023,,,103552,Claudio Pontuti,einzel,217
2022/2023,,,367989,Martin Reinhardt,einzel,217
2022/2023,,,251775,Joao Rodrigues,einzel,217
2022/2023,,,103820,Christian Rossa,einzel,217
2022/2023,,,242796,Frank Schwenk,einzel,217
2022/2023,,,367912,Nikolaos Seristatidis,einzel,217
2022/2023,,,368015,Stefan Sock,einzel,217
2022/2023,,,350617,Christian Späthe,einzel,217
2022/2023,,,354666,Andrew Steinhauer,einzel,217
2022/2023,,,228696,Gerald Ströbele,einzel,217
2022/2023,,,105051,Georg Winter,einzel,217
2022/2023,,,100670,Efendi Cekerek,einzel,214
2022/2023,,,240446,Antonio De Gois,einzel,214
2022/2023,,,250899,Rouven Elischer,einzel,214
2022/2023,,,102069,Lutz Iserhardt,einzel,214
2022/2023,,,102305,Felix Kern,einzel,214
2022/2023,,,102568,Thomas Kramhöller,einzel,214
2022/2023,,,103072,Florian Menzel,einzel,214
2022/2023,,,352032,Stefan Neuberger,einzel,214
2022/2023,,,103558,Benjamin Pran,einzel,214
2022/2023,,,103573,Marc Proissl,einzel,214
2022/2023,,,103635,Hendrik Reckers,einzel,214
2022/2023,,,104299,Rainer Seemann,einzel,214
2022/2023,,,355901,Alexandar Stankovic,einzel,214
2022/2023,,,104507,Florian Stojanoski,einzel,214
2022/2023,,,104752,Zehrudin Vereget,einzel,214
2022/2023,,,252010,Long Werner,einzel,214
2022/2023,,,353387,Daniela Behrend,einzel,219
2022/2023,,,354558,Angelika Kaune,einzel,219
2022/2023,,,239637,Irina Killian,einzel,219
2022/2023,,,355165,Katrin Quaschinsky,einzel,219
2022/2023,,,355164,Saskia Schirmer,einzel,219
2022/2023,,,239646,Susanne Schweter,einzel,219
2022/2023,,,353038,Brigitte Uhrig,einzel,219
2022/2023,,,101114,Gordon Fenske,einzel,223
2022/2023,,,101803,Michael Heneka,einzel,223
2022/2023,,,101926,Heiko Hoffmann,einzel,223
2022/2023,,,102294,Ralf Kempermann,einzel,223
2022/2023,,,356371,Jonny Knapp,einzel,223
2022/2023,,,367853,Jörg Leiser,einzel,223
2022/2023,,,103069,Roland Menrath,einzel,223
2022/2023,,,103087,Markus Merz,einzel,223
2022/2023,,,250306,Luigi Sarullo,einzel,223
2022/2023,,,104376,Darius Skowronek,einzel,223
2022/2023,,,247505,Thomas Sommer,einzel,223
2022/2023,,,104844,Rolf Waible,einzel,223
2022/2023,,,367988,Markus Wörner,einzel,223
2022/2023,,,105217,Karl-Heinz Zimmermann,einzel,223
2022/2023,,,100852,Heiko Difflipp,einzel,222
2022/2023,,,101265,Michael Füess,einzel,222
2022/2023,,,242971,Selim Güzel,einzel,222
2022/2023,,,101574,Michael Haag,einzel,222
2022/2023,,,101724,Robin Heber,einzel,222
2022/2023,,,368178,Thomas Hirschberger,einzel,222
2022/2023,,,101952,Thorsten Holatka,einzel,222
2022/2023,,,242976,Anastasios Kagelidis,einzel,222
2022/2023,,,121877,Peter Link,einzel,222
2022/2023,,,103200,Andreas Müller,einzel,222
2022/2023,,,103289,Ingo Nassall,einzel,222
2022/2023,,,355443,Michael Reich,einzel,222
2022/2023,,,353143,Martin Repp,einzel,222
2022/2023,,,104109,Uwe Schmidt,einzel,222
2022/2023,,,351950,Olaf Schwarz,einzel,222
2022/2023,,,104273,Robert Schwarz,einzel,222
2022/2023,,,104353,Wolfgang Siethoff,einzel,222
2022/2023,,,368224,Hakan Söyler,einzel,222
2022/2023,,,368012,Birger Tesnau,einzel,222
2022/2023,,,104685,Machmut Turan,einzel,222
2022/2023,,,240510,Sven Wezstein,einzel,222
2022/2023,,,240155,Andreas Wittmeier,einzel,222
2022/2023,,,100039,Erdal Akinci,einzel,224
2022/2023,,,100124,Ottmar Auzinger,einzel,224
2022/2023,,,100918,Thomas Drey,einzel,224
2022/2023,,,228708,Hans Heuschmid,einzel,224
2022/2023,,,102114,Andreas Jeschka,einzel,224
2022/2023,,,102424,Andreas Knauf,einzel,224
2022/2023,,,367933,Siegbert Müller,einzel,224
2022/2023,,,368022,Antonio Nuzziello,einzel,224
2022/2023,,,367944,Thomas Rehmann,einzel,224
2022/2023,,,104085,Werner Schmidberger,einzel,224
2022/2023,,,104206,Anton Schubert,einzel,224
2022/2023,,,104257,Jörg Schwager,einzel,224
2022/2023,,,104407,Eugen Spähn,einzel,224
2022/2023,,,104610,Erwin Thoma,einzel,224
2022/2023,,,104635,Raphael Titzmann,einzel,224
2022/2023,,,367990,Raimund Wanner,einzel,224
2022/2023,,,367935,Kadir Özturgut,einzel,224
2022/2023,,,100501,Rainer Braun,einzel,225
2022/2023,,,104770,Sven Deschner,einzel,225
2022/2023,,,248622,Frank Diedrich,einzel,225
2022/2023,,,100825,Michael Diedrich,einzel,225
2022/2023,,,242709,Mathias Frey,einzel,225
2022/2023,,,101476,Christian Gremmelspacher,einzel,225
2022/2023,,,102278,Andreas Keilmann,einzel,225
2022/2023,,,102584,Karl-Heinz Krause,einzel,225
2022/2023,,,103183,Berthold Moser,einzel,225
2022/2023,,,123146,Markus Rütten,einzel,225
2022/2023,,,103930,Eberhard Sauter,einzel,225
2022/2023,,,103997,Norbert Scheinpflug,einzel,225
2022/2023,,,104101,Peter Schmidt,einzel,225
2022/2023,,,104254,Martin Schwab,einzel,225
2022/2023,,,249145,Drazen Smolcic,einzel,225
2022/2023,,,104434,Armin Stauß,einzel,225
2022/2023,,,247957,Stefan Vater,einzel,225
2022/2023,,,356369,Alexander Fischer,einzel,232
2022/2023,,,248769,Marius-Daniel Grigore-Martini,einzel,232
2022/2023,,,242992,Mark Hast,einzel,232
2022/2023,,,368142,Philip Kammnick,einzel,232
2022/2023,,,351228,Max Löhle,einzel,232
2022/2023,,,242808,Thorsten Mohr,einzel,232
2022/2023,,,103211,Fabian Müller,einzel,232
2022/2023,,,354136,Ulrich Oswald,einzel,232
2022/2023,,,103578,Athanassios Psimenidis,einzel,232
2022/2023,,,157028,Peter Restle,einzel,232
2022/2023,,,368015,Stefan Sock,einzel,232
2022/2023,,,354666,Andrew Steinhauer,einzel,232
2022/2023,,,104646,Hakan Toprak,einzel,232
2022/2023,,,104671,Marcus Trumpp,einzel,232
2022/2023,,,105051,Georg Winter,einzel,232
2022/2023,,,355803,Randee Ramzi Yalda,einzel,232
2022/2023,,,100670,Efendi Cekerek,einzel,231
2022/2023,,,240446,Antonio De Gois,einzel,231
2022/2023,,,101585,Alexander Haass,einzel,231
2022/2023,,,101749,Jens Heim,einzel,231
2022/2023,,,102305,Felix Kern,einzel,231
2022/2023,,,102352,Udo Kirchgeßner,einzel,231
2022/2023,,,102568,Thomas Kramhöller,einzel,231
2022/2023,,,355299,Bernd Mahnke,einzel,231
2022/2023,,,103072,Florian Menzel,einzel,231
2022/2023,,,103105,Michael Metzger,einzel,231
2022/2023,,,368080,Christian Münch,einzel,231
2022/2023,,,103581,Matthias Pujic,einzel,231
2022/2023,,,355715,Ronald Rogge,einzel,231
2022/2023,,,104299,Rainer Seemann,einzel,231
2022/2023,,,244727,Fabian Snijder,einzel,231
2022/2023,,,104507,Florian Stojanoski,einzel,231
2022/2023,,,252010,Long Werner,einzel,231
2022/2023,,,252039,Dany Baron,einzel,230
2022/2023,,,100638,Adrian Cabanillas Lora,einzel,230
2022/2023,,,100773,Fiorenzo De Nuzzo,einzel,230
2022/2023,,,101289,Thomas Gäckle,einzel,230
2022/2023,,,101654,Thomas Handler,einzel,230
2022/2023,,,101671,Markus Hardtke,einzel,230
2022/2023,,,101672,Matthias Hardtke,einzel,230
2022/2023,,,353408,Christopher Hopp,einzel,230
2022/2023,,,246024,Denis Mnich,einzel,230
2022/2023,,,250878,Patrick Mungiuri,einzel,230
2022/2023,,,103634,Stephan Rech-Linker,einzel,230
2022/2023,,,103790,Fabio Romano,einzel,230
2022/2023,,,104541,Alexander Striker,einzel,230
2022/2023,,,242963,Marco Warlies,einzel,230
2022/2023,,,105049,Ruben Winkler,einzel,230
2022/2023,,,368093,Andreas Zillmann,einzel,230
2022/2023,,,100039,Erdal Akinci,einzel,240
2022/2023,,,100124,Ottmar Auzinger,einzel,240
2022/2023,,,100641,Pietro Calo,einzel,240
2022/2023,,,100918,Thomas Drey,einzel,240
2022/2023,,,102114,Andreas Jeschka,einzel,240
2022/2023,,,367944,Thomas Rehmann,einzel,240
2022/2023,,,104206,Anton Schubert,einzel,240
2022/2023,,,104407,Eugen Spähn,einzel,240
2022/2023,,,228713,Erich Wohllaib,einzel,240
2022/2023,,,100791,Giuseppe Dellaquercia,einzel,238
2022/2023,,,101265,Michael Füess,einzel,238
2022/2023,,,354684,Markus Geßinger,einzel,238
2022/2023,,,101574,Michael Haag,einzel,238
2022/2023,,,368178,Thomas Hirschberger,einzel,238
2022/2023,,,101952,Thorsten Holatka,einzel,238
2022/2023,,,103289,Ingo Nassall,einzel,238
2022/2023,,,103598,Andreas Rago,einzel,238
2022/2023,,,355443,Michael Reich,einzel,238
2022/2023,,,353143,Martin Repp,einzel,238
2022/2023,,,104109,Uwe Schmidt,einzel,238
2022/2023,,,351950,Olaf Schwarz,einzel,238
2022/2023,,,104353,Wolfgang Siethoff,einzel,238
2022/2023,,,368224,Hakan Söyler,einzel,238
2022/2023,,,104607,Steven Thieltges,einzel,238
2022/2023,,,368200,Jürgen Trost,einzel,238
2022/2023,,,104685,Machmut Turan,einzel,238
2022/2023,,,240510,Sven Wezstein,einzel,238
2022/2023,,,240155,Andreas Wittmeier,einzel,238
2022/2023,,,249124,Joshua Armbruster,einzel,233
2022/2023,,,100553,Florian Brugger,einzel,233
2022/2023,,,355791,Fabian Durst,einzel,233
2022/2023,,,100945,Stefan Duttlinger,einzel,233
2022/2023,,,368226,Ali El Ajouz,einzel,233
2022/2023,,,101192,Ronny Frank,einzel,233
2022/2023,,,247955,David Galwas,einzel,233
2022/2023,,,101485,Ralf Grießhaber,einzel,233
2022/2023,,,367917,Sijon Joos,einzel,233
2022/2023,,,102131,Steffen Joos,einzel,233
2022/2023,,,242867,Michael Matschewsky,einzel,233
2022/2023,,,103314,Jonathan Nestler,einzel,233
2022/2023,,,368127,Stefan Weiß,einzel,233
2022/2023,,,104971,Björn Welte,einzel,233
2022/2023,,,355793,Klaus Woehrlin,einzel,233
2022/2023,,,368044,Jörg Wolf,einzel,233
2022/2023,,,368227,Jürgen Benninger,einzel,239
2022/2023,,,100463,Stephan Boschert,einzel,239
2022/2023,,,101114,Gordon Fenske,einzel,239
2022/2023,,,101994,Gerd Hörrmann,einzel,239
2022/2023,,,102294,Ralf Kempermann,einzel,239
2022/2023,,,356371,Jonny Knapp,einzel,239
2022/2023,,,102759,Harald Leder,einzel,239
2022/2023,,,103069,Roland Menrath,einzel,239
2022/2023,,,103617,Detlef Ratz,einzel,239
2022/2023,,,103837,Michael Roth,einzel,239
2022/2023,,,250306,Luigi Sarullo,einzel,239
2022/2023,,,104376,Darius Skowronek,einzel,239
2022/2023,,,104382,Hendrik Snijder,einzel,239
2022/2023,,,356203,Ali Tinoush,einzel,239
2022/2023,,,104820,Tom Wacker,einzel,239
2022/2023,,,104844,Rolf Waible,einzel,239
2022/2023,,,111963,Bernd Woitanowski,einzel,239
2022/2023,,,105103,Dieter Wolk,einzel,239
2022/2023,,,105217,Karl-Heinz Zimmermann,einzel,239
2022/2023,,,241138,Mike Becker,einzel,241
2022/2023,,,104770,Sven Deschner,einzel,241
2022/2023,,,248622,Frank Diedrich,einzel,241
2022/2023,,,100825,Michael Diedrich,einzel,241
2022/2023,,,101476,Christian Gremmelspacher,einzel,241
2022/2023,,,102278,Andreas Keilmann,einzel,241
2022/2023,,,102584,Karl-Heinz Krause,einzel,241
2022/2023,,,102948,Rolf Mangelsdorf,einzel,241
2022/2023,,,123146,Markus Rütten,einzel,241
2022/2023,,,103930,Eberhard Sauter,einzel,241
2022/2023,,,103998,Roland Scheinpflug,einzel,241
2022/2023,,,104254,Martin Schwab,einzel,241
2022/2023,,,249145,Drazen Smolcic,einzel,241
2022/2023,,,249124,Joshua Armbruster,einzel,250
2022/2023,,,100945,Stefan Duttlinger,einzel,250
2022/2023,,,247955,David Galwas,einzel,250
2022/2023,,,101485,Ralf Grießhaber,einzel,250
2022/2023,,,101572,Ricardo Gutjahr,einzel,250
2022/2023,,,101585,Alexander Haass,einzel,250
2022/2023,,,101671,Markus Hardtke,einzel,250
2022/2023,,,101672,Matthias Hardtke,einzel,250
2022/2023,,,242787,Rainer Hermann,einzel,250
2022/2023,,,367934,Andreas Loderer,einzel,250
2022/2023,,,103072,Florian Menzel,einzel,250
2022/2023,,,103635,Hendrik Reckers,einzel,250
2022/2023,,,354147,Geronimo Rosa,einzel,250
2022/2023,,,103820,Christian Rossa,einzel,250
2022/2023,,,368015,Stefan Sock,einzel,250
2022/2023,,,104507,Florian Stojanoski,einzel,250
2022/2023,,,242963,Marco Warlies,einzel,250
2022/2023,,,368127,Stefan Weiß,einzel,250
2022/2023,,,252010,Long Werner,einzel,250
2022/2023,,,100039,Erdal Akinci,einzel,252
2022/2023,,,100825,Michael Diedrich,einzel,252
2022/2023,,,101265,Michael Füess,einzel,252
2022/2023,,,101500,Steffen Gross,einzel,252
2022/2023,,,101724,Robin Heber,einzel,252
2022/2023,,,101952,Thorsten Holatka,einzel,252
2022/2023,,,101994,Gerd Hörrmann,einzel,252
2022/2023,,,102114,Andreas Jeschka,einzel,252
2022/2023,,,102204,Markus Kamuf,einzel,252
2022/2023,,,103075,Daniel Merbitz,einzel,252
2022/2023,,,123146,Markus Rütten,einzel,252
2022/2023,,,250306,Luigi Sarullo,einzel,252
2022/2023,,,104254,Martin Schwab,einzel,252
2022/2023,,,104407,Eugen Spähn,einzel,252
2022/2023,,,104825,Frank Wagenmann,einzel,252
2022/2023,,,367988,Markus Wörner,einzel,252
2022/2023,,,244943,Peggy Eisele,einzel,251
2022/2023,,,101856,Bianca Heneka,einzel,251
2022/2023,,,101818,Melanie Henschel,einzel,251
2022/2023,,,102034,Nicole Hummel,einzel,251
2022/2023,,,368302,Simone Künzl,einzel,251
2022/2023,,,104025,Priska Leven,einzel,251
2022/2023,,,102935,Daniela Majer,einzel,251
2022/2023,,,368148,Angelika Müller,einzel,251
2022/2023,,,367986,Vanja Nikolic,einzel,251
2022/2023,,,104776,Tina Riedel,einzel,251
2022/2023,,,159294,Christina Schneider-Radunovic,einzel,251
2022/2023,,,101737,Svenja Schwarzkopf,einzel,251
2022/2023,,,104767,Celina Visconti,einzel,251
2022/2023,,,350473,Gabriele Winzer-Moser,einzel,251
2022/2023,,,100481,Silke Brand,einzel,253
2022/2023,,,100500,Petra Braun,einzel,253
2022/2023,,,350961,Sabine Hort,einzel,253
2022/2023,,,354558,Angelika Kaune,einzel,253
2022/2023,,,239637,Irina Killian,einzel,253
2022/2023,,,355165,Katrin Quaschinsky,einzel,253
2022/2023,,,103910,Petra Sannwald,einzel,253
2022/2023,,,355164,Saskia Schirmer,einzel,253
2022/2023,,,239646,Susanne Schweter,einzel,253
2022/2023,,,353038,Brigitte Uhrig,einzel,253
2022/2023,,,100481,Silke Brand,einzel,266
2022/2023,,,100500,Petra Braun,einzel,266
2022/2023,,,350961,Sabine Hort,einzel,266
2022/2023,,,354558,Angelika Kaune,einzel,266
2022/2023,,,239637,Irina Killian,einzel,266
2022/2023,,,252901,Evi Leder,einzel,266
2022/2023,,,355165,Katrin Quaschinsky,einzel,266
2022/2023,,,103910,Petra Sannwald,einzel,266
2022/2023,,,239646,Susanne Schweter,einzel,266
2022/2023,,,100039,Erdal Akinci,einzel,265
2022/2023,,,100825,Michael Diedrich,einzel,265
2022/2023,,,101500,Steffen Gross,einzel,265
2022/2023,,,101724,Robin Heber,einzel,265
2022/2023,,,368146,Saeid Heydarpour,einzel,265
2022/2023,,,101926,Heiko Hoffmann,einzel,265
2022/2023,,,102114,Andreas Jeschka,einzel,265
2022/2023,,,102204,Markus Kamuf,einzel,265
2022/2023,,,102278,Andreas Keilmann,einzel,265
2022/2023,,,103075,Daniel Merbitz,einzel,265
2022/2023,,,103183,Berthold Moser,einzel,265
2022/2023,,,103289,Ingo Nassall,einzel,265
2022/2023,,,104254,Martin Schwab,einzel,265
2022/2023,,,368012,Birger Tesnau,einzel,265
2022/2023,,,242798,Jürgen Wilke,einzel,265
2022/2023,,,240155,Andreas Wittmeier,einzel,265
2022/2023,,,105217,Karl-Heinz Zimmermann,einzel,265
2022/2023,,,240143,Konrad Bau,einzel,261
2022/2023,,,100638,Adrian Cabanillas Lora,einzel,261
2022/2023,,,100945,Stefan Duttlinger,einzel,261
2022/2023,,,356369,Alexander Fischer,einzel,261
2022/2023,,,101485,Ralf Grießhaber,einzel,261
2022/2023,,,101572,Ricardo Gutjahr,einzel,261
2022/2023,,,101585,Alexander Haass,einzel,261
2022/2023,,,101671,Markus Hardtke,einzel,261
2022/2023,,,101672,Matthias Hardtke,einzel,261
2022/2023,,,242710,Christian Joos,einzel,261
2022/2023,,,103072,Florian Menzel,einzel,261
2022/2023,,,353889,Bruno Miletic,einzel,261
2022/2023,,,354147,Geronimo Rosa,einzel,261
2022/2023,,,244727,Fabian Snijder,einzel,261
2022/2023,,,368015,Stefan Sock,einzel,261
2022/2023,,,104507,Florian Stojanoski,einzel,261
2022/2023,,,104541,Alexander Striker,einzel,261
2022/2023,,,368127,Stefan Weiß,einzel,261
2022/2023,,,355803,Randee Ramzi Yalda,einzel,261
2022/2023,,,244943,Peggy Eisele,einzel,267
2022/2023,,,101856,Bianca Heneka,einzel,267
2022/2023,,,101818,Melanie Henschel,einzel,267
2022/2023,,,102034,Nicole Hummel,einzel,267
2022/2023,,,368302,Simone Künzl,einzel,267
2022/2023,,,104025,Priska Leven,einzel,267
2022/2023,,,102935,Daniela Majer,einzel,267
2022/2023,,,368148,Angelika Müller,einzel,267
2022/2023,,,367986,Vanja Nikolic,einzel,267
2022/2023,,,104776,Tina Riedel,einzel,267
2022/2023,,,159294,Christina Schneider-Radunovic,einzel,267
2022/2023,,,101737,Svenja Schwarzkopf,einzel,267
2022/2023,,,104767,Celina Visconti,einzel,267
2022/2023,,,100638,Adrian Cabanillas Lora,einzel,268
2022/2023,,,100945,Stefan Duttlinger,einzel,268
2022/2023,,,101572,Ricardo Gutjahr,einzel,268
2022/2023,,,101585,Alexander Haass,einzel,268
2022/2023,,,101671,Markus Hardtke,einzel,268
2022/2023,,,101672,Matthias Hardtke,einzel,268
2022/2023,,,101749,Jens Heim,einzel,268
2022/2023,,,367934,Andreas Loderer,einzel,268
2022/2023,,,221926,Valentin Marten,einzel,268
2022/2023,,,242867,Michael Matschewsky,einzel,268
2022/2023,,,103072,Florian Menzel,einzel,268
2022/2023,,,242808,Thorsten Mohr,einzel,268
2022/2023,,,103635,Hendrik Reckers,einzel,268
2022/2023,,,354147,Geronimo Rosa,einzel,268
2022/2023,,,368015,Stefan Sock,einzel,268
2022/2023,,,368127,Stefan Weiß,einzel,268
2022/2023,,,355803,Randee Ramzi Yalda,einzel,268
2022/2023,,,100481,Silke Brand,einzel,271
2022/2023,,,100500,Petra Braun,einzel,271
2022/2023,,,350961,Sabine Hort,einzel,271
2022/2023,,,354558,Angelika Kaune,einzel,271
2022/2023,,,239637,Irina Killian,einzel,271
2022/2023,,,252901,Evi Leder,einzel,271
2022/2023,,,355165,Katrin Quaschinsky,einzel,271
2022/2023,,,103910,Petra Sannwald,einzel,271
2022/2023,,,239646,Susanne Schweter,einzel,271
2022/2023,,,353038,Brigitte Uhrig,einzel,271
2022/2023,,,100039,Erdal Akinci,einzel,269
2022/2023,,,100124,Ottmar Auzinger,einzel,269
2022/2023,,,100296,Mustafa Benk,einzel,269
2022/2023,,,101476,Christian Gremmelspacher,einzel,269
2022/2023,,,101500,Steffen Gross,einzel,269
2022/2023,,,101724,Robin Heber,einzel,269
2022/2023,,,101803,Michael Heneka,einzel,269
2022/2023,,,368146,Saeid Heydarpour,einzel,269
2022/2023,,,101952,Thorsten Holatka,einzel,269
2022/2023,,,101994,Gerd Hörrmann,einzel,269
2022/2023,,,102948,Rolf Mangelsdorf,einzel,269
2022/2023,,,103075,Daniel Merbitz,einzel,269
2022/2023,,,103183,Berthold Moser,einzel,269
2022/2023,,,103837,Michael Roth,einzel,269
2022/2023,,,250306,Luigi Sarullo,einzel,269
2022/2023,,,104109,Uwe Schmidt,einzel,269
2022/2023,,,104254,Martin Schwab,einzel,269
2022/2023,,,104610,Erwin Thoma,einzel,269
2022/2023,,,104825,Frank Wagenmann,einzel,269
2022/2023,,,244943,Peggy Eisele,einzel,270
2022/2023,,,101856,Bianca Heneka,einzel,270
2022/2023,,,101818,Melanie Henschel,einzel,270
2022/2023,,,102034,Nicole Hummel,einzel,270
2022/2023,,,368302,Simone Künzl,einzel,270
2022/2023,,,104025,Priska Leven,einzel,270
2022/2023,,,102935,Daniela Majer,einzel,270
2022/2023,,,368148,Angelika Müller,einzel,270
2022/2023,,,367986,Vanja Nikolic,einzel,270
2022/2023,,,104776,Tina Riedel,einzel,270
2022/2023,,,159294,Christina Schneider-Radunovic,einzel,270
2022/2023,,,101737,Svenja Schwarzkopf,einzel,270
2022/2023,,,104767,Celina Visconti,einzel,270
2022/2023,,,353387,Daniela Behrend,einzel,277
2022/2023,,,100481,Silke Brand,einzel,277
2022/2023,,,100500,Petra Braun,einzel,277
2022/2023,,,350961,Sabine Hort,einzel,277
2022/2023,,,354558,Angelika Kaune,einzel,277
2022/2023,,,239637,Irina Killian,einzel,277
2022/2023,,,103910,Petra Sannwald,einzel,277
2022/2023,,,239646,Susanne Schweter,einzel,277
2022/2023,,,353038,Brigitte Uhrig,einzel,277
2022/2023,,,368293,Andrea Zenner,einzel,277
2022/2023,,,100553,Florian Brugger,einzel,276
2022/2023,,,100638,Adrian Cabanillas Lora,einzel,276
2022/2023,,,100945,Stefan Duttlinger,einzel,276
2022/2023,,,101390,Marco Giusa,einzel,276
2022/2023,,,101485,Ralf Grießhaber,einzel,276
2022/2023,,,248769,Marius-Daniel Grigore-Martini,einzel,276
2022/2023,,,101572,Ricardo Gutjahr,einzel,276
2022/2023,,,101585,Alexander Haass,einzel,276
2022/2023,,,101672,Matthias Hardtke,einzel,276
2022/2023,,,101749,Jens Heim,einzel,276
2022/2023,,,102568,Thomas Kramhöller,einzel,276
2022/2023,,,246024,Denis Mnich,einzel,276
2022/2023,,,242808,Thorsten Mohr,einzel,276
2022/2023,,,103314,Jonathan Nestler,einzel,276
2022/2023,,,354147,Geronimo Rosa,einzel,276
2022/2023,,,105049,Ruben Winkler,einzel,276
2022/2023,,,105051,Georg Winter,einzel,276
2022/2023,,,355803,Randee Ramzi Yalda,einzel,276
2022/2023,,,368266,Luka Antic,einzel,283
2022/2023,,,368107,Benjamin Hirschberger,einzel,283
2022/2023,,,368274,Mark Pfaffenrodt,einzel,283
2022/2023,,,368386,Henry Spang,einzel,283
2022/2023,,,368193,Marius Witt,einzel,283
2022/2023,,,100106,Stefanie Arndt,einzel,274
2022/2023,,,244943,Peggy Eisele,einzel,274
2022/2023,,,101856,Bianca Heneka,einzel,274
2022/2023,,,102034,Nicole Hummel,einzel,274
2022/2023,,,102170,Patricia Kaffesi,einzel,274
2022/2023,,,368302,Simone Künzl,einzel,274
2022/2023,,,104025,Priska Leven,einzel,274
2022/2023,,,367986,Vanja Nikolic,einzel,274
2022/2023,,,104776,Tina Riedel,einzel,274
2022/2023,,,159294,Christina Schneider-Radunovic,einzel,274
2022/2023,,,101737,Svenja Schwarzkopf,einzel,274
2022/2023,,,104767,Celina Visconti,einzel,274
2022/2023,,,100039,Erdal Akinci,einzel,275
2022/2023,,,104770,Sven Deschner,einzel,275
2022/2023,,,101500,Steffen Gross,einzel,275
2022/2023,,,101724,Robin Heber,einzel,275
2022/2023,,,101994,Gerd Hörrmann,einzel,275
2022/2023,,,102114,Andreas Jeschka,einzel,275
2022/2023,,,102204,Markus Kamuf,einzel,275
2022/2023,,,102278,Andreas Keilmann,einzel,275
2022/2023,,,102759,Harald Leder,einzel,275
2022/2023,,,103075,Daniel Merbitz,einzel,275
2022/2023,,,103289,Ingo Nassall,einzel,275
2022/2023,,,104254,Martin Schwab,einzel,275
2022/2023,,,368200,Jürgen Trost,einzel,275
2022/2023,,,104685,Machmut Turan,einzel,275
2022/2023,,,104844,Rolf Waible,einzel,275
2022/2023,,,240155,Andreas Wittmeier,einzel,275
2022/2023,,,111963,Bernd Woitanowski,einzel,275
2022/2023,,,368266,Luka Antic,einzel,285
2022/2023,,,368107,Benjamin Hirschberger,einzel,285
2022/2023,,,368274,Mark Pfaffenrodt,einzel,285
2022/2023,,,368386,Henry Spang,einzel,285
2022/2023,,,368193,Marius Witt,einzel,285
2022/2023,,,351923,Maxim Buchstab,einzel,296
2022/2023,,,368147,Andre Kroschwald,einzel,296
2022/2023,,,351228,Max Löhle,einzel,296
2022/2023,,,242867,Michael Matschewsky,einzel,296
2022/2023,,,247176,Eric Mattern,einzel,296
2022/2023,,,367918,Arman Rasoli,einzel,296
2022/2023,,,368356,Bünyamin Öner,einzel,296
2022/2023,,,351923,Maxim Buchstab,einzel,295
2022/2023,,,368147,Andre Kroschwald,einzel,295
2022/2023,,,351228,Max Löhle,einzel,295
2022/2023,,,242867,Michael Matschewsky,einzel,295
2022/2023,,,247176,Eric Mattern,einzel,295
2022/2023,,,367918,Arman Rasoli,einzel,295
2022/2023,,,368356,Bünyamin Öner,einzel,295
2022/2023,,,368266,Luka Antic,einzel,286
2022/2023,,,368107,Benjamin Hirschberger,einzel,286
2022/2023,,,368274,Mark Pfaffenrodt,einzel,286
2022/2023,,,368386,Henry Spang,einzel,286
2022/2023,,,368193,Marius Witt,einzel,286
2023/2024,,,368412,David Agonafer,einzel,341
2023/2024,,,252039,Dany Baron,einzel,341
2023/2024,,,355875,Mohammed Ali Bemah,einzel,341
2023/2024,,,353993,Gerold Birmili,einzel,341
2023/2024,,,368413,Felix Böck,einzel,341
2023/2024,,,100638,Adrian Cabanillas Lora,einzel,341
2023/2024,,,368321,Daniel Christoph,einzel,341
2023/2024,,,242926,Nils Dannhauer,einzel,341
2023/2024,,,100773,Fiorenzo De Nuzzo,einzel,341
2023/2024,,,100972,Benjamin Eiberger,einzel,341
2023/2024,,,352635,Draoui El Mokhtar,einzel,341
2023/2024,,,368292,Matthias Grgic,einzel,341
2023/2024,,,101654,Thomas Handler,einzel,341
2023/2024,,,248741,Oliver Hauke,einzel,341
2023/2024,,,228904,Tobias Hirt,einzel,341
2023/2024,,,353408,Christopher Hopp,einzel,341
2023/2024,,,102013,Marco Huber,einzel,341
2023/2024,,,252092,Felix Häntschel,einzel,341
2023/2024,,,368283,Andreas Höhn,einzel,341
2023/2024,,,253091,Sven Kaupp,einzel,341
2023/2024,,,368147,Andre Kroschwald,einzel,341
2023/2024,,,102694,Daniel La Cognata,einzel,341
2023/2024,,,368505,Markus Löscher,einzel,341
2023/2024,,,246024,Denis Mnich,einzel,341
2023/2024,,,368353,Jens Murat,einzel,341
2023/2024,,,368046,Pascal Pascolo,einzel,341
2023/2024,,,103634,Stephan Rech-Linker,einzel,341
2023/2024,,,103686,Michael Reiser,einzel,341
2023/2024,,,368498,Roberto Savcic,einzel,341
2023/2024,,,368289,Kevin Schieber,einzel,341
2023/2024,,,368047,Marvin Schiele,einzel,341
2023/2024,,,104339,Marco Seybold,einzel,341
2023/2024,,,368372,Kalin-Felix Stefanov,einzel,341
2023/2024,,,366248,Matthias Stolz,einzel,341
2023/2024,,,350651,Marvin Szymiczek,einzel,341
2023/2024,,,104761,Goncalo Vieira Manies,einzel,341
2023/2024,,,368093,Andreas Zillmann,einzel,341
2023/2024,,,349790,Wadea Al Mahamid,einzel,344
2023/2024,,,353895,Thorgen Brett,einzel,344
2023/2024,,,368111,Ali Cetin,einzel,344
2023/2024,,,368381,Pavlos Dadakos,einzel,344
2023/2024,,,368249,Ali Deyhimi,einzel,344
2023/2024,,,100903,Krischan Dostal,einzel,344
2023/2024,,,100982,Andreas Einsiedler,einzel,344
2023/2024,,,101103,Ingo Fehr,einzel,344
2023/2024,,,368182,Besirat Fekadu,einzel,344
2023/2024,,,356369,Alexander Fischer,einzel,344
2023/2024,,,101474,Andreas Greitmann,einzel,344
2023/2024,,,248769,Marius-Daniel Grigore-Martini,einzel,344
2023/2024,,,242992,Mark Hast,einzel,344
2023/2024,,,368510,Jens Joachim,einzel,344
2023/2024,,,368133,Simon Kaincz,einzel,344
2023/2024,,,368142,Philip Kammnick,einzel,344
2023/2024,,,349809,Dietmar Karoli,einzel,344
2023/2024,,,102746,Michelangelo Laurano,einzel,344
2023/2024,,,102864,Matthias Ludersdorfer,einzel,344
2023/2024,,,367928,Tom Mischner,einzel,344
2023/2024,,,242808,Thorsten Mohr,einzel,344
2023/2024,,,368241,Victor Rodriguez,einzel,344
2023/2024,,,367937,Daniel Schmid,einzel,344
2023/2024,,,367912,Nikolaos Seristatidis,einzel,344
2023/2024,,,228696,Gerald Ströbele,einzel,344
2023/2024,,,104646,Hakan Toprak,einzel,344
2023/2024,,,368431,Norman Wagner,einzel,344
2023/2024,,,105051,Georg Winter,einzel,344
2023/2024,,,105085,Andreas Witzigmann,einzel,344
2023/2024,,,101192,Ronny Frank,einzel,343
2023/2024,,,101745,Rainer Heilmann,einzel,343
2023/2024,,,242710,Christian Joos,einzel,343
2023/2024,,,367917,Sijon Joos,einzel,343
2023/2024,,,102164,Norbert Kabas,einzel,343
2023/2024,,,102719,Uwe Lang,einzel,343
2023/2024,,,353889,Bruno Miletic,einzel,343
2023/2024,,,368493,Jürgen Porzelt,einzel,343
2023/2024,,,368044,Jörg Wolf,einzel,343
2023/2024,,,245692,Harun Ahmadi,einzel,342
2023/2024,,,368484,Jasim Ammar Jasim Al-Khazraji,einzel,342
2023/2024,,,250901,Emrah Atak,einzel,342
2023/2024,,,251376,Ferhat Cayli,einzel,342
2023/2024,,,250899,Rouven Elischer,einzel,342
2023/2024,,,101585,Alexander Haass,einzel,342
2023/2024,,,247504,Riccardo Heinen,einzel,342
2023/2024,,,351635,Robert Klinec,einzel,342
2023/2024,,,102607,Hermann Krieger,einzel,342
2023/2024,,,355299,Bernd Mahnke,einzel,342
2023/2024,,,247176,Eric Mattern,einzel,342
2023/2024,,,103105,Michael Metzger,einzel,342
2023/2024,,,368080,Christian Münch,einzel,342
2023/2024,,,368485,Nick Neubacher,einzel,342
2023/2024,,,368474,Dieter Neumann,einzel,342
2023/2024,,,366458,Besim Rama,einzel,342
2023/2024,,,368552,Robin Redemann,einzel,342
2023/2024,,,355715,Ronald Rogge,einzel,342
2023/2024,,,244727,Fabian Snijder,einzel,342
2023/2024,,,368557,Christian Süß,einzel,342
2023/2024,,,368118,Stefan Süß,einzel,342
2023/2024,,,368194,Maxime Tereba,einzel,342
2023/2024,,,368202,Angelo Truisi,einzel,342
2023/2024,,,104752,Zehrudin Vereget,einzel,342
2023/2024,,,368207,Calvin Waldecker,einzel,342
2023/2024,,,351842,René Wieczorek,einzel,342
2023/2024,,,100025,Erol Ag,einzel,345
2023/2024,,,368035,Gürhan Ag,einzel,345
2023/2024,,,100092,Charalampos Antonogiorgakis,einzel,345
2023/2024,,,248690,Ralf Bachert,einzel,345
2023/2024,,,368402,Cuong Dao-Ngoc,einzel,345
2023/2024,,,100791,Giuseppe Dellaquercia,einzel,345
2023/2024,,,100852,Heiko Difflipp,einzel,345
2023/2024,,,100941,Thomas Durst,einzel,345
2023/2024,,,101528,Gerhard Gryschka,einzel,345
2023/2024,,,242971,Selim Güzel,einzel,345
2023/2024,,,101574,Michael Haag,einzel,345
2023/2024,,,101587,Rainer Habelt,einzel,345
2023/2024,,,368146,Saeid Heydarpour,einzel,345
2023/2024,,,350315,Ralf Hohlfeld,einzel,345
2023/2024,,,101945,Thomas Höger,einzel,345
2023/2024,,,242976,Anastasios Kagelidis,einzel,345
2023/2024,,,350393,Oliver Kielwein,einzel,345
2023/2024,,,352494,Jürgen Klatt,einzel,345
2023/2024,,,250188,Thorsten Kupske,einzel,345
2023/2024,,,240287,Dietmar Lauer,einzel,345
2023/2024,,,121877,Peter Link,einzel,345
2023/2024,,,354685,Joachim Luft,einzel,345
2023/2024,,,102918,Holger Maier,einzel,345
2023/2024,,,242957,Ingo Mann,einzel,345
2023/2024,,,368364,Oliver Marx,einzel,345
2023/2024,,,242747,Thomas Mooshammer,einzel,345
2023/2024,,,103200,Andreas Müller,einzel,345
2023/2024,,,103479,Andreas Pauling,einzel,345
2023/2024,,,103552,Claudio Pontuti,einzel,345
2023/2024,,,103598,Andreas Rago,einzel,345
2023/2024,,,355443,Michael Reich,einzel,345
2023/2024,,,103690,Andreas Reisinger,einzel,345
2023/2024,,,351950,Olaf Schwarz,einzel,345
2023/2024,,,104287,Oliver Schwertschlager,einzel,345
2023/2024,,,160734,Farhad Shahverdi,einzel,345
2023/2024,,,367983,Taner Susuz,einzel,345
2023/2024,,,253141,Timur Susuz,einzel,345
2023/2024,,,368224,Hakan Söyler,einzel,345
2023/2024,,,368012,Birger Tesnau,einzel,345
2023/2024,,,104607,Steven Thieltges,einzel,345
2023/2024,,,104685,Machmut Turan,einzel,345
2023/2024,,,240510,Sven Wezstein,einzel,345
2023/2024,,,368577,Otto Stefan Witt,einzel,345
2023/2024,,,240155,Andreas Wittmeier,einzel,345
2023/2024,,,100124,Ottmar Auzinger,einzel,347
2023/2024,,,368389,Stefan Avrancsev,einzel,347
2023/2024,,,100641,Pietro Calo,einzel,347
2023/2024,,,100918,Thomas Drey,einzel,347
2023/2024,,,367948,Flaviano Gabriele,einzel,347
2023/2024,,,355161,Klaus Hirthe,einzel,347
2023/2024,,,102424,Andreas Knauf,einzel,347
2023/2024,,,368341,Dieter Krause,einzel,347
2023/2024,,,368524,Kurt Ljokaj,einzel,347
2023/2024,,,368022,Antonio Nuzziello,einzel,347
2023/2024,,,252858,Orhan Parama,einzel,347
2023/2024,,,103714,Harald Reutter,einzel,347
2023/2024,,,104085,Werner Schmidberger,einzel,347
2023/2024,,,104206,Anton Schubert,einzel,347
2023/2024,,,104257,Jörg Schwager,einzel,347
2023/2024,,,104610,Erwin Thoma,einzel,347
2023/2024,,,104635,Raphael Titzmann,einzel,347
2023/2024,,,228713,Erich Wohllaib,einzel,347
2023/2024,,,252039,Dany Baron,einzel,374
2023/2024,,,355875,Mohammed Ali Bemah,einzel,374
2023/2024,,,353993,Gerold Birmili,einzel,374
2023/2024,,,100421,Robert Bogdan,einzel,374
2023/2024,,,368321,Daniel Christoph,einzel,374
2023/2024,,,242926,Nils Dannhauer,einzel,374
2023/2024,,,100773,Fiorenzo De Nuzzo,einzel,374
2023/2024,,,368575,Daniel Doulgeris,einzel,374
2023/2024,,,100972,Benjamin Eiberger,einzel,374
2023/2024,,,352635,Draoui El Mokhtar,einzel,374
2023/2024,,,368496,Edis Eminovic,einzel,374
2023/2024,,,368495,Enis Eminovic,einzel,374
2023/2024,,,368292,Matthias Grgic,einzel,374
2023/2024,,,367253,Rolf Göllner,einzel,374
2023/2024,,,228904,Tobias Hirt,einzel,374
2023/2024,,,353408,Christopher Hopp,einzel,374
2023/2024,,,102013,Marco Huber,einzel,374
2023/2024,,,242978,Wasilios Kagelidis,einzel,374
2023/2024,,,253091,Sven Kaupp,einzel,374
2023/2024,,,368147,Andre Kroschwald,einzel,374
2023/2024,,,102694,Daniel La Cognata,einzel,374
2023/2024,,,246024,Denis Mnich,einzel,374
2023/2024,,,250878,Patrick Mungiuri,einzel,374
2023/2024,,,368353,Jens Murat,einzel,374
2023/2024,,,368046,Pascal Pascolo,einzel,374
2023/2024,,,367976,Antonio Pejic,einzel,374
2023/2024,,,354814,Benjamin Ropertz,einzel,374
2023/2024,,,368498,Roberto Savcic,einzel,374
2023/2024,,,368047,Marvin Schiele,einzel,374
2023/2024,,,368504,Finn Schmitz,einzel,374
2023/2024,,,104339,Marco Seybold,einzel,374
2023/2024,,,368372,Kalin-Felix Stefanov,einzel,374
2023/2024,,,366248,Matthias Stolz,einzel,374
2023/2024,,,104541,Alexander Striker,einzel,374
2023/2024,,,350651,Marvin Szymiczek,einzel,374
2023/2024,,,104655,Anh Tran,einzel,374
2023/2024,,,104761,Goncalo Vieira Manies,einzel,374
2023/2024,,,242963,Marco Warlies,einzel,374
2023/2024,,,350685,Frank-Bernd Wieczorek,einzel,374
2023/2024,,,249310,Nic Woywodt,einzel,374
2023/2024,,,368093,Andreas Zillmann,einzel,374
2023/2024,,,100025,Erol Ag,einzel,375
2023/2024,,,368035,Gürhan Ag,einzel,375
2023/2024,,,100092,Charalampos Antonogiorgakis,einzel,375
2023/2024,,,248690,Ralf Bachert,einzel,375
2023/2024,,,368402,Cuong Dao-Ngoc,einzel,375
2023/2024,,,100791,Giuseppe Dellaquercia,einzel,375
2023/2024,,,100852,Heiko Difflipp,einzel,375
2023/2024,,,101528,Gerhard Gryschka,einzel,375
2023/2024,,,242971,Selim Güzel,einzel,375
2023/2024,,,101574,Michael Haag,einzel,375
2023/2024,,,101587,Rainer Habelt,einzel,375
2023/2024,,,350315,Ralf Hohlfeld,einzel,375
2023/2024,,,101945,Thomas Höger,einzel,375
2023/2024,,,242976,Anastasios Kagelidis,einzel,375
2023/2024,,,102278,Andreas Keilmann,einzel,375
2023/2024,,,350393,Oliver Kielwein,einzel,375
2023/2024,,,352494,Jürgen Klatt,einzel,375
2023/2024,,,250188,Thorsten Kupske,einzel,375
2023/2024,,,121877,Peter Link,einzel,375
2023/2024,,,354685,Joachim Luft,einzel,375
2023/2024,,,102918,Holger Maier,einzel,375
2023/2024,,,242957,Ingo Mann,einzel,375
2023/2024,,,368364,Oliver Marx,einzel,375
2023/2024,,,103200,Andreas Müller,einzel,375
2023/2024,,,103289,Ingo Nassall,einzel,375
2023/2024,,,103552,Claudio Pontuti,einzel,375
2023/2024,,,355443,Michael Reich,einzel,375
2023/2024,,,103690,Andreas Reisinger,einzel,375
2023/2024,,,367959,Kurt Saller,einzel,375
2023/2024,,,368522,Jens Schrader,einzel,375
2023/2024,,,351950,Olaf Schwarz,einzel,375
2023/2024,,,367983,Taner Susuz,einzel,375
2023/2024,,,253141,Timur Susuz,einzel,375
2023/2024,,,368224,Hakan Söyler,einzel,375
2023/2024,,,368012,Birger Tesnau,einzel,375
2023/2024,,,104742,Luis Varon Marques,einzel,375
2023/2024,,,240510,Sven Wezstein,einzel,375
2023/2024,,,368577,Otto Stefan Witt,einzel,375
2023/2024,,,240155,Andreas Wittmeier,einzel,375
2023/2024,,,105234,Daniel Zmalec,einzel,375
2023/2024,,,368358,Cüneyt Öner,einzel,375
2023/2024,,,100670,Efendi Cekerek,einzel,377
2023/2024,,,245275,Richard Cornely,einzel,377
2023/2024,,,353643,Ernst Fabian,einzel,377
2023/2024,,,101114,Gordon Fenske,einzel,377
2023/2024,,,353633,Jürgen Götting,einzel,377
2023/2024,,,102069,Lutz Iserhardt,einzel,377
2023/2024,,,102294,Ralf Kempermann,einzel,377
2023/2024,,,239638,Michael Killian,einzel,377
2023/2024,,,356371,Jonny Knapp,einzel,377
2023/2024,,,368490,Alexander Kocher,einzel,377
2023/2024,,,102870,Willi Ludwig,einzel,377
2023/2024,,,103209,Dirk Müller,einzel,377
2023/2024,,,368553,Christian Oetken,einzel,377
2023/2024,,,103593,Ralf Rabold,einzel,377
2023/2024,,,103858,Dieter Ruck,einzel,377
2023/2024,,,368475,Michael Schneider,einzel,377
2023/2024,,,251824,Senol Sengün,einzel,377
2023/2024,,,104376,Darius Skowronek,einzel,377
2023/2024,,,368258,Jürgen Steinmann,einzel,377
2023/2024,,,247575,Andreas Stüber,einzel,377
2023/2024,,,356203,Ali Tinoush,einzel,377
2023/2024,,,367987,Mike Walter,einzel,377
2023/2024,,,240228,Florian Walther,einzel,377
2023/2024,,,221366,Henning Wilkner,einzel,377
2023/2024,,,111963,Bernd Woitanowski,einzel,377
2023/2024,,,105103,Dieter Wolk,einzel,377
2023/2024,,,367988,Markus Wörner,einzel,377
2023/2024,,,105217,Karl-Heinz Zimmermann,einzel,377
2023/2024,,,245692,Harun Ahmadi,einzel,376
2023/2024,,,368484,Jasim Ammar Jasim Al-Khazraji,einzel,376
2023/2024,,,368482,Maximilian Arnt,einzel,376
2023/2024,,,250901,Emrah Atak,einzel,376
2023/2024,,,368540,Haydar Chehade,einzel,376
2023/2024,,,101538,Bülent Güler,einzel,376
2023/2024,,,247504,Riccardo Heinen,einzel,376
2023/2024,,,102607,Hermann Krieger,einzel,376
2023/2024,,,102502,Viktor König,einzel,376
2023/2024,,,355299,Bernd Mahnke,einzel,376
2023/2024,,,247176,Eric Mattern,einzel,376
2023/2024,,,368485,Nick Neubacher,einzel,376
2023/2024,,,368474,Dieter Neumann,einzel,376
2023/2024,,,103573,Marc Proissl,einzel,376
2023/2024,,,366458,Besim Rama,einzel,376
2023/2024,,,355715,Ronald Rogge,einzel,376
2023/2024,,,244727,Fabian Snijder,einzel,376
2023/2024,,,104507,Florian Stojanoski,einzel,376
2023/2024,,,366459,Alexandru Szabo,einzel,376
2023/2024,,,368118,Stefan Süß,einzel,376
2023/2024,,,368194,Maxime Tereba,einzel,376
2023/2024,,,368202,Angelo Truisi,einzel,376
2023/2024,,,368188,Bastian Valinski,einzel,376
2023/2024,,,104752,Zehrudin Vereget,einzel,376
2023/2024,,,104766,Carmelo Visconti,einzel,376
2023/2024,,,368207,Calvin Waldecker,einzel,376
2023/2024,,,104902,Sonny Weber,einzel,376
2023/2024,,,252010,Long Werner,einzel,376
2023/2024,,,351842,René Wieczorek,einzel,376
2023/2024,,,248185,Peter Baur,einzel,379
2023/2024,,,100716,Simon Conrad,einzel,379
2023/2024,,,248622,Frank Diedrich,einzel,379
2023/2024,,,100825,Michael Diedrich,einzel,379
2023/2024,,,228902,Carlo Hartmann,einzel,379
2023/2024,,,242902,Daniel Kimmig,einzel,379
2023/2024,,,123146,Markus Rütten,einzel,379
2023/2024,,,103930,Eberhard Sauter,einzel,379
2023/2024,,,104101,Peter Schmidt,einzel,379
2023/2024,,,249145,Drazen Smolcic,einzel,379
2023/2024,,,355824,Tobias Abt,einzel,380
2023/2024,,,250221,Marco Bunke,einzel,380
2023/2024,,,366767,Miodrag Adrian Caravila,einzel,380
2023/2024,,,368381,Pavlos Dadakos,einzel,380
2023/2024,,,100982,Andreas Einsiedler,einzel,380
2023/2024,,,368182,Besirat Fekadu,einzel,380
2023/2024,,,356369,Alexander Fischer,einzel,380
2023/2024,,,248769,Marius-Daniel Grigore-Martini,einzel,380
2023/2024,,,242787,Rainer Hermann,einzel,380
2023/2024,,,368142,Philip Kammnick,einzel,380
2023/2024,,,103011,Markus Mauch,einzel,380
2023/2024,,,367928,Tom Mischner,einzel,380
2023/2024,,,351258,Donald Oreskovic,einzel,380
2023/2024,,,368241,Victor Rodriguez,einzel,380
2023/2024,,,368006,Hans-Henning Schmid,einzel,380
2023/2024,,,367912,Nikolaos Seristatidis,einzel,380
2023/2024,,,228696,Gerald Ströbele,einzel,380
2023/2024,,,104671,Marcus Trumpp,einzel,380
2023/2024,,,368431,Norman Wagner,einzel,380
2023/2024,,,105051,Georg Winter,einzel,380
2023/2024,,,249124,Joshua Armbruster,einzel,378
2023/2024,,,242708,Mike Dörfler,einzel,378
2023/2024,,,368502,Daniel Fahrner,einzel,378
2023/2024,,,101192,Ronny Frank,einzel,378
2023/2024,,,247955,David Galwas,einzel,378
2023/2024,,,242710,Christian Joos,einzel,378
2023/2024,,,367917,Sijon Joos,einzel,378
2023/2024,,,102153,Benjamin Jung,einzel,378
2023/2024,,,102719,Uwe Lang,einzel,378
2023/2024,,,368257,Ihor Lialin,einzel,378
2023/2024,,,353889,Bruno Miletic,einzel,378
2023/2024,,,103314,Jonathan Nestler,einzel,378
2023/2024,,,252214,Pascal Sanna,einzel,378
2023/2024,,,368579,Sebastian Scherbinin,einzel,378
2023/2024,,,368044,Jörg Wolf,einzel,378
2023/2024,,,100641,Pietro Calo,einzel,381
2023/2024,,,368058,Holger Domdey,einzel,381
2023/2024,,,100918,Thomas Drey,einzel,381
2023/2024,,,101317,Frank Gebert,einzel,381
2023/2024,,,355161,Klaus Hirthe,einzel,381
2023/2024,,,102424,Andreas Knauf,einzel,381
2023/2024,,,368524,Kurt Ljokaj,einzel,381
2023/2024,,,103714,Harald Reutter,einzel,381
2023/2024,,,104085,Werner Schmidberger,einzel,381
2023/2024,,,104206,Anton Schubert,einzel,381
2023/2024,,,104257,Jörg Schwager,einzel,381
2023/2024,,,104407,Eugen Spähn,einzel,381
2023/2024,,,104635,Raphael Titzmann,einzel,381
2023/2024,,,163715,Marc Wagner,einzel,381
2023/2024,,,367990,Raimund Wanner,einzel,381
2023/2024,,,228713,Erich Wohllaib,einzel,381
2023/2024,,,100092,Charalampos Antonogiorgakis,einzel,383
2023/2024,,,368402,Cuong Dao-Ngoc,einzel,383
2023/2024,,,100852,Heiko Difflipp,einzel,383
2023/2024,,,368211,Gerd Friedl,einzel,383
2023/2024,,,101265,Michael Füess,einzel,383
2023/2024,,,101528,Gerhard Gryschka,einzel,383
2023/2024,,,144449,Ciro Guerra,einzel,383
2023/2024,,,242971,Selim Güzel,einzel,383
2023/2024,,,101574,Michael Haag,einzel,383
2023/2024,,,101587,Rainer Habelt,einzel,383
2023/2024,,,350315,Ralf Hohlfeld,einzel,383
2023/2024,,,101952,Thorsten Holatka,einzel,383
2023/2024,,,101945,Thomas Höger,einzel,383
2023/2024,,,242976,Anastasios Kagelidis,einzel,383
2023/2024,,,350393,Oliver Kielwein,einzel,383
2023/2024,,,352494,Jürgen Klatt,einzel,383
2023/2024,,,250188,Thorsten Kupske,einzel,383
2023/2024,,,102744,Jörg Laupitz,einzel,383
2023/2024,,,102918,Holger Maier,einzel,383
2023/2024,,,242747,Thomas Mooshammer,einzel,383
2023/2024,,,368179,Thorsten Möhle,einzel,383
2023/2024,,,103552,Claudio Pontuti,einzel,383
2023/2024,,,103598,Andreas Rago,einzel,383
2023/2024,,,355443,Michael Reich,einzel,383
2023/2024,,,367959,Kurt Saller,einzel,383
2023/2024,,,351950,Olaf Schwarz,einzel,383
2023/2024,,,104363,Mark Simon,einzel,383
2023/2024,,,368224,Hakan Söyler,einzel,383
2023/2024,,,104742,Luis Varon Marques,einzel,383
2023/2024,,,240510,Sven Wezstein,einzel,383
2023/2024,,,368577,Otto Stefan Witt,einzel,383
2023/2024,,,105234,Daniel Zmalec,einzel,383
2023/2024,,,245692,Harun Ahmadi,einzel,384
2023/2024,,,368484,Jasim Ammar Jasim Al-Khazraji,einzel,384
2023/2024,,,368482,Maximilian Arnt,einzel,384
2023/2024,,,250901,Emrah Atak,einzel,384
2023/2024,,,251376,Ferhat Cayli,einzel,384
2023/2024,,,368540,Haydar Chehade,einzel,384
2023/2024,,,351633,Jochen Fiedler,einzel,384
2023/2024,,,101749,Jens Heim,einzel,384
2023/2024,,,247504,Riccardo Heinen,einzel,384
2023/2024,,,240171,Steffen Hoffmann,einzel,384
2023/2024,,,351635,Robert Klinec,einzel,384
2023/2024,,,102607,Hermann Krieger,einzel,384
2023/2024,,,355299,Bernd Mahnke,einzel,384
2023/2024,,,247176,Eric Mattern,einzel,384
2023/2024,,,103105,Michael Metzger,einzel,384
2023/2024,,,368080,Christian Münch,einzel,384
2023/2024,,,368474,Dieter Neumann,einzel,384
2023/2024,,,366458,Besim Rama,einzel,384
2023/2024,,,103635,Hendrik Reckers,einzel,384
2023/2024,,,355715,Ronald Rogge,einzel,384
2023/2024,,,368235,Jens Sommer,einzel,384
2023/2024,,,368557,Christian Süß,einzel,384
2023/2024,,,368118,Stefan Süß,einzel,384
2023/2024,,,368194,Maxime Tereba,einzel,384
2023/2024,,,368202,Angelo Truisi,einzel,384
2023/2024,,,104752,Zehrudin Vereget,einzel,384
2023/2024,,,368207,Calvin Waldecker,einzel,384
2023/2024,,,104902,Sonny Weber,einzel,384
2023/2024,,,252010,Long Werner,einzel,384
2023/2024,,,351842,René Wieczorek,einzel,384
2023/2024,,,105043,Dirk Windecker,einzel,384
2023/2024,,,100463,Stephan Boschert,einzel,385
2023/2024,,,100670,Efendi Cekerek,einzel,385
2023/2024,,,353643,Ernst Fabian,einzel,385
2023/2024,,,101114,Gordon Fenske,einzel,385
2023/2024,,,101304,Ralf Ganz,einzel,385
2023/2024,,,101550,Christoph Günthner,einzel,385
2023/2024,,,101758,Martin Heinrich,einzel,385
2023/2024,,,101803,Michael Heneka,einzel,385
2023/2024,,,101994,Gerd Hörrmann,einzel,385
2023/2024,,,102069,Lutz Iserhardt,einzel,385
2023/2024,,,102294,Ralf Kempermann,einzel,385
2023/2024,,,239638,Michael Killian,einzel,385
2023/2024,,,102396,Daniel Kleine,einzel,385
2023/2024,,,356371,Jonny Knapp,einzel,385
2023/2024,,,368490,Alexander Kocher,einzel,385
2023/2024,,,102870,Willi Ludwig,einzel,385
2023/2024,,,367119,Thomas Munz,einzel,385
2023/2024,,,368553,Christian Oetken,einzel,385
2023/2024,,,103858,Dieter Ruck,einzel,385
2023/2024,,,250306,Luigi Sarullo,einzel,385
2023/2024,,,368475,Michael Schneider,einzel,385
2023/2024,,,242731,Dirk Schäfauer,einzel,385
2023/2024,,,251824,Senol Sengün,einzel,385
2023/2024,,,104376,Darius Skowronek,einzel,385
2023/2024,,,247505,Thomas Sommer,einzel,385
2023/2024,,,356203,Ali Tinoush,einzel,385
2023/2024,,,104844,Rolf Waible,einzel,385
2023/2024,,,367987,Mike Walter,einzel,385
2023/2024,,,221366,Henning Wilkner,einzel,385
2023/2024,,,111963,Bernd Woitanowski,einzel,385
2023/2024,,,105103,Dieter Wolk,einzel,385
2023/2024,,,367988,Markus Wörner,einzel,385
2023/2024,,,252039,Dany Baron,einzel,382
2023/2024,,,368236,Joshua Bartsch,einzel,382
2023/2024,,,355875,Mohammed Ali Bemah,einzel,382
2023/2024,,,353993,Gerold Birmili,einzel,382
2023/2024,,,100421,Robert Bogdan,einzel,382
2023/2024,,,368518,Jannik Buchstab,einzel,382
2023/2024,,,351923,Maxim Buchstab,einzel,382
2023/2024,,,100616,Zeljko Burmazovic,einzel,382
2023/2024,,,368413,Felix Böck,einzel,382
2023/2024,,,368321,Daniel Christoph,einzel,382
2023/2024,,,242926,Nils Dannhauer,einzel,382
2023/2024,,,100773,Fiorenzo De Nuzzo,einzel,382
2023/2024,,,368575,Daniel Doulgeris,einzel,382
2023/2024,,,100972,Benjamin Eiberger,einzel,382
2023/2024,,,368496,Edis Eminovic,einzel,382
2023/2024,,,368292,Matthias Grgic,einzel,382
2023/2024,,,101654,Thomas Handler,einzel,382
2023/2024,,,228904,Tobias Hirt,einzel,382
2023/2024,,,353408,Christopher Hopp,einzel,382
2023/2024,,,102013,Marco Huber,einzel,382
2023/2024,,,368283,Andreas Höhn,einzel,382
2023/2024,,,253091,Sven Kaupp,einzel,382
2023/2024,,,102549,Sergej Kovalev,einzel,382
2023/2024,,,368147,Andre Kroschwald,einzel,382
2023/2024,,,102694,Daniel La Cognata,einzel,382
2023/2024,,,368324,Angelo Lázaro Colucci,einzel,382
2023/2024,,,368215,Christos Minokoglou,einzel,382
2023/2024,,,246024,Denis Mnich,einzel,382
2023/2024,,,250878,Patrick Mungiuri,einzel,382
2023/2024,,,368353,Jens Murat,einzel,382
2023/2024,,,367976,Antonio Pejic,einzel,382
2023/2024,,,368051,Edin Porcic,einzel,382
2023/2024,,,368269,Asim Ramakic,einzel,382
2023/2024,,,103686,Michael Reiser,einzel,382
2023/2024,,,354814,Benjamin Ropertz,einzel,382
2023/2024,,,368498,Roberto Savcic,einzel,382
2023/2024,,,368289,Kevin Schieber,einzel,382
2023/2024,,,368047,Marvin Schiele,einzel,382
2023/2024,,,104396,Eric Sorg,einzel,382
2023/2024,,,368041,Alexander Srp,einzel,382
2023/2024,,,366248,Matthias Stolz,einzel,382
2023/2024,,,350651,Marvin Szymiczek,einzel,382
2023/2024,,,104761,Goncalo Vieira Manies,einzel,382
2023/2024,,,242963,Marco Warlies,einzel,382
2023/2024,,,350685,Frank-Bernd Wieczorek,einzel,382
2023/2024,,,105109,Gary Wong,einzel,382
2023/2024,,,249310,Nic Woywodt,einzel,382
2023/2024,,,368216,Aydin Yaray,einzel,382
2023/2024,,,100124,Ottmar Auzinger,einzel,387
2023/2024,,,228532,Osman Büyük,einzel,387
2023/2024,,,100918,Thomas Drey,einzel,387
2023/2024,,,367948,Flaviano Gabriele,einzel,387
2023/2024,,,101317,Frank Gebert,einzel,387
2023/2024,,,101426,Boris Golic,einzel,387
2023/2024,,,355161,Klaus Hirthe,einzel,387
2023/2024,,,102424,Andreas Knauf,einzel,387
2023/2024,,,368341,Dieter Krause,einzel,387
2023/2024,,,104085,Werner Schmidberger,einzel,387
2023/2024,,,104206,Anton Schubert,einzel,387
2023/2024,,,104257,Jörg Schwager,einzel,387
2023/2024,,,104610,Erwin Thoma,einzel,387
2023/2024,,,104635,Raphael Titzmann,einzel,387
2023/2024,,,367990,Raimund Wanner,einzel,387
2023/2024,,,228713,Erich Wohllaib,einzel,387
2023/2024,,,355824,Tobias Abt,einzel,386
2023/2024,,,250221,Marco Bunke,einzel,386
2023/2024,,,366767,Miodrag Adrian Caravila,einzel,386
2023/2024,,,368381,Pavlos Dadakos,einzel,386
2023/2024,,,100889,Bernd Dorenburg,einzel,386
2023/2024,,,368182,Besirat Fekadu,einzel,386
2023/2024,,,248769,Marius-Daniel Grigore-Martini,einzel,386
2023/2024,,,242992,Mark Hast,einzel,386
2023/2024,,,242787,Rainer Hermann,einzel,386
2023/2024,,,251970,Yves Jordan,einzel,386
2023/2024,,,102186,Daniel Kalnak,einzel,386
2023/2024,,,368142,Philip Kammnick,einzel,386
2023/2024,,,102219,Thorsten Kappus,einzel,386
2023/2024,,,367934,Andreas Loderer,einzel,386
2023/2024,,,103011,Markus Mauch,einzel,386
2023/2024,,,242808,Thorsten Mohr,einzel,386
2023/2024,,,252858,Orhan Parama,einzel,386
2023/2024,,,368241,Victor Rodriguez,einzel,386
2023/2024,,,367937,Daniel Schmid,einzel,386
2023/2024,,,242796,Frank Schwenk,einzel,386
2023/2024,,,367912,Nikolaos Seristatidis,einzel,386
2023/2024,,,104646,Hakan Toprak,einzel,386
2023/2024,,,368431,Norman Wagner,einzel,386
2023/2024,,,105051,Georg Winter,einzel,386
2023/2024,,,251771,Martin Wistuba,einzel,386
2023/2024,,,368562,Jeremy Eckert,einzel,388
2023/2024,,,101192,Ronny Frank,einzel,388
2023/2024,,,101476,Christian Gremmelspacher,einzel,388
2023/2024,,,101745,Rainer Heilmann,einzel,388
2023/2024,,,102719,Uwe Lang,einzel,388
2023/2024,,,368558,Alen Mulaosmanovic,einzel,388
2023/2024,,,252214,Pascal Sanna,einzel,388
2023/2024,,,368561,Mike Siege,einzel,388
2023/2024,,,368560,Manuel Wissen,einzel,388
2023/2024,,,368044,Jörg Wolf,einzel,388
2023/2024,,,252039,Dany Baron,einzel,390
2023/2024,,,355875,Mohammed Ali Bemah,einzel,390
2023/2024,,,100972,Benjamin Eiberger,einzel,390
2023/2024,,,368292,Matthias Grgic,einzel,390
2023/2024,,,101289,Thomas Gäckle,einzel,390
2023/2024,,,101654,Thomas Handler,einzel,390
2023/2024,,,101671,Markus Hardtke,einzel,390
2023/2024,,,228904,Tobias Hirt,einzel,390
2023/2024,,,353408,Christopher Hopp,einzel,390
2023/2024,,,253091,Sven Kaupp,einzel,390
2023/2024,,,368147,Andre Kroschwald,einzel,390
2023/2024,,,102645,Stefan Künzl,einzel,390
2023/2024,,,102694,Daniel La Cognata,einzel,390
2023/2024,,,250878,Patrick Mungiuri,einzel,390
2023/2024,,,368353,Jens Murat,einzel,390
2023/2024,,,354814,Benjamin Ropertz,einzel,390
2023/2024,,,368498,Roberto Savcic,einzel,390
2023/2024,,,368289,Kevin Schieber,einzel,390
2023/2024,,,368041,Alexander Srp,einzel,390
2023/2024,,,368372,Kalin-Felix Stefanov,einzel,390
2023/2024,,,350651,Marvin Szymiczek,einzel,390
2023/2024,,,104803,Frank Vorauer,einzel,390
2023/2024,,,242963,Marco Warlies,einzel,390
2023/2024,,,368093,Andreas Zillmann,einzel,390
2023/2024,,,100060,Marc Allinger,einzel,389
2023/2024,,,248185,Peter Baur,einzel,389
2023/2024,,,100716,Simon Conrad,einzel,389
2023/2024,,,248622,Frank Diedrich,einzel,389
2023/2024,,,228902,Carlo Hartmann,einzel,389
2023/2024,,,242902,Daniel Kimmig,einzel,389
2023/2024,,,102948,Rolf Mangelsdorf,einzel,389
2023/2024,,,123146,Markus Rütten,einzel,389
2023/2024,,,103930,Eberhard Sauter,einzel,389
2023/2024,,,104101,Peter Schmidt,einzel,389
2023/2024,,,249145,Drazen Smolcic,einzel,389
2023/2024,,,247957,Stefan Vater,einzel,389
2023/2024,,,104825,Frank Wagenmann,einzel,389
2023/2024,,,368208,Josip Ceko,einzel,391
2023/2024,,,368402,Cuong Dao-Ngoc,einzel,391
2023/2024,,,100852,Heiko Difflipp,einzel,391
2023/2024,,,101528,Gerhard Gryschka,einzel,391
2023/2024,,,242971,Selim Güzel,einzel,391
2023/2024,,,101574,Michael Haag,einzel,391
2023/2024,,,350315,Ralf Hohlfeld,einzel,391
2023/2024,,,101952,Thorsten Holatka,einzel,391
2023/2024,,,242976,Anastasios Kagelidis,einzel,391
2023/2024,,,352494,Jürgen Klatt,einzel,391
2023/2024,,,242747,Thomas Mooshammer,einzel,391
2023/2024,,,103552,Claudio Pontuti,einzel,391
2023/2024,,,103598,Andreas Rago,einzel,391
2023/2024,,,355443,Michael Reich,einzel,391
2023/2024,,,351950,Olaf Schwarz,einzel,391
2023/2024,,,104287,Oliver Schwertschlager,einzel,391
2023/2024,,,104363,Mark Simon,einzel,391
2023/2024,,,368012,Birger Tesnau,einzel,391
2023/2024,,,104607,Steven Thieltges,einzel,391
2023/2024,,,103444,Sercan Özdemir,einzel,391
2023/2024,,,250221,Marco Bunke,einzel,394
2023/2024,,,368381,Pavlos Dadakos,einzel,394
2023/2024,,,100889,Bernd Dorenburg,einzel,394
2023/2024,,,356369,Alexander Fischer,einzel,394
2023/2024,,,242992,Mark Hast,einzel,394
2023/2024,,,242787,Rainer Hermann,einzel,394
2023/2024,,,367934,Andreas Loderer,einzel,394
2023/2024,,,102864,Matthias Ludersdorfer,einzel,394
2023/2024,,,368297,Karsten Mieskes,einzel,394
2023/2024,,,368241,Victor Rodriguez,einzel,394
2023/2024,,,103820,Christian Rossa,einzel,394
2023/2024,,,242796,Frank Schwenk,einzel,394
2023/2024,,,367912,Nikolaos Seristatidis,einzel,394
2023/2024,,,368015,Stefan Sock,einzel,394
2023/2024,,,104646,Hakan Toprak,einzel,394
2023/2024,,,104671,Marcus Trumpp,einzel,394
2023/2024,,,368431,Norman Wagner,einzel,394
2023/2024,,,368484,Jasim Ammar Jasim Al-Khazraji,einzel,392
2023/2024,,,248593,Sebastian Albrecht,einzel,392
2023/2024,,,351633,Jochen Fiedler,einzel,392
2023/2024,,,101538,Bülent Güler,einzel,392
2023/2024,,,247504,Riccardo Heinen,einzel,392
2023/2024,,,102607,Hermann Krieger,einzel,392
2023/2024,,,368456,Janis Lenz,einzel,392
2023/2024,,,368457,Niklas Materia,einzel,392
2023/2024,,,247176,Eric Mattern,einzel,392
2023/2024,,,103072,Florian Menzel,einzel,392
2023/2024,,,103105,Michael Metzger,einzel,392
2023/2024,,,368080,Christian Münch,einzel,392
2023/2024,,,368485,Nick Neubacher,einzel,392
2023/2024,,,368474,Dieter Neumann,einzel,392
2023/2024,,,239641,Sascha Pick,einzel,392
2023/2024,,,355715,Ronald Rogge,einzel,392
2023/2024,,,104507,Florian Stojanoski,einzel,392
2023/2024,,,368194,Maxime Tereba,einzel,392
2023/2024,,,368188,Bastian Valinski,einzel,392
2023/2024,,,368207,Calvin Waldecker,einzel,392
2023/2024,,,104902,Sonny Weber,einzel,392
2023/2024,,,351842,René Wieczorek,einzel,392
2023/2024,,,105043,Dirk Windecker,einzel,392
2023/2024,,,100463,Stephan Boschert,einzel,393
2023/2024,,,100670,Efendi Cekerek,einzel,393
2023/2024,,,101114,Gordon Fenske,einzel,393
2023/2024,,,102069,Lutz Iserhardt,einzel,393
2023/2024,,,102294,Ralf Kempermann,einzel,393
2023/2024,,,239638,Michael Killian,einzel,393
2023/2024,,,356371,Jonny Knapp,einzel,393
2023/2024,,,102663,Andreas Kullmann,einzel,393
2023/2024,,,102870,Willi Ludwig,einzel,393
2023/2024,,,368399,Peter Mielke,einzel,393
2023/2024,,,368553,Christian Oetken,einzel,393
2023/2024,,,103837,Michael Roth,einzel,393
2023/2024,,,103858,Dieter Ruck,einzel,393
2023/2024,,,250306,Luigi Sarullo,einzel,393
2023/2024,,,242731,Dirk Schäfauer,einzel,393
2023/2024,,,251824,Senol Sengün,einzel,393
2023/2024,,,104376,Darius Skowronek,einzel,393
2023/2024,,,244836,Michael Strenski,einzel,393
2023/2024,,,104756,Andreas Vetter,einzel,393
2023/2024,,,104820,Tom Wacker,einzel,393
2023/2024,,,240228,Florian Walther,einzel,393
2023/2024,,,221366,Henning Wilkner,einzel,393
2023/2024,,,111963,Bernd Woitanowski,einzel,393
2023/2024,,,368079,Christian Würthwein,einzel,393
2023/2024,,,105217,Karl-Heinz Zimmermann,einzel,393
2023/2024,,,249124,Joshua Armbruster,einzel,396
2023/2024,,,355791,Fabian Durst,einzel,396
2023/2024,,,368562,Jeremy Eckert,einzel,396
2023/2024,,,101192,Ronny Frank,einzel,396
2023/2024,,,101476,Christian Gremmelspacher,einzel,396
2023/2024,,,101485,Ralf Grießhaber,einzel,396
2023/2024,,,242710,Christian Joos,einzel,396
2023/2024,,,368563,Joachim Koepke,einzel,396
2023/2024,,,102719,Uwe Lang,einzel,396
2023/2024,,,368558,Alen Mulaosmanovic,einzel,396
2023/2024,,,252214,Pascal Sanna,einzel,396
2023/2024,,,368561,Mike Siege,einzel,396
2023/2024,,,368127,Stefan Weiß,einzel,396
2023/2024,,,368560,Manuel Wissen,einzel,396
2023/2024,,,355793,Klaus Woehrlin,einzel,396
2023/2024,,,368044,Jörg Wolf,einzel,396
2023/2024,,,101265,Michael Füess,einzel,399
2023/2024,,,101724,Robin Heber,einzel,399
2023/2024,,,101952,Thorsten Holatka,einzel,399
2023/2024,,,102278,Andreas Keilmann,einzel,399
2023/2024,,,350393,Oliver Kielwein,einzel,399
2023/2024,,,102918,Holger Maier,einzel,399
2023/2024,,,103200,Andreas Müller,einzel,399
2023/2024,,,103289,Ingo Nassall,einzel,399
2023/2024,,,104685,Machmut Turan,einzel,399
2023/2024,,,252039,Dany Baron,einzel,398
2023/2024,,,100638,Adrian Cabanillas Lora,einzel,398
2023/2024,,,100972,Benjamin Eiberger,einzel,398
2023/2024,,,101671,Markus Hardtke,einzel,398
2023/2024,,,101672,Matthias Hardtke,einzel,398
2023/2024,,,248741,Oliver Hauke,einzel,398
2023/2024,,,103634,Stephan Rech-Linker,einzel,398
2023/2024,,,368372,Kalin-Felix Stefanov,einzel,398
2023/2024,,,104761,Goncalo Vieira Manies,einzel,398
2023/2024,,,242963,Marco Warlies,einzel,398
2023/2024,,,251376,Ferhat Cayli,einzel,401
2023/2024,,,101585,Alexander Haass,einzel,401
2023/2024,,,247176,Eric Mattern,einzel,401
2023/2024,,,103072,Florian Menzel,einzel,401
2023/2024,,,368485,Nick Neubacher,einzel,401
2023/2024,,,368474,Dieter Neumann,einzel,401
2023/2024,,,104507,Florian Stojanoski,einzel,401
2023/2024,,,104752,Zehrudin Vereget,einzel,401
2023/2024,,,368207,Calvin Waldecker,einzel,401
2023/2024,,,252010,Long Werner,einzel,401
2023/2024,,,349790,Wadea Al Mahamid,einzel,402
2023/2024,,,242787,Rainer Hermann,einzel,402
2023/2024,,,367934,Andreas Loderer,einzel,402
2023/2024,,,242808,Thorsten Mohr,einzel,402
2023/2024,,,368015,Stefan Sock,einzel,402
2023/2024,,,228696,Gerald Ströbele,einzel,402
2023/2024,,,104646,Hakan Toprak,einzel,402
2023/2024,,,105051,Georg Winter,einzel,402
2023/2024,,,101994,Gerd Hörrmann,einzel,400
2023/2024,,,102294,Ralf Kempermann,einzel,400
2023/2024,,,102663,Andreas Kullmann,einzel,400
2023/2024,,,250306,Luigi Sarullo,einzel,400
2023/2024,,,368475,Michael Schneider,einzel,400
2023/2024,,,247505,Thomas Sommer,einzel,400
2023/2024,,,104844,Rolf Waible,einzel,400
2023/2024,,,367988,Markus Wörner,einzel,400
2023/2024,,,105217,Karl-Heinz Zimmermann,einzel,400
2023/2024,,,100945,Stefan Duttlinger,einzel,403
2023/2024,,,101192,Ronny Frank,einzel,403
2023/2024,,,101485,Ralf Grießhaber,einzel,403
2023/2024,,,101745,Rainer Heilmann,einzel,403
2023/2024,,,242710,Christian Joos,einzel,403
2023/2024,,,367917,Sijon Joos,einzel,403
2023/2024,,,102164,Norbert Kabas,einzel,403
2023/2024,,,102719,Uwe Lang,einzel,403
2023/2024,,,353889,Bruno Miletic,einzel,403
2023/2024,,,368493,Jürgen Porzelt,einzel,403
2023/2024,,,368044,Jörg Wolf,einzel,403
2023/2024,,,100825,Michael Diedrich,einzel,405
2023/2024,,,368226,Ali El Ajouz,einzel,405
2023/2024,,,242902,Daniel Kimmig,einzel,405
2023/2024,,,102948,Rolf Mangelsdorf,einzel,405
2023/2024,,,103183,Berthold Moser,einzel,405
2023/2024,,,123146,Markus Rütten,einzel,405
2023/2024,,,103930,Eberhard Sauter,einzel,405
2023/2024,,,104101,Peter Schmidt,einzel,405
2023/2024,,,249145,Drazen Smolcic,einzel,405
2023/2024,,,368423,Stefanie Brakopp,einzel,406
2023/2024,,,244943,Peggy Eisele,einzel,406
2023/2024,,,102935,Daniela Majer,einzel,406
2023/2024,,,368148,Angelika Müller,einzel,406
2023/2024,,,240316,Louise Wong,einzel,406
2023/2024,,,100039,Erdal Akinci,einzel,404
2023/2024,,,100124,Ottmar Auzinger,einzel,404
2023/2024,,,101500,Steffen Gross,einzel,404
2023/2024,,,368022,Antonio Nuzziello,einzel,404
2023/2024,,,103714,Harald Reutter,einzel,404
2023/2024,,,104206,Anton Schubert,einzel,404
2023/2024,,,104257,Jörg Schwager,einzel,404
2023/2024,,,104407,Eugen Spähn,einzel,404
2023/2024,,,104610,Erwin Thoma,einzel,404
2023/2024,,,104635,Raphael Titzmann,einzel,404
2023/2024,,,252039,Dany Baron,einzel,407
2023/2024,,,100638,Adrian Cabanillas Lora,einzel,407
2023/2024,,,100773,Fiorenzo De Nuzzo,einzel,407
2023/2024,,,101671,Markus Hardtke,einzel,407
2023/2024,,,250878,Patrick Mungiuri,einzel,407
2023/2024,,,104339,Marco Seybold,einzel,407
2023/2024,,,104541,Alexander Striker,einzel,407
2023/2024,,,104761,Goncalo Vieira Manies,einzel,407
2023/2024,,,242963,Marco Warlies,einzel,407
2023/2024,,,368540,Haydar Chehade,einzel,409
2023/2024,,,101749,Jens Heim,einzel,409
2023/2024,,,102502,Viktor König,einzel,409
2023/2024,,,221926,Valentin Marten,einzel,409
2023/2024,,,247176,Eric Mattern,einzel,409
2023/2024,,,368485,Nick Neubacher,einzel,409
2023/2024,,,368474,Dieter Neumann,einzel,409
2023/2024,,,103635,Hendrik Reckers,einzel,409
2023/2024,,,104507,Florian Stojanoski,einzel,409
2023/2024,,,368207,Calvin Waldecker,einzel,409
2023/2024,,,100825,Michael Diedrich,einzel,411
2023/2024,,,228902,Carlo Hartmann,einzel,411
2023/2024,,,242902,Daniel Kimmig,einzel,411
2023/2024,,,102948,Rolf Mangelsdorf,einzel,411
2023/2024,,,103183,Berthold Moser,einzel,411
2023/2024,,,123146,Markus Rütten,einzel,411
2023/2024,,,103930,Eberhard Sauter,einzel,411
2023/2024,,,104254,Martin Schwab,einzel,411
2023/2024,,,249145,Drazen Smolcic,einzel,411
2023/2024,,,249124,Joshua Armbruster,einzel,412
2023/2024,,,247955,David Galwas,einzel,412
2023/2024,,,101745,Rainer Heilmann,einzel,412
2023/2024,,,242710,Christian Joos,einzel,412
2023/2024,,,367917,Sijon Joos,einzel,412
2023/2024,,,353889,Bruno Miletic,einzel,412
2023/2024,,,103314,Jonathan Nestler,einzel,412
2023/2024,,,252214,Pascal Sanna,einzel,412
2023/2024,,,368579,Sebastian Scherbinin,einzel,412
2023/2024,,,368127,Stefan Weiß,einzel,412
2023/2024,,,366767,Miodrag Adrian Caravila,einzel,414
2023/2024,,,368381,Pavlos Dadakos,einzel,414
2023/2024,,,248769,Marius-Daniel Grigore-Martini,einzel,414
2023/2024,,,242787,Rainer Hermann,einzel,414
2023/2024,,,367934,Andreas Loderer,einzel,414
2023/2024,,,242808,Thorsten Mohr,einzel,414
2023/2024,,,368015,Stefan Sock,einzel,414
2023/2024,,,105051,Georg Winter,einzel,414
2023/2024,,,355803,Randee Ramzi Yalda,einzel,414
2023/2024,,,368423,Stefanie Brakopp,einzel,416
2023/2024,,,244943,Peggy Eisele,einzel,416
2023/2024,,,102935,Daniela Majer,einzel,416
2023/2024,,,368148,Angelika Müller,einzel,416
2023/2024,,,367986,Vanja Nikolic,einzel,416
2023/2024,,,101724,Robin Heber,einzel,420
2023/2024,,,368146,Saeid Heydarpour,einzel,420
2023/2024,,,350393,Oliver Kielwein,einzel,420
2023/2024,,,102918,Holger Maier,einzel,420
2023/2024,,,103075,Daniel Merbitz,einzel,420
2023/2024,,,103289,Ingo Nassall,einzel,420
2023/2024,,,368012,Birger Tesnau,einzel,420
2023/2024,,,240155,Andreas Wittmeier,einzel,420
2023/2024,,,100638,Adrian Cabanillas Lora,einzel,419
2023/2024,,,101671,Markus Hardtke,einzel,419
2023/2024,,,250878,Patrick Mungiuri,einzel,419
2023/2024,,,368051,Edin Porcic,einzel,419
2023/2024,,,368269,Asim Ramakic,einzel,419
2023/2024,,,368041,Alexander Srp,einzel,419
2023/2024,,,104541,Alexander Striker,einzel,419
2023/2024,,,104761,Goncalo Vieira Manies,einzel,419
2023/2024,,,242963,Marco Warlies,einzel,419
2023/2024,,,353387,Daniela Behrend,einzel,417
2023/2024,,,100481,Silke Brand,einzel,417
2023/2024,,,354558,Angelika Kaune,einzel,417
2023/2024,,,239637,Irina Killian,einzel,417
2023/2024,,,252901,Evi Leder,einzel,417
2023/2024,,,104309,Carmen Leiser,einzel,417
2023/2024,,,355165,Katrin Quaschinsky,einzel,417
2023/2024,,,355164,Saskia Schirmer,einzel,417
2023/2024,,,353038,Brigitte Uhrig,einzel,417
2023/2024,,,368293,Andrea Zenner,einzel,417
2023/2024,,,100670,Efendi Cekerek,einzel,422
2023/2024,,,102294,Ralf Kempermann,einzel,422
2023/2024,,,102870,Willi Ludwig,einzel,422
2023/2024,,,103837,Michael Roth,einzel,422
2023/2024,,,250306,Luigi Sarullo,einzel,422
2023/2024,,,368475,Michael Schneider,einzel,422
2023/2024,,,104376,Darius Skowronek,einzel,422
2023/2024,,,247505,Thomas Sommer,einzel,422
2023/2024,,,221366,Henning Wilkner,einzel,422
2023/2024,,,111963,Bernd Woitanowski,einzel,422
2023/2024,,,105217,Karl-Heinz Zimmermann,einzel,422
2023/2024,,,368540,Haydar Chehade,einzel,421
2023/2024,,,101749,Jens Heim,einzel,421
2023/2024,,,247176,Eric Mattern,einzel,421
2023/2024,,,368474,Dieter Neumann,einzel,421
2023/2024,,,103635,Hendrik Reckers,einzel,421
2023/2024,,,355715,Ronald Rogge,einzel,421
2023/2024,,,244727,Fabian Snijder,einzel,421
2023/2024,,,104507,Florian Stojanoski,einzel,421
2023/2024,,,368207,Calvin Waldecker,einzel,421
2023/2024,,,100945,Stefan Duttlinger,einzel,423
2023/2024,,,101476,Christian Gremmelspacher,einzel,423
2023/2024,,,101485,Ralf Grießhaber,einzel,423
2023/2024,,,101745,Rainer Heilmann,einzel,423
2023/2024,,,242710,Christian Joos,einzel,423
2023/2024,,,353889,Bruno Miletic,einzel,423
2023/2024,,,368558,Alen Mulaosmanovic,einzel,423
2023/2024,,,368127,Stefan Weiß,einzel,423
2023/2024,,,248185,Peter Baur,einzel,424
2023/2024,,,242902,Daniel Kimmig,einzel,424
2023/2024,,,102948,Rolf Mangelsdorf,einzel,424
2023/2024,,,123146,Markus Rütten,einzel,424
2023/2024,,,103930,Eberhard Sauter,einzel,424
2023/2024,,,104101,Peter Schmidt,einzel,424
2023/2024,,,104254,Martin Schwab,einzel,424
2023/2024,,,249145,Drazen Smolcic,einzel,424
2023/2024,,,247957,Stefan Vater,einzel,424
2023/2024,,,240143,Konrad Bau,einzel,425
2023/2024,,,366767,Miodrag Adrian Caravila,einzel,425
2023/2024,,,368381,Pavlos Dadakos,einzel,425
2023/2024,,,356369,Alexander Fischer,einzel,425
2023/2024,,,242787,Rainer Hermann,einzel,425
2023/2024,,,368241,Victor Rodriguez,einzel,425
2023/2024,,,368015,Stefan Sock,einzel,425
2023/2024,,,355803,Randee Ramzi Yalda,einzel,425
2023/2024,,,368423,Stefanie Brakopp,einzel,427
2023/2024,,,244943,Peggy Eisele,einzel,427
2023/2024,,,368622,Vy Le Tuong,einzel,427
2023/2024,,,102935,Daniela Majer,einzel,427
2023/2024,,,368148,Angelika Müller,einzel,427
2023/2024,,,159294,Christina Schneider-Radunovic,einzel,427
2023/2024,,,240316,Louise Wong,einzel,427
2023/2024,,,353387,Daniela Behrend,einzel,428
2023/2024,,,100481,Silke Brand,einzel,428
2023/2024,,,354558,Angelika Kaune,einzel,428
2023/2024,,,252901,Evi Leder,einzel,428
2023/2024,,,104309,Carmen Leiser,einzel,428
2023/2024,,,355165,Katrin Quaschinsky,einzel,428
2023/2024,,,355164,Saskia Schirmer,einzel,428
2023/2024,,,239646,Susanne Schweter,einzel,428
2023/2024,,,353038,Brigitte Uhrig,einzel,428
2023/2024,,,368293,Andrea Zenner,einzel,428
2023/2024,,,100039,Erdal Akinci,einzel,426
2023/2024,,,228532,Osman Büyük,einzel,426
2023/2024,,,367948,Flaviano Gabriele,einzel,426
2023/2024,,,101317,Frank Gebert,einzel,426
2023/2024,,,101426,Boris Golic,einzel,426
2023/2024,,,101500,Steffen Gross,einzel,426
2023/2024,,,104610,Erwin Thoma,einzel,426
2023/2024,,,367990,Raimund Wanner,einzel,426
2023/2024,,,242798,Jürgen Wilke,einzel,426
2023/2024,,,351633,Jochen Fiedler,einzel,431
2023/2024,,,101538,Bülent Güler,einzel,431
2023/2024,,,101749,Jens Heim,einzel,431
2023/2024,,,247504,Riccardo Heinen,einzel,431
2023/2024,,,103072,Florian Menzel,einzel,431
2023/2024,,,368485,Nick Neubacher,einzel,431
2023/2024,,,368474,Dieter Neumann,einzel,431
2023/2024,,,104507,Florian Stojanoski,einzel,431
2023/2024,,,104902,Sonny Weber,einzel,431
2023/2024,,,101724,Robin Heber,einzel,430
2023/2024,,,103075,Daniel Merbitz,einzel,430
2023/2024,,,103289,Ingo Nassall,einzel,430
2023/2024,,,103552,Claudio Pontuti,einzel,430
2023/2024,,,103598,Andreas Rago,einzel,430
2023/2024,,,355443,Michael Reich,einzel,430
2023/2024,,,104287,Oliver Schwertschlager,einzel,430
2023/2024,,,368200,Jürgen Trost,einzel,430
2023/2024,,,104685,Machmut Turan,einzel,430
2023/2024,,,103444,Sercan Özdemir,einzel,430
2023/2024,,,100638,Adrian Cabanillas Lora,einzel,429
2023/2024,,,101289,Thomas Gäckle,einzel,429
2023/2024,,,101671,Markus Hardtke,einzel,429
2023/2024,,,102645,Stefan Künzl,einzel,429
2023/2024,,,102694,Daniel La Cognata,einzel,429
2023/2024,,,246024,Denis Mnich,einzel,429
2023/2024,,,368372,Kalin-Felix Stefanov,einzel,429
2023/2024,,,104803,Frank Vorauer,einzel,429
2023/2024,,,242963,Marco Warlies,einzel,429
2023/2024,,,249124,Joshua Armbruster,einzel,433
2023/2024,,,355791,Fabian Durst,einzel,433
2023/2024,,,100945,Stefan Duttlinger,einzel,433
2023/2024,,,101476,Christian Gremmelspacher,einzel,433
2023/2024,,,242710,Christian Joos,einzel,433
2023/2024,,,102719,Uwe Lang,einzel,433
2023/2024,,,103314,Jonathan Nestler,einzel,433
2023/2024,,,252214,Pascal Sanna,einzel,433
2023/2024,,,368127,Stefan Weiß,einzel,433
2023/2024,,,101114,Gordon Fenske,einzel,432
2023/2024,,,101994,Gerd Hörrmann,einzel,432
2023/2024,,,102294,Ralf Kempermann,einzel,432
2023/2024,,,102663,Andreas Kullmann,einzel,432
2023/2024,,,102759,Harald Leder,einzel,432
2023/2024,,,102870,Willi Ludwig,einzel,432
2023/2024,,,250306,Luigi Sarullo,einzel,432
2023/2024,,,104844,Rolf Waible,einzel,432
2023/2024,,,368381,Pavlos Dadakos,einzel,435
2023/2024,,,248769,Marius-Daniel Grigore-Martini,einzel,435
2023/2024,,,242787,Rainer Hermann,einzel,435
2023/2024,,,242808,Thorsten Mohr,einzel,435
2023/2024,,,103820,Christian Rossa,einzel,435
2023/2024,,,242796,Frank Schwenk,einzel,435
2023/2024,,,104646,Hakan Toprak,einzel,435
2023/2024,,,105051,Georg Winter,einzel,435
2023/2024,,,355803,Randee Ramzi Yalda,einzel,435
2023/2024,,,368423,Stefanie Brakopp,einzel,437
2023/2024,,,244943,Peggy Eisele,einzel,437
2023/2024,,,368622,Vy Le Tuong,einzel,437
2023/2024,,,102935,Daniela Majer,einzel,437
2023/2024,,,367986,Vanja Nikolic,einzel,437
2023/2024,,,248622,Frank Diedrich,einzel,434
2023/2024,,,100825,Michael Diedrich,einzel,434
2023/2024,,,242902,Daniel Kimmig,einzel,434
2023/2024,,,102948,Rolf Mangelsdorf,einzel,434
2023/2024,,,123146,Markus Rütten,einzel,434
2023/2024,,,103930,Eberhard Sauter,einzel,434
2023/2024,,,249145,Drazen Smolcic,einzel,434
2023/2024,,,100481,Silke Brand,einzel,438
2023/2024,,,239637,Irina Killian,einzel,438
2023/2024,,,252901,Evi Leder,einzel,438
2023/2024,,,104309,Carmen Leiser,einzel,438
2023/2024,,,239646,Susanne Schweter,einzel,438
2023/2024,,,353038,Brigitte Uhrig,einzel,438
2023/2024,,,368293,Andrea Zenner,einzel,438
2023/2024,,,100039,Erdal Akinci,einzel,436
2023/2024,,,100124,Ottmar Auzinger,einzel,436
2023/2024,,,100641,Pietro Calo,einzel,436
2023/2024,,,101658,Torsten Hanisch,einzel,436
2023/2024,,,103714,Harald Reutter,einzel,436
2023/2024,,,104206,Anton Schubert,einzel,436
2023/2024,,,100481,Silke Brand,einzel,442
2023/2024,,,100500,Petra Braun,einzel,442
2023/2024,,,350961,Sabine Hort,einzel,442
2023/2024,,,354558,Angelika Kaune,einzel,442
2023/2024,,,239637,Irina Killian,einzel,442
2023/2024,,,104309,Carmen Leiser,einzel,442
2023/2024,,,103910,Petra Sannwald,einzel,442
2023/2024,,,239646,Susanne Schweter,einzel,442
2023/2024,,,242818,Bianca Duttlinger,einzel,441
2023/2024,,,244943,Peggy Eisele,einzel,441
2023/2024,,,101856,Bianca Heneka,einzel,441
2023/2024,,,368447,Svetlana Hetjens,einzel,441
2023/2024,,,253498,Johanna Indlekofer,einzel,441
2023/2024,,,368302,Simone Künzl,einzel,441
2023/2024,,,368622,Vy Le Tuong,einzel,441
2023/2024,,,104025,Priska Leven,einzel,441
2023/2024,,,367986,Vanja Nikolic,einzel,441
2023/2024,,,159294,Christina Schneider-Radunovic,einzel,441
2023/2024,,,101737,Svenja Schwarzkopf,einzel,441
2023/2024,,,104767,Celina Visconti,einzel,441
2023/2024,,,100638,Adrian Cabanillas Lora,einzel,439
2023/2024,,,368381,Pavlos Dadakos,einzel,439
2023/2024,,,355791,Fabian Durst,einzel,439
2023/2024,,,100945,Stefan Duttlinger,einzel,439
2023/2024,,,351633,Jochen Fiedler,einzel,439
2023/2024,,,101572,Ricardo Gutjahr,einzel,439
2023/2024,,,101289,Thomas Gäckle,einzel,439
2023/2024,,,101585,Alexander Haass,einzel,439
2023/2024,,,101671,Markus Hardtke,einzel,439
2023/2024,,,101672,Matthias Hardtke,einzel,439
2023/2024,,,103072,Florian Menzel,einzel,439
2023/2024,,,246024,Denis Mnich,einzel,439
2023/2024,,,103314,Jonathan Nestler,einzel,439
2023/2024,,,368474,Dieter Neumann,einzel,439
2023/2024,,,103820,Christian Rossa,einzel,439
2023/2024,,,368372,Kalin-Felix Stefanov,einzel,439
2023/2024,,,104902,Sonny Weber,einzel,439
2023/2024,,,368127,Stefan Weiß,einzel,439
2023/2024,,,355803,Randee Ramzi Yalda,einzel,439
2023/2024,,,100039,Erdal Akinci,einzel,440
2023/2024,,,100825,Michael Diedrich,einzel,440
2023/2024,,,101658,Torsten Hanisch,einzel,440
2023/2024,,,101724,Robin Heber,einzel,440
2023/2024,,,101994,Gerd Hörrmann,einzel,440
2023/2024,,,102204,Markus Kamuf,einzel,440
2023/2024,,,102278,Andreas Keilmann,einzel,440
2023/2024,,,102294,Ralf Kempermann,einzel,440
2023/2024,,,242902,Daniel Kimmig,einzel,440
2023/2024,,,102663,Andreas Kullmann,einzel,440
2023/2024,,,102759,Harald Leder,einzel,440
2023/2024,,,102870,Willi Ludwig,einzel,440
2023/2024,,,102948,Rolf Mangelsdorf,einzel,440
2023/2024,,,103075,Daniel Merbitz,einzel,440
2023/2024,,,103289,Ingo Nassall,einzel,440
2023/2024,,,103714,Harald Reutter,einzel,440
2023/2024,,,123146,Markus Rütten,einzel,440
2023/2024,,,103930,Eberhard Sauter,einzel,440
2023/2024,,,104254,Martin Schwab,einzel,440
2023/2024,,,368200,Jürgen Trost,einzel,440
2023/2024,,,349790,Wadea Al Mahamid,einzel,444
2023/2024,,,100638,Adrian Cabanillas Lora,einzel,444
2023/2024,,,251376,Ferhat Cayli,einzel,444
2023/2024,,,100945,Stefan Duttlinger,einzel,444
2023/2024,,,101485,Ralf Grießhaber,einzel,444
2023/2024,,,101572,Ricardo Gutjahr,einzel,444
2023/2024,,,101671,Markus Hardtke,einzel,444
2023/2024,,,101672,Matthias Hardtke,einzel,444
2023/2024,,,367934,Andreas Loderer,einzel,444
2023/2024,,,247176,Eric Mattern,einzel,444
2023/2024,,,368474,Dieter Neumann,einzel,444
2023/2024,,,103635,Hendrik Reckers,einzel,444
2023/2024,,,368015,Stefan Sock,einzel,444
2023/2024,,,368372,Kalin-Felix Stefanov,einzel,444
2023/2024,,,104752,Zehrudin Vereget,einzel,444
2023/2024,,,242963,Marco Warlies,einzel,444
2023/2024,,,368127,Stefan Weiß,einzel,444
2023/2024,,,100039,Erdal Akinci,einzel,445
2023/2024,,,100825,Michael Diedrich,einzel,445
2023/2024,,,101500,Steffen Gross,einzel,445
2023/2024,,,101724,Robin Heber,einzel,445
2023/2024,,,102204,Markus Kamuf,einzel,445
2023/2024,,,102294,Ralf Kempermann,einzel,445
2023/2024,,,102663,Andreas Kullmann,einzel,445
2023/2024,,,102918,Holger Maier,einzel,445
2023/2024,,,102948,Rolf Mangelsdorf,einzel,445
2023/2024,,,103075,Daniel Merbitz,einzel,445
2023/2024,,,103289,Ingo Nassall,einzel,445
2023/2024,,,368022,Antonio Nuzziello,einzel,445
2023/2024,,,250306,Luigi Sarullo,einzel,445
2023/2024,,,104254,Martin Schwab,einzel,445
2023/2024,,,104257,Jörg Schwager,einzel,445
2023/2024,,,249145,Drazen Smolcic,einzel,445
2023/2024,,,104685,Machmut Turan,einzel,445
2023/2024,,,104825,Frank Wagenmann,einzel,445
2023/2024,,,351926,Lucia Birsner,einzel,443
2023/2024,,,244943,Peggy Eisele,einzel,443
2023/2024,,,247503,Claudia Heinen,einzel,443
2023/2024,,,101856,Bianca Heneka,einzel,443
2023/2024,,,101818,Melanie Henschel,einzel,443
2023/2024,,,368447,Svetlana Hetjens,einzel,443
2023/2024,,,253498,Johanna Indlekofer,einzel,443
2023/2024,,,368302,Simone Künzl,einzel,443
2023/2024,,,367986,Vanja Nikolic,einzel,443
2023/2024,,,159294,Christina Schneider-Radunovic,einzel,443
2023/2024,,,101737,Svenja Schwarzkopf,einzel,443
2023/2024,,,104767,Celina Visconti,einzel,443
2023/2024,,,240316,Louise Wong,einzel,443
2023/2024,,,100481,Silke Brand,einzel,446
2023/2024,,,100500,Petra Braun,einzel,446
2023/2024,,,350961,Sabine Hort,einzel,446
2023/2024,,,354558,Angelika Kaune,einzel,446
2023/2024,,,239637,Irina Killian,einzel,446
2023/2024,,,104309,Carmen Leiser,einzel,446
2023/2024,,,103910,Petra Sannwald,einzel,446
2023/2024,,,355164,Saskia Schirmer,einzel,446
2023/2024,,,100039,Erdal Akinci,einzel,449
2023/2024,,,100825,Michael Diedrich,einzel,449
2023/2024,,,101114,Gordon Fenske,einzel,449
2023/2024,,,101317,Frank Gebert,einzel,449
2023/2024,,,101500,Steffen Gross,einzel,449
2023/2024,,,101724,Robin Heber,einzel,449
2023/2024,,,101994,Gerd Hörrmann,einzel,449
2023/2024,,,102204,Markus Kamuf,einzel,449
2023/2024,,,102278,Andreas Keilmann,einzel,449
2023/2024,,,368490,Alexander Kocher,einzel,449
2023/2024,,,121877,Peter Link,einzel,449
2023/2024,,,102918,Holger Maier,einzel,449
2023/2024,,,102948,Rolf Mangelsdorf,einzel,449
2023/2024,,,103075,Daniel Merbitz,einzel,449
2023/2024,,,103289,Ingo Nassall,einzel,449
2023/2024,,,250306,Luigi Sarullo,einzel,449
2023/2024,,,104254,Martin Schwab,einzel,449
2023/2024,,,249145,Drazen Smolcic,einzel,449
2023/2024,,,368224,Hakan Söyler,einzel,449
2023/2024,,,104635,Raphael Titzmann,einzel,449
2023/2024,,,100638,Adrian Cabanillas Lora,einzel,448
2023/2024,,,368381,Pavlos Dadakos,einzel,448
2023/2024,,,100945,Stefan Duttlinger,einzel,448
2023/2024,,,247955,David Galwas,einzel,448
2023/2024,,,101572,Ricardo Gutjahr,einzel,448
2023/2024,,,101585,Alexander Haass,einzel,448
2023/2024,,,101671,Markus Hardtke,einzel,448
2023/2024,,,101672,Matthias Hardtke,einzel,448
2023/2024,,,242787,Rainer Hermann,einzel,448
2023/2024,,,242710,Christian Joos,einzel,448
2023/2024,,,247176,Eric Mattern,einzel,448
2023/2024,,,368474,Dieter Neumann,einzel,448
2023/2024,,,104507,Florian Stojanoski,einzel,448
2023/2024,,,104541,Alexander Striker,einzel,448
2023/2024,,,104761,Goncalo Vieira Manies,einzel,448
2023/2024,,,368127,Stefan Weiß,einzel,448
2023/2024,,,355803,Randee Ramzi Yalda,einzel,448
2023/2024,,,100481,Silke Brand,einzel,450
2023/2024,,,100500,Petra Braun,einzel,450
2023/2024,,,350961,Sabine Hort,einzel,450
2023/2024,,,354558,Angelika Kaune,einzel,450
2023/2024,,,252901,Evi Leder,einzel,450
2023/2024,,,104309,Carmen Leiser,einzel,450
2023/2024,,,103910,Petra Sannwald,einzel,450
2023/2024,,,239646,Susanne Schweter,einzel,450
2023/2024,,,368423,Stefanie Brakopp,einzel,447
2023/2024,,,242818,Bianca Duttlinger,einzel,447
2023/2024,,,101856,Bianca Heneka,einzel,447
2023/2024,,,368447,Svetlana Hetjens,einzel,447
2023/2024,,,253498,Johanna Indlekofer,einzel,447
2023/2024,,,102170,Patricia Kaffesi,einzel,447
2023/2024,,,368302,Simone Künzl,einzel,447
2023/2024,,,104025,Priska Leven,einzel,447
2023/2024,,,102935,Daniela Majer,einzel,447
2023/2024,,,367986,Vanja Nikolic,einzel,447
2023/2024,,,159294,Christina Schneider-Radunovic,einzel,447
2023/2024,,,101737,Svenja Schwarzkopf,einzel,447
2023/2024,,,104767,Celina Visconti,einzel,447
2023/2024,,,100481,Silke Brand,einzel,452
2023/2024,,,100500,Petra Braun,einzel,452
2023/2024,,,350961,Sabine Hort,einzel,452
2023/2024,,,239637,Irina Killian,einzel,452
2023/2024,,,104309,Carmen Leiser,einzel,452
2023/2024,,,103910,Petra Sannwald,einzel,452
2023/2024,,,355164,Saskia Schirmer,einzel,452
2023/2024,,,239646,Susanne Schweter,einzel,452
2023/2024,,,240143,Konrad Bau,einzel,453
2023/2024,,,100638,Adrian Cabanillas Lora,einzel,453
2023/2024,,,368381,Pavlos Dadakos,einzel,453
2023/2024,,,100945,Stefan Duttlinger,einzel,453
2023/2024,,,101485,Ralf Grießhaber,einzel,453
2023/2024,,,101572,Ricardo Gutjahr,einzel,453
2023/2024,,,101585,Alexander Haass,einzel,453
2023/2024,,,101671,Markus Hardtke,einzel,453
2023/2024,,,101672,Matthias Hardtke,einzel,453
2023/2024,,,242787,Rainer Hermann,einzel,453
2023/2024,,,247176,Eric Mattern,einzel,453
2023/2024,,,103635,Hendrik Reckers,einzel,453
2023/2024,,,368041,Alexander Srp,einzel,453
2023/2024,,,104507,Florian Stojanoski,einzel,453
2023/2024,,,104761,Goncalo Vieira Manies,einzel,453
2023/2024,,,242963,Marco Warlies,einzel,453
2023/2024,,,368127,Stefan Weiß,einzel,453
2023/2024,,,355803,Randee Ramzi Yalda,einzel,453
2023/2024,,,100039,Erdal Akinci,einzel,454
2023/2024,,,100670,Efendi Cekerek,einzel,454
2023/2024,,,100825,Michael Diedrich,einzel,454
2023/2024,,,101317,Frank Gebert,einzel,454
2023/2024,,,101500,Steffen Gross,einzel,454
2023/2024,,,101724,Robin Heber,einzel,454
2023/2024,,,368146,Saeid Heydarpour,einzel,454
2023/2024,,,102204,Markus Kamuf,einzel,454
2023/2024,,,102278,Andreas Keilmann,einzel,454
2023/2024,,,102918,Holger Maier,einzel,454
2023/2024,,,102948,Rolf Mangelsdorf,einzel,454
2023/2024,,,103075,Daniel Merbitz,einzel,454
2023/2024,,,103183,Berthold Moser,einzel,454
2023/2024,,,123146,Markus Rütten,einzel,454
2023/2024,,,250306,Luigi Sarullo,einzel,454
2023/2024,,,103930,Eberhard Sauter,einzel,454
2023/2024,,,104254,Martin Schwab,einzel,454
2023/2024,,,104376,Darius Skowronek,einzel,454
2023/2024,,,240155,Andreas Wittmeier,einzel,454
2023/2024,,,105217,Karl-Heinz Zimmermann,einzel,454
2023/2024,,,351926,Lucia Birsner,einzel,451
2023/2024,,,368423,Stefanie Brakopp,einzel,451
2023/2024,,,101856,Bianca Heneka,einzel,451
2023/2024,,,101818,Melanie Henschel,einzel,451
2023/2024,,,253498,Johanna Indlekofer,einzel,451
2023/2024,,,368302,Simone Künzl,einzel,451
2023/2024,,,368622,Vy Le Tuong,einzel,451
2023/2024,,,104025,Priska Leven,einzel,451
2023/2024,,,367986,Vanja Nikolic,einzel,451
2023/2024,,,159294,Christina Schneider-Radunovic,einzel,451
2023/2024,,,101737,Svenja Schwarzkopf,einzel,451
2023/2024,,,104767,Celina Visconti,einzel,451
2023/2024,,,240316,Louise Wong,einzel,451
2023/2024,,,351926,Lucia Birsner,einzel,457
2023/2024,,,101818,Melanie Henschel,einzel,457
2023/2024,,,102034,Nicole Hummel,einzel,457
2023/2024,,,253498,Johanna Indlekofer,einzel,457
2023/2024,,,102170,Patricia Kaffesi,einzel,457
2023/2024,,,350473,Gabriele Winzer-Moser,einzel,457
2023/2024,,,247503,Claudia Heinen,einzel,459
2023/2024,,,101856,Bianca Heneka,einzel,459
2023/2024,,,368447,Svetlana Hetjens,einzel,459
2023/2024,,,253049,Christina Hirschfeld,einzel,459
2023/2024,,,104025,Priska Leven,einzel,459
2023/2024,,,367967,Xenia Völker,einzel,459
2023/2024,,,353387,Daniela Behrend,einzel,458
2023/2024,,,100481,Silke Brand,einzel,458
2023/2024,,,239637,Irina Killian,einzel,458
2023/2024,,,252901,Evi Leder,einzel,458
2023/2024,,,104309,Carmen Leiser,einzel,458
2023/2024,,,355165,Katrin Quaschinsky,einzel,458
2023/2024,,,355164,Saskia Schirmer,einzel,458
2023/2024,,,239646,Susanne Schweter,einzel,458
2023/2024,,,353038,Brigitte Uhrig,einzel,458
2023/2024,,,368293,Andrea Zenner,einzel,458
2023/2024,,,100463,Stephan Boschert,einzel,461
2023/2024,,,245275,Richard Cornely,einzel,461
2023/2024,,,101114,Gordon Fenske,einzel,461
2023/2024,,,101550,Christoph Günthner,einzel,461
2023/2024,,,101803,Michael Heneka,einzel,461
2023/2024,,,102294,Ralf Kempermann,einzel,461
2023/2024,,,102352,Udo Kirchgeßner,einzel,461
2023/2024,,,356371,Jonny Knapp,einzel,461
2023/2024,,,368490,Alexander Kocher,einzel,461
2023/2024,,,102663,Andreas Kullmann,einzel,461
2023/2024,,,102759,Harald Leder,einzel,461
2023/2024,,,367853,Jörg Leiser,einzel,461
2023/2024,,,102870,Willi Ludwig,einzel,461
2023/2024,,,368399,Peter Mielke,einzel,461
2023/2024,,,368553,Christian Oetken,einzel,461
2023/2024,,,103593,Ralf Rabold,einzel,461
2023/2024,,,103837,Michael Roth,einzel,461
2023/2024,,,103858,Dieter Ruck,einzel,461
2023/2024,,,368475,Michael Schneider,einzel,461
2023/2024,,,242731,Dirk Schäfauer,einzel,461
2023/2024,,,247505,Thomas Sommer,einzel,461
2023/2024,,,247575,Andreas Stüber,einzel,461
2023/2024,,,356203,Ali Tinoush,einzel,461
2023/2024,,,104820,Tom Wacker,einzel,461
2023/2024,,,221366,Henning Wilkner,einzel,461
2023/2024,,,111963,Bernd Woitanowski,einzel,461
2023/2024,,,368434,Abdullah Yesil,einzel,461
2023/2024,,,247503,Claudia Heinen,einzel,463
2023/2024,,,101856,Bianca Heneka,einzel,463
2023/2024,,,368447,Svetlana Hetjens,einzel,463
2023/2024,,,253049,Christina Hirschfeld,einzel,463
2023/2024,,,104025,Priska Leven,einzel,463
2023/2024,,,242844,Daniel #Kimmig,einzel,462
2023/2024,,,100060,Marc Allinger,einzel,462
2023/2024,,,248185,Peter Baur,einzel,462
2023/2024,,,100716,Simon Conrad,einzel,462
2023/2024,,,248622,Frank Diedrich,einzel,462
2023/2024,,,368226,Ali El Ajouz,einzel,462
2023/2024,,,100996,Marcus Elfenthal,einzel,462
2023/2024,,,368382,Bernd Feierabend,einzel,462
2023/2024,,,228902,Carlo Hartmann,einzel,462
2023/2024,,,242902,Daniel Kimmig,einzel,462
2023/2024,,,102948,Rolf Mangelsdorf,einzel,462
2023/2024,,,103183,Berthold Moser,einzel,462
2023/2024,,,103930,Eberhard Sauter,einzel,462
2023/2024,,,104101,Peter Schmidt,einzel,462
2023/2024,,,249145,Drazen Smolcic,einzel,462
2023/2024,,,351926,Lucia Birsner,einzel,464
2023/2024,,,242818,Bianca Duttlinger,einzel,464
2023/2024,,,101818,Melanie Henschel,einzel,464
2023/2024,,,102034,Nicole Hummel,einzel,464
2023/2024,,,253498,Johanna Indlekofer,einzel,464
2023/2024,,,102170,Patricia Kaffesi,einzel,464
2023/2024,,,100670,Efendi Cekerek,einzel,468
2023/2024,,,101114,Gordon Fenske,einzel,468
2023/2024,,,101803,Michael Heneka,einzel,468
2023/2024,,,102204,Markus Kamuf,einzel,468
2023/2024,,,368490,Alexander Kocher,einzel,468
2023/2024,,,102870,Willi Ludwig,einzel,468
2023/2024,,,103837,Michael Roth,einzel,468
2023/2024,,,250306,Luigi Sarullo,einzel,468
2023/2024,,,221366,Henning Wilkner,einzel,468
2023/2024,,,111963,Bernd Woitanowski,einzel,468
2023/2024,,,368146,Saeid Heydarpour,einzel,467
2023/2024,,,101952,Thorsten Holatka,einzel,467
2023/2024,,,102278,Andreas Keilmann,einzel,467
2023/2024,,,350393,Oliver Kielwein,einzel,467
2023/2024,,,121877,Peter Link,einzel,467
2023/2024,,,102918,Holger Maier,einzel,467
2023/2024,,,103289,Ingo Nassall,einzel,467
2023/2024,,,355443,Michael Reich,einzel,467
2023/2024,,,253141,Timur Susuz,einzel,467
2023/2024,,,368224,Hakan Söyler,einzel,467
2023/2024,,,247503,Claudia Heinen,einzel,472
2023/2024,,,101856,Bianca Heneka,einzel,472
2023/2024,,,368447,Svetlana Hetjens,einzel,472
2023/2024,,,104025,Priska Leven,einzel,472
2023/2024,,,100124,Ottmar Auzinger,einzel,469
2023/2024,,,100918,Thomas Drey,einzel,469
2023/2024,,,101317,Frank Gebert,einzel,469
2023/2024,,,103714,Harald Reutter,einzel,469
2023/2024,,,104206,Anton Schubert,einzel,469
2023/2024,,,104354,Manfred Sieweke,einzel,469
2023/2024,,,104610,Erwin Thoma,einzel,469
2023/2024,,,104635,Raphael Titzmann,einzel,469
2023/2024,,,367990,Raimund Wanner,einzel,469
2023/2024,,,351926,Lucia Birsner,einzel,473
2023/2024,,,242818,Bianca Duttlinger,einzel,473
2023/2024,,,253498,Johanna Indlekofer,einzel,473
2023/2024,,,101737,Svenja Schwarzkopf,einzel,473
2023/2024,,,247503,Claudia Heinen,einzel,485
2023/2024,,,101856,Bianca Heneka,einzel,485
2023/2024,,,368447,Svetlana Hetjens,einzel,485
2023/2024,,,253049,Christina Hirschfeld,einzel,485
2023/2024,,,104025,Priska Leven,einzel,485
2023/2024,,,351926,Lucia Birsner,einzel,486
2023/2024,,,242818,Bianca Duttlinger,einzel,486
2023/2024,,,253498,Johanna Indlekofer,einzel,486
2023/2024,,,102170,Patricia Kaffesi,einzel,486
2023/2024,,,101737,Svenja Schwarzkopf,einzel,486
2023/2024,,,353895,Thorgen Brett,einzel,490
2023/2024,,,351923,Maxim Buchstab,einzel,490
2023/2024,,,368107,Benjamin Hirschberger,einzel,490
2023/2024,,,247176,Eric Mattern,einzel,490
2023/2024,,,368274,Mark Pfaffenrodt,einzel,490
2023/2024,,,368645,Joel Louis Egon Strohmayer,einzel,490
2023/2024,,,368193,Marius Witt,einzel,490
2023/2024,,,353895,Thorgen Brett,einzel,491
2023/2024,,,351923,Maxim Buchstab,einzel,491
2023/2024,,,368107,Benjamin Hirschberger,einzel,491
2023/2024,,,247176,Eric Mattern,einzel,491
2023/2024,,,368432,Dimitris Patsirogiannis,einzel,491
2023/2024,,,368274,Mark Pfaffenrodt,einzel,491
2023/2024,,,368386,Henry Spang,einzel,491
2023/2024,,,368645,Joel Louis Egon Strohmayer,einzel,491
2023/2024,,,368193,Marius Witt,einzel,491
2023/2024,,,353895,Thorgen Brett,einzel,492
2023/2024,,,351923,Maxim Buchstab,einzel,492
2023/2024,,,368107,Benjamin Hirschberger,einzel,492
2023/2024,,,247176,Eric Mattern,einzel,492
2023/2024,,,368274,Mark Pfaffenrodt,einzel,492
2023/2024,,,368386,Henry Spang,einzel,492
2023/2024,,,368645,Joel Louis Egon Strohmayer,einzel,492
2023/2024,,,368193,Marius Witt,einzel,492
2023/2024,,,368551,Luca Wolk,einzel,492
2023/2024,,,353895,Thorgen Brett,einzel,493
2023/2024,,,351923,Maxim Buchstab,einzel,493
2023/2024,,,368107,Benjamin Hirschberger,einzel,493
2023/2024,,,247176,Eric Mattern,einzel,493
2023/2024,,,368432,Dimitris Patsirogiannis,einzel,493
2023/2024,,,368274,Mark Pfaffenrodt,einzel,493
2023/2024,,,368386,Henry Spang,einzel,493
2023/2024,,,368645,Joel Louis Egon Strohmayer,einzel,493
2023/2024,,,368193,Marius Witt,einzel,493
2023/2024,,,368551,Luca Wolk,einzel,493
2024/2025,,,368381,Pavlos Dadakos,einzel,510
2024/2025,,,100945,Stefan Duttlinger,einzel,510
2024/2025,,,101390,Marco Giusa,einzel,510
2024/2025,,,101485,Ralf Grießhaber,einzel,510
2024/2025,,,101572,Ricardo Gutjahr,einzel,510
2024/2025,,,101671,Markus Hardtke,einzel,510
2024/2025,,,101672,Matthias Hardtke,einzel,510
2024/2025,,,102603,Stanislaw Kretz,einzel,510
2024/2025,,,102645,Stefan Künzl,einzel,510
2024/2025,,,247176,Eric Mattern,einzel,510
2024/2025,,,242808,Thorsten Mohr,einzel,510
2024/2025,,,103314,Jonathan Nestler,einzel,510
2024/2025,,,368474,Dieter Neumann,einzel,510
2024/2025,,,252214,Pascal Sanna,einzel,510
2024/2025,,,368372,Kalin-Felix Stefanov,einzel,510
2024/2025,,,368127,Stefan Weiß,einzel,510
2024/2025,,,100106,Stefanie Arndt,einzel,509
2024/2025,,,351926,Lucia Birsner,einzel,509
2024/2025,,,368423,Stefanie Brakopp,einzel,509
2024/2025,,,247503,Claudia Heinen,einzel,509
2024/2025,,,101856,Bianca Heneka,einzel,509
2024/2025,,,368447,Svetlana Hetjens,einzel,509
2024/2025,,,101958,Sandra Höll,einzel,509
2024/2025,,,253498,Johanna Indlekofer,einzel,509
2024/2025,,,102170,Patricia Kaffesi,einzel,509
2024/2025,,,368302,Simone Künzl,einzel,509
2024/2025,,,104025,Priska Leven,einzel,509
2024/2025,,,367986,Vanja Nikolic,einzel,509
2024/2025,,,101737,Svenja Schwarzkopf,einzel,509
2024/2025,,,104767,Celina Visconti,einzel,509
2024/2025,,,100039,Erdal Akinci,einzel,512
2024/2025,,,100075,Benno Amann,einzel,512
2024/2025,,,100825,Michael Diedrich,einzel,512
2024/2025,,,368058,Holger Domdey,einzel,512
2024/2025,,,101658,Torsten Hanisch,einzel,512
2024/2025,,,101724,Robin Heber,einzel,512
2024/2025,,,101994,Gerd Hörrmann,einzel,512
2024/2025,,,102204,Markus Kamuf,einzel,512
2024/2025,,,102278,Andreas Keilmann,einzel,512
2024/2025,,,368506,Seong-Jin Kim,einzel,512
2024/2025,,,368490,Alexander Kocher,einzel,512
2024/2025,,,102759,Harald Leder,einzel,512
2024/2025,,,102948,Rolf Mangelsdorf,einzel,512
2024/2025,,,103075,Daniel Merbitz,einzel,512
2024/2025,,,103289,Ingo Nassall,einzel,512
2024/2025,,,123146,Markus Rütten,einzel,512
2024/2025,,,103930,Eberhard Sauter,einzel,512
2024/2025,,,351950,Olaf Schwarz,einzel,512
2024/2025,,,104273,Robert Schwarz,einzel,512
2024/2025,,,104376,Darius Skowronek,einzel,512
2024/2025,,,368200,Jürgen Trost,einzel,512
2024/2025,,,100106,Stefanie Arndt,einzel,513
2024/2025,,,351926,Lucia Birsner,einzel,513
2024/2025,,,368423,Stefanie Brakopp,einzel,513
2024/2025,,,101856,Bianca Heneka,einzel,513
2024/2025,,,368447,Svetlana Hetjens,einzel,513
2024/2025,,,101958,Sandra Höll,einzel,513
2024/2025,,,253498,Johanna Indlekofer,einzel,513
2024/2025,,,102170,Patricia Kaffesi,einzel,513
2024/2025,,,368302,Simone Künzl,einzel,513
2024/2025,,,104025,Priska Leven,einzel,513
2024/2025,,,367986,Vanja Nikolic,einzel,513
2024/2025,,,101737,Svenja Schwarzkopf,einzel,513
2024/2025,,,104767,Celina Visconti,einzel,513
2024/2025,,,240316,Louise Wong,einzel,513
2024/2025,,,100638,Adrian Cabanillas Lora,einzel,514
2024/2025,,,368381,Pavlos Dadakos,einzel,514
2024/2025,,,100945,Stefan Duttlinger,einzel,514
2024/2025,,,100972,Benjamin Eiberger,einzel,514
2024/2025,,,101451,Steffen Graf,einzel,514
2024/2025,,,101485,Ralf Grießhaber,einzel,514
2024/2025,,,248769,Marius-Daniel Grigore-Martini,einzel,514
2024/2025,,,101572,Ricardo Gutjahr,einzel,514
2024/2025,,,101671,Markus Hardtke,einzel,514
2024/2025,,,101672,Matthias Hardtke,einzel,514
2024/2025,,,367934,Andreas Loderer,einzel,514
2024/2025,,,247176,Eric Mattern,einzel,514
2024/2025,,,368474,Dieter Neumann,einzel,514
2024/2025,,,368051,Edin Porcic,einzel,514
2024/2025,,,103635,Hendrik Reckers,einzel,514
2024/2025,,,368579,Sebastian Scherbinin,einzel,514
2024/2025,,,244727,Fabian Snijder,einzel,514
2024/2025,,,104642,Dominik Tonn,einzel,514
2024/2025,,,104752,Zehrudin Vereget,einzel,514
2024/2025,,,368127,Stefan Weiß,einzel,514
2024/2025,,,355803,Randee Ramzi Yalda,einzel,514
2024/2025,,,100039,Erdal Akinci,einzel,515
2024/2025,,,368574,Murat Dervisi,einzel,515
2024/2025,,,100825,Michael Diedrich,einzel,515
2024/2025,,,101265,Michael Füess,einzel,515
2024/2025,,,242971,Selim Güzel,einzel,515
2024/2025,,,102204,Markus Kamuf,einzel,515
2024/2025,,,102278,Andreas Keilmann,einzel,515
2024/2025,,,368490,Alexander Kocher,einzel,515
2024/2025,,,102663,Andreas Kullmann,einzel,515
2024/2025,,,102918,Holger Maier,einzel,515
2024/2025,,,102948,Rolf Mangelsdorf,einzel,515
2024/2025,,,103075,Daniel Merbitz,einzel,515
2024/2025,,,103183,Berthold Moser,einzel,515
2024/2025,,,123146,Markus Rütten,einzel,515
2024/2025,,,250306,Luigi Sarullo,einzel,515
2024/2025,,,368299,Christian Schaber,einzel,515
2024/2025,,,104021,Jörg Schick-Bringer,einzel,515
2024/2025,,,104109,Uwe Schmidt,einzel,515
2024/2025,,,104610,Erwin Thoma,einzel,515
2024/2025,,,104635,Raphael Titzmann,einzel,515
2024/2025,,,100500,Petra Braun,einzel,516
2024/2025,,,100325,Susi Harbrecht-Berndt,einzel,516
2024/2025,,,354558,Angelika Kaune,einzel,516
2024/2025,,,239637,Irina Killian,einzel,516
2024/2025,,,252901,Evi Leder,einzel,516
2024/2025,,,104309,Carmen Leiser,einzel,516
2024/2025,,,355165,Katrin Quaschinsky,einzel,516
2024/2025,,,103910,Petra Sannwald,einzel,516
2024/2025,,,239646,Susanne Schweter,einzel,516
2024/2025,,,351926,Lucia Birsner,einzel,517
2024/2025,,,368423,Stefanie Brakopp,einzel,517
2024/2025,,,101856,Bianca Heneka,einzel,517
2024/2025,,,368447,Svetlana Hetjens,einzel,517
2024/2025,,,101958,Sandra Höll,einzel,517
2024/2025,,,253498,Johanna Indlekofer,einzel,517
2024/2025,,,102170,Patricia Kaffesi,einzel,517
2024/2025,,,368302,Simone Künzl,einzel,517
2024/2025,,,368622,Vy Le Tuong,einzel,517
2024/2025,,,102935,Daniela Majer,einzel,517
2024/2025,,,367986,Vanja Nikolic,einzel,517
2024/2025,,,101737,Svenja Schwarzkopf,einzel,517
2024/2025,,,104767,Celina Visconti,einzel,517
2024/2025,,,251815,Kevin Adamczyk,einzel,518
2024/2025,,,368540,Haydar Chehade,einzel,518
2024/2025,,,368381,Pavlos Dadakos,einzel,518
2024/2025,,,100945,Stefan Duttlinger,einzel,518
2024/2025,,,101192,Ronny Frank,einzel,518
2024/2025,,,101485,Ralf Grießhaber,einzel,518
2024/2025,,,101572,Ricardo Gutjahr,einzel,518
2024/2025,,,101289,Thomas Gäckle,einzel,518
2024/2025,,,101671,Markus Hardtke,einzel,518
2024/2025,,,242787,Rainer Hermann,einzel,518
2024/2025,,,351635,Robert Klinec,einzel,518
2024/2025,,,247176,Eric Mattern,einzel,518
2024/2025,,,368474,Dieter Neumann,einzel,518
2024/2025,,,367937,Daniel Schmid,einzel,518
2024/2025,,,244727,Fabian Snijder,einzel,518
2024/2025,,,368777,Kian Sohns,einzel,518
2024/2025,,,242963,Marco Warlies,einzel,518
2024/2025,,,100039,Erdal Akinci,einzel,519
2024/2025,,,368042,Haci Eymir,einzel,519
2024/2025,,,101724,Robin Heber,einzel,519
2024/2025,,,102204,Markus Kamuf,einzel,519
2024/2025,,,102278,Andreas Keilmann,einzel,519
2024/2025,,,368490,Alexander Kocher,einzel,519
2024/2025,,,102663,Andreas Kullmann,einzel,519
2024/2025,,,102918,Holger Maier,einzel,519
2024/2025,,,102948,Rolf Mangelsdorf,einzel,519
2024/2025,,,103075,Daniel Merbitz,einzel,519
2024/2025,,,103183,Berthold Moser,einzel,519
2024/2025,,,103289,Ingo Nassall,einzel,519
2024/2025,,,123146,Markus Rütten,einzel,519
2024/2025,,,368299,Christian Schaber,einzel,519
2024/2025,,,104109,Uwe Schmidt,einzel,519
2024/2025,,,104376,Darius Skowronek,einzel,519
2024/2025,,,249145,Drazen Smolcic,einzel,519
2024/2025,,,104635,Raphael Titzmann,einzel,519
2024/2025,,,368434,Abdullah Yesil,einzel,519
2024/2025,,,103444,Sercan Özdemir,einzel,519
2024/2025,,,353387,Daniela Behrend,einzel,520
2024/2025,,,100500,Petra Braun,einzel,520
2024/2025,,,354558,Angelika Kaune,einzel,520
2024/2025,,,239637,Irina Killian,einzel,520
2024/2025,,,104309,Carmen Leiser,einzel,520
2024/2025,,,103910,Petra Sannwald,einzel,520
2024/2025,,,239646,Susanne Schweter,einzel,520
2024/2025,,,353038,Brigitte Uhrig,einzel,520
2024/2025,,,100500,Petra Braun,einzel,521
2024/2025,,,100325,Susi Harbrecht-Berndt,einzel,521
2024/2025,,,354558,Angelika Kaune,einzel,521
2024/2025,,,252901,Evi Leder,einzel,521
2024/2025,,,104309,Carmen Leiser,einzel,521
2024/2025,,,355165,Katrin Quaschinsky,einzel,521
2024/2025,,,103910,Petra Sannwald,einzel,521
2024/2025,,,239646,Susanne Schweter,einzel,521
2024/2025,,,353038,Brigitte Uhrig,einzel,521
2024/2025,,,368237,Pia Albersmeier,einzel,522
2024/2025,,,351926,Lucia Birsner,einzel,522
2024/2025,,,101856,Bianca Heneka,einzel,522
2024/2025,,,368447,Svetlana Hetjens,einzel,522
2024/2025,,,101958,Sandra Höll,einzel,522
2024/2025,,,253498,Johanna Indlekofer,einzel,522
2024/2025,,,102170,Patricia Kaffesi,einzel,522
2024/2025,,,368302,Simone Künzl,einzel,522
2024/2025,,,368622,Vy Le Tuong,einzel,522
2024/2025,,,104025,Priska Leven,einzel,522
2024/2025,,,367986,Vanja Nikolic,einzel,522
2024/2025,,,101737,Svenja Schwarzkopf,einzel,522
2024/2025,,,104767,Celina Visconti,einzel,522
2024/2025,,,240316,Louise Wong,einzel,522
2024/2025,,,100039,Erdal Akinci,einzel,524
2024/2025,,,100825,Michael Diedrich,einzel,524
2024/2025,,,101265,Michael Füess,einzel,524
2024/2025,,,242971,Selim Güzel,einzel,524
2024/2025,,,101724,Robin Heber,einzel,524
2024/2025,,,101994,Gerd Hörrmann,einzel,524
2024/2025,,,102204,Markus Kamuf,einzel,524
2024/2025,,,102278,Andreas Keilmann,einzel,524
2024/2025,,,368490,Alexander Kocher,einzel,524
2024/2025,,,102759,Harald Leder,einzel,524
2024/2025,,,102918,Holger Maier,einzel,524
2024/2025,,,103075,Daniel Merbitz,einzel,524
2024/2025,,,103289,Ingo Nassall,einzel,524
2024/2025,,,103617,Detlef Ratz,einzel,524
2024/2025,,,123146,Markus Rütten,einzel,524
2024/2025,,,250306,Luigi Sarullo,einzel,524
2024/2025,,,368299,Christian Schaber,einzel,524
2024/2025,,,240510,Sven Wezstein,einzel,524
2024/2025,,,368423,Stefanie Brakopp,einzel,525
2024/2025,,,368702,Tajana Dürr-Smokovic,einzel,525
2024/2025,,,101958,Sandra Höll,einzel,525
2024/2025,,,368622,Vy Le Tuong,einzel,525
2024/2025,,,102935,Daniela Majer,einzel,525
2024/2025,,,367986,Vanja Nikolic,einzel,525
2024/2025,,,368807,Bayartsetseg Tsogoo,einzel,525
2024/2025,,,240316,Louise Wong,einzel,525
2024/2025,,,247503,Claudia Heinen,einzel,526
2024/2025,,,101856,Bianca Heneka,einzel,526
2024/2025,,,104025,Priska Leven,einzel,526
2024/2025,,,104767,Celina Visconti,einzel,526
2024/2025,,,249124,Joshua Armbruster,einzel,523
2024/2025,,,368540,Haydar Chehade,einzel,523
2024/2025,,,368381,Pavlos Dadakos,einzel,523
2024/2025,,,100945,Stefan Duttlinger,einzel,523
2024/2025,,,101390,Marco Giusa,einzel,523
2024/2025,,,101451,Steffen Graf,einzel,523
2024/2025,,,101485,Ralf Grießhaber,einzel,523
2024/2025,,,101572,Ricardo Gutjahr,einzel,523
2024/2025,,,101289,Thomas Gäckle,einzel,523
2024/2025,,,101671,Markus Hardtke,einzel,523
2024/2025,,,101672,Matthias Hardtke,einzel,523
2024/2025,,,242787,Rainer Hermann,einzel,523
2024/2025,,,247176,Eric Mattern,einzel,523
2024/2025,,,246024,Denis Mnich,einzel,523
2024/2025,,,252858,Orhan Parama,einzel,523
2024/2025,,,103635,Hendrik Reckers,einzel,523
2024/2025,,,244727,Fabian Snijder,einzel,523
2024/2025,,,242963,Marco Warlies,einzel,523
2024/2025,,,100106,Stefanie Arndt,einzel,527
2024/2025,,,351926,Lucia Birsner,einzel,527
2024/2025,,,102170,Patricia Kaffesi,einzel,527
2024/2025,,,101737,Svenja Schwarzkopf,einzel,527
2024/2025,,,100100,Markus Appenowitz,einzel,530
2024/2025,,,366767,Miodrag Adrian Caravila,einzel,530
2024/2025,,,368381,Pavlos Dadakos,einzel,530
2024/2025,,,100904,Martin Doster,einzel,530
2024/2025,,,368156,Kevin Patrick Fischer,einzel,530
2024/2025,,,248769,Marius-Daniel Grigore-Martini,einzel,530
2024/2025,,,102219,Thorsten Kappus,einzel,530
2024/2025,,,368597,Alper Körpe,einzel,530
2024/2025,,,367934,Andreas Loderer,einzel,530
2024/2025,,,242808,Thorsten Mohr,einzel,530
2024/2025,,,368819,Sait Pelit,einzel,530
2024/2025,,,367989,Martin Reinhardt,einzel,530
2024/2025,,,103925,Sascha Sauer,einzel,530
2024/2025,,,368628,Wilfried Schön,einzel,530
2024/2025,,,104354,Manfred Sieweke,einzel,530
2024/2025,,,368015,Stefan Sock,einzel,530
2024/2025,,,355803,Randee Ramzi Yalda,einzel,530
2024/2025,,,245692,Harun Ahmadi,einzel,529
2024/2025,,,368482,Maximilian Arnt,einzel,529
2024/2025,,,368584,Lukas Böser,einzel,529
2024/2025,,,368540,Haydar Chehade,einzel,529
2024/2025,,,101313,Stefan Gaschler,einzel,529
2024/2025,,,368751,Giovanni Genovese,einzel,529
2024/2025,,,102502,Viktor König,einzel,529
2024/2025,,,368865,Ahmad Nassar,einzel,529
2024/2025,,,368474,Dieter Neumann,einzel,529
2024/2025,,,103573,Marc Proissl,einzel,529
2024/2025,,,103581,Matthias Pujic,einzel,529
2024/2025,,,103635,Hendrik Reckers,einzel,529
2024/2025,,,171256,Timo Reinert,einzel,529
2024/2025,,,244727,Fabian Snijder,einzel,529
2024/2025,,,368235,Jens Sommer,einzel,529
2024/2025,,,104507,Florian Stojanoski,einzel,529
2024/2025,,,104752,Zehrudin Vereget,einzel,529
2024/2025,,,104902,Sonny Weber,einzel,529
2024/2025,,,350683,Kevin Wetzel,einzel,529
2024/2025,,,100638,Adrian Cabanillas Lora,einzel,528
2024/2025,,,100773,Fiorenzo De Nuzzo,einzel,528
2024/2025,,,249451,Andrei Deliman,einzel,528
2024/2025,,,100972,Benjamin Eiberger,einzel,528
2024/2025,,,101289,Thomas Gäckle,einzel,528
2024/2025,,,101654,Thomas Handler,einzel,528
2024/2025,,,101671,Markus Hardtke,einzel,528
2024/2025,,,228904,Tobias Hirt,einzel,528
2024/2025,,,246024,Denis Mnich,einzel,528
2024/2025,,,368051,Edin Porcic,einzel,528
2024/2025,,,350350,Michal Radwan,einzel,528
2024/2025,,,157455,Norbert Rollbühler,einzel,528
2024/2025,,,242888,Andreas Schmid,einzel,528
2024/2025,,,368777,Kian Sohns,einzel,528
2024/2025,,,368372,Kalin-Felix Stefanov,einzel,528
2024/2025,,,104642,Dominik Tonn,einzel,528
2024/2025,,,242963,Marco Warlies,einzel,528
2024/2025,,,368093,Andreas Zillmann,einzel,528
2024/2025,,,353387,Daniela Behrend,einzel,532
2024/2025,,,100325,Susi Harbrecht-Berndt,einzel,532
2024/2025,,,239637,Irina Killian,einzel,532
2024/2025,,,252901,Evi Leder,einzel,532
2024/2025,,,355165,Katrin Quaschinsky,einzel,532
2024/2025,,,239646,Susanne Schweter,einzel,532
2024/2025,,,353038,Brigitte Uhrig,einzel,532
2024/2025,,,368293,Andrea Zenner,einzel,532
2024/2025,,,368042,Haci Eymir,einzel,533
2024/2025,,,101265,Michael Füess,einzel,533
2024/2025,,,242971,Selim Güzel,einzel,533
2024/2025,,,101574,Michael Haag,einzel,533
2024/2025,,,102278,Andreas Keilmann,einzel,533
2024/2025,,,121877,Peter Link,einzel,533
2024/2025,,,103075,Daniel Merbitz,einzel,533
2024/2025,,,103200,Andreas Müller,einzel,533
2024/2025,,,103289,Ingo Nassall,einzel,533
2024/2025,,,103479,Andreas Pauling,einzel,533
2024/2025,,,355443,Michael Reich,einzel,533
2024/2025,,,367959,Kurt Saller,einzel,533
2024/2025,,,104109,Uwe Schmidt,einzel,533
2024/2025,,,368774,Marco Sforza,einzel,533
2024/2025,,,367983,Taner Susuz,einzel,533
2024/2025,,,368012,Birger Tesnau,einzel,533
2024/2025,,,240155,Andreas Wittmeier,einzel,533
2024/2025,,,252865,Axel Eberle,einzel,534
2024/2025,,,101803,Michael Heneka,einzel,534
2024/2025,,,101994,Gerd Hörrmann,einzel,534
2024/2025,,,102294,Ralf Kempermann,einzel,534
2024/2025,,,102320,Michael Keuker,einzel,534
2024/2025,,,368490,Alexander Kocher,einzel,534
2024/2025,,,102663,Andreas Kullmann,einzel,534
2024/2025,,,103617,Detlef Ratz,einzel,534
2024/2025,,,250306,Luigi Sarullo,einzel,534
2024/2025,,,104021,Jörg Schick-Bringer,einzel,534
2024/2025,,,368533,Michael Triffo,einzel,534
2024/2025,,,104844,Rolf Waible,einzel,534
2024/2025,,,367987,Mike Walter,einzel,534
2024/2025,,,111963,Bernd Woitanowski,einzel,534
2024/2025,,,105103,Dieter Wolk,einzel,534
2024/2025,,,367988,Markus Wörner,einzel,534
2024/2025,,,368434,Abdullah Yesil,einzel,534
2024/2025,,,368562,Jeremy Eckert,einzel,531
2024/2025,,,247955,David Galwas,einzel,531
2024/2025,,,252216,Danny Golling,einzel,531
2024/2025,,,101451,Steffen Graf,einzel,531
2024/2025,,,101476,Christian Gremmelspacher,einzel,531
2024/2025,,,101485,Ralf Grießhaber,einzel,531
2024/2025,,,101745,Rainer Heilmann,einzel,531
2024/2025,,,353889,Bruno Miletic,einzel,531
2024/2025,,,368558,Alen Mulaosmanovic,einzel,531
2024/2025,,,368559,Maurizio Reith,einzel,531
2024/2025,,,368579,Sebastian Scherbinin,einzel,531
2024/2025,,,368616,Mark Szinger,einzel,531
2024/2025,,,368127,Stefan Weiß,einzel,531
2024/2025,,,368560,Manuel Wissen,einzel,531
2024/2025,,,368044,Jörg Wolf,einzel,531
2024/2025,,,368423,Stefanie Brakopp,einzel,537
2024/2025,,,101958,Sandra Höll,einzel,537
2024/2025,,,368622,Vy Le Tuong,einzel,537
2024/2025,,,102935,Daniela Majer,einzel,537
2024/2025,,,368806,Mendbayar Renchin,einzel,537
2024/2025,,,368807,Bayartsetseg Tsogoo,einzel,537
2024/2025,,,100039,Erdal Akinci,einzel,535
2024/2025,,,100124,Ottmar Auzinger,einzel,535
2024/2025,,,367940,Siegfried Brockmann,einzel,535
2024/2025,,,367948,Flaviano Gabriele,einzel,535
2024/2025,,,368878,Theo Georgoudious,einzel,535
2024/2025,,,101426,Boris Golic,einzel,535
2024/2025,,,349809,Dietmar Karoli,einzel,535
2024/2025,,,368341,Dieter Krause,einzel,535
2024/2025,,,367933,Siegbert Müller,einzel,535
2024/2025,,,368022,Antonio Nuzziello,einzel,535
2024/2025,,,368299,Christian Schaber,einzel,535
2024/2025,,,104206,Anton Schubert,einzel,535
2024/2025,,,104257,Jörg Schwager,einzel,535
2024/2025,,,104610,Erwin Thoma,einzel,535
2024/2025,,,104635,Raphael Titzmann,einzel,535
2024/2025,,,228713,Erich Wohllaib,einzel,535
2024/2025,,,101856,Bianca Heneka,einzel,538
2024/2025,,,104025,Priska Leven,einzel,538
2024/2025,,,104767,Celina Visconti,einzel,538
2024/2025,,,100060,Marc Allinger,einzel,536
2024/2025,,,100292,Horst Bendig,einzel,536
2024/2025,,,368574,Murat Dervisi,einzel,536
2024/2025,,,248622,Frank Diedrich,einzel,536
2024/2025,,,100825,Michael Diedrich,einzel,536
2024/2025,,,368226,Ali El Ajouz,einzel,536
2024/2025,,,100996,Marcus Elfenthal,einzel,536
2024/2025,,,368382,Bernd Feierabend,einzel,536
2024/2025,,,102406,Axel Klimmer,einzel,536
2024/2025,,,103183,Berthold Moser,einzel,536
2024/2025,,,368590,Stephan Rau,einzel,536
2024/2025,,,123146,Markus Rütten,einzel,536
2024/2025,,,103930,Eberhard Sauter,einzel,536
2024/2025,,,103932,Roland Sauter,einzel,536
2024/2025,,,104101,Peter Schmidt,einzel,536
2024/2025,,,249145,Drazen Smolcic,einzel,536
2024/2025,,,247957,Stefan Vater,einzel,536
2024/2025,,,100106,Stefanie Arndt,einzel,539
2024/2025,,,351926,Lucia Birsner,einzel,539
2024/2025,,,253498,Johanna Indlekofer,einzel,539
2024/2025,,,102170,Patricia Kaffesi,einzel,539
2024/2025,,,368888,Steffen Adler,einzel,541
2024/2025,,,368482,Maximilian Arnt,einzel,541
2024/2025,,,368540,Haydar Chehade,einzel,541
2024/2025,,,368689,Ibrahim Erdogan,einzel,541
2024/2025,,,368832,Timm Ganske,einzel,541
2024/2025,,,247504,Riccardo Heinen,einzel,541
2024/2025,,,351635,Robert Klinec,einzel,541
2024/2025,,,240239,Ivan Mikulic,einzel,541
2024/2025,,,368865,Ahmad Nassar,einzel,541
2024/2025,,,368474,Dieter Neumann,einzel,541
2024/2025,,,366458,Besim Rama,einzel,541
2024/2025,,,356030,Johannes Seith,einzel,541
2024/2025,,,244727,Fabian Snijder,einzel,541
2024/2025,,,104507,Florian Stojanoski,einzel,541
2024/2025,,,231078,Tayfun Teber,einzel,541
2024/2025,,,368730,Alex Vuong,einzel,541
2024/2025,,,104902,Sonny Weber,einzel,541
2024/2025,,,105043,Dirk Windecker,einzel,541
2024/2025,,,368688,Fersun Ünsel,einzel,541
2024/2025,,,251815,Kevin Adamczyk,einzel,540
2024/2025,,,100638,Adrian Cabanillas Lora,einzel,540
2024/2025,,,100972,Benjamin Eiberger,einzel,540
2024/2025,,,101289,Thomas Gäckle,einzel,540
2024/2025,,,101671,Markus Hardtke,einzel,540
2024/2025,,,101672,Matthias Hardtke,einzel,540
2024/2025,,,102013,Marco Huber,einzel,540
2024/2025,,,368811,Philipp Kibele,einzel,540
2024/2025,,,102603,Stanislaw Kretz,einzel,540
2024/2025,,,246024,Denis Mnich,einzel,540
2024/2025,,,368269,Asim Ramakic,einzel,540
2024/2025,,,368777,Kian Sohns,einzel,540
2024/2025,,,368372,Kalin-Felix Stefanov,einzel,540
2024/2025,,,104541,Alexander Striker,einzel,540
2024/2025,,,104761,Goncalo Vieira Manies,einzel,540
2024/2025,,,242963,Marco Warlies,einzel,540
2024/2025,,,249310,Nic Woywodt,einzel,540
2024/2025,,,368093,Andreas Zillmann,einzel,540
2024/2025,,,100852,Heiko Difflipp,einzel,545
2024/2025,,,368042,Haci Eymir,einzel,545
2024/2025,,,121877,Peter Link,einzel,545
2024/2025,,,102918,Holger Maier,einzel,545
2024/2025,,,103075,Daniel Merbitz,einzel,545
2024/2025,,,242747,Thomas Mooshammer,einzel,545
2024/2025,,,103200,Andreas Müller,einzel,545
2024/2025,,,355443,Michael Reich,einzel,545
2024/2025,,,367959,Kurt Saller,einzel,545
2024/2025,,,104109,Uwe Schmidt,einzel,545
2024/2025,,,351950,Olaf Schwarz,einzel,545
2024/2025,,,253141,Timur Susuz,einzel,545
2024/2025,,,368224,Hakan Söyler,einzel,545
2024/2025,,,104742,Luis Varon Marques,einzel,545
2024/2025,,,240155,Andreas Wittmeier,einzel,545
2024/2025,,,103444,Sercan Özdemir,einzel,545
2024/2025,,,368618,Oliver Alunni,einzel,546
2024/2025,,,101114,Gordon Fenske,einzel,546
2024/2025,,,101538,Bülent Güler,einzel,546
2024/2025,,,101550,Christoph Günthner,einzel,546
2024/2025,,,101556,Bülent Gürkan,einzel,546
2024/2025,,,101994,Gerd Hörrmann,einzel,546
2024/2025,,,102294,Ralf Kempermann,einzel,546
2024/2025,,,356371,Jonny Knapp,einzel,546
2024/2025,,,368490,Alexander Kocher,einzel,546
2024/2025,,,102663,Andreas Kullmann,einzel,546
2024/2025,,,250306,Luigi Sarullo,einzel,546
2024/2025,,,251824,Senol Sengün,einzel,546
2024/2025,,,104376,Darius Skowronek,einzel,546
2024/2025,,,368258,Jürgen Steinmann,einzel,546
2024/2025,,,104532,Michael Straub,einzel,546
2024/2025,,,356203,Ali Tinoush,einzel,546
2024/2025,,,221366,Henning Wilkner,einzel,546
2024/2025,,,368434,Abdullah Yesil,einzel,546
2024/2025,,,105217,Karl-Heinz Zimmermann,einzel,546
2024/2025,,,355824,Tobias Abt,einzel,542
2024/2025,,,366767,Miodrag Adrian Caravila,einzel,542
2024/2025,,,368381,Pavlos Dadakos,einzel,542
2024/2025,,,100904,Martin Doster,einzel,542
2024/2025,,,368182,Besirat Fekadu,einzel,542
2024/2025,,,356369,Alexander Fischer,einzel,542
2024/2025,,,368156,Kevin Patrick Fischer,einzel,542
2024/2025,,,248769,Marius-Daniel Grigore-Martini,einzel,542
2024/2025,,,242992,Mark Hast,einzel,542
2024/2025,,,242787,Rainer Hermann,einzel,542
2024/2025,,,367934,Andreas Loderer,einzel,542
2024/2025,,,368848,Franz Miehle,einzel,542
2024/2025,,,242808,Thorsten Mohr,einzel,542
2024/2025,,,252858,Orhan Parama,einzel,542
2024/2025,,,368819,Sait Pelit,einzel,542
2024/2025,,,367937,Daniel Schmid,einzel,542
2024/2025,,,368015,Stefan Sock,einzel,542
2024/2025,,,100714,Cong Phan Tran,einzel,542
2024/2025,,,368545,Patrick Wilczek,einzel,542
2024/2025,,,249124,Joshua Armbruster,einzel,543
2024/2025,,,244785,Brian Biercher,einzel,543
2024/2025,,,101192,Ronny Frank,einzel,543
2024/2025,,,247955,David Galwas,einzel,543
2024/2025,,,101451,Steffen Graf,einzel,543
2024/2025,,,101476,Christian Gremmelspacher,einzel,543
2024/2025,,,101485,Ralf Grießhaber,einzel,543
2024/2025,,,101745,Rainer Heilmann,einzel,543
2024/2025,,,253265,Simon Kemmerling,einzel,543
2024/2025,,,353889,Bruno Miletic,einzel,543
2024/2025,,,368559,Maurizio Reith,einzel,543
2024/2025,,,252214,Pascal Sanna,einzel,543
2024/2025,,,368579,Sebastian Scherbinin,einzel,543
2024/2025,,,368616,Mark Szinger,einzel,543
2024/2025,,,368127,Stefan Weiß,einzel,543
2024/2025,,,101856,Bianca Heneka,einzel,551
2024/2025,,,368447,Svetlana Hetjens,einzel,551
2024/2025,,,104025,Priska Leven,einzel,551
2024/2025,,,248622,Frank Diedrich,einzel,548
2024/2025,,,100825,Michael Diedrich,einzel,548
2024/2025,,,368506,Seong-Jin Kim,einzel,548
2024/2025,,,102406,Axel Klimmer,einzel,548
2024/2025,,,103183,Berthold Moser,einzel,548
2024/2025,,,242717,Michael Psarras,einzel,548
2024/2025,,,123146,Markus Rütten,einzel,548
2024/2025,,,103930,Eberhard Sauter,einzel,548
2024/2025,,,104101,Peter Schmidt,einzel,548
2024/2025,,,249145,Drazen Smolcic,einzel,548
2024/2025,,,368780,Thomas Weniger,einzel,548
2024/2025,,,100039,Erdal Akinci,einzel,547
2024/2025,,,368389,Stefan Avrancsev,einzel,547
2024/2025,,,367940,Siegfried Brockmann,einzel,547
2024/2025,,,368111,Ali Cetin,einzel,547
2024/2025,,,367948,Flaviano Gabriele,einzel,547
2024/2025,,,367932,Jürgen Kieble,einzel,547
2024/2025,,,368341,Dieter Krause,einzel,547
2024/2025,,,367933,Siegbert Müller,einzel,547
2024/2025,,,103714,Harald Reutter,einzel,547
2024/2025,,,368299,Christian Schaber,einzel,547
2024/2025,,,104206,Anton Schubert,einzel,547
2024/2025,,,104610,Erwin Thoma,einzel,547
2024/2025,,,104635,Raphael Titzmann,einzel,547
2024/2025,,,367990,Raimund Wanner,einzel,547
2024/2025,,,228713,Erich Wohllaib,einzel,547
2024/2025,,,368237,Pia Albersmeier,einzel,550
2024/2025,,,368423,Stefanie Brakopp,einzel,550
2024/2025,,,368702,Tajana Dürr-Smokovic,einzel,550
2024/2025,,,101958,Sandra Höll,einzel,550
2024/2025,,,368622,Vy Le Tuong,einzel,550
2024/2025,,,102935,Daniela Majer,einzel,550
2024/2025,,,367986,Vanja Nikolic,einzel,550
2024/2025,,,368807,Bayartsetseg Tsogoo,einzel,550
2024/2025,,,252039,Dany Baron,einzel,552
2024/2025,,,100421,Robert Bogdan,einzel,552
2024/2025,,,100638,Adrian Cabanillas Lora,einzel,552
2024/2025,,,245948,Aryan Dayyani,einzel,552
2024/2025,,,101390,Marco Giusa,einzel,552
2024/2025,,,101289,Thomas Gäckle,einzel,552
2024/2025,,,101654,Thomas Handler,einzel,552
2024/2025,,,102603,Stanislaw Kretz,einzel,552
2024/2025,,,246024,Denis Mnich,einzel,552
2024/2025,,,250878,Patrick Mungiuri,einzel,552
2024/2025,,,368051,Edin Porcic,einzel,552
2024/2025,,,157455,Norbert Rollbühler,einzel,552
2024/2025,,,368777,Kian Sohns,einzel,552
2024/2025,,,368041,Alexander Srp,einzel,552
2024/2025,,,104642,Dominik Tonn,einzel,552
2024/2025,,,104761,Goncalo Vieira Manies,einzel,552
2024/2025,,,242963,Marco Warlies,einzel,552
2024/2025,,,368093,Andreas Zillmann,einzel,552
2024/2025,,,368888,Steffen Adler,einzel,553
2024/2025,,,368482,Maximilian Arnt,einzel,553
2024/2025,,,368540,Haydar Chehade,einzel,553
2024/2025,,,368689,Ibrahim Erdogan,einzel,553
2024/2025,,,101749,Jens Heim,einzel,553
2024/2025,,,247504,Riccardo Heinen,einzel,553
2024/2025,,,351635,Robert Klinec,einzel,553
2024/2025,,,240239,Ivan Mikulic,einzel,553
2024/2025,,,368865,Ahmad Nassar,einzel,553
2024/2025,,,368474,Dieter Neumann,einzel,553
2024/2025,,,103558,Benjamin Pran,einzel,553
2024/2025,,,103635,Hendrik Reckers,einzel,553
2024/2025,,,244727,Fabian Snijder,einzel,553
2024/2025,,,104507,Florian Stojanoski,einzel,553
2024/2025,,,104902,Sonny Weber,einzel,553
2024/2025,,,105193,Marco Zieger,einzel,553
2024/2025,,,368688,Fersun Ünsel,einzel,553
2024/2025,,,366767,Miodrag Adrian Caravila,einzel,554
2024/2025,,,368381,Pavlos Dadakos,einzel,554
2024/2025,,,356369,Alexander Fischer,einzel,554
2024/2025,,,368821,Partha Ghosh,einzel,554
2024/2025,,,248769,Marius-Daniel Grigore-Martini,einzel,554
2024/2025,,,242787,Rainer Hermann,einzel,554
2024/2025,,,102219,Thorsten Kappus,einzel,554
2024/2025,,,367934,Andreas Loderer,einzel,554
2024/2025,,,242808,Thorsten Mohr,einzel,554
2024/2025,,,252858,Orhan Parama,einzel,554
2024/2025,,,368819,Sait Pelit,einzel,554
2024/2025,,,242796,Frank Schwenk,einzel,554
2024/2025,,,368628,Wilfried Schön,einzel,554
2024/2025,,,368015,Stefan Sock,einzel,554
2024/2025,,,104671,Marcus Trumpp,einzel,554
2024/2025,,,367964,Dominik Weitzmann,einzel,554
2024/2025,,,249124,Joshua Armbruster,einzel,555
2024/2025,,,244785,Brian Biercher,einzel,555
2024/2025,,,100945,Stefan Duttlinger,einzel,555
2024/2025,,,101192,Ronny Frank,einzel,555
2024/2025,,,247955,David Galwas,einzel,555
2024/2025,,,101451,Steffen Graf,einzel,555
2024/2025,,,101476,Christian Gremmelspacher,einzel,555
2024/2025,,,101485,Ralf Grießhaber,einzel,555
2024/2025,,,101571,Andreas Gut,einzel,555
2024/2025,,,368318,Joey Isenmann,einzel,555
2024/2025,,,102719,Uwe Lang,einzel,555
2024/2025,,,353889,Bruno Miletic,einzel,555
2024/2025,,,103185,Stephan Moser,einzel,555
2024/2025,,,368559,Maurizio Reith,einzel,555
2024/2025,,,252214,Pascal Sanna,einzel,555
2024/2025,,,368579,Sebastian Scherbinin,einzel,555
2024/2025,,,368127,Stefan Weiß,einzel,555
2024/2025,,,368044,Jörg Wolf,einzel,555
2024/2025,,,367996,Nurcan Ezdi,einzel,557
2024/2025,,,101265,Michael Füess,einzel,557
2024/2025,,,242971,Selim Güzel,einzel,557
2024/2025,,,368146,Saeid Heydarpour,einzel,557
2024/2025,,,352494,Jürgen Klatt,einzel,557
2024/2025,,,102424,Andreas Knauf,einzel,557
2024/2025,,,242747,Thomas Mooshammer,einzel,557
2024/2025,,,103289,Ingo Nassall,einzel,557
2024/2025,,,103598,Andreas Rago,einzel,557
2024/2025,,,355443,Michael Reich,einzel,557
2024/2025,,,104109,Uwe Schmidt,einzel,557
2024/2025,,,368774,Marco Sforza,einzel,557
2024/2025,,,368012,Birger Tesnau,einzel,557
2024/2025,,,368200,Jürgen Trost,einzel,557
2024/2025,,,104742,Luis Varon Marques,einzel,557
2024/2025,,,240510,Sven Wezstein,einzel,557
2024/2025,,,240155,Andreas Wittmeier,einzel,557
2024/2025,,,353387,Daniela Behrend,einzel,556
2024/2025,,,100325,Susi Harbrecht-Berndt,einzel,556
2024/2025,,,239637,Irina Killian,einzel,556
2024/2025,,,252901,Evi Leder,einzel,556
2024/2025,,,355165,Katrin Quaschinsky,einzel,556
2024/2025,,,239646,Susanne Schweter,einzel,556
2024/2025,,,353038,Brigitte Uhrig,einzel,556
2024/2025,,,368293,Andrea Zenner,einzel,556
2024/2025,,,100670,Efendi Cekerek,einzel,558
2024/2025,,,252865,Axel Eberle,einzel,558
2024/2025,,,355986,Josip Guja,einzel,558
2024/2025,,,101550,Christoph Günthner,einzel,558
2024/2025,,,101803,Michael Heneka,einzel,558
2024/2025,,,101994,Gerd Hörrmann,einzel,558
2024/2025,,,356371,Jonny Knapp,einzel,558
2024/2025,,,368490,Alexander Kocher,einzel,558
2024/2025,,,102759,Harald Leder,einzel,558
2024/2025,,,368610,Lukas Masson,einzel,558
2024/2025,,,103617,Detlef Ratz,einzel,558
2024/2025,,,250306,Luigi Sarullo,einzel,558
2024/2025,,,104376,Darius Skowronek,einzel,558
2024/2025,,,356203,Ali Tinoush,einzel,558
2024/2025,,,104844,Rolf Waible,einzel,558
2024/2025,,,367987,Mike Walter,einzel,558
2024/2025,,,368434,Abdullah Yesil,einzel,558
2024/2025,,,105217,Karl-Heinz Zimmermann,einzel,558
2024/2025,,,100039,Erdal Akinci,einzel,559
2024/2025,,,100124,Ottmar Auzinger,einzel,559
2024/2025,,,368389,Stefan Avrancsev,einzel,559
2024/2025,,,368516,Uwe Barth,einzel,559
2024/2025,,,367940,Siegfried Brockmann,einzel,559
2024/2025,,,367948,Flaviano Gabriele,einzel,559
2024/2025,,,368878,Theo Georgoudious,einzel,559
2024/2025,,,101426,Boris Golic,einzel,559
2024/2025,,,368341,Dieter Krause,einzel,559
2024/2025,,,102831,Jörg Lingl,einzel,559
2024/2025,,,368299,Christian Schaber,einzel,559
2024/2025,,,104085,Werner Schmidberger,einzel,559
2024/2025,,,104610,Erwin Thoma,einzel,559
2024/2025,,,104635,Raphael Titzmann,einzel,559
2024/2025,,,228713,Erich Wohllaib,einzel,559
2024/2025,,,368888,Steffen Adler,einzel,565
2024/2025,,,368526,Ralf Bühler,einzel,565
2024/2025,,,250899,Rouven Elischer,einzel,565
2024/2025,,,368689,Ibrahim Erdogan,einzel,565
2024/2025,,,351633,Jochen Fiedler,einzel,565
2024/2025,,,247504,Riccardo Heinen,einzel,565
2024/2025,,,247176,Eric Mattern,einzel,565
2024/2025,,,368474,Dieter Neumann,einzel,565
2024/2025,,,368839,Viet Anh Nguyen,einzel,565
2024/2025,,,368818,Leon Schick,einzel,565
2024/2025,,,104507,Florian Stojanoski,einzel,565
2024/2025,,,231078,Tayfun Teber,einzel,565
2024/2025,,,104902,Sonny Weber,einzel,565
2024/2025,,,105043,Dirk Windecker,einzel,565
2024/2025,,,105193,Marco Zieger,einzel,565
2024/2025,,,368688,Fersun Ünsel,einzel,565
2024/2025,,,100292,Horst Bendig,einzel,560
2024/2025,,,248622,Frank Diedrich,einzel,560
2024/2025,,,100825,Michael Diedrich,einzel,560
2024/2025,,,368226,Ali El Ajouz,einzel,560
2024/2025,,,100996,Marcus Elfenthal,einzel,560
2024/2025,,,368382,Bernd Feierabend,einzel,560
2024/2025,,,368506,Seong-Jin Kim,einzel,560
2024/2025,,,102406,Axel Klimmer,einzel,560
2024/2025,,,102948,Rolf Mangelsdorf,einzel,560
2024/2025,,,103183,Berthold Moser,einzel,560
2024/2025,,,242717,Michael Psarras,einzel,560
2024/2025,,,123146,Markus Rütten,einzel,560
2024/2025,,,103930,Eberhard Sauter,einzel,560
2024/2025,,,104101,Peter Schmidt,einzel,560
2024/2025,,,249145,Drazen Smolcic,einzel,560
2024/2025,,,368780,Thomas Weniger,einzel,560
2024/2025,,,252039,Dany Baron,einzel,564
2024/2025,,,100638,Adrian Cabanillas Lora,einzel,564
2024/2025,,,245948,Aryan Dayyani,einzel,564
2024/2025,,,249451,Andrei Deliman,einzel,564
2024/2025,,,100972,Benjamin Eiberger,einzel,564
2024/2025,,,101390,Marco Giusa,einzel,564
2024/2025,,,101289,Thomas Gäckle,einzel,564
2024/2025,,,101672,Matthias Hardtke,einzel,564
2024/2025,,,102603,Stanislaw Kretz,einzel,564
2024/2025,,,102645,Stefan Künzl,einzel,564
2024/2025,,,102864,Matthias Ludersdorfer,einzel,564
2024/2025,,,103634,Stephan Rech-Linker,einzel,564
2024/2025,,,368777,Kian Sohns,einzel,564
2024/2025,,,368372,Kalin-Felix Stefanov,einzel,564
2024/2025,,,104642,Dominik Tonn,einzel,564
2024/2025,,,104761,Goncalo Vieira Manies,einzel,564
2024/2025,,,242963,Marco Warlies,einzel,564
2024/2025,,,249310,Nic Woywodt,einzel,564
2024/2025,,,100156,Hans-Jürgen Bailer,einzel,569
2024/2025,,,242971,Selim Güzel,einzel,569
2024/2025,,,101574,Michael Haag,einzel,569
2024/2025,,,242976,Anastasios Kagelidis,einzel,569
2024/2025,,,242747,Thomas Mooshammer,einzel,569
2024/2025,,,103289,Ingo Nassall,einzel,569
2024/2025,,,103479,Andreas Pauling,einzel,569
2024/2025,,,355443,Michael Reich,einzel,569
2024/2025,,,103882,Alfred Rutkowski,einzel,569
2024/2025,,,104109,Uwe Schmidt,einzel,569
2024/2025,,,351950,Olaf Schwarz,einzel,569
2024/2025,,,104273,Robert Schwarz,einzel,569
2024/2025,,,367983,Taner Susuz,einzel,569
2024/2025,,,368012,Birger Tesnau,einzel,569
2024/2025,,,368200,Jürgen Trost,einzel,569
2024/2025,,,104685,Machmut Turan,einzel,569
2024/2025,,,240510,Sven Wezstein,einzel,569
2024/2025,,,100670,Efendi Cekerek,einzel,570
2024/2025,,,101114,Gordon Fenske,einzel,570
2024/2025,,,101994,Gerd Hörrmann,einzel,570
2024/2025,,,102069,Lutz Iserhardt,einzel,570
2024/2025,,,102294,Ralf Kempermann,einzel,570
2024/2025,,,356371,Jonny Knapp,einzel,570
2024/2025,,,368490,Alexander Kocher,einzel,570
2024/2025,,,102759,Harald Leder,einzel,570
2024/2025,,,102870,Willi Ludwig,einzel,570
2024/2025,,,103105,Michael Metzger,einzel,570
2024/2025,,,103617,Detlef Ratz,einzel,570
2024/2025,,,250306,Luigi Sarullo,einzel,570
2024/2025,,,104021,Jörg Schick-Bringer,einzel,570
2024/2025,,,104376,Darius Skowronek,einzel,570
2024/2025,,,104532,Michael Straub,einzel,570
2024/2025,,,356203,Ali Tinoush,einzel,570
2024/2025,,,104844,Rolf Waible,einzel,570
2024/2025,,,221366,Henning Wilkner,einzel,570
2024/2025,,,249124,Joshua Armbruster,einzel,567
2024/2025,,,101192,Ronny Frank,einzel,567
2024/2025,,,247955,David Galwas,einzel,567
2024/2025,,,101476,Christian Gremmelspacher,einzel,567
2024/2025,,,101485,Ralf Grießhaber,einzel,567
2024/2025,,,103314,Jonathan Nestler,einzel,567
2024/2025,,,252214,Pascal Sanna,einzel,567
2024/2025,,,368579,Sebastian Scherbinin,einzel,567
2024/2025,,,104365,Asmir Sinanovic,einzel,567
2024/2025,,,368044,Jörg Wolf,einzel,567
2024/2025,,,368381,Pavlos Dadakos,einzel,566
2024/2025,,,100904,Martin Doster,einzel,566
2024/2025,,,368821,Partha Ghosh,einzel,566
2024/2025,,,248769,Marius-Daniel Grigore-Martini,einzel,566
2024/2025,,,367934,Andreas Loderer,einzel,566
2024/2025,,,242808,Thorsten Mohr,einzel,566
2024/2025,,,368819,Sait Pelit,einzel,566
2024/2025,,,367937,Daniel Schmid,einzel,566
2024/2025,,,368628,Wilfried Schön,einzel,566
2024/2025,,,368015,Stefan Sock,einzel,566
2024/2025,,,367964,Dominik Weitzmann,einzel,566
2024/2025,,,100039,Erdal Akinci,einzel,571
2024/2025,,,100075,Benno Amann,einzel,571
2024/2025,,,100124,Ottmar Auzinger,einzel,571
2024/2025,,,368058,Holger Domdey,einzel,571
2024/2025,,,368878,Theo Georgoudious,einzel,571
2024/2025,,,101658,Torsten Hanisch,einzel,571
2024/2025,,,104206,Anton Schubert,einzel,571
2024/2025,,,100060,Marc Allinger,einzel,572
2024/2025,,,248622,Frank Diedrich,einzel,572
2024/2025,,,100825,Michael Diedrich,einzel,572
2024/2025,,,368506,Seong-Jin Kim,einzel,572
2024/2025,,,102948,Rolf Mangelsdorf,einzel,572
2024/2025,,,123146,Markus Rütten,einzel,572
2024/2025,,,103930,Eberhard Sauter,einzel,572
2024/2025,,,104101,Peter Schmidt,einzel,572
2024/2025,,,249145,Drazen Smolcic,einzel,572
2024/2025,,,368780,Thomas Weniger,einzel,572
2024/2025,,,251815,Kevin Adamczyk,einzel,573
2024/2025,,,368869,Saif Azzawi,einzel,573
2024/2025,,,368236,Joshua Bartsch,einzel,573
2024/2025,,,355875,Mohammed Ali Bemah,einzel,573
2024/2025,,,351923,Maxim Buchstab,einzel,573
2024/2025,,,242926,Nils Dannhauer,einzel,573
2024/2025,,,100773,Fiorenzo De Nuzzo,einzel,573
2024/2025,,,249451,Andrei Deliman,einzel,573
2024/2025,,,100972,Benjamin Eiberger,einzel,573
2024/2025,,,367996,Nurcan Ezdi,einzel,573
2024/2025,,,242969,Carlo Frasch,einzel,573
2024/2025,,,368393,Thomas Frommer,einzel,573
2024/2025,,,368138,Philip Gamerdinger,einzel,573
2024/2025,,,368856,Thomas Graner,einzel,573
2024/2025,,,368292,Matthias Grgic,einzel,573
2024/2025,,,101289,Thomas Gäckle,einzel,573
2024/2025,,,368343,Marcel Haab,einzel,573
2024/2025,,,101654,Thomas Handler,einzel,573
2024/2025,,,228904,Tobias Hirt,einzel,573
2024/2025,,,353408,Christopher Hopp,einzel,573
2024/2025,,,102013,Marco Huber,einzel,573
2024/2025,,,368283,Andreas Höhn,einzel,573
2024/2025,,,102379,Daniel Klapper,einzel,573
2024/2025,,,102694,Daniel La Cognata,einzel,573
2024/2025,,,368505,Markus Löscher,einzel,573
2024/2025,,,246024,Denis Mnich,einzel,573
2024/2025,,,103552,Claudio Pontuti,einzel,573
2024/2025,,,368051,Edin Porcic,einzel,573
2024/2025,,,350350,Michal Radwan,einzel,573
2024/2025,,,103686,Michael Reiser,einzel,573
2024/2025,,,157455,Norbert Rollbühler,einzel,573
2024/2025,,,368289,Kevin Schieber,einzel,573
2024/2025,,,368047,Marvin Schiele,einzel,573
2024/2025,,,242888,Andreas Schmid,einzel,573
2024/2025,,,368504,Finn Schmitz,einzel,573
2024/2025,,,367912,Nikolaos Seristatidis,einzel,573
2024/2025,,,368777,Kian Sohns,einzel,573
2024/2025,,,366248,Matthias Stolz,einzel,573
2024/2025,,,368778,Dimitrios Stotoglou,einzel,573
2024/2025,,,104541,Alexander Striker,einzel,573
2024/2025,,,368645,Joel Louis Egon Strohmayer,einzel,573
2024/2025,,,350651,Marvin Szymiczek,einzel,573
2024/2025,,,104642,Dominik Tonn,einzel,573
2024/2025,,,104761,Goncalo Vieira Manies,einzel,573
2024/2025,,,368761,Frank Vollath,einzel,573
2024/2025,,,368868,Matthias Weigl,einzel,573
2024/2025,,,252010,Long Werner,einzel,573
2024/2025,,,368093,Andreas Zillmann,einzel,573
2024/2025,,,244785,Brian Biercher,einzel,576
2024/2025,,,368562,Jeremy Eckert,einzel,576
2024/2025,,,101192,Ronny Frank,einzel,576
2024/2025,,,247955,David Galwas,einzel,576
2024/2025,,,252216,Danny Golling,einzel,576
2024/2025,,,101451,Steffen Graf,einzel,576
2024/2025,,,101476,Christian Gremmelspacher,einzel,576
2024/2025,,,101745,Rainer Heilmann,einzel,576
2024/2025,,,368318,Joey Isenmann,einzel,576
2024/2025,,,368563,Joachim Koepke,einzel,576
2024/2025,,,368558,Alen Mulaosmanovic,einzel,576
2024/2025,,,368559,Maurizio Reith,einzel,576
2024/2025,,,252214,Pascal Sanna,einzel,576
2024/2025,,,368579,Sebastian Scherbinin,einzel,576
2024/2025,,,104365,Asmir Sinanovic,einzel,576
2024/2025,,,368616,Mark Szinger,einzel,576
2024/2025,,,368560,Manuel Wissen,einzel,576
2024/2025,,,355793,Klaus Woehrlin,einzel,576
2024/2025,,,368044,Jörg Wolf,einzel,576
2024/2025,,,245692,Harun Ahmadi,einzel,574
2024/2025,,,368482,Maximilian Arnt,einzel,574
2024/2025,,,368584,Lukas Böser,einzel,574
2024/2025,,,368526,Ralf Bühler,einzel,574
2024/2025,,,368540,Haydar Chehade,einzel,574
2024/2025,,,101313,Stefan Gaschler,einzel,574
2024/2025,,,368751,Giovanni Genovese,einzel,574
2024/2025,,,101749,Jens Heim,einzel,574
2024/2025,,,247504,Riccardo Heinen,einzel,574
2024/2025,,,240171,Steffen Hoffmann,einzel,574
2024/2025,,,102502,Viktor König,einzel,574
2024/2025,,,368865,Ahmad Nassar,einzel,574
2024/2025,,,103573,Marc Proissl,einzel,574
2024/2025,,,103581,Matthias Pujic,einzel,574
2024/2025,,,366458,Besim Rama,einzel,574
2024/2025,,,171256,Timo Reinert,einzel,574
2024/2025,,,368818,Leon Schick,einzel,574
2024/2025,,,244727,Fabian Snijder,einzel,574
2024/2025,,,368235,Jens Sommer,einzel,574
2024/2025,,,104507,Florian Stojanoski,einzel,574
2024/2025,,,231078,Tayfun Teber,einzel,574
2024/2025,,,368730,Alex Vuong,einzel,574
2024/2025,,,104902,Sonny Weber,einzel,574
2024/2025,,,350683,Kevin Wetzel,einzel,574
2024/2025,,,355824,Tobias Abt,einzel,575
2024/2025,,,100100,Markus Appenowitz,einzel,575
2024/2025,,,366767,Miodrag Adrian Caravila,einzel,575
2024/2025,,,368381,Pavlos Dadakos,einzel,575
2024/2025,,,100904,Martin Doster,einzel,575
2024/2025,,,368182,Besirat Fekadu,einzel,575
2024/2025,,,356369,Alexander Fischer,einzel,575
2024/2025,,,368156,Kevin Patrick Fischer,einzel,575
2024/2025,,,368821,Partha Ghosh,einzel,575
2024/2025,,,248769,Marius-Daniel Grigore-Martini,einzel,575
2024/2025,,,242992,Mark Hast,einzel,575
2024/2025,,,102219,Thorsten Kappus,einzel,575
2024/2025,,,368597,Alper Körpe,einzel,575
2024/2025,,,242808,Thorsten Mohr,einzel,575
2024/2025,,,368819,Sait Pelit,einzel,575
2024/2025,,,367989,Martin Reinhardt,einzel,575
2024/2025,,,103925,Sascha Sauer,einzel,575
2024/2025,,,353693,Michael Schulz,einzel,575
2024/2025,,,242796,Frank Schwenk,einzel,575
2024/2025,,,368628,Wilfried Schön,einzel,575
2024/2025,,,104354,Manfred Sieweke,einzel,575
2024/2025,,,368843,Michael Vollmer,einzel,575
2024/2025,,,355803,Randee Ramzi Yalda,einzel,575
2024/2025,,,251815,Kevin Adamczyk,einzel,577
2024/2025,,,368869,Saif Azzawi,einzel,577
2024/2025,,,355875,Mohammed Ali Bemah,einzel,577
2024/2025,,,368823,Adeeb Bitar,einzel,577
2024/2025,,,368518,Jannik Buchstab,einzel,577
2024/2025,,,368321,Daniel Christoph,einzel,577
2024/2025,,,368419,Catalin Damian,einzel,577
2024/2025,,,242926,Nils Dannhauer,einzel,577
2024/2025,,,100773,Fiorenzo De Nuzzo,einzel,577
2024/2025,,,249451,Andrei Deliman,einzel,577
2024/2025,,,100972,Benjamin Eiberger,einzel,577
2024/2025,,,352635,Draoui El Mokhtar,einzel,577
2024/2025,,,368393,Thomas Frommer,einzel,577
2024/2025,,,368319,Luka Fuchs,einzel,577
2024/2025,,,368138,Philip Gamerdinger,einzel,577
2024/2025,,,368856,Thomas Graner,einzel,577
2024/2025,,,368292,Matthias Grgic,einzel,577
2024/2025,,,101289,Thomas Gäckle,einzel,577
2024/2025,,,101654,Thomas Handler,einzel,577
2024/2025,,,353408,Christopher Hopp,einzel,577
2024/2025,,,102013,Marco Huber,einzel,577
2024/2025,,,368283,Andreas Höhn,einzel,577
2024/2025,,,368811,Philipp Kibele,einzel,577
2024/2025,,,102379,Daniel Klapper,einzel,577
2024/2025,,,102603,Stanislaw Kretz,einzel,577
2024/2025,,,102626,Thomas Krüger,einzel,577
2024/2025,,,102694,Daniel La Cognata,einzel,577
2024/2025,,,366176,Stefan Lorenz,einzel,577
2024/2025,,,368324,Angelo Lázaro Colucci,einzel,577
2024/2025,,,246024,Denis Mnich,einzel,577
2024/2025,,,368353,Jens Murat,einzel,577
2024/2025,,,249359,Florian Pasch,einzel,577
2024/2025,,,103552,Claudio Pontuti,einzel,577
2024/2025,,,368269,Asim Ramakic,einzel,577
2024/2025,,,103686,Michael Reiser,einzel,577
2024/2025,,,368047,Marvin Schiele,einzel,577
2024/2025,,,367912,Nikolaos Seristatidis,einzel,577
2024/2025,,,368777,Kian Sohns,einzel,577
2024/2025,,,368041,Alexander Srp,einzel,577
2024/2025,,,368372,Kalin-Felix Stefanov,einzel,577
2024/2025,,,366248,Matthias Stolz,einzel,577
2024/2025,,,368778,Dimitrios Stotoglou,einzel,577
2024/2025,,,368645,Joel Louis Egon Strohmayer,einzel,577
2024/2025,,,350651,Marvin Szymiczek,einzel,577
2024/2025,,,104642,Dominik Tonn,einzel,577
2024/2025,,,368761,Frank Vollath,einzel,577
2024/2025,,,242963,Marco Warlies,einzel,577
2024/2025,,,252010,Long Werner,einzel,577
2024/2025,,,249310,Nic Woywodt,einzel,577
2024/2025,,,368093,Andreas Zillmann,einzel,577
2024/2025,,,230995,Mustafa Özyürük,einzel,577
2024/2025,,,368888,Steffen Adler,einzel,578
2024/2025,,,245692,Harun Ahmadi,einzel,578
2024/2025,,,368482,Maximilian Arnt,einzel,578
2024/2025,,,368519,Eric Braun,einzel,578
2024/2025,,,368526,Ralf Bühler,einzel,578
2024/2025,,,368689,Ibrahim Erdogan,einzel,578
2024/2025,,,368832,Timm Ganske,einzel,578
2024/2025,,,101749,Jens Heim,einzel,578
2024/2025,,,247504,Riccardo Heinen,einzel,578
2024/2025,,,240171,Steffen Hoffmann,einzel,578
2024/2025,,,368779,Fabian Klausmann,einzel,578
2024/2025,,,368831,Leonhard Klecker,einzel,578
2024/2025,,,351635,Robert Klinec,einzel,578
2024/2025,,,368433,Alper Köreken,einzel,578
2024/2025,,,240239,Ivan Mikulic,einzel,578
2024/2025,,,368865,Ahmad Nassar,einzel,578
2024/2025,,,368839,Viet Anh Nguyen,einzel,578
2024/2025,,,103573,Marc Proissl,einzel,578
2024/2025,,,366458,Besim Rama,einzel,578
2024/2025,,,103635,Hendrik Reckers,einzel,578
2024/2025,,,368818,Leon Schick,einzel,578
2024/2025,,,356030,Johannes Seith,einzel,578
2024/2025,,,244727,Fabian Snijder,einzel,578
2024/2025,,,368235,Jens Sommer,einzel,578
2024/2025,,,368118,Stefan Süß,einzel,578
2024/2025,,,231078,Tayfun Teber,einzel,578
2024/2025,,,368730,Alex Vuong,einzel,578
2024/2025,,,104902,Sonny Weber,einzel,578
2024/2025,,,105043,Dirk Windecker,einzel,578
2024/2025,,,105193,Marco Zieger,einzel,578
2024/2025,,,368688,Fersun Ünsel,einzel,578
2024/2025,,,368781,Kevin Albert,einzel,580
2024/2025,,,249124,Joshua Armbruster,einzel,580
2024/2025,,,244785,Brian Biercher,einzel,580
2024/2025,,,368562,Jeremy Eckert,einzel,580
2024/2025,,,101192,Ronny Frank,einzel,580
2024/2025,,,252216,Danny Golling,einzel,580
2024/2025,,,101451,Steffen Graf,einzel,580
2024/2025,,,101476,Christian Gremmelspacher,einzel,580
2024/2025,,,101485,Ralf Grießhaber,einzel,580
2024/2025,,,101571,Andreas Gut,einzel,580
2024/2025,,,101745,Rainer Heilmann,einzel,580
2024/2025,,,368318,Joey Isenmann,einzel,580
2024/2025,,,253265,Simon Kemmerling,einzel,580
2024/2025,,,368563,Joachim Koepke,einzel,580
2024/2025,,,353889,Bruno Miletic,einzel,580
2024/2025,,,368558,Alen Mulaosmanovic,einzel,580
2024/2025,,,368559,Maurizio Reith,einzel,580
2024/2025,,,368579,Sebastian Scherbinin,einzel,580
2024/2025,,,104365,Asmir Sinanovic,einzel,580
2024/2025,,,368616,Mark Szinger,einzel,580
2024/2025,,,368560,Manuel Wissen,einzel,580
2024/2025,,,355793,Klaus Woehrlin,einzel,580
2024/2025,,,368044,Jörg Wolf,einzel,580
2024/2025,,,355824,Tobias Abt,einzel,579
2024/2025,,,366767,Miodrag Adrian Caravila,einzel,579
2024/2025,,,100904,Martin Doster,einzel,579
2024/2025,,,368182,Besirat Fekadu,einzel,579
2024/2025,,,356369,Alexander Fischer,einzel,579
2024/2025,,,368156,Kevin Patrick Fischer,einzel,579
2024/2025,,,368821,Partha Ghosh,einzel,579
2024/2025,,,248769,Marius-Daniel Grigore-Martini,einzel,579
2024/2025,,,242992,Mark Hast,einzel,579
2024/2025,,,102219,Thorsten Kappus,einzel,579
2024/2025,,,367934,Andreas Loderer,einzel,579
2024/2025,,,368848,Franz Miehle,einzel,579
2024/2025,,,252858,Orhan Parama,einzel,579
2024/2025,,,368819,Sait Pelit,einzel,579
2024/2025,,,367921,Alexander Rommel,einzel,579
2024/2025,,,367937,Daniel Schmid,einzel,579
2024/2025,,,368628,Wilfried Schön,einzel,579
2024/2025,,,368015,Stefan Sock,einzel,579
2024/2025,,,100714,Cong Phan Tran,einzel,579
2024/2025,,,367964,Dominik Weitzmann,einzel,579
2024/2025,,,368545,Patrick Wilczek,einzel,579
2024/2025,,,368888,Steffen Adler,einzel,582
2024/2025,,,245692,Harun Ahmadi,einzel,582
2024/2025,,,368482,Maximilian Arnt,einzel,582
2024/2025,,,368537,Henrik Böker,einzel,582
2024/2025,,,368584,Lukas Böser,einzel,582
2024/2025,,,368540,Haydar Chehade,einzel,582
2024/2025,,,252865,Axel Eberle,einzel,582
2024/2025,,,368689,Ibrahim Erdogan,einzel,582
2024/2025,,,101749,Jens Heim,einzel,582
2024/2025,,,247504,Riccardo Heinen,einzel,582
2024/2025,,,240171,Steffen Hoffmann,einzel,582
2024/2025,,,368831,Leonhard Klecker,einzel,582
2024/2025,,,351635,Robert Klinec,einzel,582
2024/2025,,,240239,Ivan Mikulic,einzel,582
2024/2025,,,368865,Ahmad Nassar,einzel,582
2024/2025,,,368839,Viet Anh Nguyen,einzel,582
2024/2025,,,103558,Benjamin Pran,einzel,582
2024/2025,,,366458,Besim Rama,einzel,582
2024/2025,,,103617,Detlef Ratz,einzel,582
2024/2025,,,368818,Leon Schick,einzel,582
2024/2025,,,244727,Fabian Snijder,einzel,582
2024/2025,,,368235,Jens Sommer,einzel,582
2024/2025,,,240243,Andree Säubert,einzel,582
2024/2025,,,368118,Stefan Süß,einzel,582
2024/2025,,,231078,Tayfun Teber,einzel,582
2024/2025,,,104902,Sonny Weber,einzel,582
2024/2025,,,368538,Niklas Weiß,einzel,582
2024/2025,,,105043,Dirk Windecker,einzel,582
2024/2025,,,105193,Marco Zieger,einzel,582
2024/2025,,,368688,Fersun Ünsel,einzel,582
2024/2025,,,251815,Kevin Adamczyk,einzel,581
2024/2025,,,242951,Yunus Ayvaz,einzel,581
2024/2025,,,368869,Saif Azzawi,einzel,581
2024/2025,,,252039,Dany Baron,einzel,581
2024/2025,,,368236,Joshua Bartsch,einzel,581
2024/2025,,,355875,Mohammed Ali Bemah,einzel,581
2024/2025,,,100421,Robert Bogdan,einzel,581
2024/2025,,,351923,Maxim Buchstab,einzel,581
2024/2025,,,100616,Zeljko Burmazovic,einzel,581
2024/2025,,,368458,Timo Buske,einzel,581
2024/2025,,,245948,Aryan Dayyani,einzel,581
2024/2025,,,100773,Fiorenzo De Nuzzo,einzel,581
2024/2025,,,249451,Andrei Deliman,einzel,581
2024/2025,,,100972,Benjamin Eiberger,einzel,581
2024/2025,,,368319,Luka Fuchs,einzel,581
2024/2025,,,101390,Marco Giusa,einzel,581
2024/2025,,,368856,Thomas Graner,einzel,581
2024/2025,,,368292,Matthias Grgic,einzel,581
2024/2025,,,101289,Thomas Gäckle,einzel,581
2024/2025,,,349928,Pascal Habiger,einzel,581
2024/2025,,,353913,Saman Hadi,einzel,581
2024/2025,,,101654,Thomas Handler,einzel,581
2024/2025,,,228904,Tobias Hirt,einzel,581
2024/2025,,,102013,Marco Huber,einzel,581
2024/2025,,,368283,Andreas Höhn,einzel,581
2024/2025,,,242922,Maximilian Jentsch,einzel,581
2024/2025,,,368811,Philipp Kibele,einzel,581
2024/2025,,,102603,Stanislaw Kretz,einzel,581
2024/2025,,,368771,Florian Krieg,einzel,581
2024/2025,,,102626,Thomas Krüger,einzel,581
2024/2025,,,102694,Daniel La Cognata,einzel,581
2024/2025,,,366176,Stefan Lorenz,einzel,581
2024/2025,,,368324,Angelo Lázaro Colucci,einzel,581
2024/2025,,,246024,Denis Mnich,einzel,581
2024/2025,,,250878,Patrick Mungiuri,einzel,581
2024/2025,,,368353,Jens Murat,einzel,581
2024/2025,,,103552,Claudio Pontuti,einzel,581
2024/2025,,,368051,Edin Porcic,einzel,581
2024/2025,,,350350,Michal Radwan,einzel,581
2024/2025,,,368450,Jürgen Reisner,einzel,581
2024/2025,,,368827,Tobias Reisner,einzel,581
2024/2025,,,157455,Norbert Rollbühler,einzel,581
2024/2025,,,368047,Marvin Schiele,einzel,581
2024/2025,,,367912,Nikolaos Seristatidis,einzel,581
2024/2025,,,368777,Kian Sohns,einzel,581
2024/2025,,,355901,Alexandar Stankovic,einzel,581
2024/2025,,,368372,Kalin-Felix Stefanov,einzel,581
2024/2025,,,366248,Matthias Stolz,einzel,581
2024/2025,,,104541,Alexander Striker,einzel,581
2024/2025,,,368645,Joel Louis Egon Strohmayer,einzel,581
2024/2025,,,350651,Marvin Szymiczek,einzel,581
2024/2025,,,104642,Dominik Tonn,einzel,581
2024/2025,,,368761,Frank Vollath,einzel,581
2024/2025,,,252010,Long Werner,einzel,581
2024/2025,,,249310,Nic Woywodt,einzel,581
2024/2025,,,368093,Andreas Zillmann,einzel,581
2024/2025,,,355824,Tobias Abt,einzel,583
2024/2025,,,366767,Miodrag Adrian Caravila,einzel,583
2024/2025,,,368182,Besirat Fekadu,einzel,583
2024/2025,,,356369,Alexander Fischer,einzel,583
2024/2025,,,368821,Partha Ghosh,einzel,583
2024/2025,,,248769,Marius-Daniel Grigore-Martini,einzel,583
2024/2025,,,102219,Thorsten Kappus,einzel,583
2024/2025,,,368597,Alper Körpe,einzel,583
2024/2025,,,367934,Andreas Loderer,einzel,583
2024/2025,,,242808,Thorsten Mohr,einzel,583
2024/2025,,,252858,Orhan Parama,einzel,583
2024/2025,,,368819,Sait Pelit,einzel,583
2024/2025,,,367989,Martin Reinhardt,einzel,583
2024/2025,,,242796,Frank Schwenk,einzel,583
2024/2025,,,368628,Wilfried Schön,einzel,583
2024/2025,,,368015,Stefan Sock,einzel,583
2024/2025,,,104671,Marcus Trumpp,einzel,583
2024/2025,,,367964,Dominik Weitzmann,einzel,583
2024/2025,,,368545,Patrick Wilczek,einzel,583
2024/2025,,,100645,Thomas Vincenzo Campo,einzel,601
2024/2025,,,100670,Efendi Cekerek,einzel,601
2024/2025,,,101114,Gordon Fenske,einzel,601
2024/2025,,,102069,Lutz Iserhardt,einzel,601
2024/2025,,,356371,Jonny Knapp,einzel,601
2024/2025,,,368490,Alexander Kocher,einzel,601
2024/2025,,,103105,Michael Metzger,einzel,601
2024/2025,,,103617,Detlef Ratz,einzel,601
2024/2025,,,250306,Luigi Sarullo,einzel,601
2024/2025,,,104021,Jörg Schick-Bringer,einzel,601
2024/2025,,,104376,Darius Skowronek,einzel,601
2024/2025,,,104532,Michael Straub,einzel,601
2024/2025,,,356203,Ali Tinoush,einzel,601
2024/2025,,,104820,Tom Wacker,einzel,601
2024/2025,,,104844,Rolf Waible,einzel,601
2024/2025,,,221366,Henning Wilkner,einzel,601
2024/2025,,,111963,Bernd Woitanowski,einzel,601
2024/2025,,,105103,Dieter Wolk,einzel,601
2024/2025,,,105217,Karl-Heinz Zimmermann,einzel,601
2024/2025,,,251815,Kevin Adamczyk,einzel,585
2024/2025,,,252039,Dany Baron,einzel,585
2024/2025,,,355875,Mohammed Ali Bemah,einzel,585
2024/2025,,,368823,Adeeb Bitar,einzel,585
2024/2025,,,242926,Nils Dannhauer,einzel,585
2024/2025,,,245948,Aryan Dayyani,einzel,585
2024/2025,,,100773,Fiorenzo De Nuzzo,einzel,585
2024/2025,,,249451,Andrei Deliman,einzel,585
2024/2025,,,100972,Benjamin Eiberger,einzel,585
2024/2025,,,242969,Carlo Frasch,einzel,585
2024/2025,,,368319,Luka Fuchs,einzel,585
2024/2025,,,101390,Marco Giusa,einzel,585
2024/2025,,,368856,Thomas Graner,einzel,585
2024/2025,,,368292,Matthias Grgic,einzel,585
2024/2025,,,101654,Thomas Handler,einzel,585
2024/2025,,,368547,Eduard Hartter,einzel,585
2024/2025,,,228904,Tobias Hirt,einzel,585
2024/2025,,,353408,Christopher Hopp,einzel,585
2024/2025,,,102013,Marco Huber,einzel,585
2024/2025,,,253091,Sven Kaupp,einzel,585
2024/2025,,,368811,Philipp Kibele,einzel,585
2024/2025,,,102379,Daniel Klapper,einzel,585
2024/2025,,,102603,Stanislaw Kretz,einzel,585
2024/2025,,,368771,Florian Krieg,einzel,585
2024/2025,,,102645,Stefan Künzl,einzel,585
2024/2025,,,366176,Stefan Lorenz,einzel,585
2024/2025,,,102864,Matthias Ludersdorfer,einzel,585
2024/2025,,,368324,Angelo Lázaro Colucci,einzel,585
2024/2025,,,246024,Denis Mnich,einzel,585
2024/2025,,,368773,Dragan Pajovic,einzel,585
2024/2025,,,103634,Stephan Rech-Linker,einzel,585
2024/2025,,,367912,Nikolaos Seristatidis,einzel,585
2024/2025,,,368777,Kian Sohns,einzel,585
2024/2025,,,368778,Dimitrios Stotoglou,einzel,585
2024/2025,,,104541,Alexander Striker,einzel,585
2024/2025,,,350651,Marvin Szymiczek,einzel,585
2024/2025,,,104642,Dominik Tonn,einzel,585
2024/2025,,,104761,Goncalo Vieira Manies,einzel,585
2024/2025,,,242963,Marco Warlies,einzel,585
2024/2025,,,249310,Nic Woywodt,einzel,585
2024/2025,,,368093,Andreas Zillmann,einzel,585
2024/2025,,,368781,Kevin Albert,einzel,587
2024/2025,,,249124,Joshua Armbruster,einzel,587
2024/2025,,,244785,Brian Biercher,einzel,587
2024/2025,,,368562,Jeremy Eckert,einzel,587
2024/2025,,,101192,Ronny Frank,einzel,587
2024/2025,,,247955,David Galwas,einzel,587
2024/2025,,,101476,Christian Gremmelspacher,einzel,587
2024/2025,,,101485,Ralf Grießhaber,einzel,587
2024/2025,,,353889,Bruno Miletic,einzel,587
2024/2025,,,368558,Alen Mulaosmanovic,einzel,587
2024/2025,,,368559,Maurizio Reith,einzel,587
2024/2025,,,252214,Pascal Sanna,einzel,587
2024/2025,,,368579,Sebastian Scherbinin,einzel,587
2024/2025,,,104365,Asmir Sinanovic,einzel,587
2024/2025,,,368560,Manuel Wissen,einzel,587
2024/2025,,,368044,Jörg Wolf,einzel,587
2024/2025,,,100156,Hans-Jürgen Bailer,einzel,604
2024/2025,,,100852,Heiko Difflipp,einzel,604
2024/2025,,,368042,Haci Eymir,einzel,604
2024/2025,,,242971,Selim Güzel,einzel,604
2024/2025,,,101574,Michael Haag,einzel,604
2024/2025,,,350315,Ralf Hohlfeld,einzel,604
2024/2025,,,242976,Anastasios Kagelidis,einzel,604
2024/2025,,,352494,Jürgen Klatt,einzel,604
2024/2025,,,102424,Andreas Knauf,einzel,604
2024/2025,,,242747,Thomas Mooshammer,einzel,604
2024/2025,,,103479,Andreas Pauling,einzel,604
2024/2025,,,103598,Andreas Rago,einzel,604
2024/2025,,,355443,Michael Reich,einzel,604
2024/2025,,,103882,Alfred Rutkowski,einzel,604
2024/2025,,,104109,Uwe Schmidt,einzel,604
2024/2025,,,351950,Olaf Schwarz,einzel,604
2024/2025,,,104273,Robert Schwarz,einzel,604
2024/2025,,,367983,Taner Susuz,einzel,604
2024/2025,,,368012,Birger Tesnau,einzel,604
2024/2025,,,104685,Machmut Turan,einzel,604
2024/2025,,,240510,Sven Wezstein,einzel,604
2024/2025,,,240155,Andreas Wittmeier,einzel,604
2024/2025,,,103444,Sercan Özdemir,einzel,604
2024/2025,,,100092,Charalampos Antonogiorgakis,einzel,605
2024/2025,,,100156,Hans-Jürgen Bailer,einzel,605
2024/2025,,,368408,Yilmaz Bulut,einzel,605
2024/2025,,,368402,Cuong Dao-Ngoc,einzel,605
2024/2025,,,368042,Haci Eymir,einzel,605
2024/2025,,,101265,Michael Füess,einzel,605
2024/2025,,,242971,Selim Güzel,einzel,605
2024/2025,,,101574,Michael Haag,einzel,605
2024/2025,,,101587,Rainer Habelt,einzel,605
2024/2025,,,102278,Andreas Keilmann,einzel,605
2024/2025,,,352494,Jürgen Klatt,einzel,605
2024/2025,,,250188,Thorsten Kupske,einzel,605
2024/2025,,,121877,Peter Link,einzel,605
2024/2025,,,354685,Joachim Luft,einzel,605
2024/2025,,,242747,Thomas Mooshammer,einzel,605
2024/2025,,,103200,Andreas Müller,einzel,605
2024/2025,,,103479,Andreas Pauling,einzel,605
2024/2025,,,355443,Michael Reich,einzel,605
2024/2025,,,367959,Kurt Saller,einzel,605
2024/2025,,,104109,Uwe Schmidt,einzel,605
2024/2025,,,351950,Olaf Schwarz,einzel,605
2024/2025,,,104287,Oliver Schwertschlager,einzel,605
2024/2025,,,368774,Marco Sforza,einzel,605
2024/2025,,,367983,Taner Susuz,einzel,605
2024/2025,,,368224,Hakan Söyler,einzel,605
2024/2025,,,368012,Birger Tesnau,einzel,605
2024/2025,,,368809,Phat Truong,einzel,605
2024/2025,,,104742,Luis Varon Marques,einzel,605
2024/2025,,,240155,Andreas Wittmeier,einzel,605
2024/2025,,,368879,Brian Wright,einzel,605
2024/2025,,,368389,Stefan Avrancsev,einzel,608
2024/2025,,,367940,Siegfried Brockmann,einzel,608
2024/2025,,,228532,Osman Büyük,einzel,608
2024/2025,,,367948,Flaviano Gabriele,einzel,608
2024/2025,,,368878,Theo Georgoudious,einzel,608
2024/2025,,,101426,Boris Golic,einzel,608
2024/2025,,,349809,Dietmar Karoli,einzel,608
2024/2025,,,368341,Dieter Krause,einzel,608
2024/2025,,,102831,Jörg Lingl,einzel,608
2024/2025,,,367933,Siegbert Müller,einzel,608
2024/2025,,,368299,Christian Schaber,einzel,608
2024/2025,,,104085,Werner Schmidberger,einzel,608
2024/2025,,,104206,Anton Schubert,einzel,608
2024/2025,,,104407,Eugen Spähn,einzel,608
2024/2025,,,104610,Erwin Thoma,einzel,608
2024/2025,,,104635,Raphael Titzmann,einzel,608
2024/2025,,,367990,Raimund Wanner,einzel,608
2024/2025,,,228713,Erich Wohllaib,einzel,608
2024/2025,,,368618,Oliver Alunni,einzel,606
2024/2025,,,252865,Axel Eberle,einzel,606
2024/2025,,,101114,Gordon Fenske,einzel,606
2024/2025,,,355986,Josip Guja,einzel,606
2024/2025,,,101803,Michael Heneka,einzel,606
2024/2025,,,101994,Gerd Hörrmann,einzel,606
2024/2025,,,102069,Lutz Iserhardt,einzel,606
2024/2025,,,102320,Michael Keuker,einzel,606
2024/2025,,,356371,Jonny Knapp,einzel,606
2024/2025,,,368490,Alexander Kocher,einzel,606
2024/2025,,,368553,Christian Oetken,einzel,606
2024/2025,,,103617,Detlef Ratz,einzel,606
2024/2025,,,104021,Jörg Schick-Bringer,einzel,606
2024/2025,,,104129,Axel Schmucker,einzel,606
2024/2025,,,242731,Dirk Schäfauer,einzel,606
2024/2025,,,104532,Michael Straub,einzel,606
2024/2025,,,368533,Michael Triffo,einzel,606
2024/2025,,,367987,Mike Walter,einzel,606
2024/2025,,,111963,Bernd Woitanowski,einzel,606
2024/2025,,,105103,Dieter Wolk,einzel,606
2024/2025,,,367988,Markus Wörner,einzel,606
2024/2025,,,368434,Abdullah Yesil,einzel,606
2024/2025,,,368618,Oliver Alunni,einzel,611
2024/2025,,,100670,Efendi Cekerek,einzel,611
2024/2025,,,353643,Ernst Fabian,einzel,611
2024/2025,,,101114,Gordon Fenske,einzel,611
2024/2025,,,355986,Josip Guja,einzel,611
2024/2025,,,101538,Bülent Güler,einzel,611
2024/2025,,,101550,Christoph Günthner,einzel,611
2024/2025,,,101556,Bülent Gürkan,einzel,611
2024/2025,,,101994,Gerd Hörrmann,einzel,611
2024/2025,,,102069,Lutz Iserhardt,einzel,611
2024/2025,,,102294,Ralf Kempermann,einzel,611
2024/2025,,,239638,Michael Killian,einzel,611
2024/2025,,,356371,Jonny Knapp,einzel,611
2024/2025,,,102663,Andreas Kullmann,einzel,611
2024/2025,,,102502,Viktor König,einzel,611
2024/2025,,,368553,Christian Oetken,einzel,611
2024/2025,,,239641,Sascha Pick,einzel,611
2024/2025,,,103559,Damir Pran,einzel,611
2024/2025,,,368658,Christoph Schadek,einzel,611
2024/2025,,,251824,Senol Sengün,einzel,611
2024/2025,,,104376,Darius Skowronek,einzel,611
2024/2025,,,368258,Jürgen Steinmann,einzel,611
2024/2025,,,104532,Michael Straub,einzel,611
2024/2025,,,356203,Ali Tinoush,einzel,611
2024/2025,,,368533,Michael Triffo,einzel,611
2024/2025,,,104766,Carmelo Visconti,einzel,611
2024/2025,,,104844,Rolf Waible,einzel,611
2024/2025,,,367987,Mike Walter,einzel,611
2024/2025,,,221366,Henning Wilkner,einzel,611
2024/2025,,,111963,Bernd Woitanowski,einzel,611
2024/2025,,,105103,Dieter Wolk,einzel,611
2024/2025,,,367988,Markus Wörner,einzel,611
2024/2025,,,368434,Abdullah Yesil,einzel,611
2024/2025,,,105217,Karl-Heinz Zimmermann,einzel,611
2024/2025,,,100092,Charalampos Antonogiorgakis,einzel,610
2024/2025,,,100156,Hans-Jürgen Bailer,einzel,610
2024/2025,,,368408,Yilmaz Bulut,einzel,610
2024/2025,,,368402,Cuong Dao-Ngoc,einzel,610
2024/2025,,,100852,Heiko Difflipp,einzel,610
2024/2025,,,368042,Haci Eymir,einzel,610
2024/2025,,,101265,Michael Füess,einzel,610
2024/2025,,,242971,Selim Güzel,einzel,610
2024/2025,,,101574,Michael Haag,einzel,610
2024/2025,,,101587,Rainer Habelt,einzel,610
2024/2025,,,368146,Saeid Heydarpour,einzel,610
2024/2025,,,350315,Ralf Hohlfeld,einzel,610
2024/2025,,,352494,Jürgen Klatt,einzel,610
2024/2025,,,250188,Thorsten Kupske,einzel,610
2024/2025,,,354685,Joachim Luft,einzel,610
2024/2025,,,242747,Thomas Mooshammer,einzel,610
2024/2025,,,103200,Andreas Müller,einzel,610
2024/2025,,,355443,Michael Reich,einzel,610
2024/2025,,,367959,Kurt Saller,einzel,610
2024/2025,,,104109,Uwe Schmidt,einzel,610
2024/2025,,,351950,Olaf Schwarz,einzel,610
2024/2025,,,104287,Oliver Schwertschlager,einzel,610
2024/2025,,,367983,Taner Susuz,einzel,610
2024/2025,,,253141,Timur Susuz,einzel,610
2024/2025,,,368012,Birger Tesnau,einzel,610
2024/2025,,,368809,Phat Truong,einzel,610
2024/2025,,,104742,Luis Varon Marques,einzel,610
2024/2025,,,350685,Frank-Bernd Wieczorek,einzel,610
2024/2025,,,240155,Andreas Wittmeier,einzel,610
2024/2025,,,368879,Brian Wright,einzel,610
2024/2025,,,103444,Sercan Özdemir,einzel,610
2024/2025,,,100092,Charalampos Antonogiorgakis,einzel,614
2024/2025,,,100156,Hans-Jürgen Bailer,einzel,614
2024/2025,,,368402,Cuong Dao-Ngoc,einzel,614
2024/2025,,,100852,Heiko Difflipp,einzel,614
2024/2025,,,367996,Nurcan Ezdi,einzel,614
2024/2025,,,101265,Michael Füess,einzel,614
2024/2025,,,242971,Selim Güzel,einzel,614
2024/2025,,,101574,Michael Haag,einzel,614
2024/2025,,,101587,Rainer Habelt,einzel,614
2024/2025,,,350315,Ralf Hohlfeld,einzel,614
2024/2025,,,101945,Thomas Höger,einzel,614
2024/2025,,,352494,Jürgen Klatt,einzel,614
2024/2025,,,102424,Andreas Knauf,einzel,614
2024/2025,,,250188,Thorsten Kupske,einzel,614
2024/2025,,,121877,Peter Link,einzel,614
2024/2025,,,354685,Joachim Luft,einzel,614
2024/2025,,,242747,Thomas Mooshammer,einzel,614
2024/2025,,,368179,Thorsten Möhle,einzel,614
2024/2025,,,103289,Ingo Nassall,einzel,614
2024/2025,,,103598,Andreas Rago,einzel,614
2024/2025,,,355443,Michael Reich,einzel,614
2024/2025,,,367959,Kurt Saller,einzel,614
2024/2025,,,104109,Uwe Schmidt,einzel,614
2024/2025,,,351950,Olaf Schwarz,einzel,614
2024/2025,,,368774,Marco Sforza,einzel,614
2024/2025,,,367983,Taner Susuz,einzel,614
2024/2025,,,368224,Hakan Söyler,einzel,614
2024/2025,,,368012,Birger Tesnau,einzel,614
2024/2025,,,368200,Jürgen Trost,einzel,614
2024/2025,,,104742,Luis Varon Marques,einzel,614
2024/2025,,,240510,Sven Wezstein,einzel,614
2024/2025,,,105234,Daniel Zmalec,einzel,614
2024/2025,,,368618,Oliver Alunni,einzel,615
2024/2025,,,100645,Thomas Vincenzo Campo,einzel,615
2024/2025,,,252865,Axel Eberle,einzel,615
2024/2025,,,368814,Eduard Ewert,einzel,615
2024/2025,,,101114,Gordon Fenske,einzel,615
2024/2025,,,368832,Timm Ganske,einzel,615
2024/2025,,,355986,Josip Guja,einzel,615
2024/2025,,,101550,Christoph Günthner,einzel,615
2024/2025,,,101803,Michael Heneka,einzel,615
2024/2025,,,101994,Gerd Hörrmann,einzel,615
2024/2025,,,102069,Lutz Iserhardt,einzel,615
2024/2025,,,356371,Jonny Knapp,einzel,615
2024/2025,,,368490,Alexander Kocher,einzel,615
2024/2025,,,102663,Andreas Kullmann,einzel,615
2024/2025,,,102759,Harald Leder,einzel,615
2024/2025,,,368610,Lukas Masson,einzel,615
2024/2025,,,103617,Detlef Ratz,einzel,615
2024/2025,,,104021,Jörg Schick-Bringer,einzel,615
2024/2025,,,104129,Axel Schmucker,einzel,615
2024/2025,,,104532,Michael Straub,einzel,615
2024/2025,,,356203,Ali Tinoush,einzel,615
2024/2025,,,368533,Michael Triffo,einzel,615
2024/2025,,,104844,Rolf Waible,einzel,615
2024/2025,,,367987,Mike Walter,einzel,615
2024/2025,,,111963,Bernd Woitanowski,einzel,615
2024/2025,,,105103,Dieter Wolk,einzel,615
2024/2025,,,367988,Markus Wörner,einzel,615
2024/2025,,,368434,Abdullah Yesil,einzel,615
2024/2025,,,368781,Kevin Albert,einzel,618
2024/2025,,,249124,Joshua Armbruster,einzel,618
2024/2025,,,244785,Brian Biercher,einzel,618
2024/2025,,,368562,Jeremy Eckert,einzel,618
2024/2025,,,101192,Ronny Frank,einzel,618
2024/2025,,,247955,David Galwas,einzel,618
2024/2025,,,252216,Danny Golling,einzel,618
2024/2025,,,101451,Steffen Graf,einzel,618
2024/2025,,,101476,Christian Gremmelspacher,einzel,618
2024/2025,,,101571,Andreas Gut,einzel,618
2024/2025,,,101745,Rainer Heilmann,einzel,618
2024/2025,,,368318,Joey Isenmann,einzel,618
2024/2025,,,102719,Uwe Lang,einzel,618
2024/2025,,,353889,Bruno Miletic,einzel,618
2024/2025,,,103185,Stephan Moser,einzel,618
2024/2025,,,368558,Alen Mulaosmanovic,einzel,618
2024/2025,,,368559,Maurizio Reith,einzel,618
2024/2025,,,252214,Pascal Sanna,einzel,618
2024/2025,,,368579,Sebastian Scherbinin,einzel,618
2024/2025,,,104365,Asmir Sinanovic,einzel,618
2024/2025,,,368616,Mark Szinger,einzel,618
2024/2025,,,368560,Manuel Wissen,einzel,618
2024/2025,,,368044,Jörg Wolf,einzel,618
2024/2025,,,368266,Luka Antic,einzel,650
2024/2025,,,353895,Thorgen Brett,einzel,650
2024/2025,,,368662,Genta Gunawan,einzel,650
2024/2025,,,368396,Elias Marx,einzel,650
2024/2025,,,368274,Mark Pfaffenrodt,einzel,650
2024/2025,,,368193,Marius Witt,einzel,650
2024/2025,,,353387,Daniela Behrend,einzel,625
2024/2025,,,100325,Susi Harbrecht-Berndt,einzel,625
2024/2025,,,239637,Irina Killian,einzel,625
2024/2025,,,252901,Evi Leder,einzel,625
2024/2025,,,239646,Susanne Schweter,einzel,625
2024/2025,,,353038,Brigitte Uhrig,einzel,625
2024/2025,,,368293,Andrea Zenner,einzel,625
2024/2025,,,368715,Finn Großmann,einzel,626
2024/2025,,,368107,Benjamin Hirschberger,einzel,626
2024/2025,,,368897,Isabelle Hülskötter,einzel,626
2024/2025,,,368733,Matthis Meier,einzel,626
2024/2025,,,368386,Henry Spang,einzel,626
2024/2025,,,368598,Marc Witt,einzel,626
2024/2025,,,368551,Luca Wolk,einzel,626
2024/2025,,,368266,Luka Antic,einzel,655
2024/2025,,,353895,Thorgen Brett,einzel,655
2024/2025,,,368662,Genta Gunawan,einzel,655
2024/2025,,,368396,Elias Marx,einzel,655
2024/2025,,,368274,Mark Pfaffenrodt,einzel,655
2024/2025,,,368193,Marius Witt,einzel,655
2024/2025,,,351923,Maxim Buchstab,einzel,660
2024/2025,,,247176,Eric Mattern,einzel,660
2024/2025,,,368645,Joel Louis Egon Strohmayer,einzel,660
2024/2025,,,368266,Luka Antic,einzel,656
2024/2025,,,353895,Thorgen Brett,einzel,656
2024/2025,,,368662,Genta Gunawan,einzel,656
2024/2025,,,368396,Elias Marx,einzel,656
2024/2025,,,368274,Mark Pfaffenrodt,einzel,656
2024/2025,,,368193,Marius Witt,einzel,656
2024/2025,,,351923,Maxim Buchstab,einzel,659
2024/2025,,,247176,Eric Mattern,einzel,659
2024/2025,,,368645,Joel Louis Egon Strohmayer,einzel,659
2024/2025,,,368266,Luka Antic,einzel,662
2024/2025,,,353895,Thorgen Brett,einzel,662
2024/2025,,,368662,Genta Gunawan,einzel,662
2024/2025,,,368396,Elias Marx,einzel,662
2024/2025,,,368274,Mark Pfaffenrodt,einzel,662
2024/2025,,,368193,Marius Witt,einzel,662
2024/2025,,,368715,Finn Großmann,einzel,668
2024/2025,,,368107,Benjamin Hirschberger,einzel,668
2024/2025,,,368897,Isabelle Hülskötter,einzel,668
2024/2025,,,368733,Matthis Meier,einzel,668
2024/2025,,,368598,Marc Witt,einzel,668
2024/2025,,,368551,Luca Wolk,einzel,668
2024/2025,,,368715,Finn Großmann,einzel,665
2024/2025,,,368107,Benjamin Hirschberger,einzel,665
2024/2025,,,368897,Isabelle Hülskötter,einzel,665
2024/2025,,,368733,Matthis Meier,einzel,665
2024/2025,,,368386,Henry Spang,einzel,665
2024/2025,,,368598,Marc Witt,einzel,665
2024/2025,,,368551,Luca Wolk,einzel,665
2025/2026,,,100106,Stefanie Arndt,einzel,697
2025/2026,,,368423,Stefanie Brakopp,einzel,697
2025/2026,,,244943,Peggy Eisele,einzel,697
2025/2026,,,101856,Bianca Heneka,einzel,697
2025/2026,,,368447,Svetlana Hetjens,einzel,697
2025/2026,,,101958,Sandra Höll,einzel,697
2025/2026,,,253498,Johanna Indlekofer,einzel,697
2025/2026,,,104025,Priska Leven,einzel,697
2025/2026,,,367986,Vanja Nikolic,einzel,697
2025/2026,,,101737,Svenja Schwarzkopf,einzel,697
2025/2026,,,104767,Celina Visconti,einzel,697
2024/2025,,,368715,Finn Großmann,einzel,667
2024/2025,,,368107,Benjamin Hirschberger,einzel,667
2024/2025,,,368897,Isabelle Hülskötter,einzel,667
2024/2025,,,368733,Matthis Meier,einzel,667
2024/2025,,,368386,Henry Spang,einzel,667
2024/2025,,,368598,Marc Witt,einzel,667
2024/2025,,,368551,Luca Wolk,einzel,667
2025/2026,,,100481,Silke Brand,einzel,701
2025/2026,,,100500,Petra Braun,einzel,701
2025/2026,,,354558,Angelika Kaune,einzel,701
2025/2026,,,239637,Irina Killian,einzel,701
2025/2026,,,252901,Evi Leder,einzel,701
2025/2026,,,104309,Carmen Leiser,einzel,701
2025/2026,,,103910,Petra Sannwald,einzel,701
2025/2026,,,239646,Susanne Schweter,einzel,701
2025/2026,,,100039,Erdal Akinci,einzel,699
2025/2026,,,100825,Michael Diedrich,einzel,699
2025/2026,,,101289,Thomas Gäckle,einzel,699
2025/2026,,,101749,Jens Heim,einzel,699
2025/2026,,,102204,Markus Kamuf,einzel,699
2025/2026,,,368490,Alexander Kocher,einzel,699
2025/2026,,,102759,Harald Leder,einzel,699
2025/2026,,,103075,Daniel Merbitz,einzel,699
2025/2026,,,123146,Markus Rütten,einzel,699
2025/2026,,,368299,Christian Schaber,einzel,699
2025/2026,,,104273,Robert Schwarz,einzel,699
2025/2026,,,103444,Sercan Özdemir,einzel,699
2025/2026,,,368058,Holger Domdey,einzel,700
2025/2026,,,101317,Frank Gebert,einzel,700
2025/2026,,,101724,Robin Heber,einzel,700
2025/2026,,,101994,Gerd Hörrmann,einzel,700
2025/2026,,,102352,Udo Kirchgeßner,einzel,700
2025/2026,,,102663,Andreas Kullmann,einzel,700
2025/2026,,,102948,Rolf Mangelsdorf,einzel,700
2025/2026,,,103289,Ingo Nassall,einzel,700
2025/2026,,,367962,Markus Strauß,einzel,700
2025/2026,,,104635,Raphael Titzmann,einzel,700
2025/2026,,,104685,Machmut Turan,einzel,700
2025/2026,,,368079,Christian Würthwein,einzel,700
2025/2026,,,100511,Christian Brehme,einzel,698
2025/2026,,,368381,Pavlos Dadakos,einzel,698
2025/2026,,,100945,Stefan Duttlinger,einzel,698
2025/2026,,,101485,Ralf Grießhaber,einzel,698
2025/2026,,,101572,Ricardo Gutjahr,einzel,698
2025/2026,,,101671,Markus Hardtke,einzel,698
2025/2026,,,101672,Matthias Hardtke,einzel,698
2025/2026,,,102047,Xhemajil Ibrahimi,einzel,698
2025/2026,,,368957,Colin Ketterlin,einzel,698
2025/2026,,,102603,Stanislaw Kretz,einzel,698
2025/2026,,,102645,Stefan Künzl,einzel,698
2025/2026,,,247176,Eric Mattern,einzel,698
2025/2026,,,242808,Thorsten Mohr,einzel,698
2025/2026,,,250878,Patrick Mungiuri,einzel,698
2025/2026,,,103306,Fabian Neglein,einzel,698
2025/2026,,,103314,Jonathan Nestler,einzel,698
2025/2026,,,104203,Andreas Schroff,einzel,698
2025/2026,,,368015,Stefan Sock,einzel,698
2025/2026,,,104761,Goncalo Vieira Manies,einzel,698
2025/2026,,,368127,Stefan Weiß,einzel,698
2025/2026,,,249310,Nic Woywodt,einzel,698
2025/2026,,,100825,Michael Diedrich,einzel,704
2025/2026,,,368878,Theo Georgoudious,einzel,704
2025/2026,,,101289,Thomas Gäckle,einzel,704
2025/2026,,,102204,Markus Kamuf,einzel,704
2025/2026,,,102278,Andreas Keilmann,einzel,704
2025/2026,,,367934,Andreas Loderer,einzel,704
2025/2026,,,102918,Holger Maier,einzel,704
2025/2026,,,103075,Daniel Merbitz,einzel,704
2025/2026,,,103183,Berthold Moser,einzel,704
2025/2026,,,368474,Dieter Neumann,einzel,704
2025/2026,,,123146,Markus Rütten,einzel,704
2025/2026,,,242881,Xanthos Vlassidis,einzel,704
2025/2026,,,368237,Pia Albersmeier,einzel,702
2025/2026,,,351926,Lucia Birsner,einzel,702
2025/2026,,,368423,Stefanie Brakopp,einzel,702
2025/2026,,,244943,Peggy Eisele,einzel,702
2025/2026,,,101856,Bianca Heneka,einzel,702
2025/2026,,,368447,Svetlana Hetjens,einzel,702
2025/2026,,,101958,Sandra Höll,einzel,702
2025/2026,,,102170,Patricia Kaffesi,einzel,702
2025/2026,,,104025,Priska Leven,einzel,702
2025/2026,,,367986,Vanja Nikolic,einzel,702
2025/2026,,,101737,Svenja Schwarzkopf,einzel,702
2025/2026,,,104767,Celina Visconti,einzel,702
2025/2026,,,100511,Christian Brehme,einzel,703
2025/2026,,,100616,Zeljko Burmazovic,einzel,703
2025/2026,,,100945,Stefan Duttlinger,einzel,703
2025/2026,,,247955,David Galwas,einzel,703
2025/2026,,,101390,Marco Giusa,einzel,703
2025/2026,,,101485,Ralf Grießhaber,einzel,703
2025/2026,,,101572,Ricardo Gutjahr,einzel,703
2025/2026,,,101672,Matthias Hardtke,einzel,703
2025/2026,,,102047,Xhemajil Ibrahimi,einzel,703
2025/2026,,,102497,Markus König,einzel,703
2025/2026,,,247176,Eric Mattern,einzel,703
2025/2026,,,103072,Florian Menzel,einzel,703
2025/2026,,,250878,Patrick Mungiuri,einzel,703
2025/2026,,,103306,Fabian Neglein,einzel,703
2025/2026,,,368819,Sait Pelit,einzel,703
2025/2026,,,103634,Stephan Rech-Linker,einzel,703
2025/2026,,,103925,Sascha Sauer,einzel,703
2025/2026,,,104203,Andreas Schroff,einzel,703
2025/2026,,,104258,Florian Schwägler,einzel,703
2025/2026,,,244727,Fabian Snijder,einzel,703
2025/2026,,,355803,Randee Ramzi Yalda,einzel,703
2025/2026,,,368111,Ali Cetin,einzel,705
2025/2026,,,248622,Frank Diedrich,einzel,705
2025/2026,,,369105,Lothar Enzenhöfer,einzel,705
2025/2026,,,101724,Robin Heber,einzel,705
2025/2026,,,102663,Andreas Kullmann,einzel,705
2025/2026,,,102948,Rolf Mangelsdorf,einzel,705
2025/2026,,,103289,Ingo Nassall,einzel,705
2025/2026,,,355443,Michael Reich,einzel,705
2025/2026,,,103930,Eberhard Sauter,einzel,705
2025/2026,,,104021,Jörg Schick-Bringer,einzel,705
2025/2026,,,368475,Michael Schneider,einzel,705
2025/2026,,,104685,Machmut Turan,einzel,705
2025/2026,,,368079,Christian Würthwein,einzel,705
2025/2026,,,351926,Lucia Birsner,einzel,707
2025/2026,,,368423,Stefanie Brakopp,einzel,707
2025/2026,,,244943,Peggy Eisele,einzel,707
2025/2026,,,101856,Bianca Heneka,einzel,707
2025/2026,,,368447,Svetlana Hetjens,einzel,707
2025/2026,,,253498,Johanna Indlekofer,einzel,707
2025/2026,,,102170,Patricia Kaffesi,einzel,707
2025/2026,,,368622,Vy Le Tuong,einzel,707
2025/2026,,,104025,Priska Leven,einzel,707
2025/2026,,,369029,Hoai Tu Anh Nguyen,einzel,707
2025/2026,,,367986,Vanja Nikolic,einzel,707
2025/2026,,,101737,Svenja Schwarzkopf,einzel,707
2025/2026,,,104767,Celina Visconti,einzel,707
2025/2026,,,100481,Silke Brand,einzel,706
2025/2026,,,100500,Petra Braun,einzel,706
2025/2026,,,100325,Susi Harbrecht-Berndt,einzel,706
2025/2026,,,354558,Angelika Kaune,einzel,706
2025/2026,,,239637,Irina Killian,einzel,706
2025/2026,,,104309,Carmen Leiser,einzel,706
2025/2026,,,103910,Petra Sannwald,einzel,706
2025/2026,,,239646,Susanne Schweter,einzel,706
2025/2026,,,251815,Kevin Adamczyk,einzel,720
2025/2026,,,100616,Zeljko Burmazovic,einzel,720
2025/2026,,,100972,Benjamin Eiberger,einzel,720
2025/2026,,,101390,Marco Giusa,einzel,720
2025/2026,,,101671,Markus Hardtke,einzel,720
2025/2026,,,101672,Matthias Hardtke,einzel,720
2025/2026,,,101755,Dominik Heinkele,einzel,720
2025/2026,,,102047,Xhemajil Ibrahimi,einzel,720
2025/2026,,,368811,Philipp Kibele,einzel,720
2025/2026,,,102645,Stefan Künzl,einzel,720
2025/2026,,,250878,Patrick Mungiuri,einzel,720
2025/2026,,,103634,Stephan Rech-Linker,einzel,720
2025/2026,,,157455,Norbert Rollbühler,einzel,720
2025/2026,,,355901,Alexandar Stankovic,einzel,720
2025/2026,,,104642,Dominik Tonn,einzel,720
2025/2026,,,242963,Marco Warlies,einzel,720
2025/2026,,,368093,Andreas Zillmann,einzel,720
2025/2026,,,368381,Pavlos Dadakos,einzel,722
2025/2026,,,369106,Erdem Dikici,einzel,722
2025/2026,,,100904,Martin Doster,einzel,722
2025/2026,,,248769,Marius-Daniel Grigore-Martini,einzel,722
2025/2026,,,242992,Mark Hast,einzel,722
2025/2026,,,102219,Thorsten Kappus,einzel,722
2025/2026,,,102497,Markus König,einzel,722
2025/2026,,,368848,Franz Miehle,einzel,722
2025/2026,,,242808,Thorsten Mohr,einzel,722
2025/2026,,,103306,Fabian Neglein,einzel,722
2025/2026,,,368819,Sait Pelit,einzel,722
2025/2026,,,103925,Sascha Sauer,einzel,722
2025/2026,,,353693,Michael Schulz,einzel,722
2025/2026,,,242796,Frank Schwenk,einzel,722
2025/2026,,,368015,Stefan Sock,einzel,722
2025/2026,,,355803,Randee Ramzi Yalda,einzel,722
2025/2026,,,245692,Harun Ahmadi,einzel,721
2025/2026,,,368482,Maximilian Arnt,einzel,721
2025/2026,,,368908,Simon Bernecker,einzel,721
2025/2026,,,100511,Christian Brehme,einzel,721
2025/2026,,,101313,Stefan Gaschler,einzel,721
2025/2026,,,351635,Robert Klinec,einzel,721
2025/2026,,,103072,Florian Menzel,einzel,721
2025/2026,,,103573,Marc Proissl,einzel,721
2025/2026,,,366458,Besim Rama,einzel,721
2025/2026,,,104203,Andreas Schroff,einzel,721
2025/2026,,,244727,Fabian Snijder,einzel,721
2025/2026,,,366459,Alexandru Szabo,einzel,721
2025/2026,,,368118,Stefan Süß,einzel,721
2025/2026,,,104752,Zehrudin Vereget,einzel,721
2025/2026,,,350683,Kevin Wetzel,einzel,721
2025/2026,,,368688,Fersun Ünsel,einzel,721
2025/2026,,,100060,Marc Allinger,einzel,723
2025/2026,,,368810,Jamil Dib,einzel,723
2025/2026,,,368720,Domenik Dreibach,einzel,723
2025/2026,,,368562,Jeremy Eckert,einzel,723
2025/2026,,,247955,David Galwas,einzel,723
2025/2026,,,252216,Danny Golling,einzel,723
2025/2026,,,101451,Steffen Graf,einzel,723
2025/2026,,,101485,Ralf Grießhaber,einzel,723
2025/2026,,,101745,Rainer Heilmann,einzel,723
2025/2026,,,368721,Dominik Mogel,einzel,723
2025/2026,,,252214,Pascal Sanna,einzel,723
2025/2026,,,368579,Sebastian Scherbinin,einzel,723
2025/2026,,,369096,Samuel Schleitzer,einzel,723
2025/2026,,,104258,Florian Schwägler,einzel,723
2025/2026,,,104365,Asmir Sinanovic,einzel,723
2025/2026,,,368560,Manuel Wissen,einzel,723
2025/2026,,,368618,Oliver Alunni,einzel,725
2025/2026,,,101114,Gordon Fenske,einzel,725
2025/2026,,,355986,Josip Guja,einzel,725
2025/2026,,,101749,Jens Heim,einzel,725
2025/2026,,,101803,Michael Heneka,einzel,725
2025/2026,,,368490,Alexander Kocher,einzel,725
2025/2026,,,368474,Dieter Neumann,einzel,725
2025/2026,,,368971,Andreas Penckwitt,einzel,725
2025/2026,,,250306,Luigi Sarullo,einzel,725
2025/2026,,,104376,Darius Skowronek,einzel,725
2025/2026,,,100092,Charalampos Antonogiorgakis,einzel,724
2025/2026,,,100296,Mustafa Benk,einzel,724
2025/2026,,,100852,Heiko Difflipp,einzel,724
2025/2026,,,100983,Frank Eisele,einzel,724
2025/2026,,,101289,Thomas Gäckle,einzel,724
2025/2026,,,101574,Michael Haag,einzel,724
2025/2026,,,102680,Thomas Kupfer,einzel,724
2025/2026,,,242747,Thomas Mooshammer,einzel,724
2025/2026,,,367959,Kurt Saller,einzel,724
2025/2026,,,104109,Uwe Schmidt,einzel,724
2025/2026,,,368224,Hakan Söyler,einzel,724
2025/2026,,,242881,Xanthos Vlassidis,einzel,724
2025/2026,,,240510,Sven Wezstein,einzel,724
2025/2026,,,368879,Brian Wright,einzel,724
2025/2026,,,105234,Daniel Zmalec,einzel,724
2025/2026,,,244785,Brian Biercher,einzel,727
2025/2026,,,368226,Ali El Ajouz,einzel,727
2025/2026,,,101571,Andreas Gut,einzel,727
2025/2026,,,369046,David Hackenberg,einzel,727
2025/2026,,,369045,Lars Jäger,einzel,727
2025/2026,,,102164,Norbert Kabas,einzel,727
2025/2026,,,368506,Seong-Jin Kim,einzel,727
2025/2026,,,102406,Axel Klimmer,einzel,727
2025/2026,,,103183,Berthold Moser,einzel,727
2025/2026,,,368670,Florian Rasser,einzel,727
2025/2026,,,249145,Drazen Smolcic,einzel,727
2025/2026,,,368780,Thomas Weniger,einzel,727
2025/2026,,,368972,Bessim Bessim Oglou,einzel,728
2025/2026,,,368402,Cuong Dao-Ngoc,einzel,728
2025/2026,,,367996,Nurcan Ezdi,einzel,728
2025/2026,,,101265,Michael Füess,einzel,728
2025/2026,,,368856,Thomas Graner,einzel,728
2025/2026,,,242971,Selim Güzel,einzel,728
2025/2026,,,368146,Saeid Heydarpour,einzel,728
2025/2026,,,352494,Jürgen Klatt,einzel,728
2025/2026,,,368860,Wolfgang Krüger,einzel,728
2025/2026,,,242957,Ingo Mann,einzel,728
2025/2026,,,103200,Andreas Müller,einzel,728
2025/2026,,,103289,Ingo Nassall,einzel,728
2025/2026,,,103479,Andreas Pauling,einzel,728
2025/2026,,,103552,Claudio Pontuti,einzel,728
2025/2026,,,355443,Michael Reich,einzel,728
2025/2026,,,351950,Olaf Schwarz,einzel,728
2025/2026,,,104685,Machmut Turan,einzel,728
2025/2026,,,100039,Erdal Akinci,einzel,726
2025/2026,,,366767,Miodrag Adrian Caravila,einzel,726
2025/2026,,,368878,Theo Georgoudious,einzel,726
2025/2026,,,101984,Rainer Hops,einzel,726
2025/2026,,,368524,Kurt Ljokaj,einzel,726
2025/2026,,,367934,Andreas Loderer,einzel,726
2025/2026,,,368299,Christian Schaber,einzel,726
2025/2026,,,367937,Daniel Schmid,einzel,726
2025/2026,,,104354,Manfred Sieweke,einzel,726
2025/2026,,,104633,Thomas Tischmann,einzel,726
2025/2026,,,368683,Jürgen Berninger,einzel,729
2025/2026,,,100670,Efendi Cekerek,einzel,729
2025/2026,,,101363,Oliver Geuder,einzel,729
2025/2026,,,102069,Lutz Iserhardt,einzel,729
2025/2026,,,102663,Andreas Kullmann,einzel,729
2025/2026,,,103209,Dirk Müller,einzel,729
2025/2026,,,103617,Detlef Ratz,einzel,729
2025/2026,,,104021,Jörg Schick-Bringer,einzel,729
2025/2026,,,368475,Michael Schneider,einzel,729
2025/2026,,,104844,Rolf Waible,einzel,729
2025/2026,,,240228,Florian Walther,einzel,729
2025/2026,,,221366,Henning Wilkner,einzel,729
2025/2026,,,111963,Bernd Woitanowski,einzel,729
2025/2026,,,105103,Dieter Wolk,einzel,729
2025/2026,,,367988,Markus Wörner,einzel,729
2025/2026,,,368079,Christian Würthwein,einzel,729
2025/2026,,,105217,Karl-Heinz Zimmermann,einzel,729
2025/2026,,,100124,Ottmar Auzinger,einzel,730
2025/2026,,,368516,Uwe Barth,einzel,730
2025/2026,,,248185,Peter Baur,einzel,730
2025/2026,,,367940,Siegfried Brockmann,einzel,730
2025/2026,,,368111,Ali Cetin,einzel,730
2025/2026,,,369105,Lothar Enzenhöfer,einzel,730
2025/2026,,,368341,Dieter Krause,einzel,730
2025/2026,,,367933,Siegbert Müller,einzel,730
2025/2026,,,104085,Werner Schmidberger,einzel,730
2025/2026,,,104206,Anton Schubert,einzel,730
2025/2026,,,104610,Erwin Thoma,einzel,730
2025/2026,,,104635,Raphael Titzmann,einzel,730
2025/2026,,,228713,Erich Wohllaib,einzel,730
2025/2026,,,248622,Frank Diedrich,einzel,731
2025/2026,,,368382,Bernd Feierabend,einzel,731
2025/2026,,,103930,Eberhard Sauter,einzel,731
2025/2026,,,367962,Markus Strauß,einzel,731
2025/2026,,,368044,Jörg Wolf,einzel,731
2025/2026,,,351926,Lucia Birsner,einzel,734
2025/2026,,,368447,Svetlana Hetjens,einzel,734
2025/2026,,,102170,Patricia Kaffesi,einzel,734
2025/2026,,,369029,Hoai Tu Anh Nguyen,einzel,734
2025/2026,,,368237,Pia Albersmeier,einzel,732
2025/2026,,,368423,Stefanie Brakopp,einzel,732
2025/2026,,,244943,Peggy Eisele,einzel,732
2025/2026,,,101958,Sandra Höll,einzel,732
2025/2026,,,368622,Vy Le Tuong,einzel,732
2025/2026,,,102935,Daniela Majer,einzel,732
2025/2026,,,368807,Bayartsetseg Tsogoo,einzel,732
2025/2026,,,368781,Kevin Albert,einzel,739
2025/2026,,,368810,Jamil Dib,einzel,739
2025/2026,,,368720,Domenik Dreibach,einzel,739
2025/2026,,,100945,Stefan Duttlinger,einzel,739
2025/2026,,,101192,Ronny Frank,einzel,739
2025/2026,,,369060,Ronny Gabriel,einzel,739
2025/2026,,,101451,Steffen Graf,einzel,739
2025/2026,,,101485,Ralf Grießhaber,einzel,739
2025/2026,,,101745,Rainer Heilmann,einzel,739
2025/2026,,,253265,Simon Kemmerling,einzel,739
2025/2026,,,368579,Sebastian Scherbinin,einzel,739
2025/2026,,,369096,Samuel Schleitzer,einzel,739
2025/2026,,,104365,Asmir Sinanovic,einzel,739
2025/2026,,,368616,Mark Szinger,einzel,739
2025/2026,,,368127,Stefan Weiß,einzel,739
2025/2026,,,368560,Manuel Wissen,einzel,739
2025/2026,,,353387,Daniela Behrend,einzel,735
2025/2026,,,100481,Silke Brand,einzel,735
2025/2026,,,100325,Susi Harbrecht-Berndt,einzel,735
2025/2026,,,354558,Angelika Kaune,einzel,735
2025/2026,,,252901,Evi Leder,einzel,735
2025/2026,,,355165,Katrin Quaschinsky,einzel,735
2025/2026,,,239646,Susanne Schweter,einzel,735
2025/2026,,,353038,Brigitte Uhrig,einzel,735
2025/2026,,,228692,Ewald Bausch,einzel,738
2025/2026,,,367929,Rainer Beck,einzel,738
2025/2026,,,366767,Miodrag Adrian Caravila,einzel,738
2025/2026,,,368381,Pavlos Dadakos,einzel,738
2025/2026,,,100904,Martin Doster,einzel,738
2025/2026,,,368904,Dietmar Helfrich,einzel,738
2025/2026,,,242787,Rainer Hermann,einzel,738
2025/2026,,,102497,Markus König,einzel,738
2025/2026,,,242808,Thorsten Mohr,einzel,738
2025/2026,,,103306,Fabian Neglein,einzel,738
2025/2026,,,368819,Sait Pelit,einzel,738
2025/2026,,,368241,Victor Rodriguez,einzel,738
2025/2026,,,353693,Michael Schulz,einzel,738
2025/2026,,,368628,Wilfried Schön,einzel,738
2025/2026,,,350617,Christian Späthe,einzel,738
2025/2026,,,228696,Gerald Ströbele,einzel,738
2025/2026,,,368922,Yusa Tutucu,einzel,738
2025/2026,,,105085,Andreas Witzigmann,einzel,738
2025/2026,,,251815,Kevin Adamczyk,einzel,736
2025/2026,,,252039,Dany Baron,einzel,736
2025/2026,,,245948,Aryan Dayyani,einzel,736
2025/2026,,,100972,Benjamin Eiberger,einzel,736
2025/2026,,,101390,Marco Giusa,einzel,736
2025/2026,,,101671,Markus Hardtke,einzel,736
2025/2026,,,101672,Matthias Hardtke,einzel,736
2025/2026,,,102603,Stanislaw Kretz,einzel,736
2025/2026,,,246024,Denis Mnich,einzel,736
2025/2026,,,250878,Patrick Mungiuri,einzel,736
2025/2026,,,103634,Stephan Rech-Linker,einzel,736
2025/2026,,,355901,Alexandar Stankovic,einzel,736
2025/2026,,,104541,Alexander Striker,einzel,736
2025/2026,,,104642,Dominik Tonn,einzel,736
2025/2026,,,242963,Marco Warlies,einzel,736
2025/2026,,,368868,Matthias Weigl,einzel,736
2025/2026,,,100092,Charalampos Antonogiorgakis,einzel,740
2025/2026,,,100296,Mustafa Benk,einzel,740
2025/2026,,,100852,Heiko Difflipp,einzel,740
2025/2026,,,101528,Gerhard Gryschka,einzel,740
2025/2026,,,101289,Thomas Gäckle,einzel,740
2025/2026,,,101574,Michael Haag,einzel,740
2025/2026,,,102680,Thomas Kupfer,einzel,740
2025/2026,,,366176,Stefan Lorenz,einzel,740
2025/2026,,,242747,Thomas Mooshammer,einzel,740
2025/2026,,,367959,Kurt Saller,einzel,740
2025/2026,,,104109,Uwe Schmidt,einzel,740
2025/2026,,,368224,Hakan Söyler,einzel,740
2025/2026,,,104742,Luis Varon Marques,einzel,740
2025/2026,,,242881,Xanthos Vlassidis,einzel,740
2025/2026,,,368879,Brian Wright,einzel,740
2025/2026,,,103444,Sercan Özdemir,einzel,740
2025/2026,,,368878,Theo Georgoudious,einzel,743
2025/2026,,,368524,Kurt Ljokaj,einzel,743
2025/2026,,,367934,Andreas Loderer,einzel,743
2025/2026,,,368299,Christian Schaber,einzel,743
2025/2026,,,104354,Manfred Sieweke,einzel,743
2025/2026,,,163715,Marc Wagner,einzel,743
2025/2026,,,368618,Oliver Alunni,einzel,741
2025/2026,,,101114,Gordon Fenske,einzel,741
2025/2026,,,101749,Jens Heim,einzel,741
2025/2026,,,101803,Michael Heneka,einzel,741
2025/2026,,,368490,Alexander Kocher,einzel,741
2025/2026,,,368474,Dieter Neumann,einzel,741
2025/2026,,,368553,Christian Oetken,einzel,741
2025/2026,,,250306,Luigi Sarullo,einzel,741
2025/2026,,,242731,Dirk Schäfauer,einzel,741
2025/2026,,,104376,Darius Skowronek,einzel,741
2025/2026,,,244785,Brian Biercher,einzel,744
2025/2026,,,100825,Michael Diedrich,einzel,744
2025/2026,,,368226,Ali El Ajouz,einzel,744
2025/2026,,,102164,Norbert Kabas,einzel,744
2025/2026,,,368506,Seong-Jin Kim,einzel,744
2025/2026,,,102406,Axel Klimmer,einzel,744
2025/2026,,,103183,Berthold Moser,einzel,744
2025/2026,,,123146,Markus Rütten,einzel,744
2025/2026,,,249145,Drazen Smolcic,einzel,744
2025/2026,,,368780,Thomas Weniger,einzel,744
2025/2026,,,105087,Thomas Wochner,einzel,744
2025/2026,,,100670,Efendi Cekerek,einzel,746
2025/2026,,,368739,Jürgen Häffner,einzel,746
2025/2026,,,102069,Lutz Iserhardt,einzel,746
2025/2026,,,102663,Andreas Kullmann,einzel,746
2025/2026,,,103209,Dirk Müller,einzel,746
2025/2026,,,104021,Jörg Schick-Bringer,einzel,746
2025/2026,,,368965,Peter Schwab,einzel,746
2025/2026,,,356203,Ali Tinoush,einzel,746
2025/2026,,,104844,Rolf Waible,einzel,746
2025/2026,,,367987,Mike Walter,einzel,746
2025/2026,,,221366,Henning Wilkner,einzel,746
2025/2026,,,111963,Bernd Woitanowski,einzel,746
2025/2026,,,367988,Markus Wörner,einzel,746
2025/2026,,,105217,Karl-Heinz Zimmermann,einzel,746
2025/2026,,,100122,Andreas Augustin,einzel,745
2025/2026,,,368972,Bessim Bessim Oglou,einzel,745
2025/2026,,,368816,Emilio Caracciolo,einzel,745
2025/2026,,,368402,Cuong Dao-Ngoc,einzel,745
2025/2026,,,242971,Selim Güzel,einzel,745
2025/2026,,,368146,Saeid Heydarpour,einzel,745
2025/2026,,,350315,Ralf Hohlfeld,einzel,745
2025/2026,,,101994,Gerd Hörrmann,einzel,745
2025/2026,,,368860,Wolfgang Krüger,einzel,745
2025/2026,,,354685,Joachim Luft,einzel,745
2025/2026,,,242957,Ingo Mann,einzel,745
2025/2026,,,103200,Andreas Müller,einzel,745
2025/2026,,,103289,Ingo Nassall,einzel,745
2025/2026,,,103603,Thorsten Rammer,einzel,745
2025/2026,,,355443,Michael Reich,einzel,745
2025/2026,,,353143,Martin Repp,einzel,745
2025/2026,,,351950,Olaf Schwarz,einzel,745
2025/2026,,,104685,Machmut Turan,einzel,745
2025/2026,,,248185,Peter Baur,einzel,747
2025/2026,,,367940,Siegfried Brockmann,einzel,747
2025/2026,,,368111,Ali Cetin,einzel,747
2025/2026,,,368058,Holger Domdey,einzel,747
2025/2026,,,369105,Lothar Enzenhöfer,einzel,747
2025/2026,,,367948,Flaviano Gabriele,einzel,747
2025/2026,,,101317,Frank Gebert,einzel,747
2025/2026,,,368341,Dieter Krause,einzel,747
2025/2026,,,104085,Werner Schmidberger,einzel,747
2025/2026,,,104206,Anton Schubert,einzel,747
2025/2026,,,104257,Jörg Schwager,einzel,747
2025/2026,,,367936,Dieter Seitz,einzel,747
2025/2026,,,104610,Erwin Thoma,einzel,747
2025/2026,,,104635,Raphael Titzmann,einzel,747
2025/2026,,,367990,Raimund Wanner,einzel,747
2025/2026,,,248622,Frank Diedrich,einzel,748
2025/2026,,,103930,Eberhard Sauter,einzel,748
2025/2026,,,367962,Markus Strauß,einzel,748
2025/2026,,,368044,Jörg Wolf,einzel,748
2025/2026,,,101856,Bianca Heneka,einzel,750
2025/2026,,,368447,Svetlana Hetjens,einzel,750
2025/2026,,,104025,Priska Leven,einzel,750
2025/2026,,,368237,Pia Albersmeier,einzel,749
2025/2026,,,368423,Stefanie Brakopp,einzel,749
2025/2026,,,244943,Peggy Eisele,einzel,749
2025/2026,,,101958,Sandra Höll,einzel,749
2025/2026,,,368622,Vy Le Tuong,einzel,749
2025/2026,,,102935,Daniela Majer,einzel,749
2025/2026,,,368807,Bayartsetseg Tsogoo,einzel,749
2025/2026,,,353387,Daniela Behrend,einzel,752
2025/2026,,,100481,Silke Brand,einzel,752
2025/2026,,,100325,Susi Harbrecht-Berndt,einzel,752
2025/2026,,,239637,Irina Killian,einzel,752
2025/2026,,,252901,Evi Leder,einzel,752
2025/2026,,,355165,Katrin Quaschinsky,einzel,752
2025/2026,,,239646,Susanne Schweter,einzel,752
2025/2026,,,353038,Brigitte Uhrig,einzel,752
2025/2026,,,100106,Stefanie Arndt,einzel,751
2025/2026,,,351926,Lucia Birsner,einzel,751
2025/2026,,,102170,Patricia Kaffesi,einzel,751
2025/2026,,,369029,Hoai Tu Anh Nguyen,einzel,751
2025/2026,,,350473,Gabriele Winzer-Moser,einzel,751
2025/2026,,,368888,Steffen Adler,einzel,754
2025/2026,,,368482,Maximilian Arnt,einzel,754
2025/2026,,,368908,Simon Bernecker,einzel,754
2025/2026,,,100511,Christian Brehme,einzel,754
2025/2026,,,351635,Robert Klinec,einzel,754
2025/2026,,,240239,Ivan Mikulic,einzel,754
2025/2026,,,103143,Benny-Michel Mildenberger,einzel,754
2025/2026,,,103573,Marc Proissl,einzel,754
2025/2026,,,368818,Leon Schick,einzel,754
2025/2026,,,104203,Andreas Schroff,einzel,754
2025/2026,,,244727,Fabian Snijder,einzel,754
2025/2026,,,368207,Calvin Waldecker,einzel,754
2025/2026,,,252010,Long Werner,einzel,754
2025/2026,,,105043,Dirk Windecker,einzel,754
2025/2026,,,105193,Marco Zieger,einzel,754
2025/2026,,,368688,Fersun Ünsel,einzel,754
2025/2026,,,251815,Kevin Adamczyk,einzel,753
2025/2026,,,252039,Dany Baron,einzel,753
2025/2026,,,368893,Sukhbat Batjargal,einzel,753
2025/2026,,,100421,Robert Bogdan,einzel,753
2025/2026,,,100616,Zeljko Burmazovic,einzel,753
2025/2026,,,101390,Marco Giusa,einzel,753
2025/2026,,,102047,Xhemajil Ibrahimi,einzel,753
2025/2026,,,102603,Stanislaw Kretz,einzel,753
2025/2026,,,102645,Stefan Künzl,einzel,753
2025/2026,,,246024,Denis Mnich,einzel,753
2025/2026,,,250878,Patrick Mungiuri,einzel,753
2025/2026,,,369123,Mete Mutlu,einzel,753
2025/2026,,,103634,Stephan Rech-Linker,einzel,753
2025/2026,,,157455,Norbert Rollbühler,einzel,753
2025/2026,,,355901,Alexandar Stankovic,einzel,753
2025/2026,,,104541,Alexander Striker,einzel,753
2025/2026,,,104642,Dominik Tonn,einzel,753
2025/2026,,,104761,Goncalo Vieira Manies,einzel,753
2025/2026,,,242963,Marco Warlies,einzel,753
2025/2026,,,368093,Andreas Zillmann,einzel,753
2025/2026,,,366767,Miodrag Adrian Caravila,einzel,755
2025/2026,,,369106,Erdem Dikici,einzel,755
2025/2026,,,248769,Marius-Daniel Grigore-Martini,einzel,755
2025/2026,,,242787,Rainer Hermann,einzel,755
2025/2026,,,368142,Philip Kammnick,einzel,755
2025/2026,,,102219,Thorsten Kappus,einzel,755
2025/2026,,,103306,Fabian Neglein,einzel,755
2025/2026,,,368819,Sait Pelit,einzel,755
2025/2026,,,369025,Eyvinh Polvito,einzel,755
2025/2026,,,242796,Frank Schwenk,einzel,755
2025/2026,,,368628,Wilfried Schön,einzel,755
2025/2026,,,368015,Stefan Sock,einzel,755
2025/2026,,,104671,Marcus Trumpp,einzel,755
2025/2026,,,368922,Yusa Tutucu,einzel,755
2025/2026,,,368618,Oliver Alunni,einzel,758
2025/2026,,,101114,Gordon Fenske,einzel,758
2025/2026,,,355986,Josip Guja,einzel,758
2025/2026,,,101749,Jens Heim,einzel,758
2025/2026,,,101803,Michael Heneka,einzel,758
2025/2026,,,368490,Alexander Kocher,einzel,758
2025/2026,,,102759,Harald Leder,einzel,758
2025/2026,,,368474,Dieter Neumann,einzel,758
2025/2026,,,368553,Christian Oetken,einzel,758
2025/2026,,,368971,Andreas Penckwitt,einzel,758
2025/2026,,,250306,Luigi Sarullo,einzel,758
2025/2026,,,242731,Dirk Schäfauer,einzel,758
2025/2026,,,104376,Darius Skowronek,einzel,758
2025/2026,,,368781,Kevin Albert,einzel,756
2025/2026,,,249124,Joshua Armbruster,einzel,756
2025/2026,,,368810,Jamil Dib,einzel,756
2025/2026,,,100945,Stefan Duttlinger,einzel,756
2025/2026,,,368562,Jeremy Eckert,einzel,756
2025/2026,,,101192,Ronny Frank,einzel,756
2025/2026,,,252216,Danny Golling,einzel,756
2025/2026,,,101451,Steffen Graf,einzel,756
2025/2026,,,101485,Ralf Grießhaber,einzel,756
2025/2026,,,101745,Rainer Heilmann,einzel,756
2025/2026,,,253265,Simon Kemmerling,einzel,756
2025/2026,,,369054,Dennis Knoblauch,einzel,756
2025/2026,,,369061,Thorsten Löffler,einzel,756
2025/2026,,,368579,Sebastian Scherbinin,einzel,756
2025/2026,,,369096,Samuel Schleitzer,einzel,756
2025/2026,,,368127,Stefan Weiß,einzel,756
2025/2026,,,368560,Manuel Wissen,einzel,756
2025/2026,,,100092,Charalampos Antonogiorgakis,einzel,757
2025/2026,,,100296,Mustafa Benk,einzel,757
2025/2026,,,100983,Frank Eisele,einzel,757
2025/2026,,,101528,Gerhard Gryschka,einzel,757
2025/2026,,,101289,Thomas Gäckle,einzel,757
2025/2026,,,101574,Michael Haag,einzel,757
2025/2026,,,102680,Thomas Kupfer,einzel,757
2025/2026,,,366176,Stefan Lorenz,einzel,757
2025/2026,,,103598,Andreas Rago,einzel,757
2025/2026,,,367959,Kurt Saller,einzel,757
2025/2026,,,104109,Uwe Schmidt,einzel,757
2025/2026,,,368224,Hakan Söyler,einzel,757
2025/2026,,,104742,Luis Varon Marques,einzel,757
2025/2026,,,242881,Xanthos Vlassidis,einzel,757
2025/2026,,,240510,Sven Wezstein,einzel,757
2025/2026,,,368879,Brian Wright,einzel,757
2025/2026,,,100039,Erdal Akinci,einzel,759
2025/2026,,,368878,Theo Georgoudious,einzel,759
2025/2026,,,368524,Kurt Ljokaj,einzel,759
2025/2026,,,367934,Andreas Loderer,einzel,759
2025/2026,,,367937,Daniel Schmid,einzel,759
2025/2026,,,163715,Marc Wagner,einzel,759
2025/2026,,,244785,Brian Biercher,einzel,760
2025/2026,,,100825,Michael Diedrich,einzel,760
2025/2026,,,368226,Ali El Ajouz,einzel,760
2025/2026,,,368506,Seong-Jin Kim,einzel,760
2025/2026,,,102406,Axel Klimmer,einzel,760
2025/2026,,,103183,Berthold Moser,einzel,760
2025/2026,,,123146,Markus Rütten,einzel,760
2025/2026,,,249145,Drazen Smolcic,einzel,760
2025/2026,,,368780,Thomas Weniger,einzel,760
2025/2026,,,100122,Andreas Augustin,einzel,761
2025/2026,,,368816,Emilio Caracciolo,einzel,761
2025/2026,,,368402,Cuong Dao-Ngoc,einzel,761
2025/2026,,,101264,Bernd Füess,einzel,761
2025/2026,,,101265,Michael Füess,einzel,761
2025/2026,,,242971,Selim Güzel,einzel,761
2025/2026,,,101724,Robin Heber,einzel,761
2025/2026,,,368146,Saeid Heydarpour,einzel,761
2025/2026,,,350315,Ralf Hohlfeld,einzel,761
2025/2026,,,101945,Thomas Höger,einzel,761
2025/2026,,,352494,Jürgen Klatt,einzel,761
2025/2026,,,368860,Wolfgang Krüger,einzel,761
2025/2026,,,103200,Andreas Müller,einzel,761
2025/2026,,,103552,Claudio Pontuti,einzel,761
2025/2026,,,355443,Michael Reich,einzel,761
2025/2026,,,353143,Martin Repp,einzel,761
2025/2026,,,351950,Olaf Schwarz,einzel,761
2025/2026,,,104685,Machmut Turan,einzel,761
2025/2026,,,100463,Stephan Boschert,einzel,762
2025/2026,,,100670,Efendi Cekerek,einzel,762
2025/2026,,,252865,Axel Eberle,einzel,762
2025/2026,,,368739,Jürgen Häffner,einzel,762
2025/2026,,,102663,Andreas Kullmann,einzel,762
2025/2026,,,103617,Detlef Ratz,einzel,762
2025/2026,,,104021,Jörg Schick-Bringer,einzel,762
2025/2026,,,368965,Peter Schwab,einzel,762
2025/2026,,,356203,Ali Tinoush,einzel,762
2025/2026,,,104844,Rolf Waible,einzel,762
2025/2026,,,367987,Mike Walter,einzel,762
2025/2026,,,221366,Henning Wilkner,einzel,762
2025/2026,,,111963,Bernd Woitanowski,einzel,762
2025/2026,,,367988,Markus Wörner,einzel,762
2025/2026,,,105217,Karl-Heinz Zimmermann,einzel,762
2025/2026,,,368237,Pia Albersmeier,einzel,765
2025/2026,,,368423,Stefanie Brakopp,einzel,765
2025/2026,,,244943,Peggy Eisele,einzel,765
2025/2026,,,101958,Sandra Höll,einzel,765
2025/2026,,,102935,Daniela Majer,einzel,765
2025/2026,,,368807,Bayartsetseg Tsogoo,einzel,765
2025/2026,,,248622,Frank Diedrich,einzel,764
2025/2026,,,101571,Andreas Gut,einzel,764
2025/2026,,,102948,Rolf Mangelsdorf,einzel,764
2025/2026,,,103930,Eberhard Sauter,einzel,764
2025/2026,,,367962,Markus Strauß,einzel,764
2025/2026,,,247957,Stefan Vater,einzel,764
2025/2026,,,368044,Jörg Wolf,einzel,764
2025/2026,,,100124,Ottmar Auzinger,einzel,763
2025/2026,,,367940,Siegfried Brockmann,einzel,763
2025/2026,,,368111,Ali Cetin,einzel,763
2025/2026,,,369105,Lothar Enzenhöfer,einzel,763
2025/2026,,,367948,Flaviano Gabriele,einzel,763
2025/2026,,,101317,Frank Gebert,einzel,763
2025/2026,,,368341,Dieter Krause,einzel,763
2025/2026,,,104085,Werner Schmidberger,einzel,763
2025/2026,,,104206,Anton Schubert,einzel,763
2025/2026,,,367936,Dieter Seitz,einzel,763
2025/2026,,,104610,Erwin Thoma,einzel,763
2025/2026,,,104635,Raphael Titzmann,einzel,763
2025/2026,,,367990,Raimund Wanner,einzel,763
2025/2026,,,101856,Bianca Heneka,einzel,766
2025/2026,,,368447,Svetlana Hetjens,einzel,766
2025/2026,,,104025,Priska Leven,einzel,766
2025/2026,,,100106,Stefanie Arndt,einzel,767
2025/2026,,,351926,Lucia Birsner,einzel,767
2025/2026,,,253498,Johanna Indlekofer,einzel,767
2025/2026,,,102170,Patricia Kaffesi,einzel,767
2025/2026,,,369029,Hoai Tu Anh Nguyen,einzel,767
2025/2026,,,353387,Daniela Behrend,einzel,768
2025/2026,,,100325,Susi Harbrecht-Berndt,einzel,768
2025/2026,,,354558,Angelika Kaune,einzel,768
2025/2026,,,239637,Irina Killian,einzel,768
2025/2026,,,355165,Katrin Quaschinsky,einzel,768
2025/2026,,,239646,Susanne Schweter,einzel,768
2025/2026,,,353038,Brigitte Uhrig,einzel,768
2025/2026,,,368888,Steffen Adler,einzel,770
2025/2026,,,245692,Harun Ahmadi,einzel,770
2025/2026,,,100511,Christian Brehme,einzel,770
2025/2026,,,368689,Ibrahim Erdogan,einzel,770
2025/2026,,,368957,Colin Ketterlin,einzel,770
2025/2026,,,103072,Florian Menzel,einzel,770
2025/2026,,,240239,Ivan Mikulic,einzel,770
2025/2026,,,366458,Besim Rama,einzel,770
2025/2026,,,240242,Mirsad Sabic,einzel,770
2025/2026,,,368818,Leon Schick,einzel,770
2025/2026,,,104203,Andreas Schroff,einzel,770
2025/2026,,,244727,Fabian Snijder,einzel,770
2025/2026,,,368961,Tobias Sven Stockenberger,einzel,770
2025/2026,,,368207,Calvin Waldecker,einzel,770
2025/2026,,,105193,Marco Zieger,einzel,770
2025/2026,,,368688,Fersun Ünsel,einzel,770
2025/2026,,,252039,Dany Baron,einzel,769
2025/2026,,,100972,Benjamin Eiberger,einzel,769
2025/2026,,,101390,Marco Giusa,einzel,769
2025/2026,,,101654,Thomas Handler,einzel,769
2025/2026,,,101671,Markus Hardtke,einzel,769
2025/2026,,,102047,Xhemajil Ibrahimi,einzel,769
2025/2026,,,102603,Stanislaw Kretz,einzel,769
2025/2026,,,102626,Thomas Krüger,einzel,769
2025/2026,,,246024,Denis Mnich,einzel,769
2025/2026,,,250878,Patrick Mungiuri,einzel,769
2025/2026,,,369123,Mete Mutlu,einzel,769
2025/2026,,,103634,Stephan Rech-Linker,einzel,769
2025/2026,,,354814,Benjamin Ropertz,einzel,769
2025/2026,,,104541,Alexander Striker,einzel,769
2025/2026,,,104761,Goncalo Vieira Manies,einzel,769
2025/2026,,,104803,Frank Vorauer,einzel,769
2025/2026,,,242963,Marco Warlies,einzel,769
2025/2026,,,249310,Nic Woywodt,einzel,769
2025/2026,,,368093,Andreas Zillmann,einzel,769
2025/2026,,,368781,Kevin Albert,einzel,772
2025/2026,,,100945,Stefan Duttlinger,einzel,772
2025/2026,,,368562,Jeremy Eckert,einzel,772
2025/2026,,,101192,Ronny Frank,einzel,772
2025/2026,,,101451,Steffen Graf,einzel,772
2025/2026,,,101485,Ralf Grießhaber,einzel,772
2025/2026,,,103314,Jonathan Nestler,einzel,772
2025/2026,,,252214,Pascal Sanna,einzel,772
2025/2026,,,368579,Sebastian Scherbinin,einzel,772
2025/2026,,,369096,Samuel Schleitzer,einzel,772
2025/2026,,,368127,Stefan Weiß,einzel,772
2025/2026,,,368560,Manuel Wissen,einzel,772
2025/2026,,,368381,Pavlos Dadakos,einzel,771
2025/2026,,,369106,Erdem Dikici,einzel,771
2025/2026,,,100904,Martin Doster,einzel,771
2025/2026,,,248769,Marius-Daniel Grigore-Martini,einzel,771
2025/2026,,,368142,Philip Kammnick,einzel,771
2025/2026,,,102497,Markus König,einzel,771
2025/2026,,,242789,Kevin Künstler,einzel,771
2025/2026,,,368848,Franz Miehle,einzel,771
2025/2026,,,242808,Thorsten Mohr,einzel,771
2025/2026,,,103306,Fabian Neglein,einzel,771
2025/2026,,,368819,Sait Pelit,einzel,771
2025/2026,,,369025,Eyvinh Polvito,einzel,771
2025/2026,,,368628,Wilfried Schön,einzel,771
2025/2026,,,368015,Stefan Sock,einzel,771
2025/2026,,,104671,Marcus Trumpp,einzel,771
2025/2026,,,355803,Randee Ramzi Yalda,einzel,771
2025/2026,,,368237,Pia Albersmeier,einzel,773
2025/2026,,,368423,Stefanie Brakopp,einzel,773
2025/2026,,,244943,Peggy Eisele,einzel,773
2025/2026,,,101958,Sandra Höll,einzel,773
2025/2026,,,101856,Bianca Heneka,einzel,774
2025/2026,,,368447,Svetlana Hetjens,einzel,774
2025/2026,,,104025,Priska Leven,einzel,774
2025/2026,,,100106,Stefanie Arndt,einzel,775
2025/2026,,,351926,Lucia Birsner,einzel,775
2025/2026,,,102170,Patricia Kaffesi,einzel,775
2025/2026,,,369029,Hoai Tu Anh Nguyen,einzel,775
2025/2026,,,368618,Oliver Alunni,einzel,777
2025/2026,,,101114,Gordon Fenske,einzel,777
2025/2026,,,355986,Josip Guja,einzel,777
2025/2026,,,101749,Jens Heim,einzel,777
2025/2026,,,368490,Alexander Kocher,einzel,777
2025/2026,,,368474,Dieter Neumann,einzel,777
2025/2026,,,250306,Luigi Sarullo,einzel,777
2025/2026,,,242731,Dirk Schäfauer,einzel,777
2025/2026,,,104376,Darius Skowronek,einzel,777
2025/2026,,,100092,Charalampos Antonogiorgakis,einzel,776
2025/2026,,,100852,Heiko Difflipp,einzel,776
2025/2026,,,100983,Frank Eisele,einzel,776
2025/2026,,,101528,Gerhard Gryschka,einzel,776
2025/2026,,,101289,Thomas Gäckle,einzel,776
2025/2026,,,101574,Michael Haag,einzel,776
2025/2026,,,102278,Andreas Keilmann,einzel,776
2025/2026,,,102680,Thomas Kupfer,einzel,776
2025/2026,,,366176,Stefan Lorenz,einzel,776
2025/2026,,,103598,Andreas Rago,einzel,776
2025/2026,,,104109,Uwe Schmidt,einzel,776
2025/2026,,,242881,Xanthos Vlassidis,einzel,776
2025/2026,,,368879,Brian Wright,einzel,776
2025/2026,,,103444,Sercan Özdemir,einzel,776
2025/2026,,,100039,Erdal Akinci,einzel,778
2025/2026,,,101984,Rainer Hops,einzel,778
2025/2026,,,367934,Andreas Loderer,einzel,778
2025/2026,,,368299,Christian Schaber,einzel,778
2025/2026,,,100825,Michael Diedrich,einzel,779
2025/2026,,,102164,Norbert Kabas,einzel,779
2025/2026,,,368506,Seong-Jin Kim,einzel,779
2025/2026,,,123146,Markus Rütten,einzel,779
2025/2026,,,249145,Drazen Smolcic,einzel,779
2025/2026,,,368780,Thomas Weniger,einzel,779
2025/2026,,,368972,Bessim Bessim Oglou,einzel,780
2025/2026,,,368402,Cuong Dao-Ngoc,einzel,780
2025/2026,,,242971,Selim Güzel,einzel,780
2025/2026,,,368146,Saeid Heydarpour,einzel,780
2025/2026,,,101994,Gerd Hörrmann,einzel,780
2025/2026,,,352494,Jürgen Klatt,einzel,780
2025/2026,,,103289,Ingo Nassall,einzel,780
2025/2026,,,103479,Andreas Pauling,einzel,780
2025/2026,,,103552,Claudio Pontuti,einzel,780
2025/2026,,,103603,Thorsten Rammer,einzel,780
2025/2026,,,355443,Michael Reich,einzel,780
2025/2026,,,353143,Martin Repp,einzel,780
2025/2026,,,351950,Olaf Schwarz,einzel,780
2025/2026,,,104287,Oliver Schwertschlager,einzel,780
2025/2026,,,368200,Jürgen Trost,einzel,780
2025/2026,,,104685,Machmut Turan,einzel,780
2025/2026,,,248622,Frank Diedrich,einzel,783
2025/2026,,,102948,Rolf Mangelsdorf,einzel,783
2025/2026,,,103930,Eberhard Sauter,einzel,783
2025/2026,,,367962,Markus Strauß,einzel,783
2025/2026,,,368044,Jörg Wolf,einzel,783
2025/2026,,,100463,Stephan Boschert,einzel,781
2025/2026,,,102069,Lutz Iserhardt,einzel,781
2025/2026,,,102352,Udo Kirchgeßner,einzel,781
2025/2026,,,102663,Andreas Kullmann,einzel,781
2025/2026,,,368969,Klaus Mülbert,einzel,781
2025/2026,,,103617,Detlef Ratz,einzel,781
2025/2026,,,104021,Jörg Schick-Bringer,einzel,781
2025/2026,,,368475,Michael Schneider,einzel,781
2025/2026,,,368965,Peter Schwab,einzel,781
2025/2026,,,356203,Ali Tinoush,einzel,781
2025/2026,,,104766,Carmelo Visconti,einzel,781
2025/2026,,,104844,Rolf Waible,einzel,781
2025/2026,,,221366,Henning Wilkner,einzel,781
2025/2026,,,111963,Bernd Woitanowski,einzel,781
2025/2026,,,105103,Dieter Wolk,einzel,781
2025/2026,,,368079,Christian Würthwein,einzel,781
2025/2026,,,248185,Peter Baur,einzel,782
2025/2026,,,367940,Siegfried Brockmann,einzel,782
2025/2026,,,368058,Holger Domdey,einzel,782
2025/2026,,,369105,Lothar Enzenhöfer,einzel,782
2025/2026,,,101317,Frank Gebert,einzel,782
2025/2026,,,101658,Torsten Hanisch,einzel,782
2025/2026,,,368341,Dieter Krause,einzel,782
2025/2026,,,104206,Anton Schubert,einzel,782
2025/2026,,,367936,Dieter Seitz,einzel,782
2025/2026,,,104635,Raphael Titzmann,einzel,782
2025/2026,,,367990,Raimund Wanner,einzel,782
2025/2026,,,228713,Erich Wohllaib,einzel,782
2025/2026,,,100481,Silke Brand,einzel,784
2025/2026,,,100325,Susi Harbrecht-Berndt,einzel,784
2025/2026,,,239637,Irina Killian,einzel,784
2025/2026,,,252901,Evi Leder,einzel,784
2025/2026,,,355165,Katrin Quaschinsky,einzel,784
2025/2026,,,239646,Susanne Schweter,einzel,784
2025/2026,,,353038,Brigitte Uhrig,einzel,784
2025/2026,,,100014,Marek Adam,einzel,788
2025/2026,,,245692,Harun Ahmadi,einzel,788
2025/2026,,,368482,Maximilian Arnt,einzel,788
2025/2026,,,368908,Simon Bernecker,einzel,788
2025/2026,,,100511,Christian Brehme,einzel,788
2025/2026,,,240446,Antonio De Gois,einzel,788
2025/2026,,,101313,Stefan Gaschler,einzel,788
2025/2026,,,368751,Giovanni Genovese,einzel,788
2025/2026,,,240171,Steffen Hoffmann,einzel,788
2025/2026,,,351635,Robert Klinec,einzel,788
2025/2026,,,103072,Florian Menzel,einzel,788
2025/2026,,,103143,Benny-Michel Mildenberger,einzel,788
2025/2026,,,368865,Ahmad Nassar,einzel,788
2025/2026,,,103573,Marc Proissl,einzel,788
2025/2026,,,366458,Besim Rama,einzel,788
2025/2026,,,368818,Leon Schick,einzel,788
2025/2026,,,104203,Andreas Schroff,einzel,788
2025/2026,,,368235,Jens Sommer,einzel,788
2025/2026,,,368961,Tobias Sven Stockenberger,einzel,788
2025/2026,,,366459,Alexandru Szabo,einzel,788
2025/2026,,,368118,Stefan Süß,einzel,788
2025/2026,,,350683,Kevin Wetzel,einzel,788
2025/2026,,,368688,Fersun Ünsel,einzel,788
2025/2026,,,369106,Erdem Dikici,einzel,789
2025/2026,,,100904,Martin Doster,einzel,789
2025/2026,,,369057,Francesco Dragotta,einzel,789
2025/2026,,,368182,Besirat Fekadu,einzel,789
2025/2026,,,356369,Alexander Fischer,einzel,789
2025/2026,,,369023,Luciano Galman,einzel,789
2025/2026,,,242992,Mark Hast,einzel,789
2025/2026,,,368904,Dietmar Helfrich,einzel,789
2025/2026,,,354401,Stephan Huber,einzel,789
2025/2026,,,102219,Thorsten Kappus,einzel,789
2025/2026,,,349809,Dietmar Karoli,einzel,789
2025/2026,,,102497,Markus König,einzel,789
2025/2026,,,369024,Nikolai Lupena,einzel,789
2025/2026,,,368848,Franz Miehle,einzel,789
2025/2026,,,369056,Kevin Minardi,einzel,789
2025/2026,,,369124,Adham Mohamed,einzel,789
2025/2026,,,242808,Thorsten Mohr,einzel,789
2025/2026,,,367871,Sebastian Müller,einzel,789
2025/2026,,,103306,Fabian Neglein,einzel,789
2025/2026,,,368819,Sait Pelit,einzel,789
2025/2026,,,369025,Eyvinh Polvito,einzel,789
2025/2026,,,368241,Victor Rodriguez,einzel,789
2025/2026,,,103925,Sascha Sauer,einzel,789
2025/2026,,,353693,Michael Schulz,einzel,789
2025/2026,,,242796,Frank Schwenk,einzel,789
2025/2026,,,229045,Ulrich Schäfer,einzel,789
2025/2026,,,368628,Wilfried Schön,einzel,789
2025/2026,,,368015,Stefan Sock,einzel,789
2025/2026,,,368922,Yusa Tutucu,einzel,789
2025/2026,,,354316,Marco Weise,einzel,789
2025/2026,,,355803,Randee Ramzi Yalda,einzel,789
2025/2026,,,251815,Kevin Adamczyk,einzel,787
2025/2026,,,368236,Joshua Bartsch,einzel,787
2025/2026,,,368893,Sukhbat Batjargal,einzel,787
2025/2026,,,355875,Mohammed Ali Bemah,einzel,787
2025/2026,,,353895,Thorgen Brett,einzel,787
2025/2026,,,100616,Zeljko Burmazovic,einzel,787
2025/2026,,,368419,Catalin Damian,einzel,787
2025/2026,,,248740,Arash Dayyani,einzel,787
2025/2026,,,249451,Andrei Deliman,einzel,787
2025/2026,,,242969,Carlo Frasch,einzel,787
2025/2026,,,368138,Philip Gamerdinger,einzel,787
2025/2026,,,101390,Marco Giusa,einzel,787
2025/2026,,,368292,Matthias Grgic,einzel,787
2025/2026,,,248741,Oliver Hauke,einzel,787
2025/2026,,,101755,Dominik Heinkele,einzel,787
2025/2026,,,228904,Tobias Hirt,einzel,787
2025/2026,,,353408,Christopher Hopp,einzel,787
2025/2026,,,368283,Andreas Höhn,einzel,787
2025/2026,,,102047,Xhemajil Ibrahimi,einzel,787
2025/2026,,,368811,Philipp Kibele,einzel,787
2025/2026,,,102379,Daniel Klapper,einzel,787
2025/2026,,,102603,Stanislaw Kretz,einzel,787
2025/2026,,,102626,Thomas Krüger,einzel,787
2025/2026,,,102645,Stefan Künzl,einzel,787
2025/2026,,,102694,Daniel La Cognata,einzel,787
2025/2026,,,368505,Markus Löscher,einzel,787
2025/2026,,,246024,Denis Mnich,einzel,787
2025/2026,,,250878,Patrick Mungiuri,einzel,787
2025/2026,,,369123,Mete Mutlu,einzel,787
2025/2026,,,368984,Michael Müller,einzel,787
2025/2026,,,249359,Florian Pasch,einzel,787
2025/2026,,,103634,Stephan Rech-Linker,einzel,787
2025/2026,,,103686,Michael Reiser,einzel,787
2025/2026,,,157455,Norbert Rollbühler,einzel,787
2025/2026,,,368289,Kevin Schieber,einzel,787
2025/2026,,,367912,Nikolaos Seristatidis,einzel,787
2025/2026,,,368041,Alexander Srp,einzel,787
2025/2026,,,355901,Alexandar Stankovic,einzel,787
2025/2026,,,366248,Matthias Stolz,einzel,787
2025/2026,,,368778,Dimitrios Stotoglou,einzel,787
2025/2026,,,104541,Alexander Striker,einzel,787
2025/2026,,,104761,Goncalo Vieira Manies,einzel,787
2025/2026,,,242963,Marco Warlies,einzel,787
2025/2026,,,249310,Nic Woywodt,einzel,787
2025/2026,,,368093,Andreas Zillmann,einzel,787
2025/2026,,,100092,Charalampos Antonogiorgakis,einzel,792
2025/2026,,,100296,Mustafa Benk,einzel,792
2025/2026,,,100852,Heiko Difflipp,einzel,792
2025/2026,,,100983,Frank Eisele,einzel,792
2025/2026,,,101528,Gerhard Gryschka,einzel,792
2025/2026,,,101289,Thomas Gäckle,einzel,792
2025/2026,,,101574,Michael Haag,einzel,792
2025/2026,,,102680,Thomas Kupfer,einzel,792
2025/2026,,,366176,Stefan Lorenz,einzel,792
2025/2026,,,242747,Thomas Mooshammer,einzel,792
2025/2026,,,103598,Andreas Rago,einzel,792
2025/2026,,,367959,Kurt Saller,einzel,792
2025/2026,,,368224,Hakan Söyler,einzel,792
2025/2026,,,368012,Birger Tesnau,einzel,792
2025/2026,,,242881,Xanthos Vlassidis,einzel,792
2025/2026,,,240510,Sven Wezstein,einzel,792
2025/2026,,,368879,Brian Wright,einzel,792
2025/2026,,,105234,Daniel Zmalec,einzel,792
2025/2026,,,368972,Bessim Bessim Oglou,einzel,795
2025/2026,,,368402,Cuong Dao-Ngoc,einzel,795
2025/2026,,,367996,Nurcan Ezdi,einzel,795
2025/2026,,,368856,Thomas Graner,einzel,795
2025/2026,,,101587,Rainer Habelt,einzel,795
2025/2026,,,368146,Saeid Heydarpour,einzel,795
2025/2026,,,101945,Thomas Höger,einzel,795
2025/2026,,,352494,Jürgen Klatt,einzel,795
2025/2026,,,368860,Wolfgang Krüger,einzel,795
2025/2026,,,242957,Ingo Mann,einzel,795
2025/2026,,,103200,Andreas Müller,einzel,795
2025/2026,,,103289,Ingo Nassall,einzel,795
2025/2026,,,103479,Andreas Pauling,einzel,795
2025/2026,,,103552,Claudio Pontuti,einzel,795
2025/2026,,,355443,Michael Reich,einzel,795
2025/2026,,,353143,Martin Repp,einzel,795
2025/2026,,,351950,Olaf Schwarz,einzel,795
2025/2026,,,104287,Oliver Schwertschlager,einzel,795
2025/2026,,,104685,Machmut Turan,einzel,795
2025/2026,,,100060,Marc Allinger,einzel,790
2025/2026,,,368810,Jamil Dib,einzel,790
2025/2026,,,368720,Domenik Dreibach,einzel,790
2025/2026,,,368562,Jeremy Eckert,einzel,790
2025/2026,,,369060,Ronny Gabriel,einzel,790
2025/2026,,,247955,David Galwas,einzel,790
2025/2026,,,252216,Danny Golling,einzel,790
2025/2026,,,101745,Rainer Heilmann,einzel,790
2025/2026,,,369061,Thorsten Löffler,einzel,790
2025/2026,,,103081,Andreas Merkle,einzel,790
2025/2026,,,368721,Dominik Mogel,einzel,790
2025/2026,,,252214,Pascal Sanna,einzel,790
2025/2026,,,369096,Samuel Schleitzer,einzel,790
2025/2026,,,104258,Florian Schwägler,einzel,790
2025/2026,,,104365,Asmir Sinanovic,einzel,790
2025/2026,,,368616,Mark Szinger,einzel,790
2025/2026,,,368560,Manuel Wissen,einzel,790
2025/2026,,,100124,Ottmar Auzinger,einzel,796
2025/2026,,,368516,Uwe Barth,einzel,796
2025/2026,,,248185,Peter Baur,einzel,796
2025/2026,,,367940,Siegfried Brockmann,einzel,796
2025/2026,,,368111,Ali Cetin,einzel,796
2025/2026,,,369105,Lothar Enzenhöfer,einzel,796
2025/2026,,,368341,Dieter Krause,einzel,796
2025/2026,,,367933,Siegbert Müller,einzel,796
2025/2026,,,104085,Werner Schmidberger,einzel,796
2025/2026,,,104206,Anton Schubert,einzel,796
2025/2026,,,104257,Jörg Schwager,einzel,796
2025/2026,,,367936,Dieter Seitz,einzel,796
2025/2026,,,228713,Erich Wohllaib,einzel,796
2025/2026,,,368869,Saif Azzawi,einzel,798
2025/2026,,,252039,Dany Baron,einzel,798
2025/2026,,,368893,Sukhbat Batjargal,einzel,798
2025/2026,,,355875,Mohammed Ali Bemah,einzel,798
2025/2026,,,100421,Robert Bogdan,einzel,798
2025/2026,,,353895,Thorgen Brett,einzel,798
2025/2026,,,100616,Zeljko Burmazovic,einzel,798
2025/2026,,,368321,Daniel Christoph,einzel,798
2025/2026,,,368419,Catalin Damian,einzel,798
2025/2026,,,245948,Aryan Dayyani,einzel,798
2025/2026,,,249451,Andrei Deliman,einzel,798
2025/2026,,,100972,Benjamin Eiberger,einzel,798
2025/2026,,,368319,Luka Fuchs,einzel,798
2025/2026,,,368138,Philip Gamerdinger,einzel,798
2025/2026,,,101390,Marco Giusa,einzel,798
2025/2026,,,368292,Matthias Grgic,einzel,798
2025/2026,,,101672,Matthias Hardtke,einzel,798
2025/2026,,,248741,Oliver Hauke,einzel,798
2025/2026,,,353408,Christopher Hopp,einzel,798
2025/2026,,,368283,Andreas Höhn,einzel,798
2025/2026,,,102047,Xhemajil Ibrahimi,einzel,798
2025/2026,,,102111,Zvonimir Jembrih,einzel,798
2025/2026,,,368811,Philipp Kibele,einzel,798
2025/2026,,,102603,Stanislaw Kretz,einzel,798
2025/2026,,,102626,Thomas Krüger,einzel,798
2025/2026,,,102645,Stefan Künzl,einzel,798
2025/2026,,,102694,Daniel La Cognata,einzel,798
2025/2026,,,368505,Markus Löscher,einzel,798
2025/2026,,,246024,Denis Mnich,einzel,798
2025/2026,,,250878,Patrick Mungiuri,einzel,798
2025/2026,,,369123,Mete Mutlu,einzel,798
2025/2026,,,368984,Michael Müller,einzel,798
2025/2026,,,249359,Florian Pasch,einzel,798
2025/2026,,,103634,Stephan Rech-Linker,einzel,798
2025/2026,,,103686,Michael Reiser,einzel,798
2025/2026,,,354814,Benjamin Ropertz,einzel,798
2025/2026,,,368289,Kevin Schieber,einzel,798
2025/2026,,,368047,Marvin Schiele,einzel,798
2025/2026,,,367912,Nikolaos Seristatidis,einzel,798
2025/2026,,,351326,Philip Smaczny,einzel,798
2025/2026,,,355901,Alexandar Stankovic,einzel,798
2025/2026,,,366248,Matthias Stolz,einzel,798
2025/2026,,,368778,Dimitrios Stotoglou,einzel,798
2025/2026,,,104541,Alexander Striker,einzel,798
2025/2026,,,368645,Joel Louis Egon Strohmayer,einzel,798
2025/2026,,,104642,Dominik Tonn,einzel,798
2025/2026,,,368643,Viktor Tschin,einzel,798
2025/2026,,,104761,Goncalo Vieira Manies,einzel,798
2025/2026,,,368868,Matthias Weigl,einzel,798
2025/2026,,,368093,Andreas Zillmann,einzel,798
2025/2026,,,368888,Steffen Adler,einzel,799
2025/2026,,,245692,Harun Ahmadi,einzel,799
2025/2026,,,368482,Maximilian Arnt,einzel,799
2025/2026,,,368908,Simon Bernecker,einzel,799
2025/2026,,,100511,Christian Brehme,einzel,799
2025/2026,,,368689,Ibrahim Erdogan,einzel,799
2025/2026,,,240171,Steffen Hoffmann,einzel,799
2025/2026,,,368957,Colin Ketterlin,einzel,799
2025/2026,,,368779,Fabian Klausmann,einzel,799
2025/2026,,,351635,Robert Klinec,einzel,799
2025/2026,,,240239,Ivan Mikulic,einzel,799
2025/2026,,,103143,Benny-Michel Mildenberger,einzel,799
2025/2026,,,368865,Ahmad Nassar,einzel,799
2025/2026,,,103573,Marc Proissl,einzel,799
2025/2026,,,366458,Besim Rama,einzel,799
2025/2026,,,368818,Leon Schick,einzel,799
2025/2026,,,104203,Andreas Schroff,einzel,799
2025/2026,,,368961,Tobias Sven Stockenberger,einzel,799
2025/2026,,,366459,Alexandru Szabo,einzel,799
2025/2026,,,368118,Stefan Süß,einzel,799
2025/2026,,,368207,Calvin Waldecker,einzel,799
2025/2026,,,252010,Long Werner,einzel,799
2025/2026,,,105043,Dirk Windecker,einzel,799
2025/2026,,,369004,Zan Bong Yuen,einzel,799
2025/2026,,,368688,Fersun Ünsel,einzel,799
2025/2026,,,368954,Dirk Bastian,einzel,800
2025/2026,,,228692,Ewald Bausch,einzel,800
2025/2026,,,367929,Rainer Beck,einzel,800
2025/2026,,,366767,Miodrag Adrian Caravila,einzel,800
2025/2026,,,369106,Erdem Dikici,einzel,800
2025/2026,,,100904,Martin Doster,einzel,800
2025/2026,,,368182,Besirat Fekadu,einzel,800
2025/2026,,,369023,Luciano Galman,einzel,800
2025/2026,,,248769,Marius-Daniel Grigore-Martini,einzel,800
2025/2026,,,368904,Dietmar Helfrich,einzel,800
2025/2026,,,354401,Stephan Huber,einzel,800
2025/2026,,,368142,Philip Kammnick,einzel,800
2025/2026,,,102497,Markus König,einzel,800
2025/2026,,,242789,Kevin Künstler,einzel,800
2025/2026,,,369024,Nikolai Lupena,einzel,800
2025/2026,,,368848,Franz Miehle,einzel,800
2025/2026,,,242808,Thorsten Mohr,einzel,800
2025/2026,,,103306,Fabian Neglein,einzel,800
2025/2026,,,368819,Sait Pelit,einzel,800
2025/2026,,,369025,Eyvinh Polvito,einzel,800
2025/2026,,,368241,Victor Rodriguez,einzel,800
2025/2026,,,353693,Michael Schulz,einzel,800
2025/2026,,,368628,Wilfried Schön,einzel,800
2025/2026,,,368015,Stefan Sock,einzel,800
2025/2026,,,350617,Christian Späthe,einzel,800
2025/2026,,,228696,Gerald Ströbele,einzel,800
2025/2026,,,104671,Marcus Trumpp,einzel,800
2025/2026,,,368922,Yusa Tutucu,einzel,800
2025/2026,,,354316,Marco Weise,einzel,800
2025/2026,,,105085,Andreas Witzigmann,einzel,800
2025/2026,,,355803,Randee Ramzi Yalda,einzel,800
2025/2026,,,368781,Kevin Albert,einzel,801
2025/2026,,,368810,Jamil Dib,einzel,801
2025/2026,,,368720,Domenik Dreibach,einzel,801
2025/2026,,,369060,Ronny Gabriel,einzel,801
2025/2026,,,252216,Danny Golling,einzel,801
2025/2026,,,101451,Steffen Graf,einzel,801
2025/2026,,,101745,Rainer Heilmann,einzel,801
2025/2026,,,253265,Simon Kemmerling,einzel,801
2025/2026,,,369061,Thorsten Löffler,einzel,801
2025/2026,,,368721,Dominik Mogel,einzel,801
2025/2026,,,368579,Sebastian Scherbinin,einzel,801
2025/2026,,,369096,Samuel Schleitzer,einzel,801
2025/2026,,,104365,Asmir Sinanovic,einzel,801
2025/2026,,,368616,Mark Szinger,einzel,801
2025/2026,,,368560,Manuel Wissen,einzel,801
2025/2026,,,100092,Charalampos Antonogiorgakis,einzel,802
2025/2026,,,100296,Mustafa Benk,einzel,802
2025/2026,,,100852,Heiko Difflipp,einzel,802
2025/2026,,,101528,Gerhard Gryschka,einzel,802
2025/2026,,,101289,Thomas Gäckle,einzel,802
2025/2026,,,101574,Michael Haag,einzel,802
2025/2026,,,102013,Marco Huber,einzel,802
2025/2026,,,102680,Thomas Kupfer,einzel,802
2025/2026,,,366176,Stefan Lorenz,einzel,802
2025/2026,,,242747,Thomas Mooshammer,einzel,802
2025/2026,,,367959,Kurt Saller,einzel,802
2025/2026,,,368224,Hakan Söyler,einzel,802
2025/2026,,,368012,Birger Tesnau,einzel,802
2025/2026,,,104742,Luis Varon Marques,einzel,802
2025/2026,,,242881,Xanthos Vlassidis,einzel,802
2025/2026,,,368879,Brian Wright,einzel,802
2025/2026,,,368888,Steffen Adler,einzel,811
2025/2026,,,245692,Harun Ahmadi,einzel,811
2025/2026,,,368482,Maximilian Arnt,einzel,811
2025/2026,,,368908,Simon Bernecker,einzel,811
2025/2026,,,100511,Christian Brehme,einzel,811
2025/2026,,,368689,Ibrahim Erdogan,einzel,811
2025/2026,,,240171,Steffen Hoffmann,einzel,811
2025/2026,,,368957,Colin Ketterlin,einzel,811
2025/2026,,,368779,Fabian Klausmann,einzel,811
2025/2026,,,351635,Robert Klinec,einzel,811
2025/2026,,,240239,Ivan Mikulic,einzel,811
2025/2026,,,103143,Benny-Michel Mildenberger,einzel,811
2025/2026,,,368865,Ahmad Nassar,einzel,811
2025/2026,,,103573,Marc Proissl,einzel,811
2025/2026,,,366458,Besim Rama,einzel,811
2025/2026,,,368818,Leon Schick,einzel,811
2025/2026,,,104203,Andreas Schroff,einzel,811
2025/2026,,,368961,Tobias Sven Stockenberger,einzel,811
2025/2026,,,366459,Alexandru Szabo,einzel,811
2025/2026,,,368557,Christian Süß,einzel,811
2025/2026,,,368118,Stefan Süß,einzel,811
2025/2026,,,368207,Calvin Waldecker,einzel,811
2025/2026,,,252010,Long Werner,einzel,811
2025/2026,,,105043,Dirk Windecker,einzel,811
2025/2026,,,369004,Zan Bong Yuen,einzel,811
2025/2026,,,105193,Marco Zieger,einzel,811
2025/2026,,,368688,Fersun Ünsel,einzel,811
2025/2026,,,100122,Andreas Augustin,einzel,806
2025/2026,,,368972,Bessim Bessim Oglou,einzel,806
2025/2026,,,368816,Emilio Caracciolo,einzel,806
2025/2026,,,368402,Cuong Dao-Ngoc,einzel,806
2025/2026,,,367996,Nurcan Ezdi,einzel,806
2025/2026,,,101264,Bernd Füess,einzel,806
2025/2026,,,101265,Michael Füess,einzel,806
2025/2026,,,368856,Thomas Graner,einzel,806
2025/2026,,,242971,Selim Güzel,einzel,806
2025/2026,,,101587,Rainer Habelt,einzel,806
2025/2026,,,368146,Saeid Heydarpour,einzel,806
2025/2026,,,350315,Ralf Hohlfeld,einzel,806
2025/2026,,,101945,Thomas Höger,einzel,806
2025/2026,,,101994,Gerd Hörrmann,einzel,806
2025/2026,,,352494,Jürgen Klatt,einzel,806
2025/2026,,,368860,Wolfgang Krüger,einzel,806
2025/2026,,,250188,Thorsten Kupske,einzel,806
2025/2026,,,354685,Joachim Luft,einzel,806
2025/2026,,,242957,Ingo Mann,einzel,806
2025/2026,,,103200,Andreas Müller,einzel,806
2025/2026,,,103552,Claudio Pontuti,einzel,806
2025/2026,,,103603,Thorsten Rammer,einzel,806
2025/2026,,,355443,Michael Reich,einzel,806
2025/2026,,,353143,Martin Repp,einzel,806
2025/2026,,,351950,Olaf Schwarz,einzel,806
2025/2026,,,104685,Machmut Turan,einzel,806
2025/2026,,,251815,Kevin Adamczyk,einzel,810
2025/2026,,,252039,Dany Baron,einzel,810
2025/2026,,,368236,Joshua Bartsch,einzel,810
2025/2026,,,368893,Sukhbat Batjargal,einzel,810
2025/2026,,,355875,Mohammed Ali Bemah,einzel,810
2025/2026,,,368823,Adeeb Bitar,einzel,810
2025/2026,,,100421,Robert Bogdan,einzel,810
2025/2026,,,353895,Thorgen Brett,einzel,810
2025/2026,,,100616,Zeljko Burmazovic,einzel,810
2025/2026,,,368321,Daniel Christoph,einzel,810
2025/2026,,,368419,Catalin Damian,einzel,810
2025/2026,,,242926,Nils Dannhauer,einzel,810
2025/2026,,,100773,Fiorenzo De Nuzzo,einzel,810
2025/2026,,,100972,Benjamin Eiberger,einzel,810
2025/2026,,,368319,Luka Fuchs,einzel,810
2025/2026,,,368292,Matthias Grgic,einzel,810
2025/2026,,,248741,Oliver Hauke,einzel,810
2025/2026,,,353408,Christopher Hopp,einzel,810
2025/2026,,,368283,Andreas Höhn,einzel,810
2025/2026,,,102047,Xhemajil Ibrahimi,einzel,810
2025/2026,,,102379,Daniel Klapper,einzel,810
2025/2026,,,102603,Stanislaw Kretz,einzel,810
2025/2026,,,368964,Petar Krolo,einzel,810
2025/2026,,,102626,Thomas Krüger,einzel,810
2025/2026,,,102645,Stefan Künzl,einzel,810
2025/2026,,,102694,Daniel La Cognata,einzel,810
2025/2026,,,368505,Markus Löscher,einzel,810
2025/2026,,,250878,Patrick Mungiuri,einzel,810
2025/2026,,,369123,Mete Mutlu,einzel,810
2025/2026,,,368984,Michael Müller,einzel,810
2025/2026,,,249359,Florian Pasch,einzel,810
2025/2026,,,103634,Stephan Rech-Linker,einzel,810
2025/2026,,,103686,Michael Reiser,einzel,810
2025/2026,,,157455,Norbert Rollbühler,einzel,810
2025/2026,,,354814,Benjamin Ropertz,einzel,810
2025/2026,,,367912,Nikolaos Seristatidis,einzel,810
2025/2026,,,355901,Alexandar Stankovic,einzel,810
2025/2026,,,366248,Matthias Stolz,einzel,810
2025/2026,,,368778,Dimitrios Stotoglou,einzel,810
2025/2026,,,104541,Alexander Striker,einzel,810
2025/2026,,,104642,Dominik Tonn,einzel,810
2025/2026,,,368643,Viktor Tschin,einzel,810
2025/2026,,,104761,Goncalo Vieira Manies,einzel,810
2025/2026,,,249310,Nic Woywodt,einzel,810
2025/2026,,,368093,Andreas Zillmann,einzel,810
2025/2026,,,368781,Kevin Albert,einzel,813
2025/2026,,,368810,Jamil Dib,einzel,813
2025/2026,,,368562,Jeremy Eckert,einzel,813
2025/2026,,,101192,Ronny Frank,einzel,813
2025/2026,,,252216,Danny Golling,einzel,813
2025/2026,,,101745,Rainer Heilmann,einzel,813
2025/2026,,,253265,Simon Kemmerling,einzel,813
2025/2026,,,369054,Dennis Knoblauch,einzel,813
2025/2026,,,369061,Thorsten Löffler,einzel,813
2025/2026,,,368579,Sebastian Scherbinin,einzel,813
2025/2026,,,369096,Samuel Schleitzer,einzel,813
2025/2026,,,368616,Mark Szinger,einzel,813
2025/2026,,,368127,Stefan Weiß,einzel,813
2025/2026,,,368560,Manuel Wissen,einzel,813
2025/2026,,,353844,Manuel Aschenbrenner,einzel,812
2025/2026,,,228692,Ewald Bausch,einzel,812
2025/2026,,,367929,Rainer Beck,einzel,812
2025/2026,,,366767,Miodrag Adrian Caravila,einzel,812
2025/2026,,,369106,Erdem Dikici,einzel,812
2025/2026,,,100904,Martin Doster,einzel,812
2025/2026,,,369057,Francesco Dragotta,einzel,812
2025/2026,,,368182,Besirat Fekadu,einzel,812
2025/2026,,,356369,Alexander Fischer,einzel,812
2025/2026,,,248769,Marius-Daniel Grigore-Martini,einzel,812
2025/2026,,,368904,Dietmar Helfrich,einzel,812
2025/2026,,,368142,Philip Kammnick,einzel,812
2025/2026,,,102219,Thorsten Kappus,einzel,812
2025/2026,,,102497,Markus König,einzel,812
2025/2026,,,242789,Kevin Künstler,einzel,812
2025/2026,,,368848,Franz Miehle,einzel,812
2025/2026,,,369056,Kevin Minardi,einzel,812
2025/2026,,,242808,Thorsten Mohr,einzel,812
2025/2026,,,103306,Fabian Neglein,einzel,812
2025/2026,,,368819,Sait Pelit,einzel,812
2025/2026,,,369025,Eyvinh Polvito,einzel,812
2025/2026,,,367989,Martin Reinhardt,einzel,812
2025/2026,,,368978,Julian Schank,einzel,812
2025/2026,,,242796,Frank Schwenk,einzel,812
2025/2026,,,368628,Wilfried Schön,einzel,812
2025/2026,,,368015,Stefan Sock,einzel,812
2025/2026,,,350617,Christian Späthe,einzel,812
2025/2026,,,228696,Gerald Ströbele,einzel,812
2025/2026,,,104671,Marcus Trumpp,einzel,812
2025/2026,,,368922,Yusa Tutucu,einzel,812
2025/2026,,,355803,Randee Ramzi Yalda,einzel,812
2025/2026,,,100122,Andreas Augustin,einzel,818
2025/2026,,,368972,Bessim Bessim Oglou,einzel,818
2025/2026,,,368816,Emilio Caracciolo,einzel,818
2025/2026,,,368402,Cuong Dao-Ngoc,einzel,818
2025/2026,,,101264,Bernd Füess,einzel,818
2025/2026,,,101265,Michael Füess,einzel,818
2025/2026,,,368856,Thomas Graner,einzel,818
2025/2026,,,242971,Selim Güzel,einzel,818
2025/2026,,,101587,Rainer Habelt,einzel,818
2025/2026,,,368146,Saeid Heydarpour,einzel,818
2025/2026,,,350315,Ralf Hohlfeld,einzel,818
2025/2026,,,101945,Thomas Höger,einzel,818
2025/2026,,,352494,Jürgen Klatt,einzel,818
2025/2026,,,368860,Wolfgang Krüger,einzel,818
2025/2026,,,250188,Thorsten Kupske,einzel,818
2025/2026,,,242957,Ingo Mann,einzel,818
2025/2026,,,103200,Andreas Müller,einzel,818
2025/2026,,,103552,Claudio Pontuti,einzel,818
2025/2026,,,103603,Thorsten Rammer,einzel,818
2025/2026,,,355443,Michael Reich,einzel,818
2025/2026,,,353143,Martin Repp,einzel,818
2025/2026,,,351950,Olaf Schwarz,einzel,818
2025/2026,,,104685,Machmut Turan,einzel,818
2025/2026,,,368972,Bessim Bessim Oglou,einzel,831
2025/2026,,,368402,Cuong Dao-Ngoc,einzel,831
2025/2026,,,242971,Selim Güzel,einzel,831
2025/2026,,,368146,Saeid Heydarpour,einzel,831
2025/2026,,,352494,Jürgen Klatt,einzel,831
2025/2026,,,368860,Wolfgang Krüger,einzel,831
2025/2026,,,103479,Andreas Pauling,einzel,831
2025/2026,,,103552,Claudio Pontuti,einzel,831
2025/2026,,,103603,Thorsten Rammer,einzel,831
2025/2026,,,355443,Michael Reich,einzel,831
2025/2026,,,353143,Martin Repp,einzel,831
2025/2026,,,104287,Oliver Schwertschlager,einzel,831
2025/2026,,,104685,Machmut Turan,einzel,831
2025/2026,,,368683,Jürgen Berninger,einzel,822
2025/2026,,,100670,Efendi Cekerek,einzel,822
2025/2026,,,252865,Axel Eberle,einzel,822
2025/2026,,,368832,Timm Ganske,einzel,822
2025/2026,,,101363,Oliver Geuder,einzel,822
2025/2026,,,101758,Martin Heinrich,einzel,822
2025/2026,,,102069,Lutz Iserhardt,einzel,822
2025/2026,,,368969,Klaus Mülbert,einzel,822
2025/2026,,,103209,Dirk Müller,einzel,822
2025/2026,,,103593,Ralf Rabold,einzel,822
2025/2026,,,103617,Detlef Ratz,einzel,822
2025/2026,,,369020,Markus Schneider,einzel,822
2025/2026,,,368475,Michael Schneider,einzel,822
2025/2026,,,368965,Peter Schwab,einzel,822
2025/2026,,,356203,Ali Tinoush,einzel,822
2025/2026,,,104820,Tom Wacker,einzel,822
2025/2026,,,104844,Rolf Waible,einzel,822
2025/2026,,,367987,Mike Walter,einzel,822
2025/2026,,,240228,Florian Walther,einzel,822
2025/2026,,,221366,Henning Wilkner,einzel,822
2025/2026,,,111963,Bernd Woitanowski,einzel,822
2025/2026,,,368411,Jürgen Wolf,einzel,822
2025/2026,,,105103,Dieter Wolk,einzel,822
2025/2026,,,367988,Markus Wörner,einzel,822
2025/2026,,,368079,Christian Würthwein,einzel,822
2025/2026,,,105217,Karl-Heinz Zimmermann,einzel,822
2025/2026,,,251815,Kevin Adamczyk,einzel,823
2025/2026,,,252039,Dany Baron,einzel,823
2025/2026,,,355875,Mohammed Ali Bemah,einzel,823
2025/2026,,,353895,Thorgen Brett,einzel,823
2025/2026,,,368419,Catalin Damian,einzel,823
2025/2026,,,249451,Andrei Deliman,einzel,823
2025/2026,,,100972,Benjamin Eiberger,einzel,823
2025/2026,,,242969,Carlo Frasch,einzel,823
2025/2026,,,368292,Matthias Grgic,einzel,823
2025/2026,,,101654,Thomas Handler,einzel,823
2025/2026,,,248741,Oliver Hauke,einzel,823
2025/2026,,,228904,Tobias Hirt,einzel,823
2025/2026,,,353408,Christopher Hopp,einzel,823
2025/2026,,,102047,Xhemajil Ibrahimi,einzel,823
2025/2026,,,102626,Thomas Krüger,einzel,823
2025/2026,,,246024,Denis Mnich,einzel,823
2025/2026,,,250878,Patrick Mungiuri,einzel,823
2025/2026,,,369123,Mete Mutlu,einzel,823
2025/2026,,,368984,Michael Müller,einzel,823
2025/2026,,,249359,Florian Pasch,einzel,823
2025/2026,,,103634,Stephan Rech-Linker,einzel,823
2025/2026,,,354814,Benjamin Ropertz,einzel,823
2025/2026,,,368289,Kevin Schieber,einzel,823
2025/2026,,,367912,Nikolaos Seristatidis,einzel,823
2025/2026,,,104541,Alexander Striker,einzel,823
2025/2026,,,368643,Viktor Tschin,einzel,823
2025/2026,,,104761,Goncalo Vieira Manies,einzel,823
2025/2026,,,104803,Frank Vorauer,einzel,823
2025/2026,,,368109,Yao Wang,einzel,823
2025/2026,,,242963,Marco Warlies,einzel,823
2025/2026,,,249310,Nic Woywodt,einzel,823
2025/2026,,,368093,Andreas Zillmann,einzel,823
2025/2026,,,368888,Steffen Adler,einzel,824
2025/2026,,,245692,Harun Ahmadi,einzel,824
2025/2026,,,368908,Simon Bernecker,einzel,824
2025/2026,,,100511,Christian Brehme,einzel,824
2025/2026,,,240446,Antonio De Gois,einzel,824
2025/2026,,,368689,Ibrahim Erdogan,einzel,824
2025/2026,,,368957,Colin Ketterlin,einzel,824
2025/2026,,,103072,Florian Menzel,einzel,824
2025/2026,,,240239,Ivan Mikulic,einzel,824
2025/2026,,,368865,Ahmad Nassar,einzel,824
2025/2026,,,366458,Besim Rama,einzel,824
2025/2026,,,240242,Mirsad Sabic,einzel,824
2025/2026,,,368818,Leon Schick,einzel,824
2025/2026,,,104203,Andreas Schroff,einzel,824
2025/2026,,,244727,Fabian Snijder,einzel,824
2025/2026,,,368961,Tobias Sven Stockenberger,einzel,824
2025/2026,,,366459,Alexandru Szabo,einzel,824
2025/2026,,,368207,Calvin Waldecker,einzel,824
2025/2026,,,105043,Dirk Windecker,einzel,824
2025/2026,,,105193,Marco Zieger,einzel,824
2025/2026,,,368688,Fersun Ünsel,einzel,824
2025/2026,,,368888,Steffen Adler,einzel,835
2025/2026,,,368482,Maximilian Arnt,einzel,835
2025/2026,,,368908,Simon Bernecker,einzel,835
2025/2026,,,100511,Christian Brehme,einzel,835
2025/2026,,,368689,Ibrahim Erdogan,einzel,835
2025/2026,,,368957,Colin Ketterlin,einzel,835
2025/2026,,,351635,Robert Klinec,einzel,835
2025/2026,,,240239,Ivan Mikulic,einzel,835
2025/2026,,,103143,Benny-Michel Mildenberger,einzel,835
2025/2026,,,368818,Leon Schick,einzel,835
2025/2026,,,104203,Andreas Schroff,einzel,835
2025/2026,,,366459,Alexandru Szabo,einzel,835
2025/2026,,,368118,Stefan Süß,einzel,835
2025/2026,,,368207,Calvin Waldecker,einzel,835
2025/2026,,,252010,Long Werner,einzel,835
2025/2026,,,369004,Zan Bong Yuen,einzel,835
2025/2026,,,368688,Fersun Ünsel,einzel,835
2025/2026,,,368781,Kevin Albert,einzel,837
2025/2026,,,100511,Christian Brehme,einzel,837
2025/2026,,,368381,Pavlos Dadakos,einzel,837
2025/2026,,,100904,Martin Doster,einzel,837
2025/2026,,,101192,Ronny Frank,einzel,837
2025/2026,,,101572,Ricardo Gutjahr,einzel,837
2025/2026,,,101671,Markus Hardtke,einzel,837
2025/2026,,,101672,Matthias Hardtke,einzel,837
2025/2026,,,242787,Rainer Hermann,einzel,837
2025/2026,,,102603,Stanislaw Kretz,einzel,837
2025/2026,,,247176,Eric Mattern,einzel,837
2025/2026,,,250878,Patrick Mungiuri,einzel,837
2025/2026,,,103306,Fabian Neglein,einzel,837
2025/2026,,,104203,Andreas Schroff,einzel,837
2025/2026,,,244727,Fabian Snijder,einzel,837
2025/2026,,,355901,Alexandar Stankovic,einzel,837
2025/2026,,,368207,Calvin Waldecker,einzel,837
2025/2026,,,368127,Stefan Weiß,einzel,837
2025/2026,,,100039,Erdal Akinci,einzel,838
2025/2026,,,244785,Brian Biercher,einzel,838
2025/2026,,,100825,Michael Diedrich,einzel,838
2025/2026,,,101289,Thomas Gäckle,einzel,838
2025/2026,,,101749,Jens Heim,einzel,838
2025/2026,,,102204,Markus Kamuf,einzel,838
2025/2026,,,102278,Andreas Keilmann,einzel,838
2025/2026,,,367934,Andreas Loderer,einzel,838
2025/2026,,,102918,Holger Maier,einzel,838
2025/2026,,,103075,Daniel Merbitz,einzel,838
2025/2026,,,242881,Xanthos Vlassidis,einzel,838
2025/2026,,,103444,Sercan Özdemir,einzel,838
2025/2026,,,100463,Stephan Boschert,einzel,832
2025/2026,,,100670,Efendi Cekerek,einzel,832
2025/2026,,,102069,Lutz Iserhardt,einzel,832
2025/2026,,,102352,Udo Kirchgeßner,einzel,832
2025/2026,,,102663,Andreas Kullmann,einzel,832
2025/2026,,,368969,Klaus Mülbert,einzel,832
2025/2026,,,103617,Detlef Ratz,einzel,832
2025/2026,,,104021,Jörg Schick-Bringer,einzel,832
2025/2026,,,369020,Markus Schneider,einzel,832
2025/2026,,,368475,Michael Schneider,einzel,832
2025/2026,,,368965,Peter Schwab,einzel,832
2025/2026,,,356203,Ali Tinoush,einzel,832
2025/2026,,,104766,Carmelo Visconti,einzel,832
2025/2026,,,104820,Tom Wacker,einzel,832
2025/2026,,,104844,Rolf Waible,einzel,832
2025/2026,,,240228,Florian Walther,einzel,832
2025/2026,,,221366,Henning Wilkner,einzel,832
2025/2026,,,111963,Bernd Woitanowski,einzel,832
2025/2026,,,105103,Dieter Wolk,einzel,832
2025/2026,,,368079,Christian Würthwein,einzel,832
2025/2026,,,368111,Ali Cetin,einzel,839
2025/2026,,,248622,Frank Diedrich,einzel,839
2025/2026,,,368058,Holger Domdey,einzel,839
2025/2026,,,101724,Robin Heber,einzel,839
2025/2026,,,101994,Gerd Hörrmann,einzel,839
2025/2026,,,102663,Andreas Kullmann,einzel,839
2025/2026,,,102948,Rolf Mangelsdorf,einzel,839
2025/2026,,,103200,Andreas Müller,einzel,839
2025/2026,,,103289,Ingo Nassall,einzel,839
2025/2026,,,104021,Jörg Schick-Bringer,einzel,839
2025/2026,,,104685,Machmut Turan,einzel,839
2025/2026,,,368044,Jörg Wolf,einzel,839
2025/2026,,,100106,Stefanie Arndt,einzel,841
2025/2026,,,351926,Lucia Birsner,einzel,841
2025/2026,,,368423,Stefanie Brakopp,einzel,841
2025/2026,,,244943,Peggy Eisele,einzel,841
2025/2026,,,101856,Bianca Heneka,einzel,841
2025/2026,,,368447,Svetlana Hetjens,einzel,841
2025/2026,,,101958,Sandra Höll,einzel,841
2025/2026,,,102170,Patricia Kaffesi,einzel,841
2025/2026,,,102935,Daniela Majer,einzel,841
2025/2026,,,367986,Vanja Nikolic,einzel,841
2025/2026,,,101737,Svenja Schwarzkopf,einzel,841
2025/2026,,,104767,Celina Visconti,einzel,841
2025/2026,,,100039,Erdal Akinci,einzel,844
2025/2026,,,100825,Michael Diedrich,einzel,844
2025/2026,,,101289,Thomas Gäckle,einzel,844
2025/2026,,,101749,Jens Heim,einzel,844
2025/2026,,,101803,Michael Heneka,einzel,844
2025/2026,,,102204,Markus Kamuf,einzel,844
2025/2026,,,102278,Andreas Keilmann,einzel,844
2025/2026,,,368490,Alexander Kocher,einzel,844
2025/2026,,,367934,Andreas Loderer,einzel,844
2025/2026,,,102918,Holger Maier,einzel,844
2025/2026,,,103075,Daniel Merbitz,einzel,844
2025/2026,,,368299,Christian Schaber,einzel,844
2025/2026,,,242881,Xanthos Vlassidis,einzel,844
2025/2026,,,100511,Christian Brehme,einzel,842
2025/2026,,,100616,Zeljko Burmazovic,einzel,842
2025/2026,,,369106,Erdem Dikici,einzel,842
2025/2026,,,100945,Stefan Duttlinger,einzel,842
2025/2026,,,101390,Marco Giusa,einzel,842
2025/2026,,,101451,Steffen Graf,einzel,842
2025/2026,,,101485,Ralf Grießhaber,einzel,842
2025/2026,,,101572,Ricardo Gutjahr,einzel,842
2025/2026,,,101671,Markus Hardtke,einzel,842
2025/2026,,,101672,Matthias Hardtke,einzel,842
2025/2026,,,242787,Rainer Hermann,einzel,842
2025/2026,,,102219,Thorsten Kappus,einzel,842
2025/2026,,,247176,Eric Mattern,einzel,842
2025/2026,,,246024,Denis Mnich,einzel,842
2025/2026,,,103306,Fabian Neglein,einzel,842
2025/2026,,,103573,Marc Proissl,einzel,842
2025/2026,,,157455,Norbert Rollbühler,einzel,842
2025/2026,,,104203,Andreas Schroff,einzel,842
2025/2026,,,244727,Fabian Snijder,einzel,842
2025/2026,,,368015,Stefan Sock,einzel,842
2025/2026,,,104671,Marcus Trumpp,einzel,842
2025/2026,,,100670,Efendi Cekerek,einzel,843
2025/2026,,,101265,Michael Füess,einzel,843
2025/2026,,,101724,Robin Heber,einzel,843
2025/2026,,,368146,Saeid Heydarpour,einzel,843
2025/2026,,,102663,Andreas Kullmann,einzel,843
2025/2026,,,102948,Rolf Mangelsdorf,einzel,843
2025/2026,,,103289,Ingo Nassall,einzel,843
2025/2026,,,103930,Eberhard Sauter,einzel,843
2025/2026,,,104021,Jörg Schick-Bringer,einzel,843
2025/2026,,,367962,Markus Strauß,einzel,843
2025/2026,,,104635,Raphael Titzmann,einzel,843
2025/2026,,,104685,Machmut Turan,einzel,843
2025/2026,,,367990,Raimund Wanner,einzel,843
2025/2026,,,368044,Jörg Wolf,einzel,843
2025/2026,,,100481,Silke Brand,einzel,871
2025/2026,,,100500,Petra Braun,einzel,871
2025/2026,,,354558,Angelika Kaune,einzel,871
2025/2026,,,239637,Irina Killian,einzel,871
2025/2026,,,252901,Evi Leder,einzel,871
2025/2026,,,104309,Carmen Leiser,einzel,871
2025/2026,,,103910,Petra Sannwald,einzel,871
2025/2026,,,239646,Susanne Schweter,einzel,871
2025/2026,,,369057,Francesco Dragotta,einzel,872
2025/2026,,,369056,Kevin Minardi,einzel,872
2025/2026,,,368274,Mark Pfaffenrodt,einzel,872
2025/2026,,,369018,Niklas Schilling,einzel,872
2025/2026,,,368922,Yusa Tutucu,einzel,872
2025/2026,,,369030,Daniel Cavalleri,einzel,874
2025/2026,,,368716,Esad Selim Gündüz,einzel,874
2025/2026,,,368733,Matthis Meier,einzel,874
2025/2026,,,368982,Markus Schneider,einzel,874
2025/2026,,,369208,Katharina Schnelle,einzel,874
2025/2026,,,100500,Petra Braun,einzel,845
2025/2026,,,100325,Susi Harbrecht-Berndt,einzel,845
2025/2026,,,354558,Angelika Kaune,einzel,845
2025/2026,,,239637,Irina Killian,einzel,845
2025/2026,,,252901,Evi Leder,einzel,845
2025/2026,,,104309,Carmen Leiser,einzel,845
2025/2026,,,103910,Petra Sannwald,einzel,845
2025/2026,,,239646,Susanne Schweter,einzel,845
2025/2026,,,353038,Brigitte Uhrig,einzel,845
2025/2026,,,368107,Benjamin Hirschberger,einzel,875
2025/2026,,,368551,Luca Wolk,einzel,875
2025/2026,,,368266,Luka Antic,einzel,876
2025/2026,,,368396,Elias Marx,einzel,876
2025/2026,,,368386,Henry Spang,einzel,876
2025/2026,,,368107,Benjamin Hirschberger,einzel,877
2025/2026,,,368598,Marc Witt,einzel,877
2025/2026,,,368551,Luca Wolk,einzel,877
2025/2026,,,369030,Daniel Cavalleri,einzel,879
2025/2026,,,368716,Esad Selim Gündüz,einzel,879
2025/2026,,,368733,Matthis Meier,einzel,879
2025/2026,,,368982,Markus Schneider,einzel,879
2025/2026,,,369208,Katharina Schnelle,einzel,879
2025/2026,,,368698,Alexander Seil,einzel,879
2025/2026,,,368266,Luka Antic,einzel,878
2025/2026,,,368396,Elias Marx,einzel,878
2025/2026,,,368386,Henry Spang,einzel,878
2025/2026,,,368266,Luka Antic,einzel,881
2025/2026,,,368396,Elias Marx,einzel,881
2025/2026,,,368386,Henry Spang,einzel,881
2025/2026,,,368266,Luka Antic,einzel,883
2025/2026,,,368396,Elias Marx,einzel,883
2025/2026,,,368386,Henry Spang,einzel,883
2025/2026,,,368107,Benjamin Hirschberger,einzel,882
2025/2026,,,368598,Marc Witt,einzel,882
2025/2026,,,368551,Luca Wolk,einzel,882
2025/2026,,,369030,Daniel Cavalleri,einzel,884
2025/2026,,,368716,Esad Selim Gündüz,einzel,884
2025/2026,,,368733,Matthis Meier,einzel,884
2025/2026,,,368982,Markus Schneider,einzel,884
2025/2026,,,369208,Katharina Schnelle,einzel,884
2025/2026,,,368698,Alexander Seil,einzel,884
2025/2026,,,369057,Francesco Dragotta,einzel,887
2025/2026,,,369056,Kevin Minardi,einzel,887
2025/2026,,,368274,Mark Pfaffenrodt,einzel,887
2025/2026,,,369018,Niklas Schilling,einzel,887
2025/2026,,,368922,Yusa Tutucu,einzel,887
2025/2026,,,369030,Daniel Cavalleri,einzel,890
2025/2026,,,368716,Esad Selim Gündüz,einzel,890
2025/2026,,,368733,Matthis Meier,einzel,890
2025/2026,,,368982,Markus Schneider,einzel,890
2025/2026,,,368107,Benjamin Hirschberger,einzel,889
2025/2026,,,368551,Luca Wolk,einzel,889
2026/2027,,,368888,Steffen Adler,einzel,908
2026/2027,,,368484,Jasim Ammar Jasim Al-Khazraji,einzel,908
2026/2027,,,368998,Mahmoud Alkamil,einzel,908
2026/2027,,,369144,David Birau,einzel,908
2026/2027,,,100531,Lutz Brian,einzel,908
2026/2027,,,368584,Lukas Böser,einzel,908
2026/2027,,,240446,Antonio De Gois,einzel,908
2026/2027,,,101313,Stefan Gaschler,einzel,908
2026/2027,,,368751,Giovanni Genovese,einzel,908
2026/2027,,,101538,Bülent Güler,einzel,908
2026/2027,,,369244,Kagan Güler,einzel,908
2026/2027,,,369225,Steffen Höfer-Achatz,einzel,908
2026/2027,,,351635,Robert Klinec,einzel,908
2026/2027,,,354553,Carsten Lendwei,einzel,908
2026/2027,,,103143,Benny-Michel Mildenberger,einzel,908
2026/2027,,,369254,Nikola Mitrovic,einzel,908
2026/2027,,,369032,Waldemar Müller,einzel,908
2026/2027,,,368865,Ahmad Nassar,einzel,908
2026/2027,,,239641,Sascha Pick,einzel,908
2026/2027,,,103581,Matthias Pujic,einzel,908
2026/2027,,,103635,Hendrik Reckers,einzel,908
2026/2027,,,368818,Leon Schick,einzel,908
2026/2027,,,369141,Marvin Schneider,einzel,908
2026/2027,,,231078,Tayfun Teber,einzel,908
2026/2027,,,368202,Angelo Truisi,einzel,908
2026/2027,,,104752,Zehrudin Vereget,einzel,908
2026/2027,,,252010,Long Werner,einzel,908
2026/2027,,,350683,Kevin Wetzel,einzel,908
2026/2027,,,105043,Dirk Windecker,einzel,908
2026/2027,,,369004,Zan Bong Yuen,einzel,908
2026/2027,,,368781,Kevin Albert,einzel,910
2026/2027,,,368720,Domenik Dreibach,einzel,910
2026/2027,,,101192,Ronny Frank,einzel,910
2026/2027,,,101745,Rainer Heilmann,einzel,910
2026/2027,,,368904,Dietmar Helfrich,einzel,910
2026/2027,,,354401,Stephan Huber,einzel,910
2026/2027,,,242710,Christian Joos,einzel,910
2026/2027,,,368142,Philip Kammnick,einzel,910
2026/2027,,,369054,Dennis Knoblauch,einzel,910
2026/2027,,,368721,Dominik Mogel,einzel,910
2026/2027,,,242808,Thorsten Mohr,einzel,910
2026/2027,,,368241,Victor Rodriguez,einzel,910
2026/2027,,,103813,Mario Rosenkranz,einzel,910
2026/2027,,,104199,Bernd Schröder,einzel,910
2026/2027,,,353693,Michael Schulz,einzel,910
2026/2027,,,368616,Mark Szinger,einzel,910
2026/2027,,,368431,Norman Wagner,einzel,910
2026/2027,,,354316,Marco Weise,einzel,910
2026/2027,,,104971,Björn Welte,einzel,910
2026/2027,,,368780,Thomas Weniger,einzel,910
2026/2027,,,105051,Georg Winter,einzel,910
2026/2027,,,105130,Hakan Yaratici,einzel,910
2026/2027,,,251815,Kevin Adamczyk,einzel,981
2026/2027,,,252039,Dany Baron,einzel,981
2026/2027,,,368893,Sukhbat Batjargal,einzel,981
2026/2027,,,100638,Adrian Cabanillas Lora,einzel,981
2026/2027,,,355293,Aurel Casagrande,einzel,981
2026/2027,,,355292,Christian Casagrande,einzel,981
2026/2027,,,369089,Sven Dastig,einzel,981
2026/2027,,,369106,Erdem Dikici,einzel,981
2026/2027,,,100904,Martin Doster,einzel,981
2026/2027,,,101671,Markus Hardtke,einzel,981
2026/2027,,,102111,Zvonimir Jembrih,einzel,981
2026/2027,,,368811,Philipp Kibele,einzel,981
2026/2027,,,102626,Thomas Krüger,einzel,981
2026/2027,,,242789,Kevin Künstler,einzel,981
2026/2027,,,102645,Stefan Künzl,einzel,981
2026/2027,,,369235,Tobias Linnow,einzel,981
2026/2027,,,368505,Markus Löscher,einzel,981
2026/2027,,,369015,Marouen Marzouki,einzel,981
2026/2027,,,369070,Robert Pinczker,einzel,981
2026/2027,,,369025,Eyvinh Polvito,einzel,981
2026/2027,,,369266,Wilmer Rivera Bruno,einzel,981
2026/2027,,,157455,Norbert Rollbühler,einzel,981
2026/2027,,,354814,Benjamin Ropertz,einzel,981
2026/2027,,,368993,Athanasios Sarafoudis,einzel,981
2026/2027,,,103925,Sascha Sauer,einzel,981
2026/2027,,,242796,Frank Schwenk,einzel,981
2026/2027,,,368628,Wilfried Schön,einzel,981
2026/2027,,,104339,Marco Seybold,einzel,981
2026/2027,,,104396,Eric Sorg,einzel,981
2026/2027,,,368041,Alexander Srp,einzel,981
2026/2027,,,366248,Matthias Stolz,einzel,981
2026/2027,,,368109,Yao Wang,einzel,981
2026/2027,,,240510,Sven Wezstein,einzel,981
2026/2027,,,245692,Harun Ahmadi,einzel,911
2026/2027,,,349790,Wadea Al Mahamid,einzel,911
2026/2027,,,369171,Hamza Benslimane,einzel,911
2026/2027,,,366767,Miodrag Adrian Caravila,einzel,911
2026/2027,,,368696,Bersan Cavildak,einzel,911
2026/2027,,,368321,Daniel Christoph,einzel,911
2026/2027,,,240108,Sebastian Czaja,einzel,911
2026/2027,,,368381,Pavlos Dadakos,einzel,911
2026/2027,,,100889,Bernd Dorenburg,einzel,911
2026/2027,,,369057,Francesco Dragotta,einzel,911
2026/2027,,,100972,Benjamin Eiberger,einzel,911
2026/2027,,,369268,Sven Erbrecht,einzel,911
2026/2027,,,242969,Carlo Frasch,einzel,911
2026/2027,,,252216,Danny Golling,einzel,911
2026/2027,,,368292,Matthias Grgic,einzel,911
2026/2027,,,248769,Marius-Daniel Grigore-Martini,einzel,911
2026/2027,,,349928,Pascal Habiger,einzel,911
2026/2027,,,228904,Tobias Hirt,einzel,911
2026/2027,,,353408,Christopher Hopp,einzel,911
2026/2027,,,102219,Thorsten Kappus,einzel,911
2026/2027,,,102694,Daniel La Cognata,einzel,911
2026/2027,,,369056,Kevin Minardi,einzel,911
2026/2027,,,369124,Adham Mohamed,einzel,911
2026/2027,,,369215,Raphael Müller,einzel,911
2026/2027,,,368579,Sebastian Scherbinin,einzel,911
2026/2027,,,367912,Nikolaos Seristatidis,einzel,911
2026/2027,,,104365,Asmir Sinanovic,einzel,911
2026/2027,,,249310,Nic Woywodt,einzel,911
2026/2027,,,368093,Andreas Zillmann,einzel,911
2026/2027,,,100025,Erol Ag,einzel,982
2026/2027,,,367913,Jürgen Baumgärtner,einzel,982
2026/2027,,,367996,Nurcan Ezdi,einzel,982
2026/2027,,,368211,Gerd Friedl,einzel,982
2026/2027,,,101654,Thomas Handler,einzel,982
2026/2027,,,145388,Bernd Hauenstein,einzel,982
2026/2027,,,350315,Ralf Hohlfeld,einzel,982
2026/2027,,,368341,Dieter Krause,einzel,982
2026/2027,,,102758,Joachim Lechenbauer,einzel,982
2026/2027,,,121877,Peter Link,einzel,982
2026/2027,,,354685,Joachim Luft,einzel,982
2026/2027,,,369206,Hans Müller,einzel,982
2026/2027,,,103552,Claudio Pontuti,einzel,982
2026/2027,,,103842,Dennis Rothaug,einzel,982
2026/2027,,,368119,Michael Röhrle,einzel,982
2026/2027,,,104109,Uwe Schmidt,einzel,982
2026/2027,,,104287,Oliver Schwertschlager,einzel,982
2026/2027,,,104633,Thomas Tischmann,einzel,982
2026/2027,,,104635,Raphael Titzmann,einzel,982
2026/2027,,,369242,Bernd Ulrich,einzel,982
